17336
17208
17078
17380
17290
17665
18107
17809
18491
19263
17853
18080
18452
17948
18671
18899
18850
18052
19024
18505
18529
19040
18987
18435
19067
18399
17979
18789
18241
20041
18720
17900
17584
18910
18686
18986
19364
19033
18927
19490
19785
19216
19972
18742
19509
19678
19228
19370
19244
18757
18625
19659
18919
19103
19083
18206
18112
18330
17871
17851
18260
17896
18272
18717
18120
18239
18750
17713
17797
18610
17598
17516
18733
17856
17870
18038
18087
17835
18155
18192
18691
18418
18251
18111
19332
19043
18566
19442
19029
18929
19271
18194
19017
18975
18287
19037
18780
18025
17963
18456
18334
18005
18209
18027
18321
19105
17952
18137
18511
18035
17987
19193
18486
18280
18912
18219
17981
19061
18639
18138
18652
18629
18874
19248
19562
18837
19771
19175
18778
20022
18846
19836
20498
19026
18455
20268
18821
18875
19354
19821
18677
19902
19781
19410
20412
19118
19646
19993
20081
19300
19677
19288
19405
19920
18864
19789
20169
19065
18505
19480
19139
18638
19184
18771
18847
19734
19356
19354
20124
19245
19525
19397
19188
19482
20005
19414
19590
20052
19364
19149
19787
19368
19722
19270
19317
19291
19106
19549
18947
19294
19207
19354
19782
19761
19543
18864
18463
18522
18378
18017
17683
18599
18100
17660
18495
18132
17766
18652
17990
17781
18459
17934
17874
18299
17556
18637
18976
17849
18028
17941
17320
17328
18134
18082
17477
18813
18210
18032
18235
17827
17921
18304
17912
17811
18567
17747
17713
19099
17856
17533
18994
17771
18090
19725
18884
18913
19543
18917
18515
17762
17507
17617
18466
18312
18133
18226
17844
18581
19216
17369
18415
18544
17985
17366
17703
17495
17596
18156
17938
17620
17676
17656
17718
17368
17596
17818
17580
18600
18284
17884
17956
17806
18059
18207
18002
18437
18259
17861
17748
17964
17907
18089
17805
17857
17466
17694
17767
17672
17304
18319
17584
16910
17326
17315
17026
16724
17019
17235
16759
16218
16649
16728
16454
16857
16785
16652
16386
17171
16786
16729
16805
16920
16237
16228
16780
16678
16850
16582
16521
16612
16648
16708
16618
15743
16779
17115
16331
17088
16861
17355
16630
16744
17144
16244
16601
16489
16827
16703
17623
18455
18966
19227
18449
19199
18925
17884
15632
16140
15879
16060
16373
19162
19365
19633
19308
19184
17731
16352
15580
15800
15783
15377
15605
15756
15429
15429
15462
15877
14875
15233
15573
15425
15348
16455
15576
14766
14629
14816
14845
15881
15128
15124
14945
15010
14816
15089
15051
15363
14987
14776
18242
21547
21964
22334
18613
15000
14909
15269
15081
15088
15260
15219
15289
15337
15558
15222
15402
15536
15496
15634
15457
15538
15650
15585
15414
15532
15544
15263
15968
15715
15614
16037
15963
15974
15910
15819
16001
15765
15807
15844
15485
15408
15716
16061
16233
15488
16395
15848
15869
15820
15814
15855
16141
58624
143665
137941
137831
137707
136524
136949
135748
136665
136440
137598
137886
141612
141660
140217
137697
135282
133239
135961
134799
135884
136157
135706
136539
137041
134570
137209
137382
137562
136269
43179
17241
16776
16662
16399
16633
16475
16719
16597
16939
16618
16870
17228
17146
16942
16956
16682
16610
16888
16753
16776
16221
17133
17371
17401
17600
17243
17850
17282
17357
17208
16796
17639
17217
17423
16929
17255
17309
16533
16687
16766
16609
16548
17055
17072
16737
16993
16702
17284
16986
17123
17496
16583
17096
17526
17332
16920
17373
17600
17570
16839
17214
17578
17836
17628
17847
17230
17566
17406
17477
17720
17791
18201
17507
18813
18225
18588
17937
17779
18179
17786
17637
18153
18322
17899
18807
20506
19477
19834
20573
21102
20262
20606
20973
20926
20564
20980
21041
21187
20509
18689
18290
17432
17152
17869
17146
17043
17305
16933
16692
17183
17183
16615
18049
17231
17488
17354
17688
17767
17816
17638
17724
18243
17917
17486
17344
17607
17685
17795
17822
17585
17414
17818
17844
18373
17471
17299
17377
17872
18589
17823
17769
19639
18942
20398
18923
19030
18775
18763
18950
18337
18087
18425
18456
18898
18672
18792
19020
18721
19046
18741
19162
19162
18818
19060
18200
17538
17184
17673
17306
17306
16985
16853
17489
16942
16632
16710
17091
16570
16744
16897
16465
16517
16348
16768
16734
16462
16697
16660
16715
16637
17180
16847
17236
17027
16810
16525
16866
16930
16594
16658
16752
16955
16778
16734
17043
17428
16982
16990
17025
16887
17253
17474
17631
17777
17706
18000
18430
17727
18374
17717
18994
18587
18526
18343
18027
18284
18417
17966
18192
18217
18488
18528
18377
18136
19005
18314
18394
18703
18845
18698
20436
19370
18511
18643
18235
18356
18655
18609
18156
18175
17965
17993
18128
18349
17819
17593
17714
17613
17536
17010
17563
17315
17317
16914
17044
17098
17104
17290
16851
16454
16411
16939
17079
17419
17059
16580
16738
16809
17374
16687
17074
17557
17129
16491
16508
16868
16406
16718
16514
16640
16459
16685
16398
16226
16404
16540
16588
16162
16317
16790
16379
16229
17443
16712
16110
17341
16432
16703
16878
16310
15994
16429
16835
17006
17532
16964
16820
16932
16864
17027
17094
17428
17259
18705
17135
17268
17364
17896
17602
17434
16664
16680
16741
16989
17183
16891
17395
17138
16860
17185
17498
16932
16881
16851
16766
17015
17098
17640
17326
16976
17488
16760
17316
16674
16580
16686
16654
16904
17031
17101
16545
17404
16942
17460
17183
16483
16607
17154
16177
16510
16349
16647
16756
16761
17247
17152
17005
17086
17133
17128
17564
16998
17304
17705
16702
17138
17090
17102
17362
17025
16858
17732
17789
16999
17160
17580
17930
18384
17786
17880
18069
17213
17106
17045
17156
17300
17041
17070
17278
17278
17787
17141
17141
17504
17217
17416
17754
17886
18029
17845
18141
18069
18118
18213
19225
18012
18325
18837
18305
18541
18438
18078
18612
17747
17416
17861
17163
17553
17713
18145
17419
17832
17507
17877
17718
17618
17870
17930
18406
18767
18208
18439
18054
17298
17816
17524
17675
17395
17380
17542
17931
16999
16591
16854
16844
17024
16987
16957
18694
16891
17152
17113
17037
17241
17556
17330
17398
17789
17664
17764
17663
18005
17361
17647
18091
17138
17902
17668
17374
16940
16995
17361
17074
17549
17356
17311
17603
17630
17587
17357
17646
17695
17979
18335
18188
17933
17489
17859
17800
17541
17602
17497
16932
16652
17311
16843
17253
16897
17459
16771
16647
17455
17679
17295
17200
17092
17682
17365
17491
17464
17781
17419
18049
17927
17352
17432
16962
16965
16768
16778
17250
16907
16865
16752
17373
16466
16830
16396
16277
16234
16748
16462
16021
15800
16096
15959
15447
15860
16000
15898
15739
15121
15636
15727
15534
15639
15499
15132
15216
15549
16398
15926
15995
15466
15698
15666
15945
15847
16231
16004
16178
15804
16205
15633
15774
16812
16302
16134
16948
16352
15898
16277
16458
16502
16568
16306
15913
16113
16060
16244
16500
15792
16393
16250
16576
16599
16706
16869
16871
16774
16456
16604
16645
17076
16297
16914
16783
16664
16681
16528
16300
16783
16620
16584
16683
16754
16540
16403
16346
16308
16262
16753
16454
16789
16210
16033
16478
16226
16078
15955
16359
16043
15992
15835
16272
16066
16028
17012
18959
19404
19603
20380
17059
15663
16650
16223
15984
16284
16397
16213
15719
15911
16115
15972
15675
16031
16017
15752
16125
16222
16278
16193
16309
15880
16202
16180
18142
19133
20108
20087
20201
21169
20472
20849
19709
17072
17414
16719
17523
17139
17030
17614
17218
17498
17098
17595
17108
17579
16874
16801
17393
17625
17148
17011
16975
17136
17162
17265
17079
17219
17086
17214
16859
16905
17229
17149
16669
16723
17569
16560
16600
16815
17032
16709
16972
17050
16649
16132
16262
16194
16184
16760
16508
16730
16299
15934
16188
16712
17008
15957
16207
16196
16600
16566
16584
16379
16719
16089
16273
17099
16793
16632
16672
16118
15682
15872
15767
16411
15756
15784
15977
15900
16202
16012
16131
15975
16196
16234
16186
15862
16642
16926
16830
16808
17713
17008
17079
16556
16854
16581
17195
16751
16781
16508
16951
17175
16832
17418
16515
16811
17641
17959
17446
17312
17678
17296
17506
17695
17476
17412
17335
17720
17352
17430
17389
17740
17762
17675
17659
17214
16932
17322
17456
17052
17088
16929
17428
16992
17308
17066
16801
17107
17069
17261
16592
17076
17185
17392
16936
17164
17927
17352
17653
17635
17487
16988
16986
17323
17257
16548
16925
17073
17365
16968
17091
17098
16705
16960
17146
17507
17360
17400
17638
17237
17618
17809
17143
17186
17453
17538
16930
17737
17552
17439
17490
17106
17523
16969
16826
16938
17062
16484
17024
17417
16907
16981
16478
16959
17289
17304
17261
16654
17657
17015
17344
17808
17999
19044
19772
19338
17903
16414
17175
17271
17438
17127
17683
17494
17555
18060
17489
17724
18645
17731
16818
17002
17636
16713
17221
17077
16752
17235
17024
17403
17280
17078
17096
17599
17664
17297
17413
18459
17736
17714
18369
17674
18058
17837
18548
17582
17833
17993
18117
17823
18282
18078
17885
17631
17996
17741
17674
17323
17057
17322
17149
17252
17460
17505
17435
17229
17053
17147
17239
17420
16904
17002
17504
16857
16754
17023
16895
16797
16715
17255
16414
16737
17087
16926
17120
17037
16985
17381
17117
17256
17158
17458
17594
17750
17603
17451
17326
17460
17107
17717
16874
16530
17738
18119
17316
17672
17524
17615
18155
17460
17341
17544
17397
17546
17203
16682
16569
16742
17163
16746
17361
16969
17246
17179
16934
16870
16978
16318
16558
16387
16744
16301
16589
16395
17448
16791
16370
16560
16587
16278
16292
16500
16870
17338
17068
17262
17020
16164
17184
16832
17402
17142
17363
18488
17266
17574
18779
17253
17090
17545
16996
16782
17049
17776
17358
17766
17241
17387
17367
17796
17305
17369
17715
18033
17437
17228
17761
17571
17608
17076
17277
17381
17182
17102
18426
16976
16706
16947
16701
16843
16717
16733
17041
17271
17293
16952
17133
17929
17771
17912
17910
17331
17571
17544
17452
17425
17983
18477
18087
17895
18721
18273
18906
17924
18818
18259
18465
18515
18623
18504
19214
18807
18605
19051
18461
18646
18402
18558
18752
18959
18039
18777
19147
20034
20883
20508
20450
19989
19570
20411
19795
19911
19687
19920
20034
19723
19912
20265
20278
19760
20027
20585
20265
19440
20431
19604
19936
19581
19716
19650
20160
19951
20019
19639
19987
18892
19366
19497
19226
19106
19604
20257
20039
20041
19547
22096
19910
20170
19730
19999
19868
20326
20908
20807
20424
20995
20504
20437
20828
20903
20469
21781
21364
21803
21659
22167
22183
22433
22474
21945
22621
21764
22865
22350
22723
22611
22476
22667
22715
22254
22790
22762
21632
21768
21725
21362
20610
20875
21695
21563
21193
21595
20835
20830
20999
21118
20997
20591
20738
20626
21023
20975
20955
20930
20613
20738
20313
20175
19990
20407
20233
20296
20344
20653
19747
19995
21159
20375
19484
19351
18951
19632
19591
19095
19605
19111
19224
19126
18741
18708
18656
19091
18805
18831
18844
19209
19623
18977
19440
19857
19570
20219
20196
19612
20646
20355
20387
21404
20890
20398
20658
20338
20408
20447
20023
19692
19760
19037
18905
18488
17600
17417
17286
16934
16652
16350
16163
16411
16594
16637
16468
16654
17837
16534
16598
16952
16762
16472
16826
16624
16007
16260
16216
16227
16496
16031
15911
15506
15896
15728
15442
15535
15548
15377
15310
15466
15427
15433
15639
15069
15195
16134
15601
15996
15696
15888
16055
15529
16637
16352
16201
16012
16128
16539
17244
17899
17594
16320
16088
15973
16238
16477
16141
16764
16722
16889
18266
17226
16871
17027
16591
16532
16118
15987
16014
16378
16468
16497
16209
16025
16857
16032
16073
16220
16135
16602
16208
16385
16880
17588
16260
16161
16954
16646
16634
17236
17070
17397
17724
17795
18273
17511
17235
17254
17202
17003
16904
17188
17178
17360
17659
17627
16883
16830
16982
16782
16783
16318
16624
16815
16766
17256
17401
16879
17026
17024
16820
17185
16890
17156
17587
18023
17738
17784
18203
17955
18355
17892
18062
18055
18267
17914
17764
19057
18247
17288
17929
17128
17610
17488
17419
17645
17417
18277
17671
17337
17690
18316
18100
17969
17671
18189
18530
17960
17990
17595
17663
17990
17958
18391
18280
18022
17862
17391
17712
17244
16952
17023
17488
17203
17778
17667
17692
17768
18268
17843
17530
19206
18376
18315
18840
18429
18609
18854
18848
19331
19433
19112
18312
18248
17870
17876
18263
18168
18627
18137
18525
18477
17348
17106
17068
17258
17413
17333
17766
17421
17337
17574
17181
17375
16952
16805
16441
16747
16907
17039
16954
17148
16986
17125
16568
17315
16491
16816
17599
16962
16675
17153
17085
16508
16694
16980
16694
16602
17527
17192
16956
16818
17009
16605
16163
15981
15955
16470
16226
16124
16541
16299
18142
16154
15672
15918
16702
16392
16376
16629
16693
17271
17270
16821
16727
16827
16910
16770
16972
16765
16710
16726
16698
17147
16278
17031
16590
16350
16376
16173
16951
16843
16520
16691
16784
17293
16708
16521
17251
16915
17046
17517
18396
17639
17602
16752
16629
16992
16460
16987
17125
17570
17378
17201
16888
17425
17213
16386
16119
16765
16851
17213
17464
17790
17189
17434
17651
17423
17415
18026
18209
17733
17907
18028
17648
18525
17954
17628
17784
17993
17964
18030
17776
17974
18668
17823
18115
18333
17725
18450
17861
17758
18132
18594
18429
18112
18066
18583
18530
18291
17640
17466
17596
17470
17668
17427
17371
17862
18019
17603
17471
17312
17637
17746
17610
17999
17916
18645
18356
17758
17534
17833
17406
17893
17665
17364
17086
18437
17861
17796
17796
17864
18035
18002
17295
17334
17295
17690
17974
17882
17981
18110
22626
22637
22022
22355
22997
22849
23139
22833
20065
19033
18931
20227
18087
18353
18706
18824
18687
18793
18653
18225
18035
18205
18376
17932
18037
18238
18459
18402
19265
19661
19325
19570
19576
18926
18995
19516
19359
19181
19454
18915
18662
19071
19393
19112
19399
19908
19429
18838
19030
19306
18457
18121
17973
18148
17926
18092
17958
17783
17773
17959
17699
17947
18075
20134
20115
18025
18193
18159
17937
18384
18419
18029
17927
18092
18007
17922
18032
18131
17849
18406
18175
16829
18019
17683
17697
17949
17983
18432
18438
18144
18541
18313
18187
18362
18545
18304
17720
17812
18491
18716
17931
18853
18186
18366
18055
18032
17810
17917
17728
17387
18561
18423
17747
18048
16877
17336
17641
17508
18053
17879
17715
17497
17532
17460
16907
16891
17414
17331
17242
17463
18805
18408
17877
18914
19408
19374
19358
18837
18779
18495
19874
18957
18883
19206
19229
18607
18063
18116
17841
16754
17071
16878
16564
17040
16580
17782
18107
17976
18426
18423
18320
19044
19146
18364
17300
17452
17554
17445
17256
17658
18591
17942
17926
18351
18038
18027
17825
17895
17608
17536
17263
17476
16959
17516
17507
17966
17766
17396
17699
17796
18355
18386
18168
18367
18317
18829
18652
18416
18358
18074
17981
17585
17533
18065
17661
17472
17224
17426
17439
17445
17094
17357
17605
17709
18163
18616
18630
18760
19099
19087
19234
18739
18992
18856
18685
18824
18778
18444
18773
18925
18827
18728
18778
18815
18904
19372
19267
18697
18286
18282
18215
18391
18184
18285
18174
18473
18633
18367
18922
18911
18671
18851
18675
18990
18374
19096
19152
19234
19143
18802
18835
18499
18820
18182
17913
17937
17603
17841
18234
17895
18597
18252
18101
18157
18007
18275
17972
17937
17377
17621
17453
17002
16905
16873
16591
16667
16592
16238
17421
16578
16480
16964
16707
16737
16882
16604
16421
16771
16886
16767
16619
17651
16868
17125
17490
16996
16842
16580
16634
17063
16827
16554
16958
16496
16528
16475
17098
16430
16802
16810
16593
16272
16438
16693
16571
16173
16242
17165
17074
17122
16590
16380
16485
16241
16172
16311
16021
16704
16792
16950
16571
17141
16371
16859
16379
16553
16421
17607
16452
16266
16621
16507
16565
16747
16818
16698
16399
16535
16946
16888
16986
16931
17185
17164
16491
16677
16593
16361
16954
16640
16707
16942
16418
17213
17312
17316
17366
17070
17718
17434
17401
17753
17745
17289
17162
17519
17887
17403
17557
17343
17602
17206
17001
16625
16836
17409
17250
17580
17891
18498
18463
18433
19074
18927
18968
19465
19274
19698
19481
19868
20491
19901
20044
19606
19306
20259
20185
19776
19959
20299
20501
19685
19799
20260
20622
20210
20032
20146
20343
19847
20151
20042
19700
19572
19982
19562
19555
19994
19846
19887
19753
20078
19850
19560
20120
19876
19524
19295
20015
19689
19512
19467
19927
20245
19597
19935
19936
19842
20288
20171
19637
19789
20322
21037
20153
20105
19901
20140
20024
20204
19661
20437
20718
20838
20321
20825
21302
20493
20976
20780
21470
20959
21053
21059
20823
20822
20752
20171
19766
20060
20164
20529
20293
20703
20153
20750
20405
20323
20465
19966
20811
20525
20750
20704
20400
19987
19602
19357
19354
19705
20232
20144
20223
20170
20095
20758
21078
21104
20906
20926
20488
20238
19868
20012
20645
19629
19342
18769
18297
18428
18109
18365
18246
18346
18863
18210
18327
18585
17286
10618
17148
17350
17416
17028
17172
17905
18031
17998
17902
17731
17963
17795
17660
17319
17702
18077
17820
18016
17449
17940
17475
17043
17306
17570
17185
17814
17392
17518
17924
16986
17134
16608
16798
17266
18051
17537
17149
17421
17227
17007
17142
16541
17289
16759
17043
17067
16749
16911
16826
16764
16242
16579
17232
16911
16240
17303
17101
16610
16928
17346
17107
16940
16745
16827
17003
17177
17654
18289
17884
17861
17633
17219
18063
17323
17487
17585
17395
17896
17709
17819
17712
17261
16961
16459
16857
15951
16745
16155
16023
16125
17067
16442
16190
16346
16099
16621
16421
17189
16894
17262
17390
17228
17153
16697
16765
16613
16627
16438
16663
17119
16889
16818
16564
16865
16459
17260
17365
17216
17479
16848
17907
16996
17204
17027
17458
17331
17595
17404
17089
17244
17087
17174
17675
17347
17269
17189
17165
17104
17181
17284
17356
16901
17516
17151
17121
17391
17686
17106
17252
17511
17262
17009
17037
17093
17163
17499
18570
17307
17282
18543
17809
18318
18035
18539
19933
19699
19901
20432
20116
20905
20579
20707
20870
20528
20974
20533
20905
21172
20773
20660
20350
20476
20933
20727
20611
20850
20813
19344
19275
19409
19053
18594
18337
17435
17339
17405
16978
17520
17611
17398
17216
16896
17467
17027
17222
17036
16917
17237
16650
16981
17063
17040
16578
16500
16769
17286
16955
17038
16836
16807
16069
16174
16369
16613
16371
16621
16388
16298
16259
16019
16298
15900
15824
15619
15887
15730
15826
15936
15747
15768
15718
15665
15521
15298
15573
16096
15638
15059
15033
15328
15125
15452
14903
15410
14933
14977
14970
15204
15334
16069
15677
15737
15723
16161
16220
16287
16872
16663
16809
16445
16785
17022
16574
17507
16929
16659
16633
16431
16985
17417
17326
16965
16775
16848
16854
17138
16926
16594
16382
16028
16599
16823
16716
16894
17285
16672
16989
16962
16814
16624
16804
17052
16659
17062
16797
16617
16865
17005
16977
16863
16566
16779
17016
17184
16794
16883
16460
16347
16669
16888
16621
16303
16527
16424
16718
16436
16188
16334
15973
16330
16735
16506
17198
16598
16571
16668
16437
16409
16276
16451
16297
16518
16507
16707
16377
16580
16252
16442
16411
16976
17672
17833
17605
18416
18581
18274
17849
17535
18425
17868
18370
18115
18157
17902
17772
18171
17864
17861
17832
18289
18371
18056
18440
17239
16399
16406
16266
16294
16178
16107
15540
15540
15290
15301
15061
15233
14688
14989
14690
15027
14607
14774
14913
14428
14809
14731
14962
14870
14653
15212
15246
15152
15520
15654
15995
16198
15654
15543
15243
15814
15770
16464
15745
15821
15642
15920
15686
16118
15690
16653
15819
15818
15871
15798
15948
16065
16052
16019
15672
16121
15912
16568
16773
16679
16492
17026
16715
16800
16290
17055
17038
16893
16569
16888
16786
16992
17550
16758
16916
17226
17046
16880
16845
16445
16548
16667
16630
16485
16366
16789
16774
16637
16764
17079
17000
16559
16307
16309
16401
16577
16414
16870
16944
16726
16701
16671
16591
16589
17040
16642
16624
16680
16918
16731
16556
16618
16589
16564
16711
17097
16684
16926
16734
16312
16841
16530
16569
16759
16429
16604
16447
16599
17475
17066
17205
16877
16815
20097
20805
20521
21123
20423
20677
20327
20163
17631
16033
16338
16392
16321
16523
17263
17022
16843
16339
16913
17319
16642
16305
16314
15544
16094
15731
15180
16131
15667
15879
16365
16666
16526
16755
17047
16545
17010
16840
16916
16638
16947
16304
17012
16891
16093
15490
16022
15576
15614
15747
15308
15548
15491
15055
15416
15361
15262
15447
15402
15542
15596
15103
15065
15545
15188
15331
15125
15436
15166
15476
15150
14979
15563
15679
15351
16034
16243
15761
16168
15963
15614
16637
15944
15818
16346
15907
15909
16003
16284
15958
16026
16750
16183
16100
16822
16147
16357
16229
16417
16410
16315
16394
16121
17173
16523
16311
15856
16028
16306
16436
15920
16310
16157
16131
16633
15873
16959
17000
16462
16637
16366
16553
17145
17036
16887
16831
17518
16691
16837
16130
16732
16591
17195
17274
16283
17040
16569
16606
16345
16893
16441
16264
16205
16163
16130
16510
15997
16415
16436
16668
16646
16680
16863
16900
17046
17300
16961
17073
16598
17215
16785
17055
17387
17676
17258
17518
17343
17125
16849
17824
16759
17120
16902
16956
17153
17226
17435
17514
17329
17116
17672
17110
17306
17472
17736
17102
17412
16381
16975
16523
16596
16601
16718
16607
16683
17000
17846
16895
16572
16946
16288
15856
15665
15802
16388
16247
16141
16051
15693
15778
16181
15680
15710
16393
15853
15637
16293
16451
16783
16517
16571
16695
16963
17023
17039
17710
17684
17600
17333
17352
16994
17136
17151
17003
16916
17145
17338
17702
17002
17494
17645
17882
17602
17375
16790
17256
17131
17392
17180
16709
17498
17305
17504
17191
17132
16727
16759
17677
17252
17471
16957
17473
17087
17180
17298
17816
17446
17620
17790
17922
17338
17915
17585
17571
17661
17782
19628
21342
20993
20908
20205
17287
17342
17082
17113
17206
16933
17721
17414
17392
17652
17613
17609
17957
17169
17268
17032
17044
17338
17093
17414
17305
17600
17168
16869
17228
16745
16903
16908
17173
17202
17300
17254
16614
16958
16877
16757
17256
17701
17325
17002
16890
17453
17123
17560
17611
17429
17441
17287
17244
17946
17873
17882
17596
17500
16990
16748
16210
16687
17302
16726
16436
16422
17242
15904
15995
16000
16401
16078
15815
15704
16270
15995
15614
15737
15762
16014
16089
15775
15859
15644
15633
15727
16020
15800
15641
15992
16142
16138
16365
16709
16539
16026
16501
16612
16368
16616
16415
16312
16404
16386
16231
16172
16254
16341
16466
16282
17198
16449
16131
16429
16506
16306
16616
16574
16392
16296
16834
16748
16392
16124
16247
16567
16447
16366
16365
16195
16385
16709
16341
16347
16344
16832
16581
17156
16797
16285
16562
16708
16759
16587
16265
16556
16612
16421
16897
16454
16893
17063
16945
16839
16696
17310
16966
16367
16937
16301
16323
16609
16705
16456
16599
16386
16781
16660
16596
16780
16879
16265
16563
16368
16366
16331
16596
16544
16803
16675
16572
17308
17294
17426
17346
17253
16961
17282
16891
16508
16169
16397
16269
16549
16745
16971
16805
16977
20138
20561
20021
20052
19950
19907
19776
20204
16437
16147
16419
15907
16537
15896
16335
16348
16581
16631
17630
17022
17008
17218
16180
17409
18934
19800
20412
22551
16250
16510
16806
17150
16903
16357
16539
16335
16487
16272
16268
16275
16261
16106
15970
16108
16169
16244
16369
16239
16321
16038
15896
16020
16110
15972
15936
15896
15885
15895
15729
16157
15802
15897
15642
16011
15526
16270
15863
16005
16157
16453
16384
16377
16236
16125
16115
16451
16299
16570
16132
16234
16418
16449
16501
16141
17155
16434
16428
16493
16479
16753
16867
16370
16476
16534
16314
16222
16200
16282
16329
15993
16702
16568
16303
16372
16811
16507
16496
16698
16668
16467
16360
16004
16215
16531
16144
16062
16300
15997
15789
15940
15720
15901
15966
15737
16207
16013
17054
15915
16105
15792
15861
15316
15381
16382
16208
15963
16116
16460
16370
17120
16443
16260
16191
16375
16704
16153
16793
16376
16528
16437
16926
17184
17060
16999
16886
17122
16219
16756
17040
16453
16502
16379
16417
16489
17160
16639
16679
16444
16956
16506
16409
16363
16168
15455
16426
16147
16476
16303
16494
16266
16248
16242
16850
16456
16227
16755
16467
16135
16569
16526
16330
16753
16419
16556
16544
16589
16630
16896
16799
17089
16960
16800
16500
17063
16786
16931
16986
16917
16451
16611
16752
16553
16338
16160
16263
16108
16101
16501
15732
15952
15995
16183
15808
16234
16728
16080
16036
16168
15874
15745
15790
16268
15668
16170
15883
16088
18912
19960
19313
19675
16726
15959
16109
15674
15902
15854
16487
15738
15996
16073
15648
15671
15188
15380
15579
15923
15884
16309
15095
15550
15642
15844
15785
15950
16042
15762
16122
16260
15672
15934
15867
15757
16001
15910
16322
15955
16108
16016
15712
16437
15956
15845
15624
16035
16128
15900
16259
16210
16000
18671
16256
18780
15923
16031
16225
16273
15861
17654
16190
15995
16374
16222
15740
15538
15934
16198
16111
16454
16439
16103
16485
16092
16201
15794
16460
16202
16835
16420
15796
17007
15856
15765
15862
15403
15475
15774
15269
15379
15842
15766
15199
15732
15576
15815
15305
15722
15471
15513
15614
15501
15540
15379
15647
15685
16089
16179
16154
16465
16282
16905
16952
17199
16587
16662
16418
16287
16537
16854
16301
16164
16517
16596
18801
16101
16735
16746
16311
16513
16323
16582
16001
16577
16718
16361
16125
16520
16429
16579
16243
16686
16325
16356
16514
16703
16260
16112
16261
16030
16367
16570
15959
16256
16090
16055
16307
16184
16092
16199
16251
16565
16215
16249
16305
16459
16586
16478
16624
16402
16885
16514
16555
16003
15766
15653
16072
16185
16343
16632
16238
16272
16798
16547
16639
16501
16778
16596
16719
16224
16066
16288
15980
15975
16228
16206
16188
16201
16085
16257
15810
16352
16043
16023
16141
16350
16100
15939
15881
15924
16220
16000
15865
16154
16030
16239
16352
16147
15791
15936
16217
16059
15734
15878
16148
16336
16538
16464
16528
15834
15478
15991
15719
15168
15479
15423
15306
15618
15662
15433
15516
16395
15572
15576
15608
16106
15610
15620
15752
15652
15293
15890
15744
15633
16173
16086
16219
16046
16654
16353
15991
16320
16352
15869
15875
16292
16094
15820
16058
16335
15961
16212
16090
15968
16210
15698
15661
14725
15801
14919
15435
15373
15510
15175
15645
15355
15363
15658
15714
15716
15379
15670
15532
15850
15515
15638
15626
15515
15654
15954
15648
15933
15632
15832
15608
15825
16068
16357
15934
15912
15532
16010
16019
15815
16156
15806
16114
15936
15902
15628
15953
16135
15859
15865
16181
15654
15939
15565
15578
15454
15801
15643
15737
15434
15413
15615
15344
15146
15331
15530
15467
15380
15629
15659
15605
15688
16102
15528
15741
16033
15899
15818
15617
15758
15805
15869
16105
16360
16156
16186
16109
15707
15854
15873
16048
15275
15942
15360
15985
15927
16414
16212
16131
15794
16130
16017
15845
15680
16072
15945
15946
16418
16387
16129
15919
16146
16419
16261
16558
15695
16354
15923
16371
16228
16183
16850
16544
16340
16745
16390
16299
16151
15963
16065
16163
16180
16126
15751
15692
16082
16303
16500
16333
15877
15595
16384
16631
16005
15909
16453
16607
16503
16532
16323
16365
16287
16726
16451
16147
16249
16531
16503
16479
16440
16818
16155
17076
16461
16357
16153
16250
16278
16964
16385
16845
16697
16359
16385
16762
16904
16735
16524
16912
16506
16547
17046
17945
17078
17374
17227
17099
17200
17830
17061
17766
16952
17600
17016
17287
17645
17017
17524
17184
17061
17193
16815
16792
16946
16604
16492
16440
17324
17273
16383
18688
18714
19061
18488
18076
18747
18776
18920
16858
16376
17136
16866
16953
17041
16580
16908
18820
19535
19344
19472
19512
18968
19165
19328
18543
17043
17805
17428
16984
17272
17362
17251
17329
17197
17428
16784
17225
17461
16923
17804
17498
16924
17225
16790
16670
17158
16512
17101
17842
18949
20741
19889
19834
17356
16197
16017
16213
16194
16447
16075
16271
16018
16438
15825
16194
16061
16055
15953
15741
16281
15874
15516
15791
16096
15861
16138
15819
16254
16109
16226
16615
16059
16090
16343
16079
15982
16129
15903
15843
16126
16382
15962
16136
17059
16264
13594
16617
16533
16399
16259
16026
16410
16283
16636
16869
15883
16461
16381
16476
17678
15908
16273
15738
15257
15219
16089
16056
15319
15578
16004
15602
15774
15543
15624
15895
16487
15709
16001
16013
15853
15413
15726
16319
16521
16350
15914
16537
16223
17109
17228
17047
16819
17039
17227
16981
16972
16805
17012
17064
17522
19398
17294
17792
17576
17142
17822
18709
18413
18334
17983
18355
18592
18722
18663
18893
18406
18797
18610
18604
18581
18939
18906
18653
18583
18527
18597
18549
19092
18288
17630
18143
17941
17544
17719
17747
17755
17361
17466
17858
18183
18078
17868
17685
17731
17390
17650
17674
18073
18150
18193
18158
18652
18571
22234
19590
19216
18724
18549
18559
18476
18652
18229
18490
18525
18555
18285
18889
18370
18225
18498
18923
18619
18427
19344
18588
18467
18751
19133
18809
18387
19356
18972
19094
19170
18809
18921
18752
19163
18849
18045
19196
19120
18756
18729
18813
18378
18784
18595
18991
18736
19191
19160
18686
18879
18980
19152
19112
19457
18769
19938
18475
19041
18869
18964
19100
19162
18641
18721
18913
18450
18019
18084
18124
17662
18168
18890
18420
18162
17877
18022
18190
18045
18452
18663
18567
18569
18663
18878
18607
19117
18573
19627
18925
19365
18883
20113
18885
18795
18893
19257
19554
18831
19041
19102
18902
19513
19818
19810
20257
20819
20202
20756
19973
20136
19866
20087
19666
20279
19741
19230
19770
19651
19436
19447
20120
19342
20134
19620
19311
19654
19909
19675
19112
19383
19378
19818
19375
19243
19478
19691
19233
19486
19777
19623
19667
19260
19591
19516
19626
19838
19430
19578
19437
19856
19937
20227
19777
19850
19642
19837
23122
23387
25070
26678
27516
29765
23341
36195
40087
36388
44050
48398
49991
43041
45359
46842
53028
60497
48667
44307
45395
52357
39004
41055
49885
32533
30299
25003
27661
27720
34360
24049
19718
21259
20669
19800
19180
18926
19029
19119
19010
19341
19153
18946
19170
19099
19303
19454
19354
18943
18354
18770
19013
18909
19317
19479
19438
19373
19438
19316
19276
19397
19136
19640
19611
19304
19341
19613
19589
19652
19738
19210
18966
19871
19537
19628
20270
20084
19445
19861
20033
20385
21092
20937
21705
21176
20370
20589
20437
19800
19570
19477
18667
18895
19120
18865
18776
19031
19769
19637
18782
19254
19059
19024
18958
19010
18814
19256
18969
18723
19032
18854
19190
18742
18967
19030
19109
19034
19375
19222
19206
19400
19638
19641
20182
20408
20289
20540
20516
20594
21221
20802
20146
20215
20429
20816
20649
20216
20047
20263
20288
20551
20627
20413
19365
18766
18390
19014
18775
19315
19177
18782
19043
19573
19514
19887
19995
19900
19681
19748
19753
19611
19053
19185
19673
19219
19012
18968
19113
18811
19207
19210
19210
18685
18526
19149
18728
18690
19072
18516
18675
19167
18439
18730
18707
18485
18600
18583
18516
18591
18854
18634
18458
18114
17929
18018
17825
17551
17740
18046
17781
18083
19211
18302
17442
18051
17174
17461
17566
17483
17827
17387
17518
17481
17169
16914
16881
16776
16699
16329
16619
16146
16290
16396
16349
16233
16341
16591
16673
16114
16739
16345
16452
16494
16689
16818
16124
17159
16818
17515
17972
17348
17839
18069
17446
17515
17759
18118
18369
17983
17694
17887
18222
17463
17434
18017
17535
17850
17843
17698
17690
17892
18097
18049
17693
17652
17986
18484
18302
18071
17850
17646
18637
17509
18114
18427
18424
17940
17729
17727
17572
17515
17774
17475
17724
17450
17520
17479
18007
17822
17955
18007
18220
18338
18043
17649
18023
17855
18237
17924
17919
18072
17991
18657
18330
18340
18924
18845
18758
18671
18582
18809
18597
18661
19045
18788
18747
19153
19041
18863
19195
18711
19181
18810
19105
19507
19274
19324
19536
19623
19491
18966
20058
19680
19176
19288
19352
18641
19760
19261
19887
19418
19278
19202
19064
18457
19036
18474
18449
19165
19359
19604
18940
18949
17891
17866
17292
17011
17147
18055
17201
17507
17843
17818
17768
18737
18395
17414
17778
17540
18086
18034
17739
18229
17918
17847
18178
17609
18148
18150
18480
19169
18584
18641
18626
18816
18670
18643
18345
18196
18671
18210
18354
18668
18470
17796
17382
17512
17615
17429
17428
18122
17491
17480
17894
17025
18064
19662
19647
19570
18723
17457
17558
17498
17806
17578
17610
17506
17888
17820
17960
17791
18220
17565
17840
17929
18189
17822
17730
17880
17553
17824
18257
18355
18533
17918
18255
18314
18513
18565
18497
18369
18906
18663
18914
17447
17252
17420
17644
17546
17508
17522
17383
17368
17610
17535
17437
18445
17328
17076
17296
17291
17250
17229
17155
17561
18278
17623
18000
17827
18268
18304
18295
17949
17451
17853
18419
18497
18274
17804
17851
17362
17506
17592
17193
17831
17762
17442
18612
17697
17594
17473
17334
16983
16993
16691
17140
17455
17082
17504
17816
17461
17570
17197
17359
17386
17517
17511
16984
17269
18291
17352
16834
17001
17251
17181
17385
17527
17179
17970
17380
17380
17539
18011
17851
18006
17820
17922
18367
18141
18058
18295
18006
18082
17980
17807
18004
17660
17767
17639
17859
17986
17842
17947
17917
17583
17868
17755
17275
17569
17375
17547
17448
17097
17755
17669
17437
17310
17329
17370
17634
17426
17449
17450
17129
17382
17372
17698
17096
17050
17394
17645
17345
17816
17923
18863
17489
17134
16929
17125
17377
17322
17580
17309
17297
17502
17102
17584
17544
17549
18443
17742
18235
17679
17901
18695
17666
18093
18051
17489
17554
18239
17750
17169
17562
17462
18083
17515
17763
17772
17468
17507
17450
17211
18010
17583
17946
17601
18478
17614
18003
17344
17850
18219
18054
18027
18053
18031
18023
17246
18205
16923
17843
18427
17943
18009
17851
18304
17751
18330
18201
17979
18435
18036
17660
17919
17785
17989
18367
18168
17815
19115
18130
18203
18690
18690
17903
18376
18021
17962
18717
18089
18010
18449
18084
18171
18358
18234
17979
18907
18469
18370
18727
18628
18347
19230
18330
18615
18634
18495
18276
18530
17957
17775
18220
17989
17968
18540
17879
17497
18018
17510
17170
17621
17229
17718
18031
17482
17815
17721
16974
17308
18133
17760
17223
18344
17447
17618
18147
17236
17479
17223
17139
17472
18029
17115
17067
16887
16584
16895
17528
16731
16948
16977
16589
17069
17459
17091
17130
17768
17274
17137
16806
16511
16549
18076
19705
20807
19900
17295
16642
16671
16767
16115
16871
16950
16452
17600
16619
17186
17205
16747
16504
16839
17283
16545
17172
16939
16619
16652
16721
16951
16863
16507
16676
16980
16595
16703
17090
16731
16850
16500
16848
17204
16864
16602
16436
17088
16538
16562
17256
16488
15936
16737
16481
17072
17570
17051
17097
17348
17552
17120
17357
17446
17309
17491
17494
17764
17528
17205
17982
17730
18037
18165
17777
17416
18187
18114
17729
17251
18496
18029
17798
18212
17500
17553
17734
17686
17128
18162
17649
17986
18110
17774
17913
17615
17719
17577
17670
17778
17377
18291
17673
17560
18040
17983
17371
17941
17579
17383
17691
17617
17065
17697
17241
17128
17539
18817
18352
18091
17529
17009
17147
17579
16564
17441
17496
17393
17173
16915
16918
17107
17084
17134
17508
17365
16865
16995
17374
16809
17722
17315
16680
17418
17797
17694
17436
17252
16471
17176
17936
18071
18354
18299
17071
17049
18259
18043
18360
19068
17339
17834
17867
17085
17383
17825
17139
17534
17925
17385
17771
17567
17391
17669
18606
17827
18745
18018
17857
18130
18008
18140
17842
18195
18362
17859
18018
17562
17293
17642
17335
18205
18359
17392
17720
17737
17621
17820
17754
17660
17726
17532
17253
17505
17422
17188
17002
18624
17153
17715
17951
17674
17554
17314
18159
17435
17299
17467
17916
17465
17575
17712
17996
18076
17375
17334
16833
17034
16926
16680
16572
17085
17063
17382
18149
17577
17275
17480
17200
17530
17731
17399
17507
17546
17078
17729
17121
16623
16701
17028
16402
16862
16978
16770
16345
17184
16302
16728
16676
16177
16870
16669
16542
16463
16638
16256
16709
17166
16726
17001
17302
16450
16711
17479
16715
16801
16844
16534
16731
16620
16542
16466
16193
16534
16545
16669
16316
15953
16249
15436
15970
16308
15668
15552
16028
15693
15671
16322
15789
15495
15676
15218
15769
15571
15412
15875
16075
15455
15748
16017
15177
15868
15865
15311
15696
15889
15921
15263
15566
16417
15544
15974
15815
15567
15757
15878
16216
15594
15429
15566
16058
16327
15633
15904
15599
16029
15901
15645
15804
16166
15707
16227
15941
15749
15517
16366
15677
15960
15861
15697
15724
20040
19813
15450
15777
15463
15600
16307
15582
15648
15958
15829
15981
16154
15915
16355
16535
15935
16091
15940
15497
16500
16567
16051
16767
16660
16545
15915
16765
16175
16343
17961
17545
17823
18649
18103
18016
18050
18381
17193
17157
16823
17242
16858
17049
16974
17158
16807
16403
16744
16930
17703
17113
16860
17066
16671
17075
16740
17051
16954
17269
17615
18103
17332
17417
17107
17065
17083
16659
16463
16934
16321
16415
15846
15770
15958
15735
15823
15777
15726
16039
16824
15677
15837
15974
15991
15949
15763
15887
16280
16248
16631
16319
15807
16086
15969
15818
15812
15996
16308
16469
16399
16840
16546
16613
16628
16491
16480
16680
16742
16561
16817
16765
16713
16376
16454
16420
16735
16973
17003
16686
16881
16937
17098
16769
17197
17314
17012
17061
17265
17386
17387
17392
17503
17416
17763
17309
17028
17058
17419
17645
17799
17139
17424
17488
17378
17858
17707
17535
17322
16875
17407
16817
16784
16813
16989
16976
17224
17197
17325
17722
17918
17960
18011
18076
18091
18183
17982
17913
18064
17424
17667
17464
17425
17343
16942
16963
16795
16965
17075
16676
16801
16414
16819
16664
16847
16930
16670
16777
16707
17095
16810
16834
16993
16658
16513
16770
17196
17076
16752
16575
17574
16715
16576
17006
16576
16365
16400
16403
16550
16803
16759
18760
16953
17049
16867
16405
16737
16676
16602
16779
16912
17017
17025
16602
16559
17448
16274
16675
17063
17242
17509
17040
16413
16759
17187
17173
16602
16638
17245
16910
16935
17089
16758
16583
17180
16603
17387
16968
17300
16919
17119
16678
16890
16926
16659
16483
16643
17390
17115
16345
16406
16847
16629
16425
16850
16943
16938
16848
16710
16570
16612
16364
17066
17163
17704
16581
17161
16148
16232
16917
16066
16367
16400
16205
16101
16873
16383
15963
16768
16137
16312
16814
16219
15999
16585
16063
16163
16588
15961
15666
16459
15827
15637
16017
15424
15693
16348
15860
15623
16994
16843
16568
17445
16780
16818
17343
16809
17080
17525
17619
17302
17675
16633
16166
17755
16693
16680
17784
17148
17215
17231
17125
16235
17246
16508
16941
16984
16869
17198
17713
17236
17096
17551
16842
17657
18106
17291
16974
17587
17323
17025
16844
16656
16837
17335
16782
16820
17208
17392
17083
17527
16901
16970
17198
17565
16677
17836
17063
16908
18773
17330
17131
17534
16756
16714
17634
17344
17186
17717
16765
17676
18143
18426
17397
18196
17045
17073
18022
16983
17620
18120
17584
17397
17703
17206
17527
17958
17070
17241
17557
17293
16897
18008
17204
17330
17873
16310
16202
17113
16261
16369
16922
16131
16287
16928
16441
15867
16623
15838
16096
16759
16276
15819
16813
16176
15828
16718
16318
16874
16444
15835
15578
16057
15750
15653
16275
15720
15703
16857
15810
15825
16719
16511
16289
16719
15490
15933
16056
15985
15840
16742
18280
19063
19118
17532
16767
16208
15865
16157
15960
16130
16015
16113
15737
16674
16247
16165
16407
16825
17061
16369
16612
16083
16152
16479
16279
16407
16467
16501
16421
16464
16450
16560
16748
16611
16360
16209
16873
16374
16450
16506
16283
16550
15858
16120
15705
15912
15661
15932
16121
15987
16080
16197
16351
16230
16031
15873
15774
15804
16299
16772
16395
16286
16131
16154
16109
16211
15831
15643
16035
16217
16233
15925
16121
16024
16148
15930
15714
15635
15779
16353
15643
16568
16041
16585
15857
16783
16593
16316
17088
16664
16513
16504
16728
16860
16901
16669
16815
17002
16827
16787
16790
16479
17147
16537
16743
17070
16591
17014
16998
16477
16618
17074
16725
16725
17138
17357
16608
16867
16918
16727
16702
16703
16727
16760
16424
17099
16793
16574
16258
16033
15986
15991
16319
15991
15787
15874
15770
15946
15809
16172
16174
16915
16419
16055
16127
16084
16233
16604
16049
15578
15728
15696
15999
16058
15991
15382
15750
15630
15653
16108
15758
15815
16069
16256
17205
16531
16182
17467
16645
16521
16696
16780
16781
16937
16646
16432
16259
16466
16677
16184
16028
16658
16266
16295
16411
16337
16544
16387
16662
16793
16824
16584
17100
16773
16473
16964
16664
16313
16707
17076
16713
16968
16809
16771
16467
16369
16980
16546
16959
17284
16855
16422
17444
17189
17422
16899
17111
16793
16990
16797
16982
16927
16954
17133
17288
17371
17021
17089
17089
17750
17282
17242
16657
16790
16878
16725
17644
17092
17102
17090
17163
16827
17219
17466
17109
16700
16901
16969
17128
17203
17228
17420
17003
17349
16939
17434
17499
16702
17177
17089
16799
17093
17409
16915
17170
16950
16781
16930
17075
16981
16729
16781
17486
17450
16562
16933
16619
16485
16621
16533
16465
16127
16655
17131
16818
17367
17041
16289
16639
16650
16367
16380
16598
16347
16379
16163
16446
16757
16604
16525
16516
16247
16847
16818
17268
16728
16957
17258
17196
17197
17529
17400
17454
17507
17499
17059
19019
17211
17228
17185
17144
17471
17339
17847
18131
17367
17675
17790
17745
17295
17660
17531
17723
17843
17551
17572
17642
17409
17489
17411
17595
17657
17669
17680
17594
17844
18470
18382
18158
18318
17911
17931
17515
17097
17369
17179
17314
17254
17389
17332
17468
17854
17942
18297
18338
18065
18153
22789
22715
18929
19004
18960
18363
18864
19477
19112
18845
19149
19075
18885
19185
19472
19524
19419
19222
19111
21546
23299
22795
22522
22541
21809
21999
21835
20506
18442
18545
18391
18537
18934
18617
18748
18427
18770
18508
18575
18585
18953
18770
19243
18579
19005
18620
18489
18690
18312
18322
18639
18735
18675
18341
17644
17545
18400
18607
18343
17525
17187
16553
16960
17107
16906
17077
17253
17019
16634
16773
16751
17397
17699
16895
17435
16592
17137
16937
16307
15897
16617
15763
15546
16278
16006
15508
15693
15963
16055
15906
15557
15689
15323
15641
16021
15667
15540
15617
15608
15526
15465
15654
15679
15733
15759
15710
15835
16073
16181
16333
15856
16252
16309
15943
17811
19423
19112
19547
18314
16750
16357
16281
16532
16960
16318
16335
16631
15789
16534
16655
16513
18483
18710
19016
18700
18988
18627
18731
19172
18659
18518
18329
18322
18592
18823
17789
16169
16012
15756
16423
16025
16238
16184
16350
17080
15832
15972
16546
16244
16187
15917
16198
16231
16459
16568
16301
16308
16309
16535
16208
16613
16387
16294
16502
16182
16472
16149
16482
16061
15999
16077
16296
16519
16540
16220
17164
16239
16360
15949
16057
16160
16302
16769
16327
16801
16434
16610
16528
16668
17031
16439
16663
17136
16689
16847
16527
16674
16699
16577
16572
17316
17185
17381
17355
17484
17215
17437
17316
17277
17126
17688
17123
17636
17835
17634
17895
17074
17861
17494
17290
17187
17174
17109
17181
17562
17529
17779
18168
18010
17474
17582
17669
17600
17586
17648
17250
17450
17167
17560
17619
17523
17076
17669
17523
17321
17340
17417
17510
17430
17674
17535
17850
17849
18093
17718
18087
17761
17666
18132
18068
17934
17779
18423
18133
18095
18099
18168
18259
18108
18063
18071
17979
18157
18222
18422
18438
17954
18172
18154
18044
18026
17726
17689
17654
17100
16666
17045
16843
16937
16601
16659
16761
17292
17106
17412
16924
17162
17098
17187
16743
17239
17145
18242
17588
17807
17099
16648
16929
17140
16537
16913
16782
16703
16302
17366
17146
16976
16640
16985
16112
16402
16431
16858
16597
16811
16249
16484
16532
16801
16933
17197
16434
17455
16786
16555
17221
16941
17327
16866
16907
17217
17258
17214
17467
16929
18065
17571
17180
17289
16795
16566
17382
17097
17274
17447
17292
18422
17747
16985
17418
17864
17805
17816
17777
17000
16420
17232
16848
16688
16929
17045
17016
16454
16010
16572
16261
15926
16070
16549
16296
16031
15886
16610
15890
16402
16190
16464
16625
16788
16176
16757
17127
17158
16436
16378
16860
16839
16317
16505
16435
16277
16454
16380
16515
16681
16631
17083
17095
16763
16956
17209
17626
17274
17427
16761
16298
16992
16318
16432
16611
16475
16964
16620
16440
16202
16512
16085
16264
15935
16004
16657
16355
15698
15907
15973
15999
16449
16324
16315
15902
15489
15931
16158
16015
15825
15333
15386
15610
15660
15569
15768
16052
16322
15932
16113
16095
16032
16112
17115
15858
15202
16422
19828
19956
19391
18424
15808
15106
15409
15433
15119
15725
15373
15737
15140
15977
16331
15958
16013
15930
15815
16318
16466
16318
16174
15826
15928
15950
15867
15926
15681
15725
16033
15731
15794
16039
16299
16018
15764
16039
16229
16035
15830
16178
16079
15911
15461
15317
15933
16277
16401
16671
16158
16613
16318
16499
16610
16227
16330
16094
16813
16361
16307
16164
16468
16568
16078
16269
16927
16184
16158
15912
16509
16633
15883
15984
16056
16056
16142
16255
15822
15946
15871
15610
15791
15573
15319
15463
15592
15646
16428
15978
16325
16202
15566
15689
15695
16131
15322
15294
15310
15410
15739
16049
15764
15608
16012
16520
16766
16980
16840
17301
16667
16548
16494
16634
16565
16215
16705
16632
16737
16466
16440
16581
16799
17098
16836
16790
17512
18779
17371
17496
17320
17206
17260
17458
17383
16948
16973
17126
17163
17467
17270
17817
17210
17165
17302
17325
18146
17333
17548
18075
17797
17717
17365
17991
17205
18173
17898
17183
17469
17100
17931
18554
17430
17280
17486
17209
17164
17312
17203
16979
16832
16955
17032
16941
16914
17223
17283
16970
17103
16787
17055
17335
16656
16028
15761
16163
17068
16317
16448
16431
16511
16756
16838
17243
16792
16113
16019
16322
16310
16072
16295
16943
16538
16459
16309
16558
16607
16639
16664
16492
16557
17015
16549
16770
16997
16455
16828
16722
16771
17095
16845
17388
16435
16363
16640
16248
16749
16624
16095
16340
16105
16441
16342
16898
16746
16451
16469
16121
16428
16701
15927
15678
16609
15403
15613
15911
15855
15373
15991
15122
14638
14975
14592
14249
14506
15185
14844
14888
15041
15008
14770
14757
14587
14885
14744
14769
15110
14927
14590
14726
14853
14522
14900
15160
15029
14894
14741
14914
14754
15395
15150
15695
15306
15533
15674
16222
15577
16034
16135
15713
15809
15669
15427
15950
15796
15792
15693
15519
15804
15524
15631
15689
16006
15804
16493
16430
16556
16835
16585
16251
16513
16151
16339
16267
16603
16396
16434
16436
16636
16212
16984
17220
16214
15959
16550
16182
16569
15897
16399
16600
16488
16318
16668
16365
16207
16980
16322
16132
16177
16014
16059
16002
16204
16520
16216
15766
15780
15561
16371
16113
15571
15532
15872
15623
15697
15657
15710
15454
15703
15974
15787
15862
15702
16101
16337
15720
15895
15656
15539
15659
15899
16019
15672
16058
16474
16080
15905
15910
15359
15496
15281
15516
17689
15644
15998
15955
15939
15753
15388
15652
15408
15925
16093
15824
16180
15587
24363
22146
15971
15575
15959
16067
16969
20050
19474
21238
17057
15429
15521
15997
15672
16022
15835
16065
15714
16014
16214
15826
15224
15326
15059
15503
16011
15490
15543
15826
15876
15577
15126
15674
16097
15306
14935
14971
15255
15274
15684
15245
16064
15356
15728
15519
15622
15232
15148
15636
15021
15246
15973
15479
14874
15380
15397
15242
15183
15509
15513
15573
15570
15334
14986
15053
15191
15228
16195
15968
16100
15469
15205
15671
15660
15844
16609
16081
15714
15629
15812
15694
16189
15997
15842
15632
16215
15906
15754
15922
15868
15866
16674
16043
16187
16370
16244
16282
15564
15849
15632
15592
16145
15829
15916
16501
16537
15582
15981
16151
16473
16303
16201
15757
16170
16387
16050
16402
16335
16287
15910
16081
16643
16821
16405
16360
16283
16427
15791
15910
15823
15542
15658
15842
15776
15832
15955
15720
15234
15157
15564
15145
15718
15417
15145
15366
15254
15105
15126
15218
15509
15456
15598
15737
15409
15490
16013
15129
15512
15550
15910
15731
15673
14999
15559
15055
15641
16117
15393
15293
14895
15130
15290
15199
15336
15374
15381
15538
15451
15446
15719
15479
15444
15600
15479
15774
15869
15480
15990
15814
15447
15509
16886
17655
19244
20141
19301
18838
19775
19557
20504
18398
15597
15507
15316
15291
15314
15422
15540
15401
15206
15689
15270
15278
15656
15523
15219
16006
15516
15502
15657
15206
15099
15103
15387
15380
15357
14769
15182
15966
15473
15197
15462
15984
16464
16588
17081
16047
16028
15860
15630
15213
14903
15350
15115
15393
15019
15314
15196
15299
15364
15311
14890
15054
14799
14972
14884
15316
15329
15086
14897
15238
14975
14897
15328
15171
15208
15342
15274
15321
15540
16830
15155
15172
15070
15661
15281
15387
15367
15483
15857
16402
15568
15680
15258
15420
15332
15149
15179
15631
15405
15243
15282
15748
15097
15037
16128
15127
15418
15301
15822
15450
15041
15046
15342
15360
15556
15773
15468
15500
15386
15226
15160
15068
15669
15265
15229
15959
15522
15350
15288
15282
15571
15466
15276
15329
15771
15762
15761
15736
15664
16078
15753
15966
16094
15715
15352
15838
16061
15835
15799
15540
15530
15650
15154
15629
15574
15551
14842
14973
15014
15116
15234
15428
15260
15548
15978
15927
15743
15469
15791
16507
15321
15065
15729
16297
15743
15586
16085
15648
15636
16100
15682
15945
15298
14888
15672
15437
16068
15676
15479
15439
15389
15566
15407
15622
16253
15836
15802
15481
15724
15662
15652
15184
15678
15661
15553
15534
15469
15426
16691
16003
15652
15356
15327
15795
15945
15826
15889
16322
15838
16100
15756
15716
16883
15531
15830
15877
15514
15854
15758
16534
15860
15896
15919
15810
16127
15880
15855
15611
16141
15855
16217
16339
15469
15950
16272
16054
15822
16588
16025
16398
15899
16507
16282
16153
16797
16375
16082
16178
16729
16595
16399
16460
16626
16241
16637
15986
16200
16053
15313
15641
16082
16244
15641
16004
15957
15834
15904
15962
16021
16506
16026
15635
16128
16359
16113
15840
16085
15485
15842
16915
16601
16005
16244
16564
16361
16351
16263
16211
16495
16300
16002
17582
16117
16656
16941
16491
16132
15969
15917
15843
16030
16857
16221
15883
15829
15942
15285
16193
16039
15856
15614
15339
16107
16083
15790
16758
16227
15617
15970
15972
16346
15640
15475
15161
15465
15493
16183
16371
16272
15424
15569
16045
14868
15083
15142
15233
15348
15516
14438
15462
15244
14588
14756
15051
15420
15125
15075
15122
15217
15228
15416
14942
15064
15428
15099
15136
14851
15120
15000
14975
15281
16203
15414
15290
15901
15750
15731
15559
15238
15391
15241
15402
15390
15536
16052
15535
15515
15936
15532
15980
15442
15015
15286
15421
15204
15399
15316
15881
15739
15518
14029
15918
15924
15873
15811
15894
15650
15484
15771
15266
15772
15257
15172
15472
16135
15668
16120
15590
15738
15774
15788
15773
15900
15873
15880
15878
15461
15212
15747
15722
15697
15639
15622
15958
15737
15254
14930
15025
15367
15147
15172
15518
14841
15734
14931
15542
15342
14954
15298
14670
15561
14624
15178
14621
14885
15042
14690
14602
15007
14821
15526
14683
14807
14882
15145
14611
14881
14770
15289
14883
14640
14588
14533
15025
14381
14753
14783
14872
14918
15133
15112
15514
15476
15717
15354
15846
15845
15375
15207
15006
15228
15634
15211
15620
15904
15178
15057
15183
15199
15443
15037
15606
14957
15578
15150
14681
16271
15237
15089
14633
14876
14701
14442
15249
16629
15105
16003
15736
15510
15074
16045
15770
16082
15598
15203
16230
15321
15511
15565
14783
14841
15481
14630
15994
15176
14849
15946
15461
16080
15660
15226
15727
16084
15353
15383
15755
16034
15240
16106
15592
16046
16003
16453
16619
15971
15775
16006
15539
15534
15156
15341
15983
15368
14757
15028
15079
14733
15063
14901
14692
14987
14892
14740
15168
14675
15098
15130
15124
15129
15682
15288
15379
14777
15377
14989
15485
15418
15296
15426
15483
15268
15566
16320
15667
15542
15819
15403
15413
16017
15998
15816
16213
18054
18862
19235
17788
16395
15317
15331
15801
16425
15641
15368
17310
15519
16339
15578
15915
16801
15598
17533
15234
16019
16202
16134
16590
15639
15314
16128
15567
15883
15457
16324
16536
15645
16360
16180
16132
16708
16271
16092
16145
16542
16088
16069
16931
16283
16065
16623
15719
16101
16168
16184
16201
16526
16322
16286
15960
16129
16165
15497
16258
15985
16511
15627
15834
15592
15968
15523
15522
15914
15943
15536
15601
15653
16509
16254
16119
16631
15659
15883
15695
16055
15502
15476
15324
15247
15331
15433
15504
15207
15694
15461
15245
15212
15472
15530
15488
15965
16268
15734
15508
15474
15767
15657
15610
15467
15336
14805
14704
14809
14710
14910
15419
15260
15093
14866
14950
14789
14981
15628
15711
15220
15184
15205
15189
15035
15216
15146
15633
14637
14648
15486
15110
14697
14969
13909
14406
14401
14869
14417
14444
14576
14539
14283
14366
14188
14730
14319
14713
14420
14412
14259
14608
14353
14753
14962
14446
14091
13846
14155
14742
15480
18237
17740
18099
17231
14142
14188
14509
14292
14267
14113
14262
14507
14370
14441
14372
14370
14365
14381
14590
14127
15331
14689
14316
14754
14138
14285
14657
14716
15286
14502
15196
14824
14525
14339
15384
14398
14318
15088
14685
14391
14220
14562
14501
15144
14472
14574
14609
14874
14807
14848
14801
16831
14700
14823
14930
15711
15787
15497
15639
16408
16522
17083
17464
17095
16695
16806
17075
17071
17146
17809
17032
17245
17078
16881
17913
16917
16908
16786
17220
17199
17141
17308
17133
16996
17029
17274
17793
17410
17097
17739
16808
16903
17429
18092
17263
17263
17368
17810
17255
17454
17560
17268
17149
17174
17513
17302
17262
17214
17780
17768
17107
19438
20933
20566
20392
20605
20463
20504
20677
18624
17431
16784
17127
17156
17258
17378
17533
17081
17469
16980
17767
16906
16817
16893
17180
17524
17313
17252
17237
17495
17425
18024
18664
18173
18277
17618
17684
17606
17764
18544
17637
17816
17705
17497
17844
17453
17818
17946
17523
17803
18091
17537
17844
17604
17636
17667
17693
17533
17610
17600
17466
17335
17299
17344
16882
17052
17098
17091
17115
16890
17101
17441
16855
16758
16445
16790
16529
16684
16818
16116
15810
15786
16368
16519
15810
16116
15936
15943
15799
16059
16662
16557
16558
16853
16471
16919
16867
17459
16783
17091
16737
16916
17069
16436
16637
17046
17029
17077
17341
17513
18156
17546
18244
18164
17962
17999
17670
17580
17383
17037
17393
17634
17630
17185
17114
16592
16209
16412
15957
15594
15740
15808
15329
15509
15317
15058
15180
15521
15097
15265
15200
15306
15994
15989
15463
15891
15439
15766
16207
16412
15861
16824
16501
15654
16710
16326
17481
17493
18124
17414
17575
16803
17317
17354
17536
17954
17148
17027
16940
17010
16912
16866
16620
16956
18175
17118
17056
17341
17128
17544
18652
18381
18405
17738
17939
17609
17689
17212
17454
17729
17541
17699
17045
17826
17603
17519
17356
17501
17397
17229
17572
17473
17577
17680
17516
18224
17674
18391
18054
17446
17566
17901
17453
17085
17142
17193
17022
17202
17137
17397
16798
16819
17218
17237
16995
16800
17163
16832
16694
16886
16871
16590
16868
16468
16986
16818
16922
16850
17000
17571
17797
17300
17672
16441
16798
17111
16962
16759
16213
16041
16204
15886
15904
15822
15209
14819
14961
14865
14917
14646
15267
14871
14936
14829
14744
15107
14512
14705
14726
14599
15083
15087
15684
14921
15831
15348
14925
15255
15003
14895
14695
15168
15017
15098
15883
15547
15445
15393
15171
15490
15415
15962
15564
15333
15533
15755
15576
15589
15103
15122
15223
14820
15127
14615
14930
14530
15002
14801
14608
14632
14683
14696
15106
14794
14497
14266
14384
14572
14350
14504
14216
14468
14601
14733
14189
14304
14507
14626
14994
14468
14764
14844
14823
15178
14605
14910
15061
14986
14839
14960
14958
14706
14838
14720
14679
14608
14884
14990
14494
14723
14532
14346
15081
15034
14864
14648
14526
14853
14841
15206
15318
15545
15152
15239
14797
14871
15060
15213
14625
15221
18111
18048
18304
18622
18303
18254
18752
18592
16591
15242
15521
15478
15726
15622
15109
15201
15525
15730
15496
15616
15811
15548
15100
15486
15169
15381
15235
15450
14979
15112
15486
15145
15637
15346
15190
15217
15177
15705
15375
15105
15683
15407
15023
15095
15004
16284
15031
15328
15315
15731
16005
16361
15805
15948
16028
15903
15962
16031
15938
15891
15690
15642
15256
15799
15702
15736
16016
16195
16647
16095
16650
16026
15920
16833
16242
16276
17176
15990
16108
16167
15728
16207
16020
16116
15738
15981
15747
16237
15928
16188
16105
16631
16125
16220
15742
15632
15840
15455
15715
15667
16117
16258
15975
15893
15755
16052
16041
15658
15892
15696
15616
15982
15854
15641
15760
15843
15892
16060
16265
16209
15935
16003
16811
15907
16118
16012
16431
16205
16428
16158
15985
16101
15970
16689
15857
16096
15697
16050
16216
15721
15972
16310
16416
15859
16047
15526
16110
15826
15900
15993
15621
16269
16487
15909
15891
16638
16169
15236
16642
15847
16230
16489
15783
15749
16087
15551
15671
16193
15527
15786
16245
15411
15883
16186
15426
15255
15510
15350
15193
15940
15451
15403
16805
15643
15960
16426
15589
16002
16175
15939
16185
16454
16060
15895
16587
16449
16204
16494
15804
15474
15992
16098
16197
17128
16736
16712
17728
17027
17435
17398
17081
17290
17583
16950
16933
17502
16852
16661
17610
16641
16852
17623
16855
16393
17450
16990
16574
16771
15972
16109
17062
16099
15590
16449
16001
16372
16884
15678
15860
17518
15764
15760
16003
15948
15881
16010
15975
16016
16296
15829
16317
16975
16787
16246
16938
16067
16291
16442
16442
16867
16302
16117
16324
15962
16147
16328
16430
16312
15996
16677
16323
16297
16097
16119
16697
16416
16526
15982
16187
16276
16250
16502
16110
16612
16161
16439
16567
16329
17298
22098
25745
17530
16909
16731
16447
16851
16504
16568
16689
17050
16689
17438
17030
16630
16870
16639
17021
16744
16280
16596
16280
15736
16093
16061
16019
16105
16231
15966
16232
15977
16245
15657
15940
16291
16146
15573
16143
16986
16800
15952
16947
16898
16121
15499
16184
15960
16178
15751
16184
15848
15946
16409
16363
16272
16079
16585
16524
16250
16003
15846
16123
16103
16041
19024
20498
20488
20309
20344
20527
20070
19845
18498
16775
16702
16387
16622
16113
16089
16350
16451
16303
16103
15754
16080
16263
15994
15622
15868
16067
15929
16004
16273
16065
16109
15585
15658
15638
15784
15242
15607
15499
15496
15378
15380
15305
15321
15296
15078
15360
15190
15336
15054
15091
15656
15893
16169
16626
16020
15947
16182
16035
15578
16164
15643
16051
15794
16224
15193
15577
15514
15486
15367
15634
15842
15944
15768
15369
15279
15520
15928
16031
15589
15555
15433
15572
15178
15309
14929
15253
15508
15617
15592
15548
15646
15478
15658
15516
15184
15347
15165
15181
16943
15310
15213
15018
15202
14946
15049
15133
15146
15464
15485
15793
15212
15406
15661
15294
15591
15318
15674
15648
15459
15542
15815
15878
15738
15674
15715
16103
16078
15711
16077
15626
16011
15503
16119
17065
15817
16562
15974
16168
16213
16464
17211
16419
16260
16309
16299
16406
16345
16732
16488
16442
16619
15950
16141
15638
15758
15798
15959
15848
15889
16017
16415
16218
16314
16275
15952
16470
15816
16300
16175
15670
15813
15616
15789
16011
16162
15797
15811
15850
15609
15223
15487
15561
15763
15384
15761
15668
15031
15147
15329
14980
15407
15086
15439
15824
15783
15959
15768
16620
16347
16472
15731
15696
16215
15726
16285
16653
15630
16415
17008
16035
15785
16149
16242
16328
15765
16651
16055
16588
16047
16342
16626
16275
16477
16313
16580
15992
15990
16421
16036
16287
16169
16366
15833
16058
16077
16288
16225
16526
16688
16392
16484
16258
16491
16290
16386
16148
16061
16986
16730
16981
17627
17175
17352
18041
18211
18043
18732
18420
18601
18968
17194
16357
16159
16344
17196
16231
16009
16956
16978
17312
17263
17183
16917
16841
18446
17478
18020
17348
16353
16862
16274
16761
16680
16270
16087
16313
15859
15950
15961
15941
15942
15487
16485
16394
16086
16798
17084
16702
16023
15840
15737
15806
16021
16769
16621
16983
16934
16873
17438
17168
17307
17005
16732
17560
17225
16965
17246
17048
17113
17806
17369
17162
18189
17594
18025
17448
18075
18683
17560
17601
17189
17703
17583
17207
17217
17295
16917
17297
18282
17608
17347
17601
16806
17346
17583
16900
17186
17259
17301
17573
16654
16943
16606
16798
16604
16721
16748
16658
16117
16527
15625
15953
15814
16291
16589
16213
16461
16139
16540
16469
16384
16851
17087
16983
16778
17549
17677
18045
18070
17005
17228
16978
16757
17095
17001
17201
17534
16835
17012
17308
17455
17594
18813
18053
17289
17260
16832
17299
16807
17284
16778
17295
17150
16965
16989
16983
17167
18498
18152
17860
18122
17735
17602
17853
17768
17212
16966
17527
16767
16918
16568
16113
16685
16439
16449
16718
17709
16042
16161
16620
16209
16319
16744
15300
15575
15559
15250
15018
15476
15481
15461
15685
15592
15580
15588
16071
16844
15918
15918
16411
16463
16363
17191
16888
16579
17179
17280
16844
17195
17287
18115
18167
17787
18458
18547
18397
17556
16787
16561
16735
17191
16770
16889
16891
16628
16806
16644
16959
16820
16608
16633
16717
16657
17043
16691
17503
17214
17302
16883
19040
18251
18061
17216
17100
17675
17241
17426
17536
18489
16993
17834
17898
17498
17735
16944
16887
16975
16563
16651
16824
16836
17390
17858
17737
17370
16809
17004
17008
17274
17213
17116
16888
17091
16526
16514
15843
16553
16591
15839
16137
16452
15855
15832
16335
15792
15663
16210
16620
15652
15687
15227
15482
15220
15122
15429
15381
15349
15294
15398
15345
14629
15088
14986
14754
15072
14812
15035
15116
15346
14964
15098
15330
15242
15275
15391
15249
15185
15240
16274
15185
15192
15257
15651
15531
15183
14726
15689
15145
15245
15346
14881
15261
15722
15706
15282
15227
15067
15329
15524
15455
15498
15043
15578
15695
15340
15745
15563
15227
15805
16317
15229
15452
15693
15402
15759
15975
16034
15349
15542
15536
15437
15408
15665
15848
15559
15688
16301
15348
15238
15765
15637
15526
15516
15852
15692
15926
15328
15671
15383
15549
15545
15636
15683
15494
15238
15545
15509
15388
15728
15329
15548
15727
15565
15778
15573
15491
16234
15749
15262
15873
16173
15294
15210
15897
15765
15646
15249
15359
15381
15376
15404
14975
15253
15002
15157
15074
15388
14777
14587
15075
15202
15055
14966
15486
15472
15430
14963
15183
15467
15077
15572
15500
15684
15007
15090
15467
15456
15270
15261
15154
15525
15214
15160
14813
15011
14859
14895
16260
14829
14766
15017
15015
14913
14575
14880
15175
14747
14967
16041
15465
14979
15228
15072
14470
14829
15433
14721
14744
15527
15493
15397
15537
15341
15421
15489
15317
15504
15631
15468
15170
15519
15243
15195
15705
15657
15596
15632
16100
15637
16070
15851
15694
15981
15352
15780
15647
15508
15909
16365
15601
15830
15417
15831
15794
15701
15623
15987
15736
15807
16423
16483
16241
16658
16610
16420
16906
16634
16848
16875
17287
16482
16651
16740
16433
16315
16503
16614
17179
17204
17146
16853
17022
16792
16761
16678
16973
16779
16412
16852
16813
16854
16986
16541
16818
16726
16625
16449
17240
17173
16985
17200
16538
16654
16724
17012
17403
17000
16795
17164
17426
16653
16741
16757
17502
17457
16842
17308
17307
17807
17585
17565
17472
17570
17660
17434
17432
17669
17551
17160
17253
17536
16526
16716
16490
17194
16914
16945
17458
17114
16896
18128
16995
16960
17269
16542
16396
17319
16879
16777
17310
16557
16695
16862
17201
17214
17321
16862
16874
17350
17638
16718
17588
16852
20262
21145
20940
21969
21394
21109
21476
21844
18130
16676
17272
16284
16421
17091
16369
16391
17041
16341
16337
17381
16546
16498
16718
16634
17136
17097
16813
16976
16407
16506
16316
16732
15814
16153
17112
16148
16296
17185
16135
16348
16382
16832
16237
16673
16040
16482
16224
16171
15845
16554
16269
16635
17020
16070
16011
16516
15997
16234
16999
16578
16846
17144
16739
16644
17215
17003
16830
16724
16097
16856
16615
15924
16554
17070
16191
16420
16887
16119
16396
16581
15854
15916
16441
16814
15993
16233
16587
16536
16588
16273
16795
16966
16805
16409
16591
16286
16423
16838
16310
16150
16904
16145
16027
16449
16139
16461
16671
16508
16250
16629
16469
16319
16760
16153
16219
16473
16374
16275
16836
16042
15715
16035
15598
15769
16852
16640
15969
16861
16121
16374
16467
16020
16412
17001
16662
16721
17085
16708
16280
17041
16450
16547
16729
15732
15847
15788
14989
15175
15816
15031
15307
15265
14771
15034
15225
14879
14817
15557
14950
15080
15275
14874
15106
15268
16066
15117
15682
15192
15666
15736
15178
15490
15691
15051
15421
15920
15358
15465
16000
15400
15556
16990
15332
14993
16186
15875
15462
15790
15150
15257
15788
15579
15673
15673
15511
15529
15908
15534
15481
15970
15189
15293
15211
15584
16014
15756
15112
15170
15956
15966
16155
16329
15864
15979
16189
15867
15624
15247
14966
15270
15452
16282
16184
15529
15036
14636
15644
15353
15241
15891
15767
15267
15581
15627
15795
16162
15181
15289
15687
15658
15328
16109
15559
14970
15649
15949
15224
15767
15185
15809
15482
14806
15358
16041
15597
15480
16084
15545
15361
16045
15332
15327
15930
15511
15436
15888
15833
15581
16019
15379
15429
15889
15778
15399
15765
16150
15426
15697
15319
16314
15991
14823
15099
15371
15012
14581
15453
15719
14726
15114
15052
14879
15884
15518
15912
15035
15162
15198
15916
15138
15482
15912
14852
15525
15610
14478
14809
15551
15128
15319
15989
15467
15232
15876
15190
15510
15628
15621
15388
15782
15060
15198
16393
15384
15334
16436
15941
15915
16356
15832
16677
16730
15921
16059
16365
16411
16214
16569
16209
16173
16874
16011
16178
16383
15757
15579
16474
15815
16034
16519
16143
15878
16976
16913
16162
16981
15902
16153
16115
16007
16609
16951
16067
16941
16317
15703
16575
15918
15426
15757
16403
16150
15666
16152
15820
15388
16429
16009
15955
16076
15212
15427
16233
15798
15868
16245
15735
15949
16467
15941
15597
15928
18024
17908
18672
18390
17039
18313
17179
17310
17400
18164
17975
17692
17745
17565
17671
17256
16928
18489
17983
17905
18250
17502
17794
18518
17759
17923
18056
18249
18132
18465
18211
17909
18121
15651
15810
16653
15992
16330
16744
16337
16138
17075
16384
16430
16688
16146
15972
16478
16186
16203
17060
17021
17244
17153
17450
17015
17310
17416
17339
17235
17019
18984
17647
17399
17088
17245
17443
17354
17559
17475
17624
17198
17203
17544
17997
17082
17220
17518
17378
17651
18208
17701
17429
17458
17744
17661
18695
18360
17920
17457
17874
19308
19502
18198
18664
18720
18577
18588
19241
19012
19118
19217
18748
18436
18689
17476
17827
17767
17976
17665
17996
17863
17696
17740
18179
18336
17808
18327
17895
17883
17833
18327
18277
18641
18796
18655
18614
18451
18464
18857
17839
17383
17413
17470
17291
17619
17748
17495
17438
17655
18334
18067
17782
18410
17905
17755
17859
17774
18089
18307
18376
18828
20513
20832
20113
20084
20043
20256
20110
20443
20607
20711
20403
20667
19247
19371
19271
28878
27799
28258
27571
28628
28813
19281
18199
18798
19448
18564
19677
18807
18344
18320
18622
18407
17895
17465
17782
17971
17730
17851
17045
16861
17097
16925
17348
17053
17246
17113
17087
17613
16076
15957
16693
16829
16508
16525
16431
16179
16336
16648
16511
16823
16633
16588
16425
16735
16517
16461
16469
16439
16502
16365
16950
17318
17466
16958
17031
16946
17361
17308
17566
17225
17705
17147
17476
17236
17791
18603
17152
16921
17584
17625
17308
17176
17189
17380
17782
17383
17328
17762
17366
17110
17182
17985
17199
17585
17459
17476
18035
18463
17241
17628
17227
17491
17024
17916
17617
17501
17709
17217
17574
17669
17791
18559
17713
17887
18351
17643
17135
17145
16869
17106
17160
17338
17531
16929
17065
17229
17218
17060
17088
17410
17987
17275
17266
17232
17394
17297
17488
17424
17588
17891
17347
17518
17780
17094
17873
17482
17626
17265
17521
17773
16995
17272
18050
17320
17128
17515
16945
16512
17957
18067
17721
17705
18993
17806
17503
17664
17689
17967
17937
18050
17894
17504
18336
18214
17677
18212
17581
16502
16749
16509
16702
16690
16483
16701
16003
16116
16872
16426
16225
16288
16651
16629
16533
16197
16368
16378
16470
16311
16525
16455
17064
17195
16957
16744
16408
16675
16875
18290
18816
18513
19078
19788
19648
19139
19402
19867
19225
19443
19279
19193
19062
19293
18939
17301
17066
17385
17413
16544
16704
17008
16309
16685
17217
16443
16349
17010
16609
17114
16812
16491
16483
16533
16555
16460
16957
16388
16768
16470
16260
17157
16925
16755
16993
16810
16836
16739
16746
16754
15484
15826
15626
16228
15799
16398
15909
16315
16570
16183
16420
16312
16460
16357
16328
16149
16219
16156
16328
16431
16696
16315
16616
16636
16770
16618
16493
16159
16513
16641
16416
16347
16620
16357
16476
16356
16085
16130
15906
16182
16089
15626
15753
15544
15867
15783
15767
15949
15794
15856
15641
15804
16280
15706
15843
15802
15358
15402
15932
15637
15444
16034
16569
16033
16097
16441
16259
16068
16064
16766
16518
16463
16355
17164
16602
16702
16586
16651
16964
16704
16438
16455
16731
16322
16641
16118
16596
16550
16098
16069
16640
16905
16368
16812
17198
16692
17056
17457
17125
17146
17057
16261
16504
16477
16343
16646
16164
16347
16264
16489
16464
17104
16576
16988
16928
17222
16665
17104
16734
16614
16864
16505
16865
16551
17195
16850
16579
16266
17153
17459
17260
17921
17606
17991
18208
18010
18036
17751
17830
18174
17446
18325
18629
18922
18507
18763
18648
18367
18834
19184
18771
18215
18320
18830
17390
17562
17207
17045
17126
17792
17354
17503
17378
17494
17733
17802
17496
17413
17692
17478
17148
17584
17652
17426
17711
17344
17557
17534
17390
17573
17117
18054
17884
17413
17826
18334
17730
17648
17772
18149
18144
18302
17946
18054
18003
18303
17867
18069
18420
17885
20128
21719
21115
21760
21209
21445
21706
21498
20709
17931
17785
17367
17852
17595
17647
18304
17571
17557
17536
17725
17725
17617
17477
17594
17547
17136
17282
16770
17155
17268
16902
17101
17715
17331
17562
17336
17548
17455
17864
17817
17835
17439
17293
17567
17333
17224
17502
17379
17582
17314
17476
17419
17253
17567
17455
17022
17008
16940
16836
17001
17258
16996
16522
16911
17025
17003
16459
17704
16747
16621
16571
16231
16508
16417
16601
17036
16393
16842
16600
16439
16760
16399
16392
16791
16831
17276
17027
17283
16912
17037
17089
16683
17361
17122
16823
17074
17715
17457
17994
18056
18301
17888
17956
17908
20014
17857
17935
17948
17391
17234
17321
17458
17803
18089
17800
18174
18267
18125
17865
17982
18432
18163
18834
17924
18122
18450
18337
18219
18363
18364
18893
18433
18450
18343
18324
18840
18436
18446
18912
18800
18301
18902
17621
17326
18125
17829
17912
18261
18068
17507
17706
17859
18265
18311
18098
19177
19158
18593
18764
18613
18070
17128
17123
17161
17261
17802
19472
17178
16847
17174
16893
17001
17065
16943
17320
16860
16996
17084
17189
17141
16882
16657
16705
17003
16727
16701
16247
16359
16707
16408
22031
25008
19616
17169
16488
16234
15973
16425
16575
16950
17031
16788
17088
16793
16906
17153
16666
16677
16666
16991
16753
16874
16990
17113
17155
17135
17116
17313
16809
17307
16970
17097
16965
17289
17624
17665
17286
17011
17111
17477
17271
17440
17966
17647
17194
17563
17421
17212
17392
17591
17425
17329
17676
17678
18057
17594
17144
17333
17301
17113
17770
16865
17067
17499
17219
17231
16941
17113
16765
17179
17445
17023
16855
16916
16690
16919
16797
16888
16588
17163
17202
17718
16470
16754
16621
16916
16780
16405
16656
16805
16432
17412
16993
17057
16389
16729
16073
16245
16322
16059
15787
15766
15708
15720
16328
16460
16363
16734
16252
16511
16790
17923
17241
16950
16601
17069
16759
16443
16507
16709
16834
16309
16873
16211
16311
16411
16909
16211
16363
16307
16416
16275
16312
15627
15908
15773
15674
15554
15718
15175
16231
16190
16080
15911
15691
16006
15658
15466
16354
15396
15543
15448
16080
15787
15369
15528
15062
14931
15191
14998
14970
15024
15132
14955
15130
15433
15265
15407
15780
15675
15294
15587
15055
15717
15445
15720
15539
15517
19437
20061
16181
15901
15611
15623
16249
15521
15751
15845
15757
15755
15706
15630
16119
15942
15964
16010
15899
15726
15388
15807
15696
15957
15701
15895
15733
15532
15183
15118
15203
15465
14966
15352
15206
14896
15383
15139
15651
15077
15087
15497
17225
15329
15431
15774
15919
15264
15688
15756
15706
15987
15871
15968
15819
15642
15572
15324
15082
16383
15473
15518
15934
16332
15306
16020
15668
15408
15456
15418
15512
15945
15636
15001
15407
15504
16150
17463
20752
22174
17730
14865
15334
15272
15206
15802
15540
15475
16028
15862
15404
16543
16816
17071
16744
16898
17169
16862
16254
16628
17032
17231
16573
16305
16507
17300
17005
16659
16838
16735
16549
16285
16498
16838
15867
14986
15113
15118
15196
15150
15193
15626
15979
15785
15588
16482
15571
16447
15708
15664
15356
16304
15377
15993
16847
16016
16174
15178
16306
16996
16123
16471
16686
16321
16887
16945
16315
16411
16524
16851
16267
16157
16291
16543
16140
16579
16596
15646
16182
16211
16067
16100
16217
15793
16170
16206
16709
16181
15916
16176
15837
15843
16013
16142
15978
16435
16568
16307
16276
16002
16328
16098
16612
16506
16694
16578
15879
16542
16039
16203
16411
16770
16157
16737
16510
16392
16703
16366
16416
16369
16684
16790
17297
16776
17506
16558
16454
17518
17375
17540
17440
17603
16985
17086
17520
17392
18173
17348
17427
17101
17153
17047
17198
17509
17296
17068
17804
17498
17516
17811
17379
18094
17327
17818
17401
18250
17630
17416
18067
18763
18746
17881
17807
18073
17799
18824
18394
18628
18505
17952
18207
18309
18229
18464
18172
17619
18058
17869
18097
17466
18964
17616
18388
17821
18241
17915
17270
17471
16812
16958
17115
17122
17475
16841
17525
16644
16744
16731
17698
17721
16561
16898
16445
16297
15867
16190
15960
15987
18337
19251
19896
19990
19155
16354
16314
16657
16467
16281
15992
15891
15960
16208
15995
16374
16407
16326
15984
17000
16548
17076
16165
15977
16330
16161
15977
16249
16197
16302
15797
15767
15862
15856
16092
15826
16254
15913
16172
15850
15947
16335
15909
15961
16011
16264
16258
15950
16291
15795
15981
15944
15754
15719
16038
16151
16018
15982
15698
15999
16323
16051
15959
15973
16695
16305
15872
16125
15845
16040
15693
15939
16232
16068
16071
16268
16316
15797
15758
15554
15908
15654
15817
15775
15833
15881
15898
16307
15944
16734
16191
16080
16803
16167
16419
16016
16663
17104
16302
15964
16307
15999
16039
16009
16292
15905
15530
16300
16183
16346
16142
16118
16619
15951
16635
15871
15791
15660
15765
15350
15983
15479
15705
15555
15726
15624
16107
15785
15657
16270
15970
16036
15953
15739
16040
16257
15858
16241
16118
15953
16187
16206
15950
15703
16175
15857
15485
15579
15635
15660
15955
15679
15862
15765
15724
16190
16320
16177
15703
16051
15917
15984
15766
15850
16366
15479
15774
15784
15427
15213
15757
15988
15999
16241
16048
16255
16124
16041
16096
15942
16369
16140
16001
16552
16447
15868
16060
15976
15760
15649
15474
15460
15316
15279
15322
15126
15187
15524
15616
15827
15685
14743
15052
15166
15260
15447
15488
15062
15641
14922
15037
15134
15250
15045
15633
15086
16834
15332
15664
15297
15794
15969
16106
15993
15955
15477
15628
15556
15610
15806
15510
15918
15679
15773
16169
15965
15839
16203
15711
16118
15893
16061
15649
15814
15504
15486
15566
15578
15502
15397
15717
15431
15879
16600
15497
16552
15656
15853
16216
15795
16451
15811
15261
15763
15803
15642
15868
15581
15939
15689
15700
15740
15558
15943
15312
15519
15772
15139
15828
15962
15676
15265
15464
15675
15486
15318
15206
15884
15729
16126
16025
15878
15642
16135
15878
16074
15818
15935
15792
16013
16117
15718
16042
15682
15767
15800
15657
15697
16079
15734
15989
15902
15800
16775
15877
16057
15817
15966
17333
17757
17298
17154
15425
15795
15260
15810
15784
15680
15754
15563
15087
15386
15481
15597
15609
15749
15851
15395
15562
15877
15691
16143
15707
15902
15529
15215
15269
15611
15498
15809
15903
15633
15784
15390
15693
15614
15633
15755
15985
15765
15971
16107
15734
15445
15842
15434
15588
15904
15935
16069
15635
16033
15505
16087
16109
16177
15644
15791
15450
15976
15652
15396
15526
15699
15658
15648
15552
15197
15542
15618
15600
15235
15902
15020
14835
15039
15575
14866
15143
15694
15281
15685
15360
15313
15587
15532
15252
15301
15267
15052
15218
15260
15146
15462
15422
15115
14921
14913
15087
15477
15750
16037
16305
16556
15845
15226
15841
15734
15401
15249
15154
15100
15587
15446
16209
16088
16105
16401
17136
16344
16219
16339
16234
16180
16291
15982
16109
15819
15836
16159
16022
16552
16286
15633
16059
15665
16452
15893
15802
16311
15944
16150
16238
16041
15666
15468
15573
15793
16288
15729
16059
16503
15785
16033
16174
15958
16321
15851
15866
15707
16070
15321
15953
15732
15820
16290
16491
16535
16097
16075
16166
15539
16490
16966
15938
15822
15888
16201
16265
15891
15854
15964
15317
15628
15562
15696
15762
15944
15918
15637
15828
16536
16124
16307
17253
16040
16238
16114
15911
16597
17016
17343
16923
17072
16744
17452
17300
16988
16851
17010
16914
17162
17128
17361
17476
16524
17018
16800
17058
17158
16376
15991
15738
16124
16004
16207
16358
16032
16070
16693
16307
16250
16439
16553
17008
16694
16829
17215
17386
17412
17335
17274
17327
17097
17306
17606
17683
18567
17709
18051
18062
18231
18548
18459
18048
18226
18325
18626
16334
16429
16515
16207
16587
16675
16348
16383
16704
16541
16400
16380
16635
16402
16496
15924
16088
16064
15998
16353
16678
16168
16560
15933
16425
16424
16239
16077
16446
16322
16365
16667
16298
16573
16133
16392
16396
16826
16811
17503
17788
17570
19041
18217
17527
17856
17079
17284
17865
16247
16249
16144
16084
15739
16081
15898
15572
15653
15799
15393
15493
15474
15143
15197
15061
15084
15123
14932
14780
15055
15124
15290
15034
15326
15238
15078
15357
15408
15676
15265
15220
15401
15541
15457
15206
15635
15237
15029
15562
16161
15526
15931
15400
15307
15451
15261
15538
15927
18415
18613
18378
17310
16887
17752
17347
16457
16664
15320
16709
15808
15548
15392
15271
15474
15612
15728
15594
15835
15826
15708
15854
15840
16191
15690
15679
15342
15889
19718
19783
20333
21307
16531
15410
15617
15745
15799
16321
16706
16403
16782
16661
17272
17101
17027
16967
18739
16486
16497
16209
16691
16186
16474
17198
16413
16395
16322
16846
16700
16621
16885
16242
16617
16798
16551
16693
16746
16830
16358
16753
16414
16779
17028
17427
16878
16488
16539
16206
16583
16629
16779
16363
16718
17438
17945
17905
17493
17499
17119
17202
17310
17191
17055
17011
16929
16552
16874
16322
20256
20441
20260
20600
16712
16753
16549
16383
15928
15789
16171
16009
15678
15761
15655
16040
15918
16257
15827
16337
16242
16290
16202
16319
16521
16213
16512
16069
16148
15849
16083
16078
15973
16079
15401
15384
15278
15176
15143
15127
15817
15271
15262
15030
15141
15526
15098
15328
15041
15332
15357
14952
14877
15351
15028
15475
14844
14838
15584
14883
15047
14784
14575
14662
14711
14762
14414
15117
15198
14924
14848
14977
15254
15167
15225
15734
15243
15437
15653
15670
15778
16100
15913
15742
15590
15603
16182
15824
15628
15515
15649
15309
15381
15648
15629
15326
15659
15716
16040
16848
15807
16053
15925
15886
15986
15914
15782
16525
18082
18643
15899
15954
15919
16101
15893
16061
15877
15737
15796
16140
15615
15806
15142
15642
15109
15746
15342
15511
15702
16009
15857
15479
16397
15913
15194
15662
14728
15262
15204
15025
15245
15057
14692
15157
14760
15073
15232
14886
15073
15208
15511
15532
16142
17493
17200
17188
17023
16972
17353
17378
17472
15009
15275
15378
15247
15477
15882
15729
15931
17853
17922
18164
17786
17699
17750
17608
17765
16884
15963
16021
15763
16383
16236
16078
16242
15436
15911
15394
15923
16077
15727
15960
15831
16127
16112
15639
16172
15659
16354
16219
16755
16260
16509
16805
16631
16380
16035
16326
16360
16689
16435
16045
16352
16555
16344
16160
16377
16336
16375
16260
16150
16771
16226
16283
16315
16834
17500
16730
20698
22817
22699
16376
16600
16243
16633
16372
16351
16258
16345
15979
16151
15968
16175
16405
16017
15708
16415
15615
15874
16158
16305
15808
15870
15660
15584
16011
15726
15837
16280
16140
16384
16432
16736
17884
16417
17174
16681
16576
16206
16397
16000
15855
15631
15775
15605
15600
15873
15940
15995
15868
16069
15605
16076
16010
15797
16000
15366
15816
15607
15378
15515
15630
15582
15687
15650
15857
15777
15477
15663
15544
15785
15777
15647
16197
16292
16241
16710
16086
16228
15827
16518
16060
16580
16451
16333
16393
16053
15942
16259
16314
16438
16286
16119
16109
15854
15654
15966
16413
16497
16593
16054
16422
16378
16430
16678
16542
16437
16524
16332
16558
16330
17027
16796
17095
16156
16699
16355
17223
16216
16498
16599
16269
15791
16317
15820
16089
16315
16544
16135
16018
16438
16687
16144
17070
16663
16739
16499
16535
16498
16241
16703
16548
16208
16340
16817
16955
16247
17221
16392
16444
16699
16435
16930
16577
16453
16251
16527
16494
16300
16420
16467
15894
16300
16110
16534
15942
16212
16091
16773
15944
16015
16482
16510
16185
16008
16109
16357
16379
16244
16486
16690
16586
16264
16439
16198
16214
16175
15893
16242
16280
16324
15991
16411
16234
16456
16408
16268
16208
16658
15881
16434
15932
16655
16755
16279
16669
16510
16398
16661
16475
16321
16180
16331
16929
16469
16513
16889
16663
16643
16739
16373
16410
16708
16311
16528
16953
16388
16394
16947
16375
16370
16956
16241
16298
16272
16601
16453
15917
16041
16079
16020
15796
15916
18228
16063
16009
16072
16115
16308
16044
15889
16225
16249
15526
16109
16024
15702
16672
18922
20220
20331
20400
16666
15671
15555
15849
15778
15602
15856
15836
15943
16615
16979
17258
18902
18353
17397
16986
17045
16315
16245
16326
16364
16268
15932
15909
16397
16203
17376
16544
16344
16358
16189
16019
15915
15932
15896
16498
15894
16115
15924
15866
15931
15956
16072
16238
16031
16140
16004
16128
15851
15816
15914
16250
16348
15870
15968
16327
16208
15590
15964
16443
16290
15674
15911
15832
16036
15782
15773
15677
16073
15851
16138
16299
15650
15599
15825
15446
15785
15870
15907
15985
15411
15654
15652
15347
15357
15687
15617
15800
15683
15286
15515
15666
15753
15895
15547
15856
16212
16124
16245
15780
15950
15926
16351
16079
15887
15984
15830
15400
16108
16090
16363
15755
15928
16026
16416
16401
16235
16266
16174
16245
15938
15595
15549
15637
15400
16222
15950
15718
16011
15862
15831
15852
15739
15990
15711
15409
15284
15543
15604
15380
15195
15211
15406
15342
15383
15646
15418
15457
15334
15627
15489
15372
15660
15603
16426
15584
15691
15074
15427
15243
15132
16155
15371
15835
15452
15452
15422
15683
15693
15799
15471
15514
15465
15467
15744
15371
15418
15081
15622
15205
15455
15751
15441
15394
15731
15563
15597
15384
15255
15522
15564
16603
16420
15972
16506
16540
15708
16334
16181
15830
16453
16532
15926
16259
15818
16261
15796
16393
16132
15897
15743
16136
15964
15751
15495
15791
16128
15605
15606
15895
15552
15657
15868
15032
16008
16507
16351
16121
25900
32022
36485
33204
17517
16117
16184
15661
16021
15948
15737
16070
16117
15191
15375
15560
15162
15404
15537
15209
15664
15707
15113
16024
15890
15984
15875
15582
15653
16125
15968
15392
15988
16068
15210
15754
15661
14984
15381
16150
15121
15479
15200
15116
15279
15108
14891
15541
15562
15139
15891
15341
14893
16134
15518
16185
15781
15060
14917
15514
15035
15304
15224
15340
14985
15391
14885
14875
14851
15017
15275
16237
15516
15855
15867
16100
15162
15734
15991
15339
16220
15874
15601
16352
16379
17160
17523
17252
17088
18157
17845
16857
17408
17773
17183
17498
17848
16741
17700
17835
17202
17690
17524
17291
17367
17847
17377
17937
17731
16672
16197
16909
16374
16633
16041
16186
16447
15851
15504
15718
15612
16059
15866
15769
15385
15887
15509
15048
15624
15627
15455
15724
15297
15901
16137
15473
15734
15888
16251
17652
18794
18934
19332
18993
17343
16645
16309
16347
16592
16350
16361
16268
16255
16062
16386
16540
16386
15839
16270
15760
16101
16137
15691
15693
15998
15895
16078
16158
15874
15888
15923
16205
15999
16263
15741
15977
15934
15564
16025
16182
16403
16403
16100
15772
15876
15903
16736
15729
15906
16086
16170
15922
15801
16052
15903
15868
16008
15838
15462
15663
15809
15641
15530
15960
15760
16173
16071
16145
15650
16384
16225
15910
17276
16240
16788
15976
15712
16414
16008
16529
15668
16543
16944
16070
16929
16447
16206
17044
16159
17104
16043
16560
18225
16310
16761
15973
16137
16772
16297
16563
18648
16375
15994
16180
16181
16333
16431
16392
16700
16988
16132
16449
17405
16668
16829
16903
17148
16681
16917
16925
17218
16764
16735
17121
16671
17064
17807
17289
16914
17531
16733
17051
17217
17104
18101
17164
17142
16282
16215
16213
16381
16661
15983
15797
15746
15596
16485
15559
15463
16113
15486
15732
15677
15843
16137
16300
15643
15488
15575
15423
16080
15594
15583
15345
15307
15899
15523
15374
15452
15304
16332
15718
15322
15291
16074
15550
15678
15197
15024
14996
14944
15353
15257
15571
15291
14916
15299
15513
15796
15360
15777
16230
15996
15902
15521
15771
15548
15652
15196
15251
15719
15624
15438
16271
16097
15839
16137
15784
15238
15566
15234
15537
15938
15285
15572
15250
15383
15592
16009
15913
16397
16239
16317
16412
15843
15697
16069
15652
15795
15937
15813
15903
15943
15892
15613
15134
15023
14995
14820
14853
15078
15248
14764
15156
15362
15294
15543
15135
15025
15291
15138
15130
15111
14746
14873
15130
14903
15069
14478
15099
14583
14817
14585
14865
14683
14145
14014
13577
14487
14073
14273
14387
14213
14716
14729
14669
14400
13927
14637
14180
14274
14542
14350
14500
14424
13870
14254
14795
14332
14380
14716
14962
14664
15063
14723
14674
14785
14354
14861
14469
14772
14170
14662
14572
14436
14333
14525
14977
15450
14487
14222
14226
14212
14439
15827
14628
14955
14684
14701
14785
14324
14517
15015
15169
15080
15293
15170
14891
14662
14914
15309
15409
15778
15801
14964
14807
14765
15104
14552
14739
14300
14467
14597
14512
14433
14401
14617
14131
14396
14069
14485
14995
14819
14551
14690
14773
14596
14787
15067
14811
14803
14878
14628
14749
15316
14341
14560
15038
15535
15136
15353
15181
15290
15231
15322
15442
15361
15143
15277
14962
15424
15165
15753
15471
14890
15524
15204
15137
14441
15127
14774
14558
15164
15028
14552
14215
14366
14791
14508
14567
14588
14572
14515
14948
15256
15212
15542
15451
16201
16860
16800
15670
15997
15631
15840
15815
15620
16171
16038
15882
16077
16466
15815
16660
17464
17555
17356
16839
16773
16505
16590
17111
16450
17392
17069
16964
16940
17271
17179
17164
16979
17479
17519
16911
17164
17283
16820
16277
16694
17091
16985
17035
17483
17537
17874
18575
17589
17925
18339
18206
18070
18628
18767
18639
17931
18111
18547
18318
18466
18618
18982
17680
17907
17988
17847
18135
19228
17738
18047
18605
17965
17899
16698
16593
15667
15300
15746
15768
15598
16213
15988
15767
15941
16208
15891
15927
15745
15763
15719
15838
15917
16230
16494
16267
16693
16701
17171
16841
16931
16845
17046
16622
16907
16983
17372
17156
16655
17140
16747
16447
16812
16218
16463
16686
16574
16112
15852
15917
16008
15963
16189
16122
16483
16827
16474
17401
16592
16653
16545
16439
16477
16002
16245
16393
15947
16146
15999
16307
16085
15185
15681
15364
15162
15344
15525
15634
15406
15269
15011
15243
15658
15639
15844
16299
15909
15524
15443
15860
15298
15567
15778
15392
15298
15588
15207
15398
15570
15211
15610
15529
15531
15465
15644
15413
15480
15072
15378
15400
15431
15037
15780
15062
15582
15301
15092
15283
15026
15376
15238
15771
15266
15837
15459
16287
16464
15749
15938
16107
15744
15577
15586
16158
15390
15494
15740
15151
15334
15401
16184
15950
15942
15698
15423
15485
15682
15634
15231
15574
15393
15609
15718
15758
15956
16166
15872
15706
15514
15154
15470
15059
15552
15495
14834
15816
15079
15470
15410
15537
15312
15910
15149
15597
14740
15301
15598
15879
15592
15403
15430
15446
14869
15959
15289
15938
18543
17765
17845
18121
15765
15388
15306
15771
15297
15539
15619
15274
15445
15359
15025
15651
14883
15073
14874
14566
14878
15057
15070
14947
16393
14359
15293
14961
14878
15647
15469
15528
16080
15443
15202
15510
15240
15187
15092
15540
15519
15313
15008
15386
15239
15053
15415
15122
15300
15263
16420
16021
16165
16946
15979
16597
16021
16308
16627
16076
16458
16779
16057
16533
16141
16715
17092
16161
16514
16310
16540
16562
16300
16293
16466
16736
16509
16390
16410
16341
16356
16657
16806
19452
20092
19257
19829
19655
19881
19940
18617
15803
15797
16490
16668
15652
16648
15954
16039
16118
16173
15879
16441
16570
16727
16878
16966
17436
17337
17169
16877
17113
17430
17093
17310
17373
17806
17299
17094
17150
16853
17076
17244
18097
17246
16483
16745
15993
16713
16698
16176
16695
16458
16305
16143
16093
16438
16777
16394
16290
15950
16020
16094
15732
15538
16297
15347
15582
15381
15413
15706
16074
15763
15010
15160
15068
15318
14897
15133
15265
14923
15012
15008
15101
14783
15210
15072
15559
15255
15285
15130
15321
15688
15701
15423
15628
15733
15782
15460
15523
15126
15656
14864
14566
15196
14749
14956
15249
14928
14658
14479
14897
14470
15968
14793
15158
15384
14945
15198
15500
15195
14835
14842
14762
15134
15025
15144
15313
14893
14895
14899
14783
14590
15005
15375
14771
14882
14894
14902
14769
14601
15060
14195
14693
14735
14895
15106
15064
15203
15331
15813
14998
14641
15160
15019
15259
15389
14989
14787
14994
15087
14688
14630
15108
14824
14664
14991
15146
15027
15175
15355
14334
14651
14371
14585
14420
14728
15214
14947
16489
18047
18094
18161
16368
14364
14351
14388
14495
14132
14905
14635
14515
15102
14334
14605
14017
14212
14491
14461
14715
14395
14559
14203
14832
14926
14322
14768
15084
14911
14811
14733
14484
14679
15061
14899
14824
14586
15230
15062
15136
15019
15151
15473
15180
15222
15539
15657
15749
15219
15282
15361
15383
15461
15489
15474
15523
15492
16204
15641
15956
15802
15759
15789
15709
15568
15826
15792
16244
15607
15906
15779
15545
15566
15853
16023
15856
15225
15295
15220
16160
15606
15205
15359
15531
15369
15804
16026
15349
15531
15603
15605
15774
15589
15717
16071
15758
15145
15530
15564
15463
15779
15712
15800
15912
15971
15950
16901
18108
17684
17606
17120
16631
17107
16954
17387
17230
17370
16879
16286
16211
16664
16116
15974
16310
16258
16312
16320
15869
15326
14929
15207
14935
14764
15034
14756
14689
14998
14951
14978
14906
14752
14512
14659
14607
14861
14723
14751
14908
14844
14817
14786
14589
14941
14683
14477
15100
14955
14863
14804
14687
14755
14911
14773
14910
14798
14800
14551
14845
14450
14695
14676
14656
14389
14525
14487
14277
14565
14550
14777
15438
16036
15054
15628
14720
20080
17410
17885
18763
15339
14586
14947
15046
14682
19132
16639
18476
17165
18211
18115
15773
15128
14914
15823
15639
15453
15273
15783
15911
15722
15716
15322
15530
15697
15649
15101
15126
15322
15159
15016
15357
15332
14859
14845
14939
15146
15079
14957
15272
15301
14969
15889
15019
14889
15087
15710
15122
15514
15730
15709
15158
15026
15302
15245
15328
14993
15350
15114
15703
15329
15170
16285
15166
15104
14954
15296
14896
14708
15028
15199
15265
15071
15343
15354
15320
15171
15601
15614
15580
15669
15225
15985
15295
15558
15635
15357
16246
15557
15295
15704
16048
15976
16133
16367
15619
15822
16028
15731
15528
15516
15354
15485
15479
15731
15835
15603
15894
16023
16553
16072
16030
16199
15944
15646
15754
15716
15804
15601
15402
15684
16073
15491
16474
15601
15559
15904
15915
15677
16317
16049
16269
16407
16568
16120
17023
16300
16605
16429
16729
16398
16562
16690
16664
16634
16913
16191
16687
16429
16292
17037
16872
16591
16161
16036
16521
16500
16363
16268
16558
16565
15839
15766
15528
15943
16600
16586
15962
15831
16672
16438
15984
16092
16138
16241
16817
16386
16293
16489
16451
16259
16087
16697
16423
16369
16513
16442
16640
16433
16605
16414
16550
16464
16326
16627
16065
16465
16597
16611
16375
16100
15992
16507
16522
15997
16448
16314
15941
15980
15975
16547
17594
16210
15919
16141
16619
16286
16054
16211
16206
17105
16332
16432
15649
15692
16029
16192
15526
15540
15665
16017
15766
15803
15772
16306
16468
16386
16580
16663
16258
15879
17464
16013
15941
16139
16147
15613
16047
15408
15815
15702
16139
15697
15708
15400
15483
15578
15417
15933
15529
15737
15501
15847
16209
16218
17235
15901
16115
16429
16382
16175
16282
15890
15971
15978
16083
15612
15600
15738
15727
15933
15458
16144
15306
15636
15258
15467
15730
15451
15754
15256
15942
15203
15541
15506
15698
15280
15476
15626
15183
15923
15267
15668
15264
15092
14889
14567
14844
14985
15400
15243
15069
15072
15146
15163
15027
14979
15038
15007
14989
14887
14943
15087
14775
15045
15167
15165
15244
15205
15003
15002
15253
14894
14776
14911
14967
14990
15493
15967
15066
15735
15311
15291
15047
15141
15353
15463
15335
15675
16082
15441
15586
15782
15388
15646
15572
15369
15324
15296
15722
17581
17430
16709
16875
17113
17169
17254
17759
16209
15508
15238
15589
15369
15578
15459
15822
15697
16305
15442
15328
15446
15480
15540
15680
15424
15601
15524
15681
15707
15836
15626
15356
15743
15442
16538
15871
15427
15446
15622
15438
15802
15577
15732
15813
15436
15494
15633
15601
15655
15518
16288
16388
16296
16261
16182
16170
16452
16253
16696
16479
16624
16437
17068
16696
17022
16785
17692
16718
17484
17458
17061
17022
16983
17646
16888
17218
16950
17373
17047
17235
17648
16841
17128
17415
17270
17116
16696
16990
17273
16857
16994
16603
17405
16962
16600
16769
16608
16488
16529
16800
16287
16297
16955
16446
17171
16874
17379
19220
20715
20711
20489
21175
20572
20675
20329
19046
17674
17214
17471
17404
17323
17866
17279
17571
17525
17665
17519
18043
18791
17615
18036
17722
18178
17884
18345
17892
18134
18265
17846
17690
17863
17992
17792
17899
17885
17923
17818
18370
18453
17931
18244
18330
18364
17881
18115
18269
18515
18182
18674
18561
18070
18013
19000
18199
19828
18854
18986
18779
17928
18520
18082
18001
17615
17468
17234
17324
16771
16927
17231
16946
17230
16791
16952
16725
17096
16916
16898
17099
17283
17095
17030
17268
16890
16350
17015
16427
16472
16534
16018
16360
16148
16324
16383
16297
19871
19809
20041
20231
16827
17090
17479
16974
17609
17663
17341
17046
17577
17101
17509
16054
15528
15857
15827
15218
15764
15532
15505
15864
15654
17576
15709
15946
16687
16303
16701
16654
16150
16122
15779
15491
15678
15669
16229
16063
16598
16396
16347
16457
16354
16441
16027
15831
16377
16543
15972
16086
16066
16105
18359
20563
20279
20625
20585
20101
20538
19755
19254
16488
16821
16400
16142
16130
15839
15822
15831
15465
16173
16026
16451
16559
16433
15850
15753
15940
16208
15996
15613
15743
15906
16249
16083
15851
16013
15894
16202
15945
15981
16089
15868
16068
15937
15764
15845
15754
15709
15815
16004
16120
16286
16331
15990
15672
15832
15581
15666
16248
16253
16479
15607
16279
15782
16668
15739
15925
16079
16082
16693
17415
16008
15949
16066
16000
16047
15972
16012
15584
15630
15817
16042
16058
16273
16213
15402
16057
16938
16441
15812
15886
15470
16214
15789
15730
15787
16006
15881
15676
15626
15259
15371
15802
15090
15188
15619
15715
15413
14791
14671
15373
15088
14849
15181
15140
14775
15358
15260
14472
14780
14864
14630
15145
14705
15213
14753
15190
15395
14973
14836
15138
14820
14782
14761
14610
14859
15424
15468
15458
15321
15015
15168
15986
18929
18416
18674
17914
15184
14999
15244
14907
14677
15176
15213
14898
14673
14851
14830
14637
14874
14986
15141
15004
14170
14386
14961
14449
14483
14601
14784
14612
14727
14022
14548
14343
14060
14057
13913
13966
14207
13664
13806
14092
14044
14060
14023
14103
14128
14113
14333
14644
16479
13890
13850
14078
14034
14311
13920
13908
14610
13843
13688
15551
16290
16830
16382
16242
16605
16814
16859
17912
17702
17332
17211
17333
14206
14120
13976
13815
13793
14333
13745
14332
13833
13590
13951
13765
14066
14025
13909
14122
13912
13879
13864
13797
14202
14210
13680
13696
14373
13907
13821
14135
14801
14150
13904
14344
14415
14042
14240
14024
14453
14080
14213
14517
14192
13853
13885
13849
13826
13862
13718
14312
14213
14520
14154
14309
14351
14514
15105
15095
15273
15192
15227
14931
14956
15383
14983
15509
15957
15703
16062
16110
15758
16030
16237
16163
16009
15618
15447
15590
15781
16473
15668
16023
16084
16062
16212
15865
15900
15928
15597
16044
15896
15910
16638
16160
15947
16210
15930
16015
15978
15824
15948
15900
15612
15412
15879
16040
15636
15935
15924
15695
15874
15333
15441
14964
15329
15068
15187
15243
15430
15157
15372
15223
15322
15041
14708
15267
15036
14894
15055
15274
15219
15214
15245
14702
14902
14602
14988
14995
14769
15216
14854
14725
14930
14926
14623
14603
14704
14725
14576
14596
14687
15068
14580
14345
14851
14659
14756
14658
14596
14626
15047
14680
14774
14963
15187
14455
14607
14750
14893
14518
15184
15160
14831
14816
14793
14688
14710
14722
15064
14779
14634
14558
14631
14556
14719
14970
14630
14495
14562
14866
14670
14470
14906
14603
14323
14455
14460
14406
14252
14398
14479
14371
14680
14954
15370
14400
14722
15153
14659
14793
14399
14802
14561
14632
14651
14926
14593
14565
14818
15066
14660
15007
14266
14674
14973
14979
15691
14908
14677
14823
15092
14676
14339
14780
14849
14356
14755
15099
15083
15130
14906
15068
15046
14949
15576
15658
15542
15567
15198
15122
15112
15928
15552
15577
15918
15545
15553
15819
15924
15567
15867
15817
15699
15550
15720
15490
15933
15382
15381
15095
14814
15415
15372
15350
14863
15299
15083
14856
15073
15006
15048
15044
14611
14767
14628
14948
15131
14881
15123
15537
15736
15771
15527
15317
15871
15969
15971
16181
15982
16350
16192
16447
16660
16684
16537
16479
16505
16657
17111
16927
17536
17161
17175
17325
17014
17466
16969
17011
17064
17129
17216
17543
17224
17037
16726
17476
17021
17117
16919
17084
17309
17128
17202
17300
17054
17364
17569
17202
16524
16822
16311
16793
16699
16726
16581
16573
17013
16770
17260
16543
16389
16652
16506
16446
16839
16254
16411
16744
16919
16762
16760
16790
16834
16960
16753
16638
16763
16695
16140
16138
16214
16261
16263
15943
16534
16402
16370
16708
17046
17002
17131
17056
17024
17123
16832
16725
16552
16539
16690
16963
17134
17265
18502
17391
17796
17705
16989
18064
17566
17573
17028
16543
16866
16580
19191
16659
16972
16846
17331
17718
17342
17141
17009
16940
16728
16796
17072
16859
16264
16187
16738
16604
16303
16036
16183
16289
16106
15951
16398
16440
16610
16519
16671
17117
16569
16443
16445
16347
16311
16419
16043
16438
16201
16351
16299
17394
17081
16479
16400
16067
16088
16362
16180
16519
16554
16008
16459
17608
17837
17135
16644
16427
16272
16156
16309
16250
16325
16929
17349
17421
17811
16857
17240
17477
16657
16330
15943
15602
15807
15565
15537
15768
15833
16134
16398
16036
16438
16930
16561
16897
16512
16630
16055
16189
15991
16195
17598
16640
16447
17047
17275
17172
17102
17026
17040
17081
16334
16993
16677
16946
17073
17120
16917
17008
17596
17836
18107
17861
17755
17758
17320
17472
16935
17254
17048
17110
17062
16957
16724
16969
17087
17661
17211
16979
17218
17256
17009
17130
17302
17913
17099
17762
17749
17690
17799
17609
17653
17520
17351
18044
17512
18209
17977
17876
17670
17704
17744
17962
17807
18282
18193
18061
18469
17966
18405
18542
18742
18348
18415
19972
24476
24697
25352
25092
21813
18593
18112
18149
18035
18056
18274
17726
18742
17217
17517
17630
17516
17292
17388
17691
17992
17424
17382
17282
17441
17425
17231
17039
17117
17062
16787
16884
17071
17055
17129
17154
17025
17184
17645
17031
17365
17637
17121
16780
17199
16898
17413
17082
17073
17397
17367
17204
17813
17218
17525
17713
17496
17270
17867
17599
17027
17679
17554
17299
16957
17205
17094
17148
17228
17096
17083
18170
17166
17825
17049
17153
16387
16765
17009
17174
16805
17160
17123
17513
16800
17635
16585
17571
17475
17565
16960
17227
16797
17524
16737
17030
16724
17173
16862
16928
16776
17476
17048
17511
16960
16871
16838
17245
17041
17141
17223
17162
17134
17656
16916
17094
16624
17460
17285
17106
16906
17559
17571
17053
17063
17195
17063
16891
17099
17150
17032
16798
17832
16958
16633
16524
16671
16342
16419
16666
16412
16025
16322
15795
16009
16036
16023
15825
15834
15792
16407
16171
16228
16005
16028
15800
16089
15802
16073
16117
15923
15979
16771
16408
15979
15997
16488
16242
16137
16225
16369
16267
16476
16557
16465
16387
15930
16389
16188
16108
16496
16422
16631
16369
16446
16700
16779
17056
16553
16533
16116
16143
16192
16274
17019
16350
16261
16410
16257
16530
16251
16527
16553
16173
16841
16513
16423
21738
21681
16850
16695
16496
16230
16417
16744
16343
17484
17559
17465
18009
17768
17628
17704
17727
17597
17754
18273
17449
17401
17648
17041
16554
16765
17153
16095
15699
15293
14974
15448
15200
15178
15066
15501
15031
15640
15698
15676
15750
15534
15318
15585
15239
15731
15267
15451
16339
15990
15995
16386
15965
15165
15629
15059
15041
14978
15420
15034
15061
14930
14991
15222
15280
14701
15410
15447
15029
15014
15245
15108
15125
15004
15430
14642
15212
14911
15000
15075
15273
15119
15101
14840
14556
14599
14733
14676
14795
14677
15006
14794
15201
14560
15070
14712
14761
15302
15172
15353
15070
14584
15441
14799
14844
14632
14443
14670
14458
14071
14236
13846
13941
13727
14161
14015
14206
14452
14220
14071
14417
14526
14810
14626
14493
14464
14834
14622
15507
14608
14437
14155
14348
13945
14651
14288
14276
14391
14151
13915
14404
14096
14373
14305
14128
14303
14086
14257
14538
14433
14367
14289
14342
14179
14457
14349
14207
14146
14492
14460
14363
14115
14354
14639
14401
14557
15466
15453
14657
14772
14666
14467
15828
15513
15063
15714
15312
15658
16439
15745
15656
16053
15834
15720
15876
16047
15636
15601
15680
15820
15924
15790
15916
15957
15729
15968
16080
15706
15684
15819
15684
15521
16084
15843
15329
15485
16213
15241
16097
15862
15264
15650
15962
15686
16377
15955
15453
16107
15724
16133
15605
16270
15377
15541
16141
15954
16873
15979
15598
15660
15703
15615
15778
16654
16268
16325
16562
15872
16280
17430
15891
15862
16756
15961
15723
16173
15866
15886
16596
16450
17037
16517
15832
15433
16462
16029
16829
16901
16478
16636
17129
17038
16713
17432
16731
16381
16461
16131
16270
16690
15962
16413
16906
16054
16181
17105
16789
16935
17179
17094
17155
17209
16840
16610
17343
16788
16951
17088
17075
16829
17021
16505
16471
16811
15960
15428
16378
15929
15677
16139
15739
15961
16323
16102
16011
16594
16273
16397
16999
16059
15777
17234
16449
16286
17205
16223
16359
16910
16212
16079
16816
16072
15635
16050
15536
15932
16221
15782
15708
16560
16747
16168
16498
16712
16413
16886
16201
16416
16946
16204
16149
16778
16447
16111
16144
15926
15496
16154
15584
15582
15452
15592
16029
15874
15652
15947
16016
15339
15816
15950
15448
15163
15841
15590
15502
15930
15563
15373
15712
15762
15127
15368
15383
15208
15635
15466
15682
15186
15042
15191
15601
15301
15411
15451
14730
14987
15146
14604
14663
15262
15002
14713
15391
15027
15292
15483
14932
14829
15286
15007
14792
15691
14521
15240
15998
15461
15579
15920
15461
15655
15773
15463
15282
15801
15308
15214
16003
15107
14989
16004
15677
15815
16060
15209
15516
15726
15082
15070
15776
15267
15128
15572
15371
14887
15494
14764
14804
14987
14475
14678
15208
14764
14625
14938
14876
14620
14832
15004
14533
14689
14761
14562
15211
14777
14786
14787
14527
14727
14664
14761
14770
15057
14571
14530
15250
14566
14825
15124
14748
14858
15477
14896
15078
15740
18337
18870
19359
19003
18846
19341
19507
19018
16920
14766
15024
15648
14366
14924
15483
14728
14608
14873
14501
14328
14775
14313
14570
15171
14100
14609
14714
14454
14576
14776
14587
14376
14526
14189
14333
14736
14639
14153
14940
14292
14333
15186
14725
14359
14884
14126
14615
14620
14259
14210
14844
14490
14386
14682
14545
14682
14894
15168
14656
15059
14304
14543
14952
14475
14725
14750
14710
14345
15438
14683
14990
15015
14660
14623
14869
15226
14412
14966
14288
14509
14905
14528
14308
15056
14197
14243
14495
14426
14626
14490
14192
14489
15003
14445
14677
15652
15557
14730
15684
15670
14911
15629
15068
15307
15385
15732
14826
15444
14734
14586
15287
14718
14953
16209
15638
15704
15469
15370
15577
15902
16339
15761
15933
15816
15308
16104
15938
15612
16219
15440
15875
15786
15408
15661
15942
15429
15540
15617
15065
15362
15891
15464
15440
15554
15332
15459
16309
16040
15757
16165
15690
15186
15949
15671
15450
15771
15451
15920
16300
15909
15721
16487
16149
15893
16481
15710
15698
16269
16050
16017
16415
16526
16299
16904
16962
17117
17952
17159
16944
16673
16947
16569
16584
16818
16942
16654
16713
16883
16504
16395
16555
16706
16320
17204
16562
16792
16444
16589
16169
16406
16645
16298
16222
16349
16187
16547
16511
16456
16145
16137
16003
17095
16310
15977
16423
16163
16091
16264
16297
16184
16616
16273
16236
23972
27958
28082
16353
15413
15721
15535
15428
15364
15966
15525
15670
15640
15079
15462
16149
15380
15763
15689
15570
15748
15179
15955
15438
15632
15835
15410
16023
15553
15867
15971
15603
15810
16144
16019
15690
15747
15570
15293
15507
15351
14994
15742
15676
15328
15233
15199
15360
15418
15728
15311
15611
15651
15199
15369
15555
15367
15412
15422
16691
15173
15551
15616
15011
14930
15376
15494
15287
15373
15692
15617
15629
15291
15628
15464
15624
15713
15866
15705
16249
15587
15783
15355
15775
15699
16503
15765
16043
16007
16463
15913
15876
15796
15754
15685
15860
15443
15955
15188
15708
15466
15461
15239
15391
14890
14954
14864
15025
15056
15037
14822
14875
15174
14973
15699
15412
14912
15344
15121
15351
14921
14936
15268
15423
15247
14993
14737
14885
15093
15437
15166
15812
15212
15605
15794
15405
15917
15589
16154
15593
15477
15856
15390
15483
15045
15310
15617
15914
15176
15744
15425
15455
15728
15711
15841
16110
15174
15180
15532
15737
15616
16145
15365
15459
15520
15122
16000
16416
15854
15873
16062
15561
15292
15192
15241
15849
15236
15423
15149
15152
14849
14954
15736
15113
14807
14793
14951
14890
14936
15054
14689
14507
14998
14945
15100
14659
14818
14756
13772
15286
14967
15487
14818
15064
15288
15589
15068
15079
14970
15173
15243
15136
15208
14914
14411
14451
14411
14203
14303
14752
14210
14254
14327
14518
14065
14024
13937
14177
13941
13808
13810
13887
14734
14106
13832
14194
14564
14317
14810
14223
14239
14424
14206
14814
14282
14646
14670
14260
14811
14541
14543
14746
14880
14741
14668
14682
17604
17199
17986
17400
17241
17665
17812
17774
15700
14987
14643
14902
14869
14794
14837
14522
14765
15421
15128
15325
15128
15287
15805
15010
15472
15772
15271
15287
15680
15175
15227
15931
15342
15216
15375
15539
15585
15223
15260
15580
15308
15334
15204
15529
15269
15289
15269
14995
15223
15618
15659
15495
15499
16445
16284
15559
15397
15027
15030
15564
15410
16185
15108
15041
15682
15365
15649
15742
15268
15627
16122
15580
15363
15037
15143
15329
15293
15429
15237
15328
15508
15012
15197
15236
16101
15429
15243
16012
19410
19641
19289
19220
19293
19257
18702
19025
14936
15224
15542
15032
14974
15327
15585
15339
15537
15323
15069
15169
15268
15339
15426
15818
15282
15299
16516
15911
15364
15663
15751
15489
15510
15067
15549
15609
15318
15129
15169
15042
15260
15502
15245
15074
15122
15194
15352
15070
15091
15113
15280
15229
14730
14679
14518
14570
14856
14437
14326
14716
14613
14185
14606
14560
14578
14469
14494
14364
14279
14156
14669
14533
14968
14472
14361
14837
14963
15227
15319
14182
14934
14655
14561
14646
14908
14561
14371
14263
14519
14545
14770
14697
14794
14549
14591
14936
14446
14580
14833
14678
14899
14573
14735
15045
15173
14546
15115
15126
15311
14895
14933
14635
14951
14664
14905
14872
15051
15236
15093
15085
14869
15284
15433
15469
15335
15287
15220
15069
15993
15431
15231
14876
14859
14720
15218
14451
14923
14853
14600
15124
15083
14975
15078
15019
14588
15046
15196
15246
15083
15274
15244
15215
15274
15239
15675
15515
15032
15510
15186
15028
15533
15644
15522
15557
15812
15717
16177
15487
15466
15878
15435
15667
15544
16300
16482
15835
15822
15951
15558
15853
15850
15672
15397
15626
15556
16035
15358
15422
15351
15282
15776
15013
14811
15407
15310
15328
14985
15190
15291
15280
15543
15486
15281
15560
15409
15368
16860
15216
15050
14993
15170
15073
15219
15058
14822
14936
14772
15102
15346
15474
15202
15650
15572
15259
15285
15137
14968
17073
15457
15496
16321
15565
15602
15598
15573
15777
15825
15652
15828
15291
15613
15785
15165
15409
15498
15060
15293
15085
15016
15305
15010
15361
15013
15018
15864
15565
15398
15085
15400
15254
15093
15376
14777
15401
15052
15526
15149
15270
15187
15179
14906
14665
15164
15279
15198
14917
14994
15201
15236
15098
15244
14967
15343
15195
15075
15105
15037
15054
14971
15341
14802
15346
15462
15215
15849
15026
15546
15151
15287
15037
15018
15153
14960
14781
15098
15168
17674
15591
15676
15746
15638
15483
15376
15504
15532
15756
15697
16119
15852
15546
15557
15366
15658
15593
15636
17532
19546
19126
19388
19151
18601
18856
18397
17176
15354
15582
15321
15298
15681
15764
15862
15449
15758
16074
15774
15720
15724
15711
15622
15322
16070
15346
15857
15402
15528
15896
15631
15829
15655
15600
15513
15685
15582
15654
16685
17830
17919
18107
17833
17746
17820
17907
18219
17635
18181
17887
18218
17911
18334
17959
18540
18196
17853
17902
18140
18133
17946
18262
18070
17999
17945
15283
15517
15559
15399
15867
15685
15662
15667
15148
15200
15320
15037
15043
14978
15048
15149
14991
15211
14996
14980
15090
15140
15123
14914
15056
15200
15528
15444
15596
15199
15148
15295
14965
15008
14980
15063
15131
14745
14850
14807
15033
15086
15028
14948
15266
14848
15208
15308
15290
15594
15574
15778
15560
15947
15854
15766
16132
16440
16086
15782
15907
16373
16043
16279
16363
16313
16215
16142
16225
15865
17104
16065
16272
16161
16359
16155
15944
16026
15745
15963
15958
15687
15924
15740
15675
16474
15494
16034
16119
16279
16463
15520
16169
16042
16053
16336
15709
15541
15758
15785
15969
15802
15388
15336
15747
16063
15292
15187
15913
15669
15634
15687
15616
15352
15677
15963
15892
16007
16049
16115
15788
15738
15822
15625
16030
15917
16078
16089
16032
15763
16244
16484
16596
16161
16358
16320
15957
16628
16807
16570
16513
16870
16893
17352
17422
17465
16707
16444
16579
16654
17400
16738
16982
17219
16941
17052
16938
16887
16823
17127
16461
16210
16819
17249
16998
16847
16948
17158
16514
16966
16955
16637
16909
16701
16734
19124
16745
17009
16860
17236
16824
16999
17102
16788
16828
17263
16863
16818
16705
16736
17020
17179
17573
16996
19341
17142
17061
16623
16726
16933
16663
16865
16615
16735
16800
16208
16279
16180
16362
15818
15960
16131
16164
15807
16455
15864
17141
16673
16646
16359
16816
16526
16073
16692
16815
16856
16703
16048
16639
16149
15868
16052
15798
15958
16264
16279
16740
16324
16180
15961
16430
16386
16319
16568
16305
15838
16408
16276
16304
16228
17130
16702
15671
16009
15768
15712
15991
15768
15680
15818
17467
20354
21063
20895
16377
16167
16121
16166
15722
15851
16089
15457
15647
15646
15885
15311
16079
16110
15897
15290
15540
15369
15396
15483
15923
15449
15030
15335
15872
15347
15515
15439
15513
15508
15483
15465
15157
15279
15735
15925
15292
15309
15235
15066
15378
15281
15188
15211
15189
14954
15033
14799
14787
15162
14811
14822
14640
15264
14787
14817
15430
15495
15280
15239
15366
15225
15756
15520
14809
15346
15366
15223
15477
15294
15263
15492
16008
16353
16550
16110
16072
15904
16448
16179
16536
16083
16043
16313
16410
16348
16009
16031
15839
16085
15663
15754
15951
16155
16099
15910
15893
16328
16237
15869
15895
16212
15877
15720
15606
15747
15841
15408
15826
15524
15417
15585
15852
15491
15378
15568
15863
15311
15443
15418
15772
15473
15406
15096
14948
14878
14896
15058
15438
15023
15546
15975
15425
15634
16027
15308
16241
17020
16978
17191
17638
17739
17275
16972
17604
17046
17407
17346
17196
17422
17801
17277
17951
17597
18198
17835
18109
17250
17795
18071
17271
16814
16090
15940
16313
15960
16058
16101
16210
16014
16912
15905
16233
16776
15877
16039
16288
16200
16015
15933
15889
16223
15907
16675
16028
15837
16314
15815
15958
16072
16103
16670
16134
15823
15958
16504
16194
15233
16033
15508
15717
15899
16118
15984
15920
16032
15852
16002
15846
16038
15722
16236
15655
16361
15596
16156
16058
15672
16381
15531
15981
16263
15933
16206
16118
16720
16196
16408
17198
16460
16505
17093
16251
16495
16338
16401
16586
16185
16492
16853
16516
16678
16159
16401
16066
16309
16270
16110
16389
16089
16406
16095
16073
16225
15652
15811
16110
15577
15557
15868
15884
15554
15531
15897
15031
15152
15008
14780
14822
15160
15646
15269
15249
15637
14840
15046
15160
14947
14946
14724
15224
15293
15316
15689
15016
15407
15099
15297
15661
17589
18548
17882
17817
18608
18421
18837
18237
18110
18731
17931
18431
18542
18160
18459
18591
18503
16334
16153
16241
16443
16340
15910
15718
16115
15955
16431
16032
15886
16128
15982
15983
16024
15351
15628
15528
15752
15797
15833
15976
15494
15852
15695
15957
16046
15600
15607
15375
14768
15365
14935
15423
15216
14993
15474
15118
15269
15408
14905
15177
14631
15104
15227
14659
15072
14837
14762
14856
14662
15015
14538
15328
15086
14793
15559
14809
15085
15211
15085
15171
15332
15629
15708
15088
15388
15303
16033
15667
15469
15667
15520
17047
18439
19201
18043
17177
18680
19193
17885
17755
18550
18479
19667
18764
18364
18630
18411
18574
15791
16170
16127
16507
16682
16734
16044
16260
16181
16422
16544
16655
16305
16904
16111
16076
16109
16299
16121
16590
15452
17070
16722
16952
16837
16082
16386
16392
16115
16078
15626
16735
15487
15771
16002
15658
16011
15570
15665
15538
15085
15470
15182
15504
15701
15642
15791
15675
15715
16239
15418
15829
15314
15148
15718
16034
16126
15842
15743
15778
16307
16500
16290
16356
16291
16428
16889
16527
16619
17017
16209
16446
16307
16566
16922
16501
16457
16172
16443
16195
15968
16350
16406
16391
16029
16050
16767
16219
16427
15904
15986
16016
15734
16321
16026
15715
15403
15242
16076
15414
15328
15383
15488
16060
16609
15885
15825
15671
15695
15346
15391
15617
15304
15904
15842
15689
15890
16164
16363
15873
15668
15868
15518
15628
15738
15749
16250
15841
16050
16143
16151
16082
15262
15608
15360
15330
15436
15420
15750
16079
15111
15337
15477
15515
15785
15143
15802
15257
15470
15337
14985
15337
14948
15528
15424
15224
15195
14815
15070
15131
14905
14827
14993
15381
15137
15058
16506
16449
14800
14980
15088
15440
15563
15257
15174
16408
15477
15555
15975
15416
15643
15406
15221
15317
15393
15447
15882
15740
15584
15667
15989
16034
15625
15214
15356
15502
15833
15961
15892
15568
15619
15678
16015
15568
15712
15423
15722
16087
15594
15605
15714
15742
15631
16318
16073
16082
15811
16162
16174
16122
16282
15838
15607
16187
15893
16278
16857
18496
17410
17220
16988
16804
17481
16925
17650
16890
16649
17412
17027
17078
17278
17467
17348
17377
18089
16286
15906
16236
16042
16268
15855
15550
17025
17258
17825
17482
17784
17954
18163
17511
15766
16017
16476
19956
19146
19386
19463
19644
19879
19988
19157
15700
15376
15737
16748
15506
15372
15383
15701
16555
15922
15516
15518
15677
16033
15834
15457
15560
15601
16095
15217
15804
15192
15244
15085
15078
15437
15625
15499
15883
15737
15516
16045
15827
15647
15660
15702
15510
15636
15561
15762
15658
15944
15281
16116
15866
15677
15899
15612
15219
15733
15613
15648
15580
15728
15453
15811
15742
15702
15665
15698
15736
15773
15734
15993
15672
15492
17135
15862
15810
15756
15444
15901
15667
15910
15879
15725
15418
15640
15586
16103
15614
15691
15782
15748
16098
15870
15994
16683
16297
16016
16371
16476
16694
16060
16283
16454
16754
16772
16198
16356
16524
15828
16195
16296
15993
16029
15655
16004
16454
16573
15916
16233
16099
16444
16508
15742
22001
23954
19806
16046
16318
16306
15982
16518
15991
16058
16395
16136
16477
16735
16277
16746
16367
16549
17031
16687
16163
16462
16807
16333
16192
16241
16177
16459
16685
16138
16471
16850
16359
15875
16068
16079
16256
16285
15807
16027
16154
15747
16082
16241
15960
15872
15931
15861
15648
15882
15904
15989
15753
18700
19822
19397
19954
16891
16031
16184
16424
15965
15979
16460
16175
16170
16609
16532
16224
16568
16063
16004
15822
16026
16350
16221
16337
16471
16264
16207
15945
16249
16065
15912
15971
16134
16727
16515
16827
16443
15817
15954
16463
16337
16260
16059
16663
16243
16486
16725
16545
16767
16851
16911
16475
16620
16421
16000
16284
15992
16254
16783
16246
16614
16113
15825
15994
15891
16019
15883
15877
16035
15498
15751
15879
16002
16029
15764
16207
15999
15943
16044
16417
17566
20276
19744
19873
19955
19549
19820
19595
19313
15920
15776
15974
15477
15620
15613
15566
15366
15676
15331
15084
15367
15737
16012
16116
16121
16122
15510
16156
15834
16083
16347
16068
15952
15370
15694
16119
15766
15595
15572
15737
15517
15717
15603
15814
16268
15862
15543
16063
15905
15729
15703
15687
15785
15728
15576
15401
15578
15487
15770
15712
15767
15622
15878
15924
15984
15834
15789
15946
15757
15564
15535
15606
15426
15696
15636
15925
15409
15457
15384
15470
15252
15169
14371
15709
15565
15530
15643
15342
15541
15755
15726
15743
15530
15660
15495
16025
15410
15338
15080
16285
14279
14715
14706
15712
15209
15533
15467
15672
15391
15626
15401
15251
15017
16196
15418
15452
15206
15479
16206
15369
15846
15201
16048
15461
15266
15419
15336
15533
15359
15217
15071
15251
15426
15524
15130
15250
14778
14502
15397
14952
14809
14733
14473
14699
14377
14736
14390
14955
14645
15249
14778
14731
14689
14485
14559
14981
15386
14576
14620
15941
16142
15077
15561
15112
15423
14810
14693
14869
14408
14631
14238
14974
15067
14800
14618
15052
14690
15122
14736
14361
14206
14627
14719
14625
14331
14821
14059
14179
14700
14660
14441
14081
14217
14208
14201
14501
14623
14746
14179
14198
14797
14642
15077
14509
15157
14832
14637
14448
14152
14584
14571
14247
13991
14182
14150
14272
14355
14239
14387
14666
14535
14814
14827
14828
15251
15408
14927
14626
14533
14518
14722
14505
14772
14439
14386
14664
14383
14620
14994
14879
14922
15111
14872
15019
14767
14863
15011
14566
15129
14992
14720
14351
14711
15573
14572
14609
14473
14772
15970
15354
14865
15260
14414
15131
14496
15115
15009
14692
14620
15271
14725
14683
14509
14827
14651
14689
14441
14654
14949
14637
14947
14746
15091
14947
14925
14814
14695
15115
14778
14755
14853
14922
15012
14731
14632
14686
14705
15075
14847
14736
14835
14633
14594
14806
14677
14792
15110
14714
14804
14579
14614
14291
14906
14432
14589
14340
14500
14720
14294
14602
14891
14955
14819
14868
14619
15128
15072
15503
15192
15519
15147
15230
15218
15145
15254
15008
14998
15140
15021
14980
15255
15037
15384
15116
15271
14918
15428
15005
15317
15089
15533
15322
14671
14970
14876
14872
15017
14931
14742
14625
14995
14621
14750
14774
14961
14742
14764
14644
14851
14895
15022
14940
15036
14880
15094
15584
14884
14702
14697
15121
15449
15452
15483
16022
15417
15545
16579
16153
16485
16289
16632
16013
16295
15965
16345
16415
16015
15562
15908
16184
16854
16024
15950
17407
17562
17697
17816
17260
16185
15983
16260
16295
16142
16138
16141
16048
16465
16131
16400
15729
16016
16088
16466
16260
16256
16277
16183
17081
16536
16296
15910
15657
15753
15388
16031
16042
15863
15484
15867
15862
15725
16027
16221
15753
15564
15656
15256
15722
15694
16813
16231
15685
15684
15623
15934
15629
15534
15497
15707
15710
15780
15376
15469
15498
15705
15399
15614
15667
16269
15716
15878
15939
16369
16091
18122
15907
16356
16202
16224
15903
16114
16391
15634
15529
15437
15798
15764
15726
15810
15552
15836
16045
15400
15442
15156
15218
15118
15202
15405
15043
15039
15160
15040
15078
14920
15047
14989
15301
15169
15095
15012
15546
15609
15477
15818
16112
16134
15873
15880
15717
16178
16285
16016
16102
15917
16086
15901
15999
16126
15828
16603
16015
16848
16473
16319
16293
16942
17013
17131
16403
16018
16113
18541
19549
19272
19880
19354
19419
19748
19656
18147
15925
16434
16084
16164
15711
16071
15817
15567
15746
15620
15399
15415
15489
15294
15622
15492
15448
15611
15771
15749
15602
15908
16176
15911
15973
16005
15889
16210
16171
16319
15868
15651
15459
15623
15533
15432
15671
15668
15778
15804
15883
16110
16516
16294
15879
16251
16456
16384
16311
16472
16195
16134
16681
16494
16209
16314
16243
16218
15934
16331
15663
15912
15760
15933
16146
15832
15910
16042
16180
16063
15637
15947
15746
15871
16062
16172
16192
16093
16038
15937
15713
16118
16212
15833
15640
15854
15645
15912
15950
16193
15958
15859
15833
16032
15731
16232
16390
16020
15901
15684
16116
15791
15758
15740
15599
15790
16161
15513
15692
16042
15983
16602
15741
16406
16037
15845
15952
16026
15700
15501
15975
16026
15814
15872
15973
16095
16078
16117
16202
16583
16530
16479
15855
15846
15864
16042
16349
16228
17133
15902
16874
16101
15913
16186
16062
16321
16216
16115
16752
17359
16094
16205
16416
16027
16024
16158
16100
15830
16382
16171
16461
16353
16237
16228
16179
16351
16224
16316
16431
16147
16353
16300
15810
16673
15819
15568
16149
15643
15630
15877
15417
16260
15506
16305
15750
16149
16139
15632
15786
16076
16324
15854
15901
16283
15990
16125
16430
16474
16373
15931
16182
15811
15660
16077
16042
15526
15917
16127
15979
15654
15778
15427
15382
15450
15503
15402
15048
22218
24619
15532
15978
15592
16048
16128
15448
15732
15482
15821
15941
15841
15459
16736
16206
15932
15411
15437
15521
15326
15879
15849
15600
15764
15338
14931
15538
15505
15470
15072
15067
15177
15060
14858
15371
15272
15382
15374
15050
15588
15003
15833
15336
15331
15622
15150
15396
15256
15130
15198
16349
15622
15326
15328
16043
15523
15249
15553
15291
14968
15420
15428
15467
15233
15249
15173
15487
15452
15740
15227
15223
15220
15598
15441
15905
15314
15056
15155
15524
14747
15317
15685
15102
15200
15551
14839
14693
14714
14532
14944
15191
14960
14779
14859
14920
14514
14510
14704
14974
14616
14662
14538
14803
14574
14849
14967
15022
14540
14629
14637
15251
14414
14871
14606
14708
14780
14882
14865
14667
14656
14797
14720
14875
18394
18798
18518
18527
18755
18789
18651
18718
16028
14562
14854
15306
14580
14863
14699
14976
15074
14945
15115
14683
14418
14807
14531
14331
14662
14683
14787
14497
14499
14576
14491
14512
14500
14600
14674
14748
14636
14835
14354
14526
14163
14372
14494
14350
15089
15614
14817
14637
14768
14453
14382
14024
14395
13803
14423
14130
13937
13852
13767
14113
13947
14512
14179
14292
14188
14663
14956
14511
14406
14613
15018
14617
14449
15004
14599
14382
15019
15088
15087
14688
14450
14639
14437
14230
14617
14350
14400
14444
14279
14366
14312
14227
14448
14318
14360
14409
14423
15035
14832
14838
14318
14700
14805
14612
14710
14303
14559
14623
14698
14715
14665
15027
14702
14788
14638
14911
14966
14942
15188
14903
15248
15057
14919
14937
14906
15381
15276
15723
15320
15594
15281
15382
15279
15277
15514
15290
15151
15001
15119
15195
15293
15159
15253
15028
15138
15348
15397
15067
14947
15297
15083
14949
14674
15212
15091
15114
15157
14756
14809
14887
14786
14628
14718
14797
14707
14472
14667
14491
14310
14596
14764
14764
14486
14843
14560
14637
14799
15402
14859
15170
15021
15205
15116
15215
15295
15314
15472
15339
15286
15550
15829
15265
15311
15124
15210
15634
15255
15459
14975
15422
16246
15578
14912
15385
15265
15046
15307
15125
15335
14982
15265
15232
15270
14978
14837
15211
15107
14782
15190
15470
14914
14937
14848
15368
15346
14918
15775
14950
15233
15015
14975
14957
14942
15285
15256
15099
15125
15455
15117
15119
14998
15269
15204
15021
15197
14781
14971
14844
15033
15037
15076
14903
14802
14997
15424
15057
15363
15141
15346
15075
15334
15416
15443
15484
15303
15107
15076
15030
14913
15011
14943
14652
15069
15095
14944
15153
14949
15098
15130
15118
14840
15502
14617
15049
15250
14841
15205
15517
14919
14985
15609
14686
14628
14853
14810
14975
14993
15298
15288
14813
15013
15127
15137
14895
15075
14846
15825
15413
15703
15260
15695
15729
15609
16037
15845
19510
19588
19053
18952
16343
15446
15311
15751
15776
15776
15749
15444
15886
15831
15943
15975
15668
15772
15773
15774
15844
15793
15993
15910
18816
19398
19341
19500
16551
16017
15922
15616
15993
15634
15293
15686
15391
15133
15728
15626
15194
15699
15459
16363
16913
16354
16964
17104
16712
16902
16338
16597
16941
16491
16579
16704
16715
17232
17047
16533
16524
16987
16443
16586
16383
16362
16171
16601
16692
16480
15991
15656
15356
15127
15148
15095
15109
15376
15410
14904
15162
15307
15333
15408
15131
15007
15108
15060
15362
15158
15284
15377
14925
15034
15155
14965
15319
15609
15048
15094
14939
15215
15361
15792
15424
15058
15227
15296
15173
15243
15556
15137
15518
15687
15816
15801
15629
15693
15731
15936
15799
15734
16002
15896
15724
15900
15961
16131
16193
16021
16226
15473
15883
15760
15565
15817
15634
15337
15465
15606
15602
15410
15518
15835
15358
15485
15043
14820
15192
14772
15053
14909
14720
14858
14634
15030
14685
14964
15000
14474
14876
14702
15182
15814
14973
15871
15373
15270
15709
15388
15057
14990
15096
15131
15076
15340
15271
15419
15222
15920
15382
15144
15865
15515
15415
14883
15139
16512
15845
15884
16065
16256
16104
16025
16269
15921
15580
15390
15389
15879
15920
15721
15729
15757
15822
15915
15786
15913
15958
17422
15998
15905
16153
15757
16324
15788
15651
16436
16178
15794
15692
15750
15655
15787
15902
15731
15917
15731
15681
15509
15580
15364
15257
15486
15630
15820
16002
15899
15418
15810
15417
16019
15248
15591
15313
15417
14951
15530
15363
15212
15356
14931
15407
15059
15240
15231
15596
15689
15298
15522
15460
15398
16077
15675
15737
15638
15853
15339
15631
15644
16147
15538
15786
15616
15683
15670
15863
15947
16488
16007
15730
15782
15872
15979
16148
15918
15779
16055
16010
16470
15962
15850
16269
16066
16443
16478
17049
16609
16285
16005
16443
16151
16477
16511
16011
16232
16345
16138
16449
15929
16294
16155
16199
16130
16205
16068
16219
16229
16283
16396
15769
16629
16190
15499
16384
15693
15990
15921
15840
15949
16076
16255
16399
16477
17341
16763
17076
16934
17182
16650
16609
16434
16813
17239
16671
16681
16982
16636
16817
17049
16753
16996
16563
17107
16665
16945
16940
17246
17054
17881
17409
17038
16777
16775
16429
17027
17078
16783
16600
16149
16199
17878
16398
16727
16635
16470
16270
16949
16659
16939
16514
16660
16653
16754
16373
16503
16670
16972
16675
16716
16795
16939
17224
17017
17161
16846
17141
16890
17557
17045
17008
16888
17572
17514
17203
17647
17294
16780
16671
17100
17619
17267
17571
17127
16678
16677
16973
17459
17167
16879
16762
17241
17516
17619
17194
16535
17605
16456
16671
16899
16117
16263
16011
16632
16754
15890
15656
16202
15869
15979
15835
15692
15987
15919
15986
15739
16060
16045
15881
15913
15538
15391
15283
15272
15567
15566
15341
15537
15509
15472
15860
15522
16416
15663
16175
15654
16055
15871
16042
16045
15395
16563
16971
15963
16119
16100
15818
15989
16198
16211
16354
16038
15869
15969
16122
16138
15715
16198
16210
16329
16399
16516
16118
16193
16369
16790
17049
16508
16118
16588
16781
16658
17038
16691
16323
16422
16198
16148
17153
16378
16259
15946
15784
16194
15880
15443
15770
15755
15864
15386
15073
16000
15335
15478
15359
15381
15746
15421
15499
15033
15445
14957
15152
15491
14945
14921
14886
15069
15043
14675
15016
14844
14646
14781
15053
15034
14686
15494
15000
15988
15009
15120
15396
15064
14585
15434
15533
15070
15712
16004
15612
15907
16327
16327
15655
15523
15736
16142
16030
16113
15465
15681
15487
15651
16055
16333
15855
15817
16143
16031
15752
16124
15739
16020
15821
15733
15654
15316
15227
15467
15832
15791
16242
15375
15217
15099
15538
15312
15552
15445
15127
15743
15041
14710
15963
15556
15572
15771
15654
15667
15123
15350
16325
15200
15506
15704
15629
14803
15068
15156
15312
14760
15384
14951
15097
15482
15491
16586
15524
15042
14764
15105
15143
15629
15491
15427
15372
15126
15024
15093
15363
15406
15262
15062
14817
14547
14869
15103
15062
15202
15048
15127
15272
15218
15247
15566
15752
15966
15558
15589
15848
15736
16196
15875
16333
16324
16080
15928
15713
16106
16323
16109
16109
15649
16158
11386
15783
16240
15753
15887
16172
15915
15987
16097
16050
15966
15623
19663
19867
15489
15363
15319
15546
14785
15119
15199
15144
15091
14826
16865
16408
17168
16525
16818
16588
16985
16737
16832
16989
16815
16372
16815
17162
16889
17054
16867
17240
16611
17048
17140
17042
17119
16975
17949
17205
17712
18241
18224
18108
18191
18335
18672
18366
18659
18331
17764
18242
16758
16951
17499
16791
17030
17465
17379
17683
17695
18588
19608
19152
19424
19220
19363
19690
19526
19759
19567
19424
18821
18909
19047
19084
19118
19479
19723
18935
19646
19931
19108
19863
20309
18985
18450
18938
18478
18992
19798
19025
19070
19079
18825
19392
19204
20044
19341
18931
19758
19219
19336
20693
19525
19623
19895
19545
19315
19901
19449
20273
19732
19810
19725
19590
19791
19878
19863
19860
19597
19426
19437
19532
20006
19409
19774
19575
19262
19369
20138
19227
19146
19298
19332
19054
18785
19041
19177
19377
18900
18888
18712
19163
19832
19345
19128
20243
19351
19802
19651
20167
19967
20096
19499
19694
19129
19555
19003
19441
19135
19441
20258
19722
19805
19745
19723
19764
19560
19291
18978
19037
18731
18960
18838
17932
18065
18245
17887
17842
17532
17380
17574
17963
17490
18002
17760
17128
17478
17651
17757
16994
17182
16701
17305
16660
16762
17095
16729
17004
16385
17222
16806
17038
16968
16787
17188
16502
16017
16257
16501
16739
16169
16330
16551
16703
16794
16639
16379
17189
16688
16925
16479
16337
19960
20593
20398
20595
20528
20651
20391
20613
18047
16593
16751
16646
16348
16741
16762
16876
16637
16676
16683
16213
16573
16515
16113
15984
16034
18847
20181
19929
19790
19869
20104
20254
19591
20588
20205
20211
20452
19739
19578
19799
20108
18871
15579
15798
15924
16113
15830
15566
15646
15572
15727
15777
16053
15516
15497
18418
18412
18810
18919
19213
19427
18998
19316
19572
17834
14813
14870
14971
15090
15393
15115
15833
15050
14927
15047
15809
15325
15089
15154
15583
15471
16304
16016
15471
15387
15857
16057
15774
15614
15602
15821
15734
15980
15787
15655
15624
15412
15999
15529
16258
15781
15357
15624
15568
15225
14826
15204
15563
16154
15314
15662
16223
15836
17029
16108
16047
15894
15765
15588
15935
16486
16103
15989
15618
16226
16031
16542
16376
16034
15635
16114
15619
15732
16361
15284
15841
15875
15692
16020
15829
15912
16290
15966
16090
18756
16695
16795
15905
16057
16228
16216
16559
16168
16472
16216
16595
16545
16564
16235
16589
16007
16338
16123
16317
15955
16714
16945
16995
16953
16635
16989
17107
17266
17504
16990
17279
18014
17468
18264
17568
17417
17695
17426
17330
17647
17822
17917
17827
18027
17740
17870
17540
18233
18033
18358
17789
18476
17857
18309
18036
18408
17858
18492
17922
18275
17919
17923
17902
18023
18051
18032
18116
18067
17932
18535
18045
17957
18370
18186
19444
20776
20013
20263
19956
19576
19574
20243
19619
17985
17912
17738
17904
18033
17981
18850
17860
19884
19730
19517
19656
19449
19591
19578
19640
17956
17894
17417
17625
17191
17350
17361
17267
17365
17773
17789
17424
17403
17295
17560
17211
17573
17431
17105
17161
17147
17528
17375
17047
17156
17011
17047
17150
16875
17173
17531
16983
17815
16836
16080
16066
16967
17238
17049
16514
16273
16223
16239
16366
15830
15638
15892
16297
17068
17044
17130
16825
16883
16636
16499
16115
16127
16686
16645
16403
16633
16515
16654
17086
16454
16467
16079
16341
16360
16506
15914
15935
16259
16825
16622
15988
16003
15940
15486
15427
15512
15964
15684
15264
15336
15672
15632
15700
15039
15120
15349
15505
15507
15523
15350
15210
15625
15542
15435
15646
15346
15546
15432
15652
19827
20468
20935
20502
20937
20738
19502
15971
15995
15766
15698
15834
15808
15781
16014
16222
15796
15712
15980
15985
16242
16012
15909
15939
15891
16198
15966
16417
16061
16245
16124
16351
16275
16254
16442
16359
15890
16212
16105
16032
16159
16135
16397
16063
16157
16416
17205
16844
16724
16929
17123
16989
17283
17101
17102
16783
16834
16704
16445
16822
16941
16642
16951
16986
16793
16812
16728
16711
16797
16676
16813
17127
16919
16817
16552
16462
16480
16744
16663
16474
16145
15922
16231
16633
16133
16436
15766
16413
16264
16404
16015
15962
16333
16700
16591
16901
17087
16657
16401
16939
16397
16766
17270
16195
17037
16848
16831
17372
17380
17361
17374
17393
17119
17522
17587
17249
17337
17376
18732
19884
20304
19932
19818
19760
20035
19986
19481
19737
19719
19024
20461
17827
17513
17185
16758
17177
16709
16736
16275
16039
16143
16042
16114
16512
15863
15885
16271
15932
16201
16034
16376
16976
17046
16709
17022
17159
16850
16230
16985
17088
16683
16908
16735
17270
17260
16813
16775
16681
17283
16997
17413
17616
16991
17027
17544
17122
17158
16956
17488
17268
17361
16503
17487
17089
16731
16671
17158
17735
16920
16402
17409
17025
16780
17012
16921
17120
16395
16571
16349
15887
16611
16036
15837
16377
16520
16591
15789
16104
16076
15839
16067
15769
16197
16596
16107
16320
15954
16364
16299
16232
16456
16604
16264
16542
16692
16636
16459
15961
16098
16081
16276
16487
16725
16421
16607
16058
16326
16026
15931
16033
15896
16095
16104
16065
15810
15816
16086
17068
16218
15965
15582
15455
15728
15936
15872
16115
15985
15379
15412
15726
15616
15527
15163
14890
15422
15124
15106
15107
14852
14765
14820
15053
14949
15074
14802
14671
14636
15039
14716
15003
15002
14829
14897
15116
14701
14801
15047
14998
15102
15525
15194
15508
14984
15074
15077
15031
14863
15171
15042
15075
15368
14894
15014
15154
14869
15234
15059
14689
14606
14162
14678
14248
14361
14439
14344
14459
14127
14323
14147
14202
14193
13961
14262
14185
14280
14505
14273
14779
14108
14626
14464
14698
14412
14654
15121
15820
15177
15174
15100
14990
15731
15064
14709
15842
15167
15242
14973
15205
14956
15040
15167
15410
14930
15099
14975
15042
14818
14904
15151
14812
15104
15123
14909
15228
15004
15558
15135
14962
15248
15162
14753
14729
15005
14947
15159
15879
15180
14820
14974
15554
14746
15648
15710
15087
14752
15148
15018
14879
14862
15614
15172
15470
15492
15253
15413
15835
15217
15543
15320
15712
16053
15831
15490
16025
15717
15805
16226
15915
15867
15854
15375
15786
15706
16610
16231
15967
16608
16174
15814
15718
16244
15947
16073
16887
16048
16750
16883
16488
16271
16276
16439
16784
16774
16424
16399
15919
16605
15842
16546
17080
16699
15994
16277
16138
15915
15933
16470
15462
15109
15149
15226
15195
15224
16822
16324
16088
15771
15802
15758
15694
15149
14828
14971
14990
14819
14931
15364
15042
14867
14905
14678
14902
14375
14624
14881
15568
15964
16198
15953
15895
16072
16090
16080
16241
16362
16133
16068
16360
15860
16207
16802
16693
16718
16586
16514
16908
16608
16929
16262
15598
15194
14777
15507
15551
15750
15580
15608
15522
15838
15397
15541
15871
15458
15548
15599
15783
15465
15445
15689
15949
15372
15293
15154
14901
15511
15392
14914
14435
14760
15027
14904
15092
14992
14924
15341
15142
15719
14818
15130
14823
14820
15108
14662
14574
15015
14824
14340
14820
14507
14580
14376
14427
14729
14693
14879
15173
14800
14807
14860
15101
15210
14848
14630
14647
15100
14969
14764
15084
15033
14945
15219
15087
14943
15225
15349
14964
14951
15175
14798
15154
14917
14769
14806
15071
14893
14996
14568
14835
15214
15674
15845
15408
15333
15506
15344
15335
15639
15814
15635
15619
15911
15535
15940
15668
14847
15340
15578
15575
16107
15729
15268
15264
15271
15043
15203
15867
15379
15216
15549
15292
15651
15324
15240
14909
15742
15400
15427
16272
15241
15597
15236
15472
15450
15556
15622
15278
15545
15461
15478
15802
15516
15080
14985
15191
16024
15664
15580
15187
15633
15674
15532
16087
16122
15526
15762
16170
14864
17180
16343
16340
16493
16215
16298
16053
16210
17087
17239
16998
16761
16798
16932
16818
17183
16831
16454
17265
16521
16902
16450
16502
16520
16591
16365
16640
17267
16756
16773
16947
16845
16757
16657
16769
16689
16849
16559
16648
16859
16770
16502
16738
16593
16163
16054
15924
16055
16118
16293
15870
16334
16088
16358
16226
16278
15992
15820
15807
16125
15822
15987
16271
15828
15885
16194
15917
16283
16277
16509
16265
16332
16465
16538
16331
16695
16544
16604
16351
16971
16668
16535
17033
16841
17022
17089
17358
17161
16975
16899
17095
17163
16763
17664
17037
16856
16969
16737
17076
17006
16573
16486
16554
16278
16867
16568
16087
15683
15780
15526
15758
15324
14929
15157
15192
15300
15296
14946
15201
15086
15107
15456
14951
15033
14823
14703
14895
14779
14683
14988
15502
14410
14555
14268
14118
14301
14135
14716
14174
14426
14440
14229
14434
14370
14646
14061
14309
14496
14600
14807
14287
14173
14399
14372
13921
14442
14413
14430
14691
14493
14426
14338
14443
14408
14276
14348
14391
14242
14321
14137
14395
14371
14362
14317
14182
14368
14707
14759
14106
15057
14864
14845
14003
14332
14146
14321
13895
14107
15592
14796
14414
14381
15061
14743
14575
14226
14700
14558
14613
14687
14916
14584
14158
14833
14804
14707
14541
14638
14816
14804
14815
16789
15042
15359
14977
14826
14572
15003
15918
15696
19183
19497
15579
15619
15526
15566
16002
15357
15998
15462
15507
15783
15413
15278
15218
16133
15902
15523
15354
15376
15670
16105
15519
15744
15710
15964
15592
15562
16080
15892
15783
15477
15417
15354
16170
16073
15928
15869
16046
15904
16216
16325
15537
16305
16196
15419
15596
15319
15722
15638
15764
15917
15727
15792
15675
15622
15431
15609
15459
15180
15467
15525
15395
15631
15508
15353
15725
16023
15885
15533
15780
15662
15715
15870
15740
15727
15706
15266
15444
15466
15206
14833
14731
15371
15106
15011
15801
14794
14986
15408
14805
14975
14927
14817
15319
14879
15104
15115
15128
14906
14822
15110
14804
14880
14953
14998
14657
14936
15087
15402
14664
15235
15046
15140
15962
14678
14767
14274
14989
15202
14867
14440
14762
14506
14629
14697
15044
14503
14898
15074
14801
15248
14864
15028
15135
15093
15149
14583
14914
14754
15175
14666
15090
15300
14638
15279
15172
15069
15068
15424
15116
15069
15221
14961
15092
15325
15031
15266
15143
14957
15262
15285
15126
17397
22032
22360
22606
22166
20530
15787
16538
16007
15839
16274
15966
16239
16139
16266
15914
16019
16024
16033
16553
17066
16052
17289
16824
16204
17038
16626
16543
16361
16470
16163
16059
16342
16567
16759
17476
16519
16715
16367
16112
16170
16018
16061
16234
16434
16635
16748
17463
16956
16887
16352
17466
16875
17213
16171
16711
16371
16971
16367
16504
16332
16827
16425
16612
16851
16884
16546
15955
16589
16707
16477
16653
16212
16300
16756
17549
17762
17387
17765
17542
17139
16727
17590
16641
15247
15718
15416
15556
15555
15218
15409
15514
15234
15332
15302
15315
15527
15179
15048
15026
15223
14944
15199
15134
15782
15274
15488
15128
15538
15548
15120
15275
15829
15401
14911
15318
15131
15460
15127
15367
15584
15056
15180
15176
15158
15313
15036
15253
15245
15260
16099
16349
15824
16286
16279
15693
15358
15722
15486
15595
15585
15565
15628
15451
15462
15532
15192
15376
15158
15632
15107
15409
15478
15087
15115
15300
15421
15141
15171
15207
15443
15581
15429
15227
15553
16028
14985
15395
15767
15036
15348
15075
15147
15259
15247
15190
16398
19620
18298
19379
19740
15470
15955
16067
15798
16680
16298
15734
15794
16244
15997
16553
16207
15984
16089
16717
15943
16427
15996
16176
15893
15765
15881
15578
16083
15746
15495
14928
15094
15271
15344
15210
15022
15535
15667
15342
15357
16449
15476
15469
15516
15368
15850
15644
15379
15810
15513
15605
15242
15544
15223
15777
15645
15581
15466
15658
15342
15361
15648
15529
15381
15882
15965
15479
15697
15732
15254
15841
15308
15502
15564
15638
15533
15801
15503
15981
15477
15754
15800
15925
15722
16343
15895
15712
16107
15903
15934
16294
16039
16260
16296
16299
16093
16393
16220
16049
16074
16080
16018
15956
15975
16019
16322
16200
16198
16572
16113
16662
16294
16354
17072
16590
16396
16653
16674
16478
16211
16572
16426
16173
16407
16387
16131
15920
15888
15890
15788
15790
16151
15798
15822
16055
15917
16026
16083
15954
15736
15637
15754
15634
16071
18458
18739
18675
18679
18628
19016
19284
19193
15634
15976
15892
15761
15838
16267
15793
15621
15722
15635
15872
15941
16444
16783
16097
16739
16549
16451
16759
16030
16465
16237
15990
16183
16184
16938
16379
16014
16078
16740
16043
16760
16121
16168
16285
16010
16766
17043
16358
16878
16494
16277
16184
16714
16295
16297
16278
16736
16845
16595
15906
16182
16109
15865
15600
15909
15521
15601
15920
15690
15479
15242
15487
15553
14758
15120
15092
14729
14617
14680
14852
14679
14713
14935
14551
14506
14934
15081
14949
14893
14775
15013
14504
14891
14739
14401
14637
14868
15025
14800
14710
15097
14507
14755
14756
14648
14921
14657
14802
14927
14683
14699
14785
14627
14747
14655
14723
14852
14850
14666
14914
14989
14917
14557
14965
14776
14855
14519
15053
15040
15143
14946
15182
15277
14995
15169
15551
15324
15299
15544
15466
15207
15113
15412
15706
15238
15644
15117
15233
15311
15262
15202
15243
15464
15039
15420
15245
14997
15178
15308
14928
14763
15186
15136
15279
15525
15051
15012
15202
15158
15058
14631
14803
14997
14866
14678
14885
14638
14659
14817
14626
14803
14927
14811
14807
15047
15223
14679
15104
15004
15513
15201
15254
15532
15628
15384
15749
15345
15294
15419
15311
14718
15460
15471
15327
14972
16048
15656
15335
15179
15713
15262
15233
15132
14911
15085
15120
15126
15151
14736
14956
14897
15465
15256
15321
15722
15515
15619
15896
15872
15731
15637
15589
15475
15417
15540
16089
15596
15348
15209
15338
15530
15477
15136
15065
15089
14706
15154
15233
15075
14503
15247
15277
14952
15402
14802
14919
14980
15128
15066
14889
15017
15068
15840
15731
15326
15574
14814
14851
14896
14871
14793
15074
14748
14600
14696
14888
14973
15651
15159
15694
14980
14941
15231
14779
15074
15308
15137
15590
15312
15329
14781
15040
15183
15259
15341
15124
15092
15243
15094
15201
15352
15243
15519
15592
15099
15421
15548
15384
14915
15208
14971
15535
15176
15422
15248
15687
15688
15441
15382
15643
15249
15396
14847
15262
14614
15843
15135
15749
15294
15406
15700
15906
15234
15249
15480
15801
15096
15973
15754
15176
14797
14753
14565
15590
15034
15046
14673
15142
14789
14652
15338
14834
14963
14970
15085
15396
15159
14779
14808
14805
15098
14955
15134
14992
14767
14825
14862
15062
14894
15108
14768
14729
14497
14854
14436
15321
15205
15742
17639
19919
19122
19303
18856
16982
15003
14984
15205
15492
14950
14800
14879
15338
15186
14991
15190
14982
15275
15609
15249
15047
15067
15036
14887
15297
15191
15805
15443
15311
15277
15122
15183
15102
15111
14837
15065
14918
15374
15962
15586
16176
15423
15812
15381
14944
15637
15383
15794
15664
15068
15270
15038
14992
15174
14965
14977
16040
15884
15829
15818
15453
15467
15823
15542
15682
16209
15948
17486
16072
16234
15802
15554
14765
15942
15454
15506
15407
15591
15844
15183
15463
16411
17044
16730
16477
16360
16224
16607
16768
16397
16921
16463
15689
15772
15514
15968
15696
15673
15854
16121
15575
15623
15587
15423
15860
15634
15694
15813
15604
15388
15510
15600
15445
15720
15831
15460
16065
15735
15275
15074
15676
14926
15370
15495
15401
15157
15606
15311
14943
15080
14671
14975
14787
14855
15159
14897
14917
14864
15053
14685
15040
15055
15250
15147
15430
15296
18107
26876
27473
22283
15620
15244
15824
15600
16055
15674
15833
15257
15590
15286
15594
15679
15102
15338
15178
16098
16026
15356
15976
16288
15940
15742
15928
17143
17112
17226
17303
16713
17254
18021
17653
16478
15558
15299
15309
15225
15688
15327
15311
15166
15249
15495
15117
15581
15326
17257
15174
15483
15497
15375
15551
15510
15700
15578
15830
16069
15649
15497
16580
16021
15655
15824
15321
16083
15357
15454
15369
15585
15410
15119
15156
15509
15126
14982
15327
15894
15329
15433
15546
15539
15611
15443
15677
19166
19324
19735
19458
19777
19822
19612
19580
16731
15214
15129
15370
15080
15474
15991
16109
15689
15725
16123
15376
15298
15086
15968
16117
15240
15497
15453
15291
15261
15428
14894
15461
15176
15412
15331
15527
15482
15320
15728
16370
15988
15838
15988
16006
15947
16941
16189
15959
16286
15598
15654
15947
15877
15735
15887
15919
15421
15564
15709
15904
15826
15472
15822
16157
15592
15718
15894
15991
15777
15531
16058
15698
16424
16086
15873
16036
15575
15650
15605
15597
15211
15136
14829
15259
15283
15073
14945
15020
14695
15101
14606
14798
15076
15065
15104
15007
14731
14839
14327
14579
14890
14477
14784
14961
15259
15302
14451
15130
14448
15119
14527
14898
14547
14528
14523
14766
14502
14648
14654
14706
14693
14300
14513
14970
14590
14915
14905
14604
14579
15028
15071
14970
15257
14896
14418
15376
15439
14962
14974
14675
15067
14970
15329
15559
15441
15713
15944
16056
15621
15574
15811
15835
16258
17401
18236
16404
16143
16197
16151
16377
15998
15878
16254
15954
15807
15856
15703
15928
15553
15186
15535
15485
15442
15640
15326
15742
15536
15329
15222
15602
15516
15673
15747
15419
15721
15424
15336
15541
15315
15244
15498
15073
15110
15422
15349
16148
15379
15357
15475
15775
15584
16290
15540
15479
15530
15700
15527
15715
15860
15835
16119
16017
16163
15846
16082
16430
15960
16026
16494
16143
15907
16380
15793
16749
15873
16217
16175
16074
15863
15754
15898
15802
15626
15514
15682
15400
15575
15090
15172
15224
15497
15247
15180
15501
15237
15103
15100
15588
15063
14874
15116
14806
14922
14792
14701
14751
14490
14638
15077
14560
14698
14655
14284
14529
14720
14519
14916
14580
14583
14612
14423
14846
14609
14395
15027
14741
14417
14824
14594
15008
14681
14655
14706
14770
14512
14862
14803
14371
14960
14696
14619
15040
14695
14632
14737
15040
15086
15112
14795
14923
14616
14649
14331
14959
14135
14504
14791
14781
14607
14576
14492
14548
14855
14768
15058
14771
14554
14629
14436
14673
14602
14698
14411
15597
15515
15200
15510
15494
15623
15406
15476
15454
15404
15971
15416
15730
15402
15456
15687
15644
15552
15524
15627
15801
15782
15342
15784
15719
15843
15689
15449
15658
15817
15723
15804
15619
15581
15185
15874
15805
15657
15802
15719
15553
15699
16144
15647
16007
15942
15340
15873
15956
16291
15712
15363
15339
15553
15560
15502
15250
15537
15180
15596
15672
15538
15984
15794
15565
15741
15638
15647
15847
15466
15824
15807
15832
15834
15905
15687
15779
15840
15856
15550
15646
15424
18303
19596
19849
19583
19948
20102
20009
19976
17928
16198
16209
16469
16034
16142
15953
16304
16080
15988
15870
15969
15972
15847
15865
15675
15824
16452
16190
16230
16201
16144
16414
15974
16477
16117
16004
16321
16443
16291
16191
15753
16373
15923
16719
16781
16637
16918
16544
16576
16417
16774
16181
16291
16317
16095
16541
15630
15890
16005
15642
15856
16046
16399
16372
16350
16258
16346
16360
16365
16259
16459
16493
16281
16357
16908
16220
16304
16464
16478
16510
16593
16659
16587
16550
16555
16304
16443
16154
16491
16485
16411
16500
16597
16289
16040
16462
16538
16758
16725
16633
16474
16380
16090
15995
16311
16210
15903
16095
16021
16319
16197
16130
16529
16174
16371
15863
15828
15780
16241
16341
16406
15926
16011
16034
16023
15803
15869
15892
15833
15689
16006
16129
15627
15552
15861
16196
15715
15986
15962
15856
16161
16046
16138
16231
15701
15966
16100
16245
16018
16015
15969
15978
16214
16588
16305
16418
16748
17109
17516
17500
17082
17090
17090
16992
17086
17454
17572
17519
17645
17297
17217
17311
17386
17419
17449
17031
17229
17239
17307
17223
17265
17482
16875
16655
16456
16525
16808
16758
16882
17153
16874
17349
16525
17298
16570
16747
16940
16910
16976
16876
16817
16254
16331
16436
16636
16681
16408
17059
16451
16515
16633
16726
16634
16755
16968
16817
17389
17457
16904
17017
16972
17253
17330
17047
17916
17045
17721
17195
17031
16925
16877
17080
16989
21312
16773
16692
16600
16763
16684
16995
16797
16530
16576
17980
16886
16602
16768
16827
16396
16851
16312
16963
16753
16337
16498
16488
16403
16292
16411
16832
16343
16580
16743
16150
16550
16080
16422
16635
16452
16292
20324
20360
16198
15962
16155
16229
15935
15770
15776
15976
15757
15720
15778
15889
15719
15592
15989
15687
15711
15655
15378
15787
15821
15625
16009
15573
15857
15422
15496
15775
15740
15512
15670
15773
15821
15234
15589
15470
15522
15769
15864
15578
16037
15788
15784
15476
15562
15478
15800
15607
15753
15664
15716
15845
15694
15392
15660
15468
15749
15504
16007
15947
16279
15893
15565
15456
15976
15907
15804
15783
15944
15401
15543
16242
15707
15968
15510
15571
15957
15649
15719
15975
16118
15730
16014
15733
15623
16488
16043
16320
16066
16110
16191
16283
16621
16646
16253
16391
16056
16209
16910
16399
17325
16490
16318
16765
16404
16792
15910
17328
16856
17060
17119
16763
16584
17008
16570
16788
16616
16740
16723
16656
16797
16870
18393
16817
17098
17043
16435
16761
17052
16842
17093
17012
16556
16943
16705
16867
16970
16788
16809
16711
16747
16622
16869
16685
16516
16479
16642
17050
16572
16936
16228
16077
16989
17176
16606
16485
16636
16448
16256
16113
16226
15836
16532
16698
17658
18085
18214
17913
17628
17585
17826
17799
17722
17555
18127
17775
17782
17453
17435
17679
17832
17846
17487
17583
17274
17833
17835
17820
17879
17978
17962
17705
18149
18950
18124
18114
17794
17966
18637
17982
18022
18153
18475
17905
18095
18161
17884
18137
18960
18591
18902
18139
18061
17922
17817
17594
18479
17774
17819
17937
18381
17894
17606
17750
17273
17774
17578
17574
17552
18071
17951
17789
17899
17880
17863
17971
17754
17795
17981
17717
17688
17584
17558
17731
17479
17513
17692
17665
17552
17690
17533
17568
17416
17622
18537
17870
17551
18325
17530
17663
21750
21810
21992
21464
21710
21900
21921
22905
18786
18034
18300
18141
18223
18031
18369
18445
18426
18220
18251
18095
17930
17246
17262
17088
17544
17914
17500
17864
17527
17644
18033
17475
17366
17595
17496
17408
17297
16965
17895
17263
17152
17102
17419
17183
17220
17662
18282
18072
17883
17892
17785
17767
17743
18166
17640
17376
17370
18161
18018
17477
16777
16168
16351
17345
17732
17399
17414
18285
17868
17342
17445
17558
18120
17563
17838
17566
17461
17554
17367
17715
17163
17530
17267
17294
17204
17199
17445
17159
17265
17178
17430
17415
17259
16868
17179
17126
17117
17214
17657
17472
17428
17153
17352
17622
17328
17955
17468
17138
17572
17304
17386
17262
17247
17092
17116
17164
16893
17622
18046
17504
17710
17609
17533
17627
17351
17870
17623
17719
17808
17310
17880
17267
17860
17685
17900
17884
18021
18188
17612
18269
18170
17820
17615
17611
17745
17256
17484
17881
17645
17801
18066
17710
18118
17500
18035
17853
17573
17729
17460
17498
17944
18367
18203
18184
18306
18799
18154
18455
18754
18291
18314
18110
18361
18571
18990
18590
18442
18357
18627
18316
18344
18631
18358
18426
18553
18367
18366
18464
18251
18348
17711
17363
17175
16948
17153
17595
17427
17992
17709
18069
17458
17572
17784
17605
17030
17227
17103
17016
17781
17449
17888
16983
17517
16383
16520
16252
16447
16262
16502
16586
17734
17497
17593
17708
17621
17390
18023
17538
17505
17612
17754
17639
17316
17538
17576
17358
17539
17360
17616
17182
18148
17654
17631
16986
17198
16989
17084
17130
16577
16875
16521
17299
16561
16823
16604
16646
17360
16534
17292
16592
16601
16440
16844
16664
16999
16620
17227
16746
17056
16771
17035
16480
16388
16643
16719
16473
16787
16353
16481
16337
16597
16724
16687
16448
16482
16739
16659
16912
16595
16534
16506
16362
16841
16216
16484
16312
16639
16591
16301
16130
16338
16152
16412
15777
16339
16137
16324
16522
16699
16089
16410
16558
16503
16510
16520
16473
16542
16341
16448
16307
16498
16169
16445
16489
16255
16086
16063
16119
16040
15970
16432
16218
15976
16323
16256
16462
16271
16166
16442
16457
16307
16263
16318
16477
16458
16643
16171
16466
16264
16269
16281
16177
16753
16582
15861
15748
16292
16089
16867
16387
16435
16193
16322
16532
16421
16256
16362
16586
16312
16150
16148
15953
15864
15853
16263
16444
16161
16212
15878
16049
15826
16274
15848
15992
15450
15673
15467
15697
15511
15522
15470
15656
15622
15676
16005
15599
15491
15634
16063
16134
16342
16662
16011
16037
15666
15965
15868
15730
15722
16618
18120
17856
17408
18498
18090
17993
17440
16634
16276
16098
16444
16575
16259
16425
17697
17609
18637
18137
18051
18334
18375
18123
17432
16663
16516
16454
16414
16647
16586
17794
17972
18404
18457
18434
18434
19035
18620
18082
16953
17028
17170
16828
16994
18156
19762
19050
19859
19715
19282
19244
18812
18654
17851
16930
17301
16860
16467
16805
17245
17939
21096
21122
22461
21987
20940
19658
19441
19591
17179
16200
16353
15943
16444
16115
16328
16304
16466
16318
16575
16201
16395
16166
16509
16219
16671
16392
16706
17732
17699
17260
17591
17617
18380
18310
18494
18183
17748
17079
17472
17023
17801
17061
16771
17069
17383
17148
16755
17514
17902
17093
17176
16993
17297
17370
17738
17540
16669
16623
16430
16694
16672
16372
16482
16668
16375
16937
16534
16326
17314
17493
16794
17618
16648
16844
17158
16533
17124
17057
16820
16993
16830
17030
17144
17248
17725
17691
17944
17733
17903
17523
18190
17462
18017
17433
17731
17696
17537
17870
17444
17560
17917
17367
17340
17632
17904
17803
17987
17992
17118
17668
17092
17413
17356
17351
17529
17020
16873
17123
17249
17218
17429
17502
17306
17515
17606
17469
17419
18009
17825
17605
17794
17758
17713
17669
17993
17848
18396
17949
17901
18109
18529
18568
18357
18722
18649
18926
18926
17702
18141
18403
18351
17887
18338
18090
17805
17986
18200
17971
17742
19159
19323
17941
17662
17704
17969
17648
17589
17902
17776
17875
17795
17672
17679
18332
18080
17854
18084
17707
17655
17696
17667
18088
17995
18266
17792
17828
17546
17678
17881
17708
18352
17826
17995
18038
17721
17540
17703
17403
17920
17789
17585
18235
18570
17516
16949
17597
17867
17520
18285
18106
18358
18234
17811
18413
17670
18192
18243
17766
18588
18126
18255
18054
18245
17942
17612
18041
17980
17995
18443
18436
18878
18233
18276
19015
18521
18456
18335
18102
18804
18845
18914
18607
18570
18645
19428
19122
19016
19722
19374
19419
19501
19507
19582
19703
19866
19332
19420
19662
19640
20090
20304
20944
20857
20277
20458
20114
20482
21012
21162
21197
21772
21540
22012
21366
21477
21309
21240
21470
21430
21472
21438
21015
21193
20185
20473
20342
20622
20408
20177
20038
20402
20402
20596
20115
20352
21974
19686
19678
19368
19459
19885
21973
23580
22129
22503
23843
23495
22916
22461
20357
18793
18874
18623
18740
18900
18611
18893
18707
18733
18955
18622
18041
17993
18009
18042
18446
18265
18614
17809
17735
17981
18001
17839
18205
17954
19093
19151
18578
18548
18370
18427
17973
18477
18322
18572
18798
18275
18297
18553
18198
18558
19196
18413
18878
18564
18423
18199
18669
19362
19396
19263
20312
19690
19899
20465
20205
20804
20387
20478
20950
20198
20005
20261
20017
19841
19561
19453
20002
19405
18992
18844
19590
19170
19515
19582
17976
17971
17866
17577
17744
18093
18370
18221
17880
18006
17433
17469
17651
17476
17641
17576
17498
17585
17335
17225
17410
17181
17447
17349
18267
17564
17216
17672
17394
17672
17547
17368
17551
17807
17455
17601
17290
17259
17348
17347
17358
17654
17534
18107
17853
18106
17958
17899
17665
17678
17924
17553
17818
18337
18098
18215
18284
18577
18295
18228
18343
18117
18398
18232
17430
17956
17757
17680
17412
17648
17753
17500
17748
17841
17812
18165
18097
18258
18017
18594
18258
18245
18005
17968
17750
17802
17797
17596
17659
17634
17598
17438
16365
16745
16173
16440
16172
16092
16503
16407
16325
16402
16726
16551
16806
16851
16817
16462
16720
16893
16747
16742
16324
16565
16436
16055
16254
16489
16172
16176
16239
16583
16209
16102
16530
16635
16433
16458
16445
16539
16397
16467
16393
16454
16189
16902
17186
17077
16628
16929
16986
16977
16734
16561
16380
16606
16516
16945
16469
16965
20444
20552
20915
20744
20742
20300
20200
20762
18041
16549
16501
16434
16500
16885
16607
16616
16057
15776
15819
15830
16392
16019
15822
16142
15860
15976
16484
15873
15835
15951
15985
15748
19837
20031
20782
20380
20365
20536
20555
20740
17511
16964
17152
16430
16368
16289
16778
16773
16794
16533
16401
16688
16673
16439
16434
16781
17509
16607
16645
16770
16594
16627
16799
16458
16541
16412
16515
16220
16998
16667
16765
16462
16700
16849
16553
16800
16652
16663
16832
16773
16786
16570
16510
16594
16118
16257
17310
16329
16280
16377
16655
16599
16787
17139
16971
16665
17374
16856
16524
16506
16297
16439
16253
16316
17152
17348
16947
16671
17125
16647
17051
17680
17423
17214
17451
18295
18377
19006
19127
19492
19309
19866
19583
19643
19536
19672
19523
19859
20046
19866
19739
19846
20188
20370
20005
20597
20510
20082
19617
20506
20785
20201
20058
20605
19790
20441
19944
19651
20683
19894
19908
19661
19797
19501
19370
19407
19568
19162
19581
19337
19479
19485
19375
19362
19503
19588
19444
19505
19908
20073
20471
19743
19884
19771
20028
20152
20231
20855
19825
19963
20107
19943
19729
19731
20143
20044
20276
20080
20016
20259
20365
20564
20826
21012
22678
23217
22631
22420
22766
22858
23208
23180
23142
22877
23066
23450
24048
23863
23117
21794
21514
21661
21077
19973
20480
20345
20375
20171
20015
19825
19757
19631
19752
19756
19669
19379
19350
19306
19126
18717
17991
17384
16762
16605
16426
15938
16133
16186
16419
16455
16462
16379
16093
18327
18516
16108
16242
16191
15867
19607
19942
20052
19757
20110
19953
20391
20141
17589
16335
16537
16607
16518
16852
16394
16517
17028
16468
16602
16656
16395
16296
16114
16610
16300
16593
16673
16870
16757
16707
16635
16838
17313
16902
16686
17081
17074
17186
17488
17546
17027
17189
17479
17649
17834
17430
17162
16742
16957
17279
16992
17058
17002
16575
16964
16702
16557
16422
16566
16430
16495
16796
16825
16444
16706
16712
16567
17012
17230
16361
16952
16567
16348
16469
16421
16376
16372
16390
16372
16562
16598
16340
16601
16409
16305
16508
16505
16487
16732
16429
16325
16459
16614
16730
16307
16611
16718
16867
16814
16671
16885
16414
16725
16728
16562
16651
16448
16111
16180
15854
16350
16439
16384
16358
16368
16082
16352
16362
16386
16181
16640
16160
16346
16353
16741
16589
16474
16432
16113
16190
16421
16519
16450
16308
16526
16660
16514
16286
16541
16367
16143
16029
16419
16745
16569
16593
16457
16732
16326
16706
16211
16397
16138
16365
16167
16322
16171
15761
16076
15742
15994
15812
15955
15822
15616
16050
15598
15412
15480
15624
15590
15868
15613
15611
15619
16129
15719
15673
15858
15990
15850
15751
15710
15755
16324
15792
15642
15664
15836
15576
15767
15546
15842
15628
16483
15638
15612
16308
16151
15646
16170
15817
15775
15858
16529
16289
16080
15977
16873
15815
15950
15807
16517
16101
16127
16352
16310
16184
16009
16043
15950
16097
16030
16304
15911
15557
15896
15740
15563
16155
15282
15982
15515
15948
15798
16203
16419
16340
16039
16028
15767
15618
15954
15431
15812
15633
15863
16117
17182
16360
15853
16205
15916
16384
16284
15913
15862
16569
16427
16121
15930
16624
16197
16389
16585
16877
16703
17469
17081
16908
16762
17027
17224
17078
17045
16792
16816
16932
16789
16562
16743
16889
17286
16935
17347
16801
17550
17164
17074
16568
16682
16782
16779
16015
16358
16321
16385
16174
16406
16098
16265
16107
16654
16522
16138
17453
16845
17606
16887
16616
15999
16394
16097
16295
16981
16234
16525
16005
16196
16328
17028
16753
16043
17200
16917
16435
16235
16314
16375
15494
15686
15615
15310
15526
15551
15520
15969
16002
15740
16070
15983
16012
16306
16039
16036
16046
16126
16012
16080
15826
16120
15976
16567
16192
16854
16194
16766
16394
17075
16657
16926
16980
17183
16857
17751
17297
17309
17236
17632
17296
17395
17561
17684
17240
17632
17370
17559
17859
17753
17554
17377
17409
17452
17510
17425
17511
17123
17225
18049
18204
17943
17331
17583
17551
16887
17559
17113
17041
17061
17095
17217
16668
16637
16926
16513
16769
16710
16541
16932
16441
16666
16609
16735
16842
16588
16804
16850
16595
17027
16847
17096
16755
17410
17143
17363
17585
17556
17430
17308
17817
18182
17366
18377
18161
17573
17679
17769
17485
17294
17433
17377
17580
17880
17857
17456
18047
17507
17248
16901
17121
16976
16957
17400
17235
16786
17521
16974
16251
16708
16672
16979
17030
17048
16937
16441
15918
16472
16448
16889
16214
16525
16148
16639
16283
16650
16288
16778
16872
16297
16760
16733
16845
16681
16819
17313
16800
16592
16440
16512
16645
16131
16208
16188
16508
16272
16668
16214
16523
16201
16515
16589
16500
16745
17251
16715
16548
16975
17320
16115
16245
16761
16557
16394
16433
16565
16442
16179
16306
16369
16283
16756
16387
16238
16127
16252
16287
16681
16339
16877
17104
16811
16782
17033
16835
16268
16899
16700
16337
16043
16790
16443
16168
16429
16537
16737
16562
16288
16584
16358
16692
16521
16739
16646
16387
16581
16373
16421
16337
16510
16907
16620
16323
16268
17020
17223
16815
16951
16659
16864
16912
16761
16712
16921
16748
16697
17134
16789
16562
16770
16432
16551
16635
16290
16816
16307
16623
16613
16460
16698
16478
16681
16397
16495
16809
16706
16675
17381
17144
17675
17364
17456
17505
17930
17846
17627
17432
17563
17339
17901
17520
17335
17834
17592
17882
16928
17412
18055
17678
17866
17788
17598
17841
17556
17636
17748
18153
18295
17286
16774
16933
16593
16791
17057
17399
17121
17148
17971
16992
17608
17261
17061
16832
16955
16878
17286
17020
16875
16663
16865
17105
16504
16995
16899
16870
16798
17188
15820
16955
16932
17191
16825
16578
17303
16945
16275
16382
18920
16776
17156
17141
17231
17143
17163
17123
17181
16773
16910
16607
17132
16929
17019
17225
16995
17207
16921
17131
17292
17336
17318
17379
17162
17361
17312
17433
17056
17270
17810
17827
17088
17151
16840
17507
17174
17656
18142
17543
17350
17060
17080
16924
16303
16676
16742
16803
16571
16552
16756
16481
16947
16795
16753
16495
16965
16363
16547
16462
17108
17213
17921
18124
17945
17758
17605
17694
17717
18060
18246
17883
19848
21919
21817
21488
22664
21596
23390
23544
21930
19813
19631
19463
19165
18207
17660
16879
16687
16624
17064
16724
17572
17147
17253
17279
16714
16694
17131
17506
18465
17719
18022
17609
17857
17782
18042
17975
18329
18575
18484
18852
18303
18069
18260
18352
17469
17201
18135
17356
16930
17085
17213
17477
17242
17837
16932
17478
17722
16853
17050
17055
17223
17592
17026
17312
17508
17194
17264
17423
17464
17638
17934
17728
18729
18063
18477
17243
17537
17419
17394
17315
17433
18098
17510
17490
17356
17392
16817
17218
17129
16860
16788
17225
17294
16923
17353
17018
17591
17768
18262
17266
17438
17586
17388
17050
17519
17574
17496
18693
18997
19602
19674
19632
18967
18604
18381
17907
17632
17227
17764
17279
17347
17618
17651
17976
18112
17912
18219
17991
17846
17878
18262
18420
18298
17880
17906
18019
17960
17570
17640
17405
17915
17776
17167
17115
17364
17366
17732
17925
17405
17464
17734
17253
17284
17408
17484
17322
17167
17323
17526
17265
17475
17194
17330
17173
16926
17519
17169
17309
17079
16943
17282
16927
16977
16912
16582
16704
16932
16891
16499
16070
16218
16648
16627
16478
16326
16271
16478
16520
16183
16355
16834
16368
16341
16128
16213
16360
16131
16081
16328
16298
16289
16257
16551
16924
17152
16827
16836
16605
16864
16665
16424
17027
16972
16996
16845
16780
16773
17326
16798
17077
16635
16878
17260
17195
17022
17194
17701
17010
17018
16995
18633
19195
19537
20121
19705
19879
20477
20252
20231
20353
20700
20484
20494
21179
21491
21182
21278
19668
19343
20001
19443
19715
19613
20135
20120
19732
19564
19979
19377
18997
19518
19620
19003
18944
18849
18663
18311
18808
18918
18646
18293
18385
18570
19270
19184
18507
18418
18185
18820
18320
18530
18882
18818
18395
18264
19013
18847
19490
18770
18561
18633
18496
18978
18600
19292
18467
19214
18386
18709
19207
19350
20423
19113
19252
19615
19536
19657
19890
19894
20114
19645
19361
19238
19080
19106
19326
19689
18693
18784
18084
18602
18412
19459
18193
18251
18002
18130
17842
17800
18061
18243
17839
18556
20060
17876
17548
17740
17708
17809
17706
17718
17769
17740
17510
18132
17832
17755
17815
17717
17899
17393
17422
17374
17303
17460
17484
17875
17645
17249
17636
17051
16976
17612
17410
17383
17292
17487
17222
17639
17250
17243
17191
17826
17303
17358
17267
17608
17737
18045
17671
17423
17334
17634
17253
17871
17537
17672
17992
17706
17744
17539
17517
17225
17243
17325
17166
17608
17475
17740
17619
17455
17532
17547
17715
17602
17742
17611
17686
17538
17882
17879
17365
17382
17435
17421
17578
17605
17457
17884
17733
17109
17487
17240
17325
17410
17528
17873
16949
17021
16795
17383
17091
17317
17556
17332
17083
17920
17724
17554
17276
17668
17115
17247
17304
17142
16994
17321
17037
17600
16825
16791
16754
17214
16723
16879
17251
17088
16580
16863
16874
16762
16606
16573
16757
17044
17114
16988
16928
17950
18671
17740
18064
17215
16967
17220
17374
17625
17608
17393
17246
17398
17385
17283
17265
17421
17142
17194
17551
18111
18342
18286
18383
17663
18035
18006
17579
17768
17718
17990
17850
18641
17894
18227
17943
17844
17842
17748
18136
19067
18359
18220
17953
18487
18080
17779
17546
18110
18449
18177
18011
17912
17765
18102
17806
18210
18004
18347
18324
17975
17478
18447
18023
18060
17888
17723
17930
17893
18008
17253
17633
17276
17331
17275
17848
17795
17850
18366
18179
18131
17950
18108
17946
18215
18237
17973
18433
18991
18557
18384
18061
18309
18010
18000
18669
18877
18263
18400
18604
18048
17894
17964
18221
18007
17881
17866
18060
18204
17836
18101
18664
17969
18014
18370
18161
18308
18252
18612
18662
18875
18726
18349
18146
17965
18571
18653
18773
18820
18670
18754
19185
18482
18498
18779
18720
18404
18598
18838
18811
18861
18535
18562
18287
18470
18734
18365
18060
18213
18207
20264
21658
21270
22016
21855
21768
21414
21590
19941
17674
17437
17925
17795
18514
18337
18444
18417
17870
17752
17525
19151
26598
23400
17302
17642
17651
18032
17905
18088
17586
17540
17922
17494
18449
18484
17668
17924
18027
17625
17736
17612
17570
17665
17403
17711
16904
17341
17440
17635
17453
17561
17582
17474
17707
17517
17760
17977
17943
18242
18313
18582
18751
18783
18932
18804
18589
19041
18493
18823
18372
18756
18683
18713
19324
18669
18833
18591
18639
18570
18614
18816
18711
18511
18426
18862
18730
18389
18280
18863
18977
18347
17815
17951
18479
17861
17999
18074
17880
18184
18028
18148
18448
18587
18223
17714
17779
18267
17856
17746
17921
18346
17952
18569
18726
18609
20289
18246
17940
17980
18152
18628
18171
18080
18342
18432
18199
18955
18416
18902
18354
19074
17797
18961
18228
18906
18485
18903
18169
18650
18514
18711
18456
18388
18141
18871
18366
19032
18577
18485
19012
19263
18428
18539
18379
18645
18430
18562
18489
18702
18201
18589
18413
19044
19539
18312
18634
18372
18197
18328
18331
18124
18455
18149
18119
18442
18033
17899
18117
17864
17605
18031
17427
17980
18249
19125
18951
18513
17946
18009
17891
17812
17919
17796
17915
17308
17940
17912
17494
17126
17601
17210
18166
17721
18192
18112
18540
18040
18258
18225
17750
18268
18041
18148
18056
18219
18200
18224
18054
18420
18433
18200
18403
18284
18738
18014
18228
18226
18241
18494
18370
22723
22313
22452
22699
22968
22850
23148
23198
19652
18647
18841
18801
18450
18387
18680
18302
18051
18103
18020
18104
18309
17535
17962
17593
17632
17699
18036
17982
17831
17910
18251
17918
18343
17980
18021
17786
18032
17974
18366
17928
18004
18246
17852
18457
21255
22376
22295
23280
19957
19001
18912
18874
18783
18584
17607
18030
17850
17325
18688
17440
17605
17710
17778
18033
17448
17486
17824
17157
17172
17520
17252
17130
17416
17337
18358
18191
17854
17778
18080
17881
17949
17606
17985
18751
18275
18230
18542
17992
18000
17855
18074
17908
18105
18524
18678
18645
18716
18725
19055
18730
18580
18469
18813
18732
18354
18299
18426
18172
18333
17881
18318
18465
18072
17840
18041
18242
17946
18229
18326
18286
18046
17392
18547
18999
18661
19136
19021
18765
18648
18093
18329
18491
18912
18545
18921
19061
19319
18834
18958
19236
19039
18629
18405
18391
18358
18612
18102
18672
18409
18207
18454
18786
18669
18381
18324
18697
18545
18752
18326
18593
18285
18133
17702
17958
17989
17331
17958
18250
17316
17430
17419
17102
16985
16821
17041
17190
17166
16962
17088
17279
17129
16969
16854
16975
17236
16837
16799
17049
16977
16932
17050
16953
17120
16784
17316
17542
18128
18000
18615
18752
17897
18310
18279
18250
16829
16820
17192
17376
17330
16653
17010
16924
16823
16830
16928
17147
17070
16881
17401
17476
17956
17932
18483
17859
18526
18108
17686
18178
17545
17849
18258
18186
17455
17782
17784
17725
17786
16818
17117
17720
16905
17187
17380
17103
17024
17075
17452
16888
16957
17114
17223
17010
17011
16889
16970
17196
16928
17062
17464
17308
17391
17068
17672
17318
17705
17571
17522
18157
18332
17495
17418
17395
17393
17643
17563
17368
17599
17611
18016
17953
17377
17428
17108
17178
17078
17217
17022
16909
16802
16689
16876
16987
16681
17028
17055
16722
16789
16782
16799
16653
16529
17001
16659
17066
17073
16990
17088
17104
17615
18492
18099
18096
18609
18036
18664
18396
18648
17774
18258
17688
17517
17967
17935
17777
18092
17975
18182
18074
18000
18426
18276
18255
18036
18122
18022
18037
18442
17955
17875
18398
18115
18315
18438
18335
18259
18180
18122
18306
18686
18348
18681
18578
18361
18053
18898
18808
18363
19264
18893
19415
18693
18622
18501
18254
18280
18404
18267
18327
18059
18533
18226
18366
18240
18300
18172
18624
18069
17985
18113
17925
17902
18121
17782
17934
18057
18013
17822
18008
18203
17911
18102
18339
18756
18772
18897
18657
18956
18753
18883
18348
17690
17903
17893
17820
18487
18098
18129
18647
18182
17893
18172
18585
18966
18435
18494
18838
18628
18622
18456
18301
18438
17852
17230
17288
17304
17696
17258
17329
17158
17115
17443
17418
17218
17418
17123
17159
17264
17305
17181
16937
16868
16848
17037
16971
16943
16652
16954
16758
16754
17757
17461
17485
17156
17049
17599
17418
17575
17674
18502
18510
18456
18633
18468
18457
18541
18468
18495
18598
18885
18690
18523
18483
18690
18407
18368
18448
18713
18588
18355
18583
18249
17936
18597
18354
18463
18184
18414
18522
18214
18565
18242
18338
18326
18854
18441
18458
18501
18347
18627
18650
18236
18055
18083
18301
18392
17953
18063
18457
18136
18514
18462
18645
18351
18568
18916
18887
18598
18563
18132
18581
18762
18628
18984
19507
19816
19597
19712
19349
19486
19577
17907
17606
17360
17287
16839
16926
16799
16941
17107
17023
17127
16935
17403
16817
17338
17268
17126
17131
16771
16681
16869
16898
17145
17655
17166
17353
16661
16793
16761
17213
17449
16992
16765
16892
16763
16882
16884
16619
17031
16747
16887
16858
16355
16884
16665
16711
16985
16650
16873
16922
17148
16864
16953
16960
17075
16992
16904
16902
16643
16950
17371
17384
17516
17312
17574
17314
17813
17472
17836
17667
17337
17160
17356
17577
17508
17329
17699
18047
17511
17290
17561
17746
17730
18576
17569
17983
17632
17929
17522
18241
17654
17619
18032
17314
17195
17053
17455
17410
17554
17406
17419
17578
17695
17891
18178
18192
17646
18101
17602
18377
17971
17557
17622
17451
17990
17377
18266
17615
18311
17569
17964
17583
18136
17532
17537
17590
17932
17740
17715
17627
17753
17888
17901
17866
18330
18470
17934
17674
18017
17755
17523
17858
17658
18425
17772
17465
17460
17122
17338
17477
17831
17536
17637
17604
17658
17077
16521
16992
16956
16943
17913
17230
17478
17343
17479
17311
17399
17183
17460
17534
17925
17798
17254
17399
18272
17435
17419
17759
17578
16991
17767
16908
16887
17061
17267
17304
17571
17817
17659
17656
17517
17587
17125
17719
16946
17059
16729
16740
16886
16823
16579
16856
16866
16487
16277
17468
16287
16811
16695
16707
16672
16928
16575
16460
16145
15956
16182
16349
16393
16324
15865
16112
15812
15786
15859
16128
16097
16575
17018
17024
16800
16305
16744
16959
17367
16650
16928
16254
16888
16733
16903
16990
16850
16778
16577
16346
16070
15442
15598
16124
15720
16753
15924
16378
16293
15835
16245
16600
16220
16952
16818
16509
16112
16815
16273
16291
16531
16383
16281
16449
16393
16424
15814
16026
16233
15786
15902
16097
16141
16115
16126
16828
16532
16506
16626
16792
16805
16775
16784
16735
17151
16923
17175
17169
19671
26165
21067
16923
16809
16620
16792
17176
16576
16497
16976
16552
16789
16723
16838
16537
16681
16503
16451
17007
16931
16460
16709
16723
16498
16927
16558
16750
16467
16340
16358
16872
16741
16698
17115
16477
16246
16578
16505
16516
16470
16625
16976
17617
17061
17778
17525
17958
18540
18186
18837
17394
17897
17374
17673
17106
17490
17796
17347
16248
16198
16108
16091
16395
16450
16230
16940
18292
16821
17288
17012
16956
16963
17319
17326
18275
17570
17538
17553
17401
17417
17972
16993
17373
17220
17125
17024
17349
17697
16980
16773
17142
16755
17357
17177
17072
16990
17490
18186
17448
17135
16794
16674
16468
16282
16288
16074
16361
15919
15953
16201
16173
15891
16099
16525
16171
16250
16119
16247
16363
16048
15948
16749
16054
16343
15840
16133
16198
15987
15983
16206
15824
16279
16196
16278
16248
16195
16341
16342
16595
16399
16447
16292
16460
16396
16314
16556
16495
16563
16762
16390
16690
16562
16375
16521
16385
16573
16261
16757
16823
16626
16357
16543
16647
16849
16425
16583
16327
16204
16237
16228
16118
16511
16485
16218
16351
16345
16375
16475
16234
16538
16483
16683
16854
16854
16784
17129
17234
16884
17143
17092
17019
16919
17025
17397
17494
17067
16899
16753
16830
16790
16600
16400
17300
17368
17170
17135
17053
17439
17522
17198
17580
17421
17127
17478
17314
17518
17204
17162
17316
17460
17062
17250
17040
16988
16759
16484
16633
16980
16760
16860
16667
16733
16988
16517
16785
16948
16902
16841
17268
17631
17413
17109
17060
17697
16902
17574
17072
16655
16960
16793
16505
16378
16799
17101
17278
17097
16410
16303
16531
16195
16533
16480
16432
16252
16717
16565
16857
16712
17396
17039
17194
16655
16900
16377
16819
16771
16256
16244
16231
16484
16307
16608
17020
16827
16110
16244
16366
16749
16500
16691
16623
16558
16868
16624
17115
17926
16757
17289
16829
16377
16224
16358
15877
16167
16121
16456
16105
16286
15895
16407
16445
16380
15911
16021
16360
16247
16545
16390
16836
17169
16560
17200
16941
16402
16463
16652
16460
16277
16500
16327
16594
16274
16296
16223
16387
16269
16121
15921
15913
16208
16407
16225
16614
16146
15917
16307
16824
16377
16578
16623
16513
16587
16351
16517
16655
16765
16472
16470
16399
16213
16418
16372
16576
16283
16265
16679
16406
16661
17027
16644
16882
16275
16861
16687
17686
18306
17759
17623
17625
17775
17623
17866
17734
17567
17592
17590
17609
17743
16784
16247
16405
16382
16494
16570
16365
16276
16208
16421
16600
16354
16054
16399
16266
16372
16281
15985
16467
20341
20577
16603
16183
16278
16387
16382
16304
16702
16537
16441
16342
16232
15806
15818
15691
15683
15152
15397
15190
15168
15440
15329
15275
15247
15277
15512
15638
15215
15535
15582
15309
15471
15257
15198
15388
15465
15393
15506
15402
15429
15369
15998
15456
16188
15326
15851
15955
16097
16391
16360
16179
16284
15959
15977
15910
16240
16018
16062
16182
15915
15570
16428
15729
16207
15838
16132
15901
15705
16053
15736
16997
16284
15731
15768
15749
16291
16262
15683
15941
15524
15828
16078
15503
16174
18822
19483
19514
19295
16140
15655
15335
15698
15626
15827
15708
15528
15582
15579
15653
15540
16017
15518
16047
15768
16182
15978
15722
15871
15835
15830
16180
15842
15348
15860
16371
15675
15614
16270
15728
16440
15514
15887
15680
15941
15957
15497
15471
15784
16001
16095
15894
16806
16123
16012
16286
16183
15941
16456
16699
16785
16002
16521
16388
16531
16326
16505
16412
16376
16553
16610
16243
17809
16989
17168
16900
17005
17121
16858
17874
16550
17096
17253
17263
17153
16921
16952
16996
16828
16656
16633
17282
16449
16121
16325
16094
15877
15941
16090
15890
16082
15530
15988
16201
15831
16319
16267
16156
16169
15957
16361
16269
16376
15961
16436
16359
16551
16629
16041
16353
16566
16488
16313
16567
16687
16503
16687
16874
16610
16451
16291
16406
16302
17036
16652
16045
16280
16166
16193
16260
16440
16268
16136
16563
16938
16889
16838
16547
16451
16719
16418
16280
16888
16472
16242
16411
16286
16617
16477
16469
16204
16231
16352
16588
16475
16539
16189
16500
16365
16283
16656
16182
16295
16151
16258
16313
16572
16524
17030
16585
16623
16792
16429
16659
16286
15960
16657
16090
15928
16328
16355
16514
16277
15865
16302
16330
16162
16181
16187
16242
16033
16723
16067
15711
15828
15781
15555
15436
15914
15793
15662
15907
15710
15718
15656
15789
15926
15771
15855
16042
15771
15889
16433
16737
16628
16781
16837
16442
16861
16511
16470
17153
16632
16445
16571
16120
16794
16480
16806
16554
16788
16454
17003
16653
16425
16630
16498
16624
16921
16455
16456
16992
17024
16931
17125
17039
16851
16864
16942
16886
16868
16853
17076
17020
16999
16827
16741
16731
17202
17004
16911
16672
16896
16632
16724
16716
17015
17149
17105
17198
16832
16795
17023
16584
16923
16848
16855
16875
16999
17027
16692
16670
16771
16882
16938
16672
16776
16654
16471
16812
16588
16880
16696
16639
16333
16629
16434
17168
17104
17183
17159
17252
17166
16576
16949
16854
16693
16786
16594
16678
16866
16382
16895
16733
17556
18168
18144
17244
16595
16762
17127
16949
16677
16669
17088
16794
16894
16655
16619
16598
16883
16544
16646
16843
16520
17040
16685
16802
17018
16965
17086
17357
16897
16559
16672
17194
16865
16685
17289
17384
16831
17714
17658
17381
17225
17411
17389
17423
17493
17328
17215
19138
21574
20899
21361
21030
21441
21188
22279
21825
18078
18151
18439
18497
17785
17306
18248
18334
17946
17119
17076
16809
17070
17120
17351
17025
17149
17157
17330
16902
17018
16544
16664
16840
16690
16950
16446
16568
16702
16608
16798
17190
17329
16576
17221
16692
16762
16972
16696
17199
16686
16910
16988
16808
16942
16590
17178
17366
17225
17183
17462
17312
17095
17251
17310
17390
16886
16941
17055
16933
17047
16912
17030
17308
17359
16786
17152
17076
16978
16633
16745
17063
16977
17333
17249
16909
17066
17020
17269
17260
17687
17777
17197
17464
18568
17803
17633
17366
17388
17497
17733
17912
17438
17130
16613
16775
16596
15530
15359
15773
15616
15324
15930
15981
15627
15872
15655
16015
16720
16278
16977
16598
16524
17202
17255
21742
18461
17637
17873
17730
18230
17920
18068
17837
17845
18226
18320
18047
16580
16073
16590
16183
16128
15979
15976
16151
16158
16202
15961
17437
15642
15741
15915
15591
15792
15998
16356
15891
16084
15874
16055
15472
16124
15660
15746
15550
15845
15365
15638
16102
16240
15992
16216
16503
16013
16209
16003
16050
16279
16306
15843
15723
16266
15855
16152
16242
15897
16626
15983
15888
15823
16172
16305
15711
16069
15483
15580
15202
15464
15093
15279
14931
15013
15000
15473
15527
15296
14708
15332
15224
15222
15116
14991
15244
15056
15089
15215
15120
15193
15081
14868
15035
15063
14756
15099
15094
14947
14932
14946
15270
15143
14819
15217
14859
15004
15110
17046
17224
17076
17339
17242
16726
17167
17349
15560
15008
15869
15590
15766
15657
15670
15630
16013
15714
15560
15761
15470
15448
15475
15401
15769
15649
15546
15394
15572
15497
15265
15689
15913
15398
16079
15940
15670
15553
16190
15890
16060
15803
15964
15767
16225
17536
16799
16613
16745
16575
16853
16831
16573
16374
16235
16086
16518
16266
16390
16442
16665
16262
16362
15696
16533
16321
16192
16328
16571
16503
16623
16519
16385
16676
17476
16067
16201
16360
16132
16471
16299
16235
16265
16406
16338
16567
16391
15844
15768
16158
16664
16600
16554
16220
16384
16095
15877
16025
16069
16102
16316
15696
16070
15756
15866
16722
15646
15655
15803
15783
16020
15637
15872
15842
15984
15434
16210
15892
16283
15993
15859
15906
16148
15455
16118
16068
16276
16235
16095
16494
17210
16398
16654
16428
16813
16980
16640
16709
16602
16535
16613
16266
16504
16461
16581
16603
16514
16152
16212
16616
16953
16412
16763
16737
16210
16475
16615
16810
17001
16638
16510
17067
16690
16839
16644
16690
16678
17420
16765
16885
17771
17440
17292
17028
16855
16704
17197
16781
17663
17044
16972
16796
17258
17136
16906
16931
16869
17179
16860
16927
17483
17408
16999
16999
17181
16794
17248
17344
16960
16732
16971
17113
16601
16803
17158
16712
16708
16587
16841
16625
16649
16880
16821
16815
16607
16773
17107
16980
16563
16932
17055
16975
17308
17156
17484
17629
17351
18371
17520
17937
18093
17315
17520
17667
17821
17398
17530
17698
17836
17823
17476
17363
16810
17123
17125
17011
17243
17139
16899
17039
16965
16859
16920
17339
17264
17283
16981
16991
16773
16970
17057
16825
16649
16648
18566
16856
16814
16484
16485
16668
16637
16833
16749
16702
16523
16641
16766
16396
16503
16888
16432
16500
16717
16552
16827
16592
16401
16527
16935
16602
16576
16612
16492
16740
16256
16383
16306
16297
16407
16186
16284
16239
16218
16016
16795
16325
16114
16496
16639
17009
58954
144692
138529
138150
137901
137260
138117
136020
137451
136714
137858
137992
137091
138262
136384
135198
136010
133050
136351
135844
136200
135693
134994
136591
137509
134419
137310
137575
137129
135137
42786
16621
16025
15681
16219
16302
16156
17227
15941
16184
16307
16272
15843
16374
16003
16007
16061
15974
15600
16087
15655
15878
15966
16212
16050
15938
15924
15787
15681
15850
15651
15678
15820
15704
16086
16394
19585
19507
19614
19172
19202
19621
19126
19011
18998
19374
18795
19209
19339
19203
19554
19093
19302
18474
17888
15970
16165
16352
15900
16107
15761
15828
15922
15468
15465
15697
15638
15587
16055
15833
15460
15374
15909
15650
15632
15372
15532
15391
15613
15571
15453
15338
15318
15380
15391
15497
15652
15376
15604
15495
15586
15228
15312
14986
14561
14748
14965
14501
14372
14614
14281
14767
14540
14508
14822
14744
14989
14436
14627
14665
14557
14589
14056
14424
13720
14085
14172
14311
14014
14420
14353
14253
14155
14046
14145
14014
14087
14049
14100
14704
14430
14374
14438
14084
14201
14115
13747
14441
14172
14207
14470
14625
14390
14330
14250
14515
14240
14282
14529
14069
14451
14181
14275
14575
14885
14306
14158
14744
14838
15358
14669
14759
14770
14612
15049
15321
15128
14751
15069
14926
14749
14690
14768
15309
14672
14622
14428
14484
14670
14419
14768
14818
14780
15623
14811
15458
15461
15223
15467
15385
15547
15400
15376
15214
15111
14879
15007
14917
14901
15073
15186
14912
14923
15080
15255
15282
15079
15047
13368
13409
13590
14228
14833
15140
13796
13041
13604
13471
14596
14959
15628
16091
16203
16069
16612
16481
16446
16874
16525
16992
17532
17377
17387
16903
16799
17059
16912
17350
17418
17082
18065
19329
18846
18304
19256
19105
19032
19755
18746
17194
16822
16906
17166
16974
17578
17536
17254
19727
19757
19571
20017
20256
20190
19666
19797
17516
17083
17299
17086
17387
17140
16962
17148
17001
18082
17124
17761
18615
17505
17134
17982
17489
17460
17710
17268
17634
17281
17838
17400
17416
17095
17359
17182
16873
17620
16894
17023
16716
16807
16248
17180
16808
17085
16804
16945
17329
17059
17334
17214
17750
17195
17495
17337
17152
17380
17058
17138
17469
17127
16853
16970
17676
17216
16962
17388
16866
16646
18268
16488
16565
17023
16167
16585
16666
16159
15504
15103
15163
15283
15242
15533
15855
15359
15461
15364
15894
16034
15706
15492
15481
15443
15251
15605
15877
15756
15499
15611
15822
15543
15834
15709
15761
16077
16020
15159
15815
15433
15772
15228
15857
15550
15291
15442
15486
15475
15966
15456
15505
15379
15253
15384
16524
15492
15661
15600
15882
15592
15580
15414
15437
15392
15607
15730
15768
15637
15316
15016
15040
14940
14972
15327
14898
15022
15224
15174
15018
15037
15006
15293
14983
14940
14901
14831
15060
15482
15458
14912
15296
15205
15001
15229
15336
15943
15286
15666
15651
15171
15272
15636
15494
15509
16625
16242
15504
15377
15359
15377
14992
14958
15112
14933
14872
15146
15103
15035
15170
15683
15065
15189
15284
15711
15444
15821
15548
15902
15532
15559
15525
15338
15263
15506
15465
15633
15541
15615
16063
16058
15476
15684
15436
15607
15572
15525
15823
17871
16049
15911
15621
16031
15869
15856
15720
15691
16271
15754
15733
15476
15267
15624
17087
19763
19953
19838
19361
20025
19546
20766
20844
17525
17365
17678
17410
17354
17421
16586
15438
15296
14731
15035
14644
15082
14469
15034
14524
15007
15214
15339
15299
16121
15164
15870
14748
15501
14809
14774
15508
15297
15338
15462
15396
15172
14978
15632
15534
15427
15665
15843
15465
15579
15760
15621
15343
15415
15216
15461
15766
15192
15591
15746
15973
15409
15802
15512
15766
15693
15466
15263
15198
15355
15257
15269
15264
15441
15550
15963
15872
15536
15193
16026
15458
15736
15612
15590
15702
15806
15468
15302
15472
17020
15540
15154
15381
15592
15838
15713
15612
15440
15367
15285
15277
15221
15378
15234
15197
15495
15822
15620
15549
15641
15931
15899
15833
15398
15909
15500
15850
16113
15594
15518
15537
15725
15639
16045
15957
15943
15602
15383
15554
16453
16318
16282
16790
16696
16435
16705
16405
15810
15935
16513
15984
16008
16449
15829
16402
16644
16166
16440
16449
16840
16605
16730
16590
16318
16333
16456
16274
16102
16136
16014
16279
16490
15667
15897
15723
15828
15697
16109
15812
16327
16761
16175
16284
16755
16402
16688
16332
16138
16342
16550
16257
16179
16044
15942
15646
16084
16174
15716
15990
15498
15448
15205
15636
15826
15517
15524
15548
15481
15308
15136
15130
15382
15164
15362
15619
15688
15616
16099
16127
15656
15762
15993
16117
16078
16424
15875
15888
15913
15926
16208
16334
16181
15767
15432
15623
16093
15853
15717
15821
16126
15852
16280
16324
16216
16338
16245
16330
16303
15988
16617
16221
16412
15514
15911
15862
15929
16186
15643
15415
15803
15747
15976
15916
16016
15670
15628
15543
16198
15778
15678
15817
15853
15191
15743
15152
15327
15331
16026
15818
15495
15267
15471
15565
15142
15333
15433
15531
15395
15281
14963
15409
15249
15197
15157
15743
15047
14630
14507
14942
14690
14737
14850
14857
15092
15235
15132
14710
14860
15561
14652
14734
15008
15036
14918
14677
15355
15062
15104
14864
14990
15467
15748
15265
15066
14894
15348
15115
15253
15310
15597
15717
15910
15396
15475
15821
15524
15837
15232
15545
15001
15418
15161
14998
15032
15181
15810
15367
15443
15531
15249
15018
15302
15086
15138
14982
14606
14823
14779
14628
14734
15030
14877
14987
14902
14966
14769
14883
14534
14575
14713
14607
14564
14407
14508
14632
14912
14608
14704
14552
14486
14477
14267
14215
14474
14369
14417
14332
14668
14714
14459
14253
14156
14440
14552
14368
14472
14482
14333
14398
14527
14273
14331
14392
14227
14059
14146
13905
14082
13970
13892
13796
13948
13841
13857
13999
14131
14280
14001
14080
14232
14195
14330
14138
14107
14151
14322
14073
13781
14169
13850
14208
14318
13922
14378
14148
14328
14163
13899
14071
14179
14539
14425
14136
14357
14714
14578
14003
14328
14472
14704
14465
14781
14887
14484
14400
14236
14495
14570
14728
15036
15019
14815
15198
14927
14871
14929
14798
14933
15215
14836
15364
14678
14908
15024
14567
14257
14546
14434
14558
14695
14641
14850
14896
14695
15166
15195
15064
16350
14628
15996
15860
15876
15956
16026
16127
15830
15639
15542
15369
15481
15548
15716
15838
16012
15930
15844
15038
15169
15091
15007
15237
15058
15146
15130
14934
14795
15014
16180
14922
14935
15176
15778
15223
15506
15296
15551
15852
14594
15456
14766
15535
14906
15246
15399
15602
15085
15303
15534
14968
15121
15096
15477
15305
15419
15380
15766
15004
14980
16411
15450
15363
14925
15045
15083
15343
15230
14868
14842
15065
14941
14602
14843
14742
14678
15025
14713
14864
14489
14118
14331
14743
14534
14456
14476
14505
14287
13810
14423
14330
14074
14357
14691
14391
13915
14070
14433
14052
14277
14197
14276
13863
14689
15219
14938
15116
14865
14123
14481
14781
14080
14139
14766
15093
14607
14641
16581
14880
14623
14570
14289
15051
14757
15037
14376
14850
14765
14682
14474
14221
14524
14414
14497
14766
14915
14647
14228
14806
14044
14527
15108
14771
14345
14665
15117
14912
15062
15079
15081
15238
14821
15124
15207
14590
14937
15092
14659
14798
15004
14437
15295
15791
15181
15429
15361
15348
14869
15149
14920
14748
15157
15754
14856
14929
14841
15087
14858
14695
15787
15048
15619
15436
15328
15327
15184
15046
15233
15335
15434
15590
14818
15013
14843
15403
15047
15097
15183
15318
15059
15008
15370
14888
14626
14858
14899
14849
14598
14654
15050
15494
15649
15476
15429
15102
15059
15643
15077
15570
15048
15625
15754
15702
16496
16255
17100
16017
16038
15014
15198
16185
16650
15543
15359
14997
14983
14742
14971
15146
15601
14807
15087
15282
15169
14864
14976
15736
15226
15214
14960
15474
15562
15082
15466
16012
15894
15928
15394
15760
15597
15125
15183
15193
15414
15465
15254
15139
15157
15655
15848
15697
15723
15054
15059
15636
15289
15161
14964
15975
16105
16363
15987
16586
16957
16733
16622
16419
16367
16090
16775
16805
16898
16854
16573
16158
15981
16544
16225
17020
16225
15935
16129
15528
15517
16312
16760
16146
16774
16334
16032
16192
16270
16677
16678
16478
16002
16609
16648
16964
16149
17464
16536
16895
16196
15934
16411
16049
16432
16435
16693
16790
16328
16424
16748
16404
17176
17466
18218
16818
17503
17273
17505
16910
16164
16957
15240
16885
16987
16356
15422
16072
15114
15841
14942
15475
14749
15725
14790
14807
14630
14278
14871
14773
14869
14284
14656
14470
14210
14442
14379
14202
14635
14883
14173
14262
14569
14532
14525
14034
14086
14704
14322
14434
14964
14974
14425
14162
14111
15088
14660
14567
14431
14407
14585
14660
15194
15544
14851
15053
14707
14538
14549
14362
14967
14573
14212
14450
14665
14415
14123
14109
14208
14638
14722
14531
15090
14621
14180
14150
14833
14314
14331
14177
14754
14895
14810
15057
15498
15042
15309
15559
16048
14875
15521
14887
14930
15300
15023
14693
14927
15064
14713
15279
14950
14751
14455
14551
14680
14694
15004
14918
14846
14656
14922
15692
15240
15612
16200
15547
15523
15316
15824
15696
15275
16284
16337
15852
15682
15610
15536
16432
16446
15647
16171
16638
15876
15839
16067
15478
15465
15615
15291
14879
14936
15163
15217
15551
15535
15514
15766
15610
15652
15341
15862
15455
15529
15387
15599
15507
15415
15709
15463
15822
15448
15682
15741
15515
15789
15722
15648
16158
15939
15741
15973
16385
16629
16409
16172
16697
16158
16701
16183
16079
15915
17153
15777
15739
15375
15985
15672
15615
16186
15731
15961
15945
15377
15336
15016
14619
15164
14879
15297
15134
15056
15427
15497
15229
15348
15537
15602
15208
15184
15432
15254
15789
15227
15458
15652
15500
15564
15506
15164
15616
15442
15403
15475
15581
15301
15593
15531
15840
15352
19279
14789
15096
14872
15130
15114
15242
15585
15518
15300
15559
15494
14869
15203
15173
15175
15306
15659
15428
15022
15209
14632
14603
14784
14615
14734
15099
14993
14932
15227
14779
14872
14982
14410
14596
14508
14296
14373
14459
14482
14513
14536
14563
14417
14602
14884
14629
14793
15021
14816
15089
15001
14833
15010
14907
14703
14558
14980
14838
15377
14717
15353
15341
15064
15385
15255
15307
15312
15008
15087
15150
14741
14912
14846
15236
14886
15247
24676
14894
15413
17711
15090
14707
14766
14836
14667
15977
14798
14622
15173
14665
14708
14717
14835
14808
14399
14670
15633
15481
15239
15028
15928
15378
15317
15848
15336
16182
15330
15805
16100
15925
15810
16042
15957
15798
16001
15592
15771
15603
15878
15557
15510
16040
16028
16006
16489
16356
16239
16173
15899
16651
15929
16158
16281
16289
15918
16378
16075
16181
15742
15990
15987
15905
15960
15594
15926
16121
15744
15790
15457
16046
15805
15471
15832
15997
16348
16165
16404
16453
16037
16426
16167
16931
16493
16769
16161
16584
16131
15914
16453
16220
16118
16163
16430
16721
16575
16251
16321
16318
16679
16390
16299
16343
16434
16106
16676
16323
16074
16041
16166
16034
15605
15685
15544
15600
15595
15462
15925
15937
15527
16015
15783
15980
15579
15652
15459
15070
15511
15557
15175
15512
15132
15427
15158
14977
15332
15175
15141
15245
15416
15399
15400
15398
15487
15253
15462
15421
14890
14967
14999
14774
14767
14841
15233
15133
14987
14778
14697
14352
14569
14704
14335
14705
14180
14467
13831
14229
13786
13894
14867
14957
14345
14608
14368
14002
13961
13694
13506
14079
13972
14108
14312
14018
14416
13911
14117
13858
13634
14026
13817
13671
14187
13933
13682
13828
14332
13753
13918
13962
13820
13265
13785
13689
13847
13764
13319
13641
13505
14522
17042
17212
17017
16231
13523
13574
13596
13648
13675
13943
13553
13596
13513
13993
13500
13512
13686
13735
13449
13897
13716
13512
13457
13451
13126
12992
13230
13493
13702
13605
13903
13930
13375
13377
14331
14091
14371
14137
14565
14140
13992
14417
14058
14610
13901
14199
15193
14351
14496
14891
14728
14842
14304
13933
14119
13125
13890
13765
13241
15897
13755
13700
15998
18147
18130
18526
17869
18303
17987
18183
16457
13596
14007
14106
14656
14148
14041
13944
13972
13772
13893
13699
13673
14328
13606
14099
14093
13858
14225
14265
14126
14198
14061
14136
13697
13937
13918
13824
14079
13569
13527
13805
13503
13162
13364
13345
13417
13347
13064
13135
13444
13376
13583
13798
13378
13447
13246
13424
13544
13202
13547
13607
13318
13604
13538
13724
13313
13455
13280
13300
13315
12916
13016
13321
12977
13040
13091
13291
13556
13585
13735
13324
13482
13339
13437
13463
13467
13127
13305
13304
13221
13356
12995
13247
13297
13373
12827
13039
13326
13406
13148
13289
13691
13606
14097
13816
13652
14014
13374
13898
13673
13127
13502
13526
13653
13361
13307
13446
13407
13588
13786
13860
13688
13188
13857
13588
13877
13523
13756
13577
13875
13763
13848
13848
13846
13655
14016
13890
14123
13900
13954
13977
13776
13773
13696
14072
13676
13765
13298
13743
13502
13814
13507
13425
13636
13916
13952
14488
14412
14157
14403
14699
14259
14527
14085
14324
13955
13875
14229
14142
14017
14086
14138
14199
14302
14215
13993
13852
14014
13972
14169
14135
14084
14127
14280
14193
14164
14270
14820
14175
14248
14475
14802
14541
14327
14451
14477
15012
14466
15002
15364
14686
14782
14798
14818
15050
14566
14624
14758
15112
15252
15100
15343
14661
14791
14651
15480
16132
15806
15720
16094
16043
16027
15680
15802
16045
16118
16007
15919
16034
16159
16083
15931
16340
16194
16483
16250
15857
16179
16260
15708
14995
14945
14719
14718
14405
15063
14878
14462
15314
14957
14602
15048
14844
15151
14700
14774
15417
15306
14966
14957
14670
14734
14980
14610
14428
15018
15343
14681
14659
14880
14623
14916
14896
14478
15238
14490
15027
14767
14340
14975
14850
14249
14401
14094
14362
14484
14829
14528
14515
14916
14718
15400
14987
14801
15065
15193
14847
14523
14602
14817
14549
14583
14738
14452
15064
14198
14753
15005
14750
14199
14306
14308
14069
14101
14487
14156
14214
14357
14639
14750
14359
14505
14811
14731
14452
14567
14452
14492
14759
14609
14138
13811
14282
14200
14231
14240
14713
14735
14730
14733
14485
14670
14878
14768
14670
14794
14603
14645
14579
15391
15412
15175
15188
15290
14906
14943
15118
14937
15254
15094
14877
15195
15280
15121
15081
14923
15198
15465
15321
15155
15251
15362
15547
15620
15597
16064
16381
16643
16135
16014
16243
16625
15808
16169
16129
16678
16003
16292
15920
16763
15760
15583
16192
16319
16284
16160
17287
16426
18191
16405
16555
16449
16762
16261
16479
16237
16273
16190
16393
16703
16385
16564
16155
16294
16443
16276
16804
16015
16308
15572
16000
15761
16417
15602
15679
15948
16072
16064
16581
15975
16157
16273
16424
16280
16028
16160
16130
15969
16725
15907
15511
16551
16353
15925
15731
15834
15847
15914
16112
15972
15986
15913
15465
15363
15433
15484
15485
15844
15398
15724
15148
15108
15199
14883
14688
14422
14542
14642
14712
14918
14811
14730
14756
15090
14624
15023
15091
14781
14868
15161
15145
14808
15192
15071
14680
15335
14937
15170
15119
15352
14945
15353
14742
14954
14530
14618
14367
14533
14300
14204
14389
14357
14446
14228
14192
14013
14013
14175
13624
13568
13733
14004
13880
13851
14109
13736
14211
14251
14526
14119
14624
14382
14467
14178
14846
14390
14309
14254
14330
14081
14403
14442
14608
14224
14404
14405
14186
14324
14863
14512
14404
14315
14205
14677
14008
14100
14131
14105
14335
14226
13705
13932
13719
13927
14066
13752
13880
13761
13521
13035
13204
13101
13295
13366
13382
13137
13351
13620
13266
13374
13693
13612
13924
14008
14119
13920
14166
14000
14172
13524
13891
14360
13867
14124
14347
14876
14716
14334
14499
14779
14629
14602
14315
14508
14375
14262
14368
14458
14779
14389
13625
13796
14201
13564
14148
13548
13504
13916
14413
13596
13441
13256
13375
13296
13250
13480
14012
13543
14324
13861
14215
14342
13827
14016
14262
14472
14091
14369
14546
14798
14738
14219
13858
14223
14457
14130
14257
14109
13768
14294
14323
14432
14298
14021
14357
14139
14233
14152
14175
14257
14271
14689
16736
18306
17699
18045
16630
13821
14266
14428
14862
13936
14056
13816
13680
13756
13929
13723
14091
14195
13878
13798
15188
13670
13694
13785
13779
13896
13763
18307
18251
17898
18010
17937
17805
17662
18130
14267
13800
13763
13658
13704
13753
13749
13829
13465
13876
13543
13837
13849
13865
13829
14365
14259
14205
14301
14020
14343
14489
14195
14249
14450
14467
14418
14628
14474
14330
14678
14634
14077
14038
13640
13537
13696
13440
13864
13475
13933
14084
14495
13916
14335
14180
14488
14484
14280
14267
13885
14046
13496
13805
13583
13501
13515
13353
13467
13286
13523
13802
13845
13912
13701
14049
13927
14103
13898
14065
14612
13987
14065
14224
15040
14285
14943
14839
14550
14305
14943
15108
15426
14998
14759
14622
15062
15046
14867
15275
14387
14520
14052
14467
14707
14082
14143
14428
14332
14200
14178
16025
15441
14950
14967
15245
15089
14878
14220
14303
14581
14490
14211
14100
13820
13875
13850
14131
13684
13947
13868
14037
13705
14315
14313
14200
14698
14592
14327
14531
15089
15420
14607
14088
14467
14489
14360
14407
14705
14625
14586
14750
14537
14578
14517
14344
14535
40342
33350
25553
43968
39904
25516
21390
20802
14731
35706
33300
28053
23318
21332
14954
14637
14955
14626
14807
14012
14422
13964
14669
14501
14460
14502
14553
14652
14132
14546
14440
14346
14172
14007
14332
14558
13956
14347
14365
14265
14248
14327
14253
14433
14348
14325
14655
14882
14383
14287
14150
14184
14326
14068
14427
14075
14314
14402
14451
14146
14605
13922
14370
14570
14879
14085
14303
18508
14353
14771
14168
14674
14513
14666
14370
14371
14140
14002
14074
14042
13951
14674
14831
14720
14918
14795
14694
14581
14653
14548
14498
14434
14908
14509
14337
14319
14569
14971
15114
14725
14989
14980
14768
14520
14952
14678
15056
15092
14484
14480
14839
14742
15161
14809
14833
14901
14768
14553
15102
15063
15155
16023
15522
15483
15356
15200
15482
14887
14861
15285
16043
14854
14932
14752
14872
15027
14679
14962
14455
14776
15731
14467
14947
14949
14960
15332
15317
15232
15355
15048
15416
15210
15349
15588
15251
15692
15285
15152
14884
14694
14780
15089
14437
14055
14159
14562
14898
14945
14792
14989
14510
14878
15157
14423
15158
14935
15461
15008
15298
15762
14908
15128
14743
15359
15022
15170
15278
15265
15085
15510
15985
15836
16125
15858
16167
16119
16418
15865
16188
17071
16608
15930
16616
15820
15728
15687
15991
15993
16297
16244
16174
15612
15053
15220
14864
15227
15480
15738
15596
15448
15899
15534
15237
15214
15131
15358
15638
15056
14550
14602
14127
13848
13766
14401
14253
14009
13953
14428
14154
13990
14425
14091
13920
14570
14396
13791
13915
14038
13991
14062
14332
14524
14909
14976
14928
14968
14735
14899
14820
15519
14757
14794
15172
15026
14862
15013
15111
14884
15341
15046
14985
15264
14628
14391
15271
14991
14758
14719
14944
14581
14869
14671
14933
14715
14832
14914
16425
15988
15452
15183
15338
14944
15019
14849
14989
14836
14811
14832
14911
15337
15037
15222
14890
15114
15050
14862
14858
15275
14808
14543
13380
13350
13725
13340
13835
13458
13610
13402
13339
13409
13346
13281
13321
13185
13365
13469
13463
13397
13544
13397
13440
13509
13473
13602
13911
13681
14141
14128
13850
13718
13899
13791
13855
13877
14040
13982
13966
13933
14143
14219
13985
13911
13776
13861
13903
13897
13606
13902
13575
13924
13675
13649
13415
13730
13644
13462
13609
13268
13402
13861
13444
13312
13717
13887
13838
14117
14101
13563
14426
13690
13878
14390
13711
13913
14087
14025
14135
14033
13878
11581
13940
13697
13688
14008
14123
13981
14018
13350
13678
14027
13709
13900
14138
13619
13834
14094
14701
14101
14031
13585
13874
13317
13267
13880
13119
13225
13217
13944
13164
13347
13570
12879
13329
13066
13383
13449
13355
13890
13725
14171
13841
13864
13972
14099
13939
14115
14082
14392
14150
14218
14304
14232
14214
14522
15828
14269
14302
14225
14452
14124
14185
14264
14227
14135
14232
14458
14423
14357
14486
14371
14278
14244
14079
14204
14369
14241
14206
14197
14277
14325
14380
14435
14621
14559
14589
14897
14569
14479
14664
14684
14968
14689
14486
14325
15454
16255
16035
16680
16164
16063
16329
16341
16391
16075
16365
16230
16102
16300
16009
16210
16364
17716
17470
17335
17177
17676
17509
17685
17549
17236
17170
17286
17129
17329
16881
16747
17010
17295
17050
16905
17621
17358
17558
17084
16484
15723
15805
15907
15849
15800
15965
15797
15891
15989
15769
16131
15978
15958
15780
16214
16283
16195
15930
16060
16064
16141
16886
16062
16060
16037
16451
16024
16449
16108
16078
16717
16388
16736
16528
16462
16984
16973
16598
16488
16288
16346
16125
16289
16516
16280
16490
16548
16580
16245
16412
16358
16109
15983
15852
16428
15752
15580
16374
15568
15736
15562
15659
15988
15764
15887
15738
16050
16290
15768
15685
15871
15667
15709
16100
15708
15749
15855
16038
16071
15834
16015
15667
16237
16077
15739
15784
15552
15964
15678
15709
16321
15929
16066
16554
15932
16435
16313
15548
16030
15777
15621
15419
16015
15777
16004
15812
15743
15637
15700
15816
15450
15328
15488
15922
15717
16235
15657
15473
14759
15214
15426
15357
15153
15400
15556
16015
16550
16782
16695
17282
16423
16675
16908
16659
16481
16332
16885
17111
16778
16948
17372
17172
17192
16057
15973
15806
15778
15921
15821
15508
15940
15359
15643
15825
15760
15647
15718
15597
15825
16112
15687
15694
16183
15889
15867
15573
15284
15323
15395
15380
15636
15709
15558
15633
15364
16044
16205
15590
15855
15452
15685
15817
15461
15615
15551
15305
15405
15314
15359
15231
15537
15369
15662
15750
15464
15453
15609
15441
15254
15269
15292
15883
15393
15119
14966
15326
15216
15532
15436
15406
15255
15508
15520
15528
15270
15138
15042
15560
15936
15565
15230
15022
15420
15942
15578
15626
15702
15346
15473
15901
15879
15752
15436
15312
15404
15613
15648
15503
15833
15603
15149
15519
15849
15256
15632
14967
15081
15095
15100
15259
15150
14795
15091
14913
15245
14947
14902
15681
15223
15229
15122
15010
15147
15237
15033
15112
15052
15019
15204
15747
13975
14198
13958
14211
14301
14897
14369
14364
14740
14971
13953
14688
14709
14666
14630
14487
14922
15638
14519
15119
14757
14683
14868
14875
14615
14618
14530
14489
15091
15136
15012
15234
14965
15139
15282
15098
15026
15466
15237
16007
15906
14805
15963
14879
15141
15155
15175
15048
15623
15562
15678
15538
15107
15179
15576
15473
15010
15699
15333
15499
15456
15403
15007
15344
15085
14896
14842
14918
15442
14801
14761
14796
14970
15664
15669
15820
16242
15166
15257
15413
15028
15309
15801
15411
15651
15587
15947
15387
15656
16053
15695
15754
15067
15770
15477
15106
14528
14624
14331
14441
14924
14659
14734
14844
14567
14299
14628
13962
14293
14372
13809
14270
13946
13951
13796
13608
13866
14081
13824
13870
14508
13791
13727
14136
14037
13294
13542
13550
13343
14054
13563
13737
13573
13809
13750
13401
13172
12930
12898
13144
13885
13597
14119
13483
13141
13483
13583
13059
13439
14035
13560
13959
13599
13591
14149
13945
14245
14112
14488
14409
14764
14674
14760
14322
14385
14439
14752
14779
14393
14409
14778
14460
14629
14487
14580
15692
15422
15248
15523
15282
14288
13827
13705
13484
13825
14128
13711
14300
13802
13908
14428
14194
14500
15087
14803
14822
14910
15143
15321
15139
15518
15176
15043
14750
14782
14848
15198
15757
15179
15189
15014
15193
15592
15255
15674
15957
15565
15449
15344
15457
15210
15586
15217
15391
15233
15333
15262
15060
15245
15213
14776
15301
15228
15011
14554
14754
14957
14411
14387
14539
14455
14739
14476
14524
14616
14590
14127
14598
14126
14442
14354
14542
14455
14507
14510
14464
14282
14504
14324
14150
14798
14408
14641
14570
14308
14275
14238
14117
14095
14591
14333
14309
14428
13773
14092
14834
14183
13824
14335
13998
13859
13865
14065
13947
13835
13870
14115
14108
13657
13957
14259
14077
14019
13591
13782
13826
14242
13781
13725
13433
14148
13709
14289
14373
14649
14300
13887
13917
13846
13848
14381
13636
13321
13228
13258
13266
13120
13043
12960
13086
13520
12978
12937
12898
12701
12785
12964
13105
13073
13021
13127
13234
13150
13109
13143
13399
13387
13235
12913
13122
13102
13296
13162
13334
13125
12997
12776
12935
13025
13195
12952
12993
12907
13043
12803
12749
12741
12724
12769
12844
12779
12964
12968
12713
13056
12738
12819
12596
12763
12706
12799
12958
12755
12837
13032
12731
12800
12731
12836
13130
13191
13250
13177
13322
12902
12921
12770
13186
12860
12910
13058
12759
12932
12977
13142
13004
13089
12784
13235
12997
12941
13015
12943
13039
13177
13112
13203
12975
13092
13072
13253
13182
13183
13044
13237
13041
13215
13402
13372
13383
13186
13459
13742
13852
13928
13695
13957
13546
13900
13748
14039
13225
13622
13699
13531
13334
13829
13364
13150
13478
13479
13642
13610
13760
13778
13746
13653
13393
13431
13449
13572
14154
13658
13473
13509
13335
13641
13603
13462
13268
13826
13366
13322
13734
13591
13603
13406
13944
13621
13340
13386
13376
13308
13682
13477
13538
13468
13323
13770
13751
13540
14070
14024
13540
13806
14053
13878
13294
14066
13694
13531
13335
13660
13312
11096
13601
13445
13261
13333
13268
13783
13458
13697
13727
13388
13630
14112
13884
13667
14393
14080
14198
14613
14137
14889
13906
13970
13890
13713
13920
13966
14653
14620
14189
14056
14064
14548
13970
14308
14054
14065
14062
14187
15380
14384
14076
14148
14483
14305
13967
14137
14472
14349
14066
13939
14033
13809
13878
13989
13966
15204
14908
14712
14893
15083
16346
18478
18367
18800
18675
18964
19229
19118
19417
15171
15520
15556
15460
15097
16474
15748
15750
15865
15669
15508
15454
15492
15621
15220
15562
15714
15316
15713
15194
14898
14853
15032
14840
14660
14359
14200
14304
14310
14440
14388
14546
14594
14465
14389
14461
14667
14569
14595
14252
14688
14808
14805
14742
15650
14827
16931
17997
17894
18131
17783
18022
17696
17822
15693
14046
14007
14046
14234
14378
14085
13886
14099
13911
13826
14344
13494
13834
13925
13911
13608
13805
13747
13798
14169
14124
14814
14540
14880
15018
15001
15543
14327
14992
14340
13989
14755
14863
14955
13457
14537
13672
13655
13988
13345
13724
13627
14169
14077
14025
13942
13827
14100
14371
14179
14663
15067
14556
14853
14560
14656
14755
14577
14765
14388
14921
15276
14734
14600
14995
15078
15011
14849
14738
14976
14600
14716
14825
15005
14939
14768
14751
14805
14764
14931
15558
14625
14240
15175
14810
14598
14387
14926
15335
14375
14536
15042
14885
15062
14672
14710
14859
15531
15300
15028
15042
15102
16532
15226
14546
15062
14848
14508
14819
15143
14773
14534
14513
14753
14675
14803
14944
14605
15449
15756
15082
15238
15711
15621
15927
15641
15740
15826
16512
16391
17993
15921
15800
15903
15190
15712
15301
15517
15607
15788
16642
16500
16143
15970
15798
15783
15894
15629
15676
15894
15852
15607
15327
15773
15640
15851
15450
15435
15142
14886
15227
14773
14692
15140
15065
15337
14989
15262
15037
15079
15161
15647
15569
15917
15635
15826
15518
15263
15504
15294
15083
15361
15577
15391
15531
15345
15300
15184
15861
15367
16135
15089
15057
15554
15081
15066
15024
15043
15207
15299
15669
15599
15626
15489
15627
15025
15461
15943
15676
15525
15427
15644
15635
15383
14905
15468
15407
15431
15823
15480
16117
15792
15462
15578
15507
15211
15326
15384
15676
15521
16427
16298
16000
16111
16043
16310
15996
16312
16171
15861
16239
16212
15933
16394
16193
16117
15998
16668
16840
16866
16879
17233
16690
16784
16595
16921
16927
16457
16737
16631
16968
17669
17831
16792
16971
17231
16986
17128
17253
17047
17385
17325
17835
17497
17559
18370
18187
17588
17567
17946
17782
17573
17440
17663
17807
17784
17671
17450
17655
17631
17425
17567
17556
17441
17442
17531
17830
18038
18088
17676
17840
17508
17997
18031
16882
16393
16833
17030
17029
16863
16926
16864
16797
16725
16966
16811
16608
16276
16277
16039
16350
16681
16195
16217
16178
16189
16241
16431
16245
16360
15950
16199
16264
16058
16034
15856
16203
16437
19220
19826
20408
20490
20340
20203
19908
20526
18384
16078
16218
40872
24009
16007
16951
16257
16276
16393
16093
16556
16463
16410
16646
16255
16714
16237
16251
15953
16198
16229
15710
17554
17989
17656
16737
16824
16987
16785
16385
16524
16637
17102
16555
15492
14839
15107
15173
15567
15298
16405
14887
15191
14702
15181
14976
15475
14677
14883
15095
15050
14803
14786
15037
15502
14692
14871
14926
14898
14625
14706
15061
14562
14410
15347
15234
14719
14733
14621
14761
14860
14656
14815
14806
14754
14624
14653
14794
14729
14693
14603
14705
14845
15059
14756
14887
14837
14779
15220
15172
15199
15213
15097
14978
15453
15515
15259
15356
15828
15831
15671
15746
15386
16007
16191
15649
15523
15854
15495
15540
15533
15698
15285
15500
15656
15413
15515
15503
15485
15677
15254
15447
15251
15308
15817
16047
15880
15500
16304
15883
16106
15902
16291
16456
16267
16384
16405
16418
16506
16888
17217
16667
16983
17162
16958
17421
17114
17052
17007
17018
17299
16937
16870
16942
17134
16647
16983
17155
17138
16987
17037
17225
17294
17044
17045
16977
17721
17215
16905
17102
17314
17028
17528
17554
17252
16977
17167
17183
17364
17265
17326
17512
17701
17000
17301
17807
17235
21176
17864
17391
17576
17923
17509
17467
17170
17462
16989
16937
16999
17224
16850
16714
16708
16936
17014
17545
16733
16964
17012
17062
17162
17364
17340
16773
17718
16874
16882
17107
17029
16994
17012
17313
17097
17510
17300
16799
16833
16895
16769
17130
17148
17516
17558
17381
18874
17574
17650
17387
18016
17478
17594
17399
17455
17522
17596
18333
18781
17436
17449
17643
17345
17088
17835
17637
17917
17255
17309
17873
17066
17396
17369
17446
17221
18197
17920
17343
17483
17435
17469
17395
17179
16588
16411
14648
14867
15024
14537
14881
14737
14483
14130
14767
14451
14266
14559
14815
14678
14273
14615
14599
14408
14341
14255
14251
14450
14487
14289
14672
14285
14109
14560
14655
14587
14504
14517
14555
14768
14536
14722
14822
14471
14970
15198
15328
15465
14706
14774
14950
14537
14623
14637
15124
15239
14933
15209
15128
14810
14836
14789
14975
15231
14780
14952
15039
15149
14817
15021
14654
14562
14773
14856
15357
18811
14487
14475
14587
14661
14757
14570
14755
14608
15038
14639
14710
14806
14943
14680
14767
14828
14806
15158
15334
14696
14868
14751
14858
15004
14763
14773
14610
14748
14769
14940
15217
14769
14784
14796
14913
15054
15212
14668
14478
15235
14713
14782
14493
14682
14571
14598
14323
14271
14621
14411
14276
14358
14363
14529
15171
14650
15326
14321
14947
14445
14578
14718
15008
14432
14453
15064
14880
14552
14573
14418
15585
15079
15450
14489
14712
14642
15294
14451
14796
14920
15032
14684
14990
14646
14879
14837
14883
14844
15260
15276
15220
15452
15097
15442
15376
14807
14646
15089
15302
14988
14575
15093
15296
14516
15052
15029
14720
14983
14521
14337
14479
15852
17022
17440
17902
16892
14609
15030
14980
15297
14948
14823
14990
14851
14928
14806
14627
14478
14682
14362
14656
14617
14538
14210
14447
14830
14303
14575
15050
15728
14756
14999
14710
14879
14733
14678
14763
14780
14899
14323
14541
15048
14884
14755
15028
14764
14851
15045
14911
14818
14661
15212
14463
14465
14585
14571
14275
14648
14696
14636
14372
14358
14173
14258
14403
14287
14385
14192
13866
14370
14017
14413
14287
14571
14702
14325
14611
14381
14531
14921
14649
15033
14790
14767
15028
14968
14911
15181
14772
15321
14988
14966
15755
15274
15514
15176
15443
15319
15337
15993
16052
15884
15622
15364
15380
15931
15089
14998
14776
14878
15065
14987
14408
14773
14515
14549
14876
14375
14290
14251
13925
14483
14563
14507
14645
14664
14710
14525
14581
14624
14696
15036
14791
14712
14492
14409
14560
14305
14661
15073
14999
15137
15267
14798
14468
14626
14449
15130
15455
15229
15441
15449
16156
16377
15943
15556
15814
15626
15358
15406
15378
15492
15150
14973
15062
14990
14840
15031
14854
15114
15131
15025
15121
14805
15072
15308
15086
15274
15460
15450
15997
16183
16040
16375
16586
15774
16128
15474
15625
15037
15286
15788
15694
15282
15504
15265
15581
15874
15757
15886
15911
16493
15775
15766
15931
15631
15354
15110
15349
15054
15118
15685
15359
15776
15991
15267
15564
15714
15496
15682
16237
15890
16104
16394
16743
16392
18822
17104
16860
16692
16630
16083
16457
16351
15784
16073
16063
15800
15763
15567
15514
15542
16361
16323
15683
16317
15928
16181
15786
16213
15959
16289
16187
16115
16288
16171
15632
15643
16165
15713
16262
15945
16264
15758
15747
16449
16368
16003
16264
15893
15407
15437
15508
16121
15344
16021
15372
15326
14942
15322
15386
15294
15171
15467
15084
15301
15360
15485
15584
15473
15355
16307
16065
16142
15869
15762
15855
16246
15425
15677
15802
16022
15817
15483
15704
15763
15789
15711
15867
15879
15959
15730
15308
15558
15470
15850
15557
15419
15178
15018
15304
15509
15143
15546
15705
15546
15397
15405
15444
17820
19695
19306
19559
19906
19606
19302
19652
17617
15886
15338
15476
15409
15273
15106
15283
15109
15178
15305
15454
15496
15685
15517
16031
15521
15258
16044
16079
15063
15445
14988
15236
15175
14935
15073
15069
15055
15022
14958
14952
14870
14725
14695
14753
14540
15097
14936
14992
15077
14953
14988
14908
15585
15272
15224
15051
14775
15055
15186
14996
15153
15081
15257
14851
14725
14675
14993
14651
15265
15112
15032
14816
15187
14641
14703
14939
14804
14979
14822
14922
15382
15421
14839
15323
15334
15395
15780
16302
15901
15806
16020
16086
16012
16371
16560
16041
16684
16490
16933
16530
16605
16616
16681
16304
16495
16572
16580
16575
17097
16732
16606
16528
16696
16930
16522
16625
16371
16225
16662
16531
16513
16101
16241
16368
16543
16476
16157
16058
16121
15887
16394
16504
16472
16502
16417
16304
16502
16270
16519
16456
16296
16097
16322
16460
16418
16309
16124
16163
16208
16103
16140
16109
16283
16567
16414
16690
16689
16543
16550
16461
16311
16608
16760
16726
16757
16620
17119
16638
17298
17172
16143
16016
16585
16466
16251
16484
16501
16220
16398
16135
16547
16226
16467
16034
15781
15545
15695
16055
16387
16515
16279
16982
15742
15677
15575
16124
15412
15562
15318
15564
15516
15631
15850
15352
15737
15699
15541
15462
15453
15368
15648
15025
15199
15153
15317
16255
15895
15730
15114
15239
15205
14900
14672
14740
14930
15096
15282
15437
15330
14925
15297
15307
15045
15490
15150
15119
15341
15503
15426
15468
15362
15210
15355
15250
15271
15393
14971
14982
15389
14904
15108
15475
15810
15533
15641
15513
15199
15608
15679
15416
15797
15505
15732
14973
15503
15561
15576
15334
15639
15596
15798
15076
15098
14978
15229
15405
15488
14970
15381
14917
15265
15557
15470
15567
15219
15330
15175
15612
15489
15456
15434
15348
15695
15288
15485
15431
15661
15305
15680
15608
15574
15534
15520
15496
15641
15846
16039
16116
16011
16188
16078
16375
16043
15712
16268
16100
15838
16070
15703
15406
15778
15955
16061
14910
15334
14480
14441
14517
14438
14764
14996
14533
14779
14970
14625
14614
14984
14900
14459
14602
15052
15393
15032
15029
14950
15219
15449
15032
15346
15043
14991
15273
15029
14956
14721
14725
14751
14537
14410
13926
13508
14167
13639
13630
13320
14292
13321
13578
13672
14546
15109
14442
14086
13616
13330
13646
13605
13883
13252
13749
13444
13395
13364
13727
13945
13469
13470
14256
13597
13583
13558
13644
13594
13768
14240
14278
14113
14211
14154
14082
14089
14114
14218
14522
14622
14508
14378
14140
14599
14438
14758
14303
14233
13954
13766
13970
14051
14755
15077
15046
15054
15246
15484
15080
14894
14929
14847
14766
15072
15004
14928
14718
15218
15120
15117
15019
15394
14891
15190
15379
15069
14475
14878
14616
15440
13907
13750
13577
13424
13635
13493
13717
13833
13489
13357
13419
13301
13691
13554
13570
13286
13238
13931
13228
13274
13561
13179
13302
13784
13620
13849
13174
14031
13426
13584
13717
13847
13641
13753
13702
13612
13540
13452
13788
13226
13464
13378
13416
14136
13689
13593
13515
13712
13816
13957
13676
13910
13771
13667
13390
13271
13473
13522
13490
13526
13559
13516
13465
14188
13240
13471
13645
13311
13270
13352
13276
13153
13320
13422
13359
13308
14025
13362
13470
13394
13107
13170
13260
13464
13418
13440
13723
13432
13412
13602
13200
13330
13277
13330
12878
13616
13398
13162
13393
13639
13371
13493
13561
13557
13409
13590
13086
13138
13038
13373
13448
12941
12939
13205
13741
13717
13521
13435
13764
13532
13414
13240
13275
13249
12955
13320
13480
13557
13490
13585
13626
13363
13633
13322
13412
13364
13800
13198
13580
13507
13332
13951
13735
14125
13657
13752
13534
13014
13750
13311
13008
12998
13362
13306
13817
13084
13253
13214
13187
13185
13626
12919
12950
13380
13099
12936
13151
13301
13369
14564
12985
13448
13449
13922
13494
13577
13967
13941
13989
13648
13684
13934
13714
14089
14052
14241
14079
14237
13550
13897
14390
14011
14733
13804
14092
14122
13760
14094
14142
13872
13988
14282
14117
14243
13742
13903
14369
13821
13971
14117
14760
14092
14150
13864
14350
14073
14134
14301
14271
13953
13928
13997
14073
13922
14019
13860
13856
14577
14172
14169
14275
14345
14037
13815
14176
14044
13836
14325
14566
15067
14855
14491
14785
14934
14974
14877
14758
14819
14948
14838
14922
14772
14992
15070
14882
14807
14694
15045
14785
14935
15106
15051
14882
14765
15094
14841
15191
14980
16831
15423
15575
15453
15564
14770
14803
15060
15155
14672
14992
14811
15314
14930
15070
15084
14891
15047
15459
15079
15014
14957
15276
15406
15142
14951
15143
15032
15137
14957
15329
15040
15158
14830
14932
15258
14964
15206
15140
15366
15331
14901
15377
14926
15166
15211
15330
15785
15234
15149
15117
14865
15016
15017
15017
14896
14609
14453
14383
14528
14272
14411
14230
14227
14328
14708
14396
14551
14264
14352
14437
14896
14823
14672
15291
14075
14555
14371
14635
14553
14513
14030
14883
14495
14452
14416
14456
14410
14315
14205
14103
15062
15492
14804
15046
14667
15052
14983
14701
14643
14511
14814
14401
14377
14600
14976
14811
14871
14974
14862
14384
14610
14687
14323
14421
14308
14333
14737
14443
14696
14799
15257
14741
14528
14628
14540
14475
14539
14852
14562
14477
14484
14563
14776
14571
14766
15004
14962
15077
15034
14876
14933
15126
15167
14700
15105
14962
14814
15195
14644
14688
14530
14745
14480
14668
14756
14728
14615
14839
14714
14803
14756
14859
14782
15190
14753
14659
14967
15158
14521
14858
14480
14527
14743
14740
14641
14757
14850
14368
14576
14686
14301
14170
14081
14336
14669
14489
14896
14553
14616
14416
14419
14442
14258
14191
14226
14208
14339
14468
14426
13978
14408
14193
14321
14288
14106
14090
14002
14303
14056
14028
14263
14267
14192
14176
14226
14102
13844
13735
13947
13534
14085
13934
13742
13922
14327
14169
14522
13717
13833
14019
13830
14241
13471
13644
14090
14148
13874
13697
15180
14523
13967
13995
14359
14347
14095
14476
14292
14130
13992
14360
14305
13712
13719
14011
13861
14524
14524
14099
13708
14089
13529
14079
14069
13910
14021
14062
14151
14207
13892
13941
14637
14394
14211
14584
14328
14095
14119
14127
13999
14413
14233
14139
14187
14339
14063
14323
14168
14258
14361
14642
14223
14316
14090
13940
14091
14267
14512
14299
15474
14867
14724
14272
14684
14416
14231
14643
14543
14326
14666
14580
14623
14839
14432
14334
14353
14596
14891
14781
14867
14767
15128
14446
14924
14629
14811
14411
14406
13841
13725
14183
13926
13960
14083
14354
14359
14034
13793
13962
14204
14190
13912
14555
14257
14106
14251
14338
14365
14865
14742
14523
14561
15049
14548
14908
14566
14472
14484
14649
14731
14421
14388
14138
14436
13965
14263
14100
14046
13618
14214
13995
13740
13709
13560
13350
13905
14710
13719
13815
13732
13889
14088
13711
14289
14027
13865
14351
14220
13758
14177
13823
13690
15127
14367
15961
16476
16398
16502
16350
16802
16221
16130
16104
15841
16412
16162
16283
15995
15903
16031
16417
15892
15988
15853
15929
16632
15931
15227
16267
16381
16618
15587
15914
16706
16113
15991
15384
14081
14157
14193
14523
14872
15093
14586
14371
14355
15120
14872
15149
15243
14603
14271
14837
14495
14629
14843
14702
14461
14504
14981
15070
14916
14822
14895
15876
15280
15348
15155
15547
15245
15336
15482
15875
15327
15639
15594
15759
16115
16056
15978
15926
15569
16080
16237
18371
16201
16091
16252
15663
16530
15878
16452
16066
16242
16919
17373
15320
15047
15065
15513
15460
15722
15811
16484
15579
15279
15745
15742
15484
15454
15802
16371
15511
15380
15457
15573
15036
14787
14868
15354
15238
15588
15034
14809
14802
14923
15254
14798
15089
15276
15141
14754
15416
15684
15483
15121
15251
15042
15329
15331
15635
16246
15054
15471
15147
15341
14888
14796
15038
15241
15406
15033
14728
15002
14838
15061
14883
14924
14894
14915
15016
15102
14978
15248
15159
15152
14757
15119
15294
15348
15556
15241
15454
15330
15539
15605
15795
15630
15852
15613
15679
15496
15564
15949
15649
15724
15657
15572
15693
15837
15507
15538
15355
15720
15556
14706
15109
14982
15280
14996
14872
14894
14702
14775
14816
15025
14843
14896
14875
14996
14903
14404
15130
14869
14731
14639
14275
14802
14727
14819
14773
14637
14661
16053
20030
18619
19995
15361
14404
14613
14556
14234
14318
14479
14572
14637
14761
14388
14174
14539
14614
14914
14362
14276
14490
14668
14667
14443
14502
14736
14778
14988
14788
14625
15238
14854
15827
15431
15007
14816
14666
15207
15368
15489
15083
14857
14894
15447
15366
15626
15402
15113
16176
15245
14956
15162
14753
15323
14601
14990
14737
14794
15191
14841
14748
14708
15025
14691
14803
14718
14766
14511
14549
14338
14528
14716
14238
14427
14499
14831
14542
14763
14303
14439
14052
14522
13994
14141
14308
14244
14525
14220
14146
14479
14548
14866
14116
14545
14713
14536
14664
14247
14909
14754
14512
14957
14701
14752
14741
14908
15232
14712
14519
14912
14807
14685
14694
14931
14763
14544
14488
14299
14500
12769
14868
14752
15050
14896
15085
14882
14888
14871
14612
14718
14553
14477
14360
14287
14568
14451
14178
14359
14032
14112
13949
14004
13940
13572
13728
14158
13886
13968
13993
13964
13920
13889
13877
13848
13880
13962
13976
13965
13872
13814
14068
13802
14008
13645
13742
13658
13771
13905
14210
13623
13868
14404
13953
13887
14059
13954
13974
13872
13968
14677
14283
13924
13864
14191
14378
14277
14373
14892
14560
14542
14530
14321
14647
14096
14842
14647
14819
14189
14874
14112
14146
14198
13949
14046
14277
14762
14798
14239
13941
14128
14017
13922
13763
13964
14032
13922
14120
14160
14230
14469
13936
14254
14117
13863
14191
13988
13812
30042
27698
13986
13915
14264
14320
14220
15075
14641
14664
14535
14176
13991
13996
14064
14489
14168
14058
14570
14438
14448
14384
14325
14157
13948
14111
13674
13758
14160
14127
14419
14567
14182
14803
14258
14562
14546
15241
14911
14793
15846
15364
15473
15613
15106
15607
15074
15022
15110
15057
14828
14980
15017
16085
16868
15654
16344
15395
15367
15007
14957
15251
15277
15169
15250
15301
15189
14997
14918
15054
14779
14748
14896
14526
14532
14234
14208
14324
14231
14397
14444
14403
14415
13976
14454
14318
14865
14290
13937
13964
14267
14152
14145
14819
14242
14670
14320
14797
14687
15034
14882
14698
14470
15051
14580
14765
15011
14873
14681
15117
15074
15712
15206
14700
14802
14507
14619
14721
15065
14956
15207
15432
15478
15620
15761
15604
15572
15723
15670
15570
15453
15531
15745
15520
15434
15436
15355
14799
14298
14298
14565
14255
14230
15008
14756
15065
15655
14540
14667
14702
14814
14739
14482
14503
14267
14410
14122
14588
18453
20429
18047
18439
14445
14672
14547
14724
14813
14614
15028
14640
14283
14524
14498
14893
14365
14334
14304
14512
14614
14329
14374
14665
14580
15081
14760
14305
14558
14610
14613
14971
14600
14793
14768
14275
14390
14689
15341
15253
14374
14800
14521
18188
18327
15023
14346
14537
14730
14574
14346
14467
14453
14612
14547
14495
14655
14945
15036
14707
14846
14895
14891
14944
14533
15145
15201
15274
15294
15456
15044
15237
14792
14688
15105
14658
14998
15372
15088
14787
14651
15724
15487
15200
15403
15006
15225
15107
15306
15155
14642
14890
14911
14831
14872
14931
15254
14763
14962
15130
15019
15445
15171
15209
14880
14783
15379
14701
15527
15052
14970
14780
15103
15155
14803
15066
14368
15147
14642
14525
14534
14713
14662
14774
14364
14451
14508
14831
14610
15223
14884
14731
14960
14859
14956
15061
14833
14599
15004
14896
14755
15699
15531
14589
14795
14553
14491
14577
14743
14452
14475
14462
14289
14400
14433
14570
15017
14527
14455
14890
14943
14775
14540
14613
14190
14311
14373
14514
14701
14646
14425
14638
14527
14410
14203
14354
14221
14193
14341
14349
14251
14160
14261
14549
14756
15026
14772
14862
14536
14936
14989
14515
14747
14669
14833
14458
14659
14373
14596
14416
14229
14422
14782
14882
14732
14624
14768
14736
14764
14952
14571
14515
14859
14523
14595
14699
14793
14692
15084
14890
14891
14542
14681
14622
14762
14606
15043
15035
15337
15016
14848
15430
15088
15342
15207
15259
16474
14973
15322
15261
15105
15155
15032
15265
15265
15325
15064
14785
15295
15952
15339
15161
15390
15441
15077
15307
15346
15202
19136
15433
15536
15550
15270
15551
15813
16296
16717
16390
16185
16676
16999
16763
16633
16834
16998
16810
16774
16413
17035
16913
16349
16241
16279
16476
16334
16386
16104
16907
16703
16599
16807
18000
17590
17052
16591
16483
16403
16988
17174
16935
16738
16837
16599
16775
16487
16579
16474
16800
15494
15483
15354
15297
15326
15392
15583
15429
15575
16035
16037
16113
15933
16138
16145
16332
15864
16432
16268
16041
15824
15979
16460
16827
16540
15993
16453
16004
15956
15789
15876
16043
15693
16105
15761
16009
15197
15346
15745
15590
15174
15742
16068
17138
16242
16107
16270
17692
16430
15953
16012
17156
16684
16429
16497
16242
16489
16382
16268
16753
16480
15900
15919
16171
16000
16122
16326
15805
15849
15949
16070
16474
16587
15615
15437
15552
15482
15274
15576
15167
14608
14197
14267
14353
14594
14414
14340
14324
13968
14722
14450
14991
14685
14248
14771
14481
14436
14419
14005
14390
14923
14267
14075
13557
14128
13625
13529
13937
13722
13449
13148
13705
13655
13399
13747
13687
13522
13751
13510
13810
13941
13542
13441
13740
13618
14109
13852
14213
14459
15031
14082
14400
14100
14751
14321
14282
14310
14429
13589
13468
14207
13746
13439
13835
13737
13874
14013
14042
14055
13732
13891
13882
13674
13998
13633
13808
14012
14002
14093
13862
13963
13961
14026
13702
14711
13937
14204
13942
13815
13719
13712
13871
14204
13766
13967
14104
14152
13711
14001
13986
14128
14355
14205
13861
14383
14388
14213
14336
14073
13873
14070
14145
14133
14112
14316
14021
14172
13938
14506
14532
14317
14225
13585
13827
13731
13774
14271
14299
13857
13824
13872
14727
13945
13807
13861
13804
13727
14048
13890
13714
13832
14105
13881
14106
13959
14189
13951
13956
13861
13663
14115
13878
14051
13863
13894
14247
14289
14447
14062
14175
14041
14273
14471
14231
14193
14162
14120
13860
13787
14048
13561
13797
13585
14252
14293
13957
13425
13236
13765
13662
13383
13212
13461
13790
13303
13302
13884
13609
13269
13696
13389
13828
14846
14917
14941
15448
14324
13965
14749
14909
13906
13462
13732
13652
13738
13459
13366
13601
13793
14120
14179
14497
14407
14467
14400
14397
14396
14705
14518
14560
14333
14520
14657
14644
14768
14458
14464
14365
14529
14299
14777
14875
15019
14718
14619
15087
15044
14414
14718
14825
14726
14919
15574
14683
14929
14943
14925
15213
14654
14768
15182
15832
15323
15268
15354
15371
15043
15081
14869
15056
14759
15616
15797
15620
15009
14925
14314
15145
14520
15503
14799
14997
14514
14497
14195
14555
14694
14745
14791
14983
15129
15006
15032
14821
14846
14856
15378
15831
14782
15035
15156
15341
18724
18982
19439
19584
15774
15259
15201
15043
15183
15217
15364
15217
15098
15334
15187
15595
15189
15305
15402
15668
15493
15774
15662
15410
15512
15684
15497
15368
15518
15635
15736
16119
16377
18252
17256
16983
15942
15895
15810
15898
15845
15884
15486
15930
15873
15773
15781
15989
15861
16512
17570
15615
15770
17065
16128
17259
15500
15337
16054
16014
16034
15667
15465
15245
16020
16176
15874
15362
15491
15536
15071
15000
15229
14906
15189
15647
15685
15363
15264
15793
15358
15070
15173
15227
15118
14957
15012
15195
15429
15748
15416
15556
15134
15081
15309
15417
15347
15209
14613
14790
14545
14646
14865
14832
14507
14629
14856
14800
14685
14455
14723
15151
14461
14898
14763
15118
15064
14832
15105
15083
15601
14903
14577
14721
14485
14448
14861
14707
14863
15052
14833
15168
14760
14764
14966
14687
15017
14861
15059
15148
15043
14678
14969
14742
14630
14478
14817
14833
14859
15364
14886
15321
14799
15584
15077
15152
14749
14803
15469
14962
15211
14727
14907
14811
15256
14925
16267
14976
14750
14704
14983
15015
14809
14840
15034
15156
14795
15154
14867
14365
14452
14469
14529
14512
14314
14424
14266
14079
13879
13910
13899
14181
13996
14030
13948
13940
13915
13839
14109
14406
13914
14173
14090
14384
14227
14214
14179
14549
14385
14480
14707
14810
14682
14634
14666
14764
14843
14606
14448
14738
14486
14331
14028
14903
14344
14595
14250
14203
14432
14727
14658
14579
14455
14713
14487
14401
14648
14239
14337
14113
14696
14777
14364
14011
13886
14162
14086
14310
14381
14087
14218
14932
14697
14278
14277
14494
14154
14487
14633
15000
14300
14260
13713
14014
14144
14453
14236
14467
14288
14315
14681
14439
14342
14503
14316
14491
14220
14411
14725
14352
14367
14262
14143
14247
14074
13871
14062
14195
14051
14209
14253
14063
14549
14930
14852
14839
14886
14755
14694
14681
14871
14780
14760
14806
15002
14809
14753
14887
15008
14901
14701
14584
14753
14518
14572
14752
14296
14155
14160
14284
16913
17721
17754
17588
15922
14557
14119
14802
14559
14297
14221
14722
14719
14586
14485
14702
14565
14885
14411
14607
14595
15371
14935
14949
14957
14294
14573
14293
14131
14112
14227
14051
14059
13943
13891
13948
13804
13424
13943
13874
14032
13687
13592
14127
13678
14060
13695
13512
13534
13404
13683
13583
13296
13819
13419
13742
13422
13512
13368
13537
13524
13386
13225
13746
13533
13266
13611
13770
14202
14274
13581
14008
13846
13825
13663
13805
13998
13868
13805
14193
14090
14433
13920
14516
14355
14470
14292
14727
14601
14478
14553
14467
14361
15642
14398
14433
14449
14538
14532
14386
14392
14567
14776
14559
14923
14851
14732
14598
14773
14988
14764
15070
14908
14714
14766
14646
14455
14610
14080
14890
14450
14552
14423
14574
14388
14311
13995
14417
14497
14264
14102
14810
14112
14685
18365
14318
14109
13902
14434
13719
14056
14310
14053
14549
14601
14305
14727
14224
14012
16869
13900
14398
14810
14346
14106
14400
14065
14057
14178
14431
14203
18041
18517
14276
14481
14496
14459
14668
14466
15205
14796
15141
15064
15072
15308
15978
15332
15430
14929
15200
16546
15735
15099
15007
14703
15196
14930
14827
15083
14803
15045
14828
14849
14868
14523
15092
15264
14801
14763
14633
14864
14865
15198
15147
15117
15814
15020
15252
15619
15285
14698
14622
14887
14896
14388
15589
15028
15422
14900
14746
14781
14845
15198
14911
14771
14674
15142
15232
14493
14647
15026
14526
14760
14811
14659
14864
14956
15049
14943
14956
15617
15873
15874
15779
16259
15994
16009
15894
16028
15838
15731
15918
15650
16021
16005
16315
15576
15500
15882
15849
16260
15897
16241
15786
15852
15634
15800
15600
15370
15416
15455
15607
15309
15343
15365
15541
15602
15770
15302
15757
15526
15507
15722
15599
15191
15577
15700
15841
16128
15869
15544
15610
15635
15412
15595
15587
15532
15682
15561
16250
15541
15382
15430
15823
16711
16456
15946
15919
15599
15646
15797
16176
15998
15682
16290
15980
15728
15207
15184
15355
15095
15822
14892
15325
15363
15546
15215
15692
15079
15328
15191
14922
15443
14634
14732
15617
14891
14729
14546
14743
15041
15296
15186
15515
15280
15127
15815
15807
15451
15121
15216
15537
14918
14792
15372
15476
14715
14982
15652
14893
14598
14675
14571
14789
14629
15035
14853
15014
14908
14969
15448
15381
15333
15711
15652
15786
15498
15513
15165
15328
15017
15204
15076
15343
15350
15078
15098
14874
14967
15077
15307
15277
14978
14829
15167
15089
15108
14958
14703
15076
15032
14968
14595
15004
15410
15171
15453
15063
14962
15232
15128
14962
14970
15552
15778
15954
15472
15636
15441
15446
15645
15708
16033
16052
16001
16837
16902
17202
17207
15488
15344
15448
15340
16069
15734
16895
15649
15649
16258
15783
16015
15923
15779
16205
15959
16181
16037
15749
16106
16124
16224
16275
16726
15625
15980
15950
15969
16067
16315
16290
15995
16260
16136
16115
15974
16233
16264
16571
16062
16253
16247
16370
16074
16222
16262
16225
16298
16054
15790
16021
16139
16156
16054
15910
15933
15949
15657
16159
15495
15512
16009
16127
15990
16003
15928
16027
15869
15937
16196
15793
15943
16044
16580
17162
17649
17623
16940
16994
16849
16890
17326
18056
18421
18250
18253
18099
18637
17887
17576
17941
17901
17884
17818
18482
18116
18314
17983
18834
21182
22539
22158
22013
18835
17530
17741
17449
17667
17611
17171
17864
17781
17259
17131
17148
17134
16791
16789
16629
16437
16588
16778
17071
16695
16413
16904
17879
16901
16957
16872
17545
17018
17157
16816
16985
16937
16928
17170
17019
17713
17389
17174
17702
17112
17281
17161
17481
17203
17123
17482
17780
17658
17565
17301
17502
17692
17439
17427
16987
17097
17135
17142
17394
16871
17611
17045
16715
16480
16890
16544
16525
17559
17003
17093
16504
16594
16517
16762
16539
16265
16065
16312
16433
16361
16339
16305
16540
15980
16673
15978
16288
16414
16471
16069
16216
16576
15798
15423
15824
15857
16003
15667
15887
15118
14992
15287
15636
15343
15277
15489
16448
17443
17373
18245
17191
17218
17249
17291
16480
15303
15406
15562
15571
15492
15472
15160
15016
16743
16728
16697
16774
17060
17032
16689
16894
14629
14614
14435
14654
14276
14434
14076
14065
14273
14251
13919
14245
13900
14033
14291
14140
14194
14295
14599
14305
14438
14119
14749
14365
14618
14627
14397
14497
14240
14568
14213
14297
14707
14910
14314
14262
14858
14574
14603
14838
14906
14757
14994
15120
14806
14651
14945
15103
14463
14756
14687
14634
14441
14792
14820
14739
14788
14812
14780
14911
14421
14970
14625
14758
14514
14988
14682
15290
14742
14904
14334
15395
14517
14617
14679
14487
14760
14279
14497
14816
14358
14615
14436
14817
14228
14505
14894
14532
14600
14597
14485
14516
14441
14666
14416
14554
16616
14727
14682
14636
14776
14623
14239
14746
14640
14571
14502
14363
14980
14853
14980
14988
14929
14710
14614
14701
14896
14830
14841
14808
14980
14710
14671
14797
14742
14900
14529
15350
14842
15081
15129
15312
15090
15197
15117
15280
15233
15057
15382
15295
15165
15253
15297
15493
15520
15686
15084
15288
15409
15487
15705
15510
16101
15641
16194
15773
15349
15909
15189
15526
15466
15298
15053
14994
15050
14855
15156
15232
14964
14946
14972
15429
14714
14988
14859
15184
15301
15557
15469
15728
15601
15584
16150
15904
15235
15440
15434
15568
16315
16190
15591
15381
15386
15650
15342
15264
15297
15425
15443
15092
15367
15273
15154
15297
15491
15361
16016
15836
15950
15680
15212
15919
15069
15045
15035
15093
14989
14972
15423
15676
15519
15502
15341
15309
15310
15408
14918
15018
15054
15518
15081
15095
15296
15185
15009
16308
15117
15325
14850
14854
14896
15569
15155
14977
15396
15597
14592
14463
14674
14953
15253
14897
14981
14956
14629
14730
14698
14948
14593
14744
14822
14861
14924
14918
14982
14940
14188
15245
14955
14587
14835
15534
14989
14736
14739
14913
14911
15631
15234
15243
14653
14825
15682
15009
14609
14538
14795
14464
15350
15069
14837
15070
14963
15291
15053
15480
15493
15641
15545
15475
15804
15396
15046
14771
15195
15187
15227
15080
15136
15048
15026
15187
14969
14957
14812
14895
14952
15181
15194
15233
15461
15264
15135
15473
15357
15547
15523
15863
15742
16340
15096
16215
15395
14984
15011
14838
14965
15039
15084
15292
14911
15385
15560
15489
15140
15391
15322
15285
15227
15440
15399
15463
15332
15442
15071
15286
15049
15306
14940
15355
15017
15467
15113
15768
15604
15746
15754
16107
16214
16070
15554
15960
16158
15840
15807
15913
15997
15942
16025
16287
15872
16379
15883
16101
15727
17281
17886
16108
15595
15628
15636
16025
17479
15786
15789
15662
15728
15582
16121
15592
15448
15401
15421
14835
14860
15087
15417
15187
15050
15229
15183
16406
15094
15320
15236
17349
19609
19406
19621
17988
15474
15595
15569
16064
15262
15551
15811
15393
14930
15434
15047
15273
15559
15425
14857
15224
15420
15477
15086
15743
15439
15596
15308
15454
15132
15072
14881
15112
15943
15953
15766
15872
16398
16128
15932
16238
15836
16291
16212
16633
16595
16380
16278
16321
15939
16401
16534
16603
16384
16118
16212
16607
16175
16447
16099
16778
15547
15770
15607
15440
15477
16053
16556
15841
15841
15943
15538
16197
16013
20275
19976
19916
19941
19820
19936
19799
19840
19720
20044
20065
19884
19666
19873
19877
19632
15799
16033
16184
16218
15832
16070
16047
16336
15739
16090
15931
16422
16269
16213
15913
16754
16229
16826
16213
16628
16551
16767
16234
16415
16069
16437
16325
16445
16236
17155
16695
16907
16232
16542
15906
16153
16435
16567
16014
16823
17034
17367
16997
17259
17061
16910
17503
17240
17684
17026
17310
16947
16813
17470
17227
17126
17365
16836
17211
16822
15612
16784
17101
16590
17232
17767
17213
17488
17193
17294
17420
17220
16913
17037
16828
16903
17340
17060
16905
17182
16656
16932
16889
16982
16558
16613
16671
16383
17518
16194
15850
16279
16325
16193
16014
16038
16744
16005
16047
16447
15882
16350
16214
16519
16501
16109
16602
16901
16083
16383
16533
16449
16831
16084
16834
16705
16487
16572
16888
16490
16977
16862
16652
16331
16800
17705
17857
18093
17722
17720
17853
17670
18026
17776
17895
17722
17973
17758
18034
17865
18156
17833
18329
17819
17945
18321
18047
18119
17207
16418
16555
16459
16155
15758
16159
15775
15316
15870
15668
15707
15361
15464
15637
15647
16150
15522
15706
15809
15451
15736
15783
15897
15274
15473
15634
15738
16068
15951
15858
16758
15750
15309
15213
15222
15388
15551
15247
14965
15995
15291
15174
15255
15481
15419
15169
15273
15346
15306
15343
15299
15612
15259
15177
15359
15369
15294
15508
15506
15140
15596
15424
15772
15435
15518
15802
15551
15573
15125
14969
14940
14759
15141
14688
14570
15057
14690
14650
14546
14552
14627
14302
14547
14470
14290
14733
14625
14615
14517
14382
14528
14649
14553
14628
14418
14528
14476
14427
14542
14083
14213
14538
14014
14194
14778
14849
14634
14790
14832
14878
14860
14632
14438
15044
14804
14704
10095
14941
14564
14417
14503
14543
14495
14767
14931
14517
15003
15124
15146
15123
15147
14959
15220
15222
14801
15254
14764
15081
15125
15074
15133
15095
14923
15022
14633
15232
14990
14938
14941
15043
15167
14699
15114
15203
15174
14909
15338
15105
15015
14999
14996
15109
15099
14645
14854
14830
14394
14407
14442
14162
14596
14298
14347
14621
14052
13970
14088
14257
14219
13925
14443
14387
14186
14260
14304
14614
14194
14491
14501
14607
14141
14377
14439
14386
14386
14440
14477
14557
14451
14330
14392
14524
14437
14482
14344
14468
14385
14189
14333
14138
14254
14491
14740
14635
14349
14416
14550
14443
14657
14289
14102
14788
14204
15131
14450
14521
14656
14719
14492
14570
14201
14187
14405
14500
14296
14433
14227
14501
14308
14294
14530
15055
14644
14794
14598
14507
14641
14370
14392
14291
15165
15036
14718
14893
14917
14546
14477
15121
14980
15426
14841
14966
15041
15068
14475
14880
14744
14897
14688
15161
15012
14758
14486
14582
14365
14604
14500
14312
14405
14260
14340
14088
14331
14225
13613
13855
13976
13957
14314
14145
13927
13800
13655
13752
14047
14337
14224
14141
14265
15364
13903
14502
13968
14220
14037
14044
14085
14103
14206
14176
13810
14184
14015
15040
16363
16053
15261
14567
14183
14045
14156
14103
14008
13775
14125
14754
14229
14798
14547
14649
14978
18182
17921
17520
17829
20030
19059
19181
19523
18968
19763
25139
25429
26175
25400
23204
23624
25212
22365
21173
20611
18923
21559
20919
20173
18922
18825
15709
15777
18098
20347
19870
20120
19901
19976
20623
19482
18388
20278
20701
19525
19052
18228
17695
17955
17211
17002
16609
16059
16013
15631
15736
15892
15722
15667
15807
15077
15660
16035
16063
16116
16282
15911
15458
15837
15534
15503
15682
15285
15000
14692
14756
14599
14465
14751
14254
14469
14391
14402
14314
14274
14163
14241
14309
14099
14255
14083
13884
13938
13953
13910
13936
13968
13904
13900
14061
13905
13901
14012
13639
13823
14084
14088
14052
14277
14311
13972
14078
13947
14398
14098
14237
14042
14156
14535
14384
14561
14451
14241
14380
14432
14511
14550
14755
14733
14842
15004
14532
14840
15230
14516
14646
15032
15261
15225
14836
14982
15188
15035
15915
14730
14839
14804
15082
15178
15073
14544
14595
15070
14825
15190
14425
14666
14527
14531
14474
14545
14223
14466
14776
15014
15020
15536
15190
15219
14910
15061
14916
14766
14834
15141
14897
14988
14915
14943
15214
14869
14972
15156
15333
14832
14740
15083
14897
15327
15057
15087
15136
14816
15043
15495
14988
14852
15288
14950
15198
15136
14897
14985
14973
15014
15100
15171
14875
14801
14891
14980
15053
14824
15033
15022
15274
15219
14925
15646
15197
15813
15152
14867
15327
15044
17050
18366
17872
17814
17675
17849
17362
17693
16976
15518
14684
15353
14824
15062
15136
14702
14902
14880
14420
14965
14607
14616
14673
14649
14843
14724
14521
14844
15130
14642
14522
14564
14754
14701
14772
14350
14331
14338
14618
14299
14216
14211
14422
14269
14128
14485
14061
14727
13965
14151
14409
14862
16724
14172
14450
14326
14467
14287
14620
14364
14622
14116
14574
14577
14368
14383
14504
14609
14216
14378
14592
14843
14703
14417
14624
14458
14604
14730
14455
14717
14495
14905
14625
14426
15092
14403
14547
14343
14383
14462
14283
14599
14593
14511
14263
14156
14459
14501
14580
14539
14527
14107
14352
14205
14601
14380
14517
13881
14367
14225
14439
14561
14552
13936
14019
13884
14386
14299
14195
13598
13976
14155
14065
14113
13868
13651
13612
14558
14650
14371
14182
14057
14403
14206
14056
14185
14057
14146
13906
14419
14243
14322
13928
13830
14101
13882
14305
13885
14189
14388
14313
14493
14588
14451
14801
14372
14653
14842
14625
14430
14517
14482
14644
14147
14469
14372
14794
14276
14435
14444
14663
14725
14470
15032
14508
14541
14369
14623
14574
14363
14349
14475
14873
14422
14713
14412
14427
14884
14536
14356
14409
14397
14218
14170
14338
14028
14152
14251
14348
14613
14166
14283
13918
14309
13889
14135
13990
13963
13515
13633
14175
14276
14668
14217
14284
14266
14328
14768
15055
14642
13934
14269
14436
14159
14184
14715
14436
14595
14071
14194
13760
14282
14239
14052
14358
14571
14208
14571
14721
15070
14563
14919
14506
14542
14385
14910
15075
15107
14800
14767
14641
14718
14567
14935
14706
14875
14322
14671
14811
14498
15027
14515
14301
14933
14266
14572
14890
14423
14593
14607
14650
14549
14491
14443
14250
14146
14279
14166
14488
14502
14339
14384
14377
14337
14187
14212
14053
14014
14109
14307
14221
14440
14330
14159
14395
14560
14758
14656
14488
14829
14487
14832
14946
14930
15160
14703
14619
15236
14630
14681
15240
15053
15257
15160
15298
15044
15160
14931
15130
15129
15023
14855
15211
15078
15160
15663
15781
15693
15721
15391
15498
15099
14731
14867
14530
14886
14809
14793
14613
14721
14344
13950
14460
13984
14316
13994
14139
14584
14154
13885
14263
14080
14121
14187
14567
14522
14750
15146
14837
14785
14473
14716
14987
14722
14828
14630
14822
15058
15487
14647
14809
14955
14539
15449
15155
14834
14702
14971
14599
14898
14541
14938
14866
14719
14499
14736
15162
14857
15036
15024
14973
15050
15177
15059
15496
15113
14971
16006
15299
15117
15588
14528
14252
15286
14548
14656
15143
14795
14350
15569
14662
14880
15689
14980
14724
15203
14849
14996
15456
15140
15003
15316
14985
14841
15172
14818
14975
15866
15076
15585
16769
15492
15495
15813
14891
15130
15561
15101
14982
15331
14694
15135
15861
14880
15067
15642
14999
14707
15517
14813
15098
16501
15032
14991
16834
15450
15079
15865
15331
15257
15902
15391
15394
15878
15195
13990
16086
14963
15413
15510
15659
15929
16663
15644
16482
16185
16330
16528
17360
16774
16790
16402
15802
16448
16874
17136
16095
17033
16117
16177
16988
16115
15819
16416
15804
15864
16994
16103
15757
16389
15461
15968
16227
15546
15422
16041
15407
15432
16010
15604
15946
16382
16049
15713
16429
16154
16221
16458
15868
16104
16046
15732
16174
16676
15702
15534
16004
15539
15710
16663
16062
15670
16545
15985
15482
16147
15825
15960
16522
15608
15822
16499
16249
15970
17344
16533
16951
17483
16215
16689
17071
16523
15841
16560
16492
16693
17026
16161
16340
16318
16198
16537
16742
16140
16370
16503
16230
16401
16615
16112
16394
16455
15899
15711
16593
15292
15412
16410
15575
15991
16365
15302
16200
15767
15749
15220
15779
16106
15601
15171
15895
15423
15502
15891
15334
14704
15305
14958
14918
15570
15281
15721
15863
15819
15591
16584
15674
15851
16426
15387
15568
16162
15759
15899
15949
15702
15565
16121
15725
15685
16424
16031
15361
15871
15431
15030
16032
14900
15241
15901
14957
15065
15289
15156
14989
15517
14908
14763
15618
15042
15110
15815
15253
15115
15911
15123
15011
15747
15524
15775
16045
15942
15802
16325
15243
15324
15779
15169
15431
15247
14661
15360
16008
15112
15140
16105
15204
16257
16130
15372
15569
16471
15448
15531
16060
15160
15528
15814
15403
15274
15677
14937
15285
15975
15210
14984
16463
15103
15054
15709
14913
15247
15314
15180
14868
15726
15397
15221
16117
14956
15202
15992
14961
15591
15506
15050
15226
15899
14688
14986
15861
15107
15001
15478
15028
14903
15433
14838
14865
15327
14822
14853
15560
15040
14877
15623
14957
14808
15239
14858
14752
15570
14502
14920
15432
14822
14998
15425
14780
14624
15071
15007
14230
15059
14514
14513
15123
14754
14334
15329
14930
14809
15320
15012
15168
14765
14777
14453
15161
14406
13882
14134
14866
14710
14182
14526
14544
14842
14651
14354
14825
14970
14665
15455
15150
14510
14982
14922
14717
15014
14890
15996
18381
18871
18411
18017
15131
15151
15123
15533
14745
15169
15588
14961
15478
16004
15213
15297
15734
15704
15629
15722
14908
15421
15645
14881
15420
15732
15143
15287
15845
14987
15264
15364
15045
15138
15202
14371
14978
15289
14977
14803
15482
14611
15209
14974
14597
15225
15298
14519
15077
15942
15183
15021
15745
14556
15387
15572
15674
16077
16645
15721
15329
17613
16116
15492
14330
14069
14174
14496
14330
14609
15382
13749
14041
14637
14098
13978
15041
14288
13951
14602
14248
14262
14739
14297
14169
14829
14072
14508
14712
14405
14262
14477
14308
14501
14374
14201
14249
14722
14285
13710
14731
13820
14084
13911
14142
13770
14072
14146
14264
14930
14219
13826
14157
13788
13560
13496
13851
13973
13575
13369
13923
13879
13720
14005
13945
13620
14142
13681
13835
14103
13652
13761
14032
14079
14260
13852
14050
13904
13955
13880
13610
14299
13753
13895
14048
14433
14070
14000
14858
15457
15567
14563
14234
14197
14336
14219
13886
14578
14385
14306
14141
14174
13811
13893
13894
14306
13765
13666
13987
13890
13940
14254
14006
14053
14246
14199
14190
14243
14141
14069
14059
14098
13550
13855
13844
14020
13883
13625
13782
13630
14082
13617
13918
14212
14032
13813
13946
13624
13772
13805
13882
13892
13591
13869
13725
14068
13907
13792
13739
13802
13903
13516
13437
13588
14271
14051
14222
14456
14122
14071
13939
14048
14081
15331
14621
14193
14155
14100
14257
14376
13930
14113
14448
14269
14623
14522
15543
16030
14904
15480
15502
15209
15995
15520
15484
14892
15219
15425
15381
14607
14973
15135
15113
15150
14823
15144
15013
15601
14793
15162
15018
14861
15118
15774
15794
15734
15566
15482
15721
15801
15596
15443
15506
15727
15700
15712
16687
15436
15640
15506
16324
15641
15559
15707
15848
16437
15558
15695
15862
16020
16251
15857
15658
15656
15875
16158
15774
15584
15914
15820
15354
15827
15828
15827
17958
16076
15722
15714
15651
16360
15593
15706
16178
16152
16424
15290
15420
15432
15362
14905
15203
15266
15070
15214
15077
15314
15200
14834
18025
19150
19256
19095
19121
18828
19296
19027
17177
15175
15105
15149
15608
15259
15290
15212
15305
15362
15755
15999
15807
16220
16596
16067
15743
16051
15615
15776
16228
15841
15415
15083
15081
15076
14938
15155
14822
15201
15218
15199
15141
15172
15127
15294
15164
15382
14921
14993
15320
15223
15044
15020
14987
15081
14463
14903
15201
15284
14988
14999
15238
14857
14903
15297
15206
15258
15946
15557
15571
15462
15634
15601
15790
15305
15492
15224
16261
15792
15772
15550
16425
16068
15836
15475
16061
15468
15579
15492
15695
15390
16277
14984
15190
15016
14930
15235
15039
15171
15805
14771
14590
14729
14476
15097
15574
14974
14722
14966
14951
15235
15058
14833
15513
15350
15181
15214
15101
15579
15794
15785
15623
16392
15667
15869
15785
15853
15753
15818
16692
15930
15994
15302
15286
15868
15530
15224
15274
15168
15417
15450
15126
15298
15664
15134
15322
15037
15201
14866
15519
15050
14949
14811
14839
15039
14726
14772
15354
15252
15019
14996
15202
15302
15005
15221
15163
15195
15118
15007
15012
15002
15303
14725
15789
15411
14994
15130
15254
14983
15008
15093
15342
15652
15042
15019
15073
15032
15116
17193
18352
17156
17033
17685
17502
17579
17939
17440
17314
17954
17697
17438
17734
16746
15295
15060
15566
15834
15730
16171
16182
16332
16505
15773
16151
16321
16151
16012
15901
15279
15814
17240
16490
16616
17297
17651
17379
16896
16814
17135
16596
16567
17455
17093
17440
16988
16228
16015
15669
15669
15995
16202
16207
16138
16052
16093
15998
16467
16012
16124
16385
15938
16186
16086
15961
16239
15585
13689
15543
16198
14767
15780
15902
15970
16586
16278
15992
16040
16004
16893
16927
16217
16220
15028
14923
15573
16018
14275
14176
14392
14142
13646
14232
14448
14564
14714
14874
14574
14560
14888
14808
14743
14634
14540
14569
14512
14640
14738
14574
14452
14879
14429
14729
14721
14697
14636
14182
14269
14190
14312
14663
14171
14553
14618
15544
14054
14390
14562
14538
14306
14325
14540
14285
16217
18329
18757
18413
17531
14726
14353
14657
15228
14744
14497
14606
14897
14606
15186
15021
14484
15558
14621
14264
14781
14509
14694
14335
14633
14383
14443
14678
14736
14206
14059
14733
14407
14412
14457
14861
14500
14593
14578
14717
14661
14908
14513
14586
14660
14485
14805
14749
14483
14550
14487
14623
14408
14488
14326
14729
14594
14629
14526
14497
14787
15208
14640
15161
14581
14464
14576
14279
14602
14350
14695
14428
14711
14390
14658
14583
14547
15138
14674
14907
14990
14728
14945
14791
14644
14718
14589
15022
14608
14490
14421
14626
14736
14760
14842
14944
14888
15021
15023
15089
14705
14764
15037
14778
14972
15036
14579
15811
15021
14971
14242
14198
14532
14498
14405
14398
14458
14343
14391
14688
14588
14507
14733
14640
14788
14973
14240
14637
14790
14705
14588
14709
14795
14505
14315
14342
14375
14424
14676
14574
14954
14318
14692
14284
16896
24395
19056
14575
14724
14183
14463
15271
14547
14506
14510
14377
14306
14140
14352
14156
13999
14426
14322
14119
14086
14468
14106
14480
14643
14862
14647
14403
14387
14627
14442
14414
14385
14767
14571
14578
15090
15212
15460
14589
15210
15074
15183
14563
14707
14957
14811
14585
14778
14453
14863
14489
15639
14412
16173
14796
15217
15542
15103
15556
14578
15135
14984
15198
14777
14795
14064
14254
14344
14136
14730
14098
14023
14958
14866
14116
14473
14373
14667
14811
14357
14150
14557
14383
14567
14813
14156
14544
14336
13758
14313
14253
14981
14969
14330
14667
14442
14962
14570
14384
14607
14597
14443
14505
14276
14247
13948
14519
14321
14495
14286
14205
14293
15065
15552
15073
15515
15160
15060
14963
15485
15496
15491
15437
15062
15170
16082
15118
15256
15036
15171
15424
15319
15199
15216
15194
15371
15125
15168
15288
15675
16812
16286
15831
15913
15535
15744
15612
15553
15920
16660
19010
18684
19356
19014
15276
15445
15726
16093
15696
15436
15447
15351
15739
15454
15726
15421
15523
15699
15695
15514
15360
17472
15444
15375
15858
15606
15558
14762
14854
14466
14439
14592
14172
14398
14349
14562
14424
14648
14658
14395
14766
14499
14564
14778
14879
14712
14642
14828
14589
14679
14627
14667
15190
14936
15251
14888
14747
14794
15320
15581
15193
15001
15724
15118
15200
15396
15484
15118
15435
15347
14988
16836
15337
15586
15572
15007
15015
14945
15707
15411
15373
15841
22336
22660
22718
21506
21192
15646
16027
15201
15194
16244
15439
14925
15196
14874
14916
15972
14781
14632
15616
15045
14854
15174
14803
14958
15171
15058
15261
13664
13641
14929
15210
15185
14905
14743
15034
14992
14966
15281
15159
15087
15301
15078
15100
15208
15492
15546
15424
15492
15335
15037
14926
15132
15212
15209
15104
15103
14947
15058
14966
15243
15465
14679
14670
14737
14814
15079
14703
15252
15125
14949
14865
15216
15008
14782
15091
15215
15202
15295
15244
15474
15427
15809
15813
15921
15786
15646
15644
16037
15832
16292
16565
16726
16688
17074
16520
16997
16590
16828
16815
17117
17222
16916
16522
16867
16334
16645
17074
17310
16963
17328
17255
18548
21236
21029
20916
21280
21129
20608
20819
20261
17827
17173
17286
17394
17322
17305
17178
17079
17226
17336
17270
17190
17295
17309
17592
17644
17617
17476
17369
17269
17484
17205
17451
17580
17721
17227
17298
17523
17197
17501
17614
17487
17120
17047
17517
17372
17365
17554
17518
17699
17411
17830
17598
17829
17838
17936
18244
17763
18234
18099
17884
17626
17760
18096
17719
17428
17430
17729
16981
16413
16460
16829
17017
16988
16910
16860
17169
16842
16443
16426
16353
16625
16124
16508
16823
16482
16840
16665
16566
16662
16798
16764
16710
17167
16292
16105
16604
16615
16865
16632
16706
16909
16918
16465
17223
17271
17194
16684
17019
16757
16410
16481
16941
17115
16680
16102
16364
15834
16491
16405
15389
15722
15498
17904
16148
15590
15906
15504
15073
15772
15332
15614
15575
15540
15482
15476
15696
15667
15002
15565
15479
15623
15776
15769
16428
16159
15741
16730
15872
15673
15517
15910
15372
15072
15093
15227
15130
15162
15186
15296
15041
15300
15111
14859
14903
14722
14835
15198
14766
14831
15024
15043
14767
15129
15229
15548
15149
15107
14600
14788
14678
14599
14985
18318
21161
20983
17340
15262
15515
19242
20614
20632
16266
14853
15061
15436
15279
15459
15104
15598
15759
15731
15986
15744
15903
15750
15635
16736
16576
15805
15834
15770
15335
15584
15686
16143
15620
15249
15490
15582
15278
15277
15620
15159
15545
15505
15286
14945
15209
15230
15058
15431
15391
14931
14767
14689
14302
14646
14513
14283
14304
14118
13915
13985
14099
14142
14633
14818
14681
15057
14917
15058
14859
15014
14751
14745
14704
14863
14795
14969
14860
14878
14699
14712
14538
14706
14659
14306
14291
14666
14446
14416
14470
14450
14102
15305
14631
14834
14627
14907
14762
14775
14764
15110
14917
14552
14499
14673
14339
14400
14699
14766
15075
14534
14482
14524
15202
14378
15032
14601
14797
15081
14857
15362
14845
15087
14654
14680
14877
14566
14209
14359
14426
14594
14453
14893
14558
15177
14611
14807
14372
14569
14579
14295
15096
14638
14519
14593
15329
14509
14457
14494
14624
14241
14137
14384
14507
14172
14164
14237
14350
13904
14133
13810
13691
13691
14097
13961
13828
15919
14239
13973
14191
14079
14154
14138
14159
14190
13818
14211
14190
13984
14141
14041
14108
14289
14349
13971
14108
14145
14367
14156
14482
14504
14221
14617
14830
14426
14193
14299
14704
14643
14406
14298
14896
14565
14195
14844
14868
14744
15243
15051
15519
15304
15115
15213
15276
14873
15199
14959
15661
15437
15058
14857
15124
15265
15516
15393
15537
15151
15522
15177
15468
15437
15247
15246
14939
14724
15329
15046
15679
15546
15794
15470
15600
15296
15354
15792
15507
15262
15115
15522
15398
15170
15040
15101
14842
16759
17443
19174
17394
16854
16812
17381
17183
16260
15113
15073
15239
15093
15176
21921
22405
15520
15257
15323
15241
15361
15293
15268
15374
15507
15949
15741
16055
15662
15821
16009
15960
15915
15922
16208
15870
15776
15941
15483
15536
15277
15410
15133
15352
15104
14974
15027
15112
15400
15719
15322
15368
15344
15212
15334
15294
15359
15432
15007
15324
15217
14851
14950
15007
15042
15470
14947
15009
14751
14705
14870
14588
14710
14291
14652
14918
15090
14664
14970
14542
14835
14916
14709
15294
14810
14768
14838
14613
14695
14812
14473
14892
14902
14863
15070
15033
14695
14879
14938
15067
14813
14693
14563
14774
14711
14414
14386
14559
14302
14434
14195
14443
14148
14045
14234
13837
13876
14006
13921
13944
13790
14131
14130
13839
14253
14935
14498
14613
14720
14749
14463
14479
14862
14720
14538
14517
14883
15046
15285
15110
15031
15100
15276
15242
15042
14822
14899
15006
14971
14971
14467
14803
14760
14583
14655
14554
14662
14571
14520
14459
14413
14577
14463
15539
14392
14093
14236
14618
14622
14336
14988
14511
14528
14102
14601
14352
14787
14707
14529
14493
14824
14599
14463
14506
14404
14538
14656
14634
14801
14526
14250
14835
15118
14538
14748
14805
14558
14720
14690
14857
14376
14068
14300
14614
14169
14359
14499
14789
15217
14636
14756
14772
14601
14640
14532
14815
14601
14538
14564
14735
14428
14961
14835
14699
14614
14619
14807
14723
14496
14455
14018
14546
14388
14646
14301
14650
14621
14805
14345
14769
17110
20238
19491
20436
19887
19125
18824
19437
20068
21100
20809
21584
20426
17989
15995
15910
16221
15965
14918
16345
15739
15726
15554
15561
14896
14640
14566
14603
14521
14631
14506
14804
14968
14648
14601
14667
14634
14508
14747
14779
14880
14684
16623
22326
36043
15854
14886
15286
14597
15036
14790
15787
15189
15235
14649
14542
14596
14341
14312
14107
14345
14418
13457
13698
14306
14019
14279
14397
14406
14494
14254
14352
14341
14487
13956
14302
14278
14625
14219
14327
14226
14115
14445
14424
14671
14705
14490
14596
14597
14539
14777
14579
14513
14746
13984
14392
14526
15252
14235
14489
14124
14696
14254
14820
14875
15111
14718
15076
14473
14416
14231
14369
14414
14200
14283
14345
14298
14812
14947
14708
14861
14631
14523
14712
14525
14343
14387
14248
14156
14186
14149
14421
14131
14112
13870
14211
13895
14107
14246
14225
14407
14314
14587
15168
14680
14415
14344
14702
14518
14947
14512
14198
14226
14342
14457
14373
14274
14657
14793
15139
15097
15235
15029
15063
15228
14709
14888
15148
14964
15344
14719
14899
14882
15440
14653
15076
14469
15020
14987
15041
15460
15073
14546
14663
14770
15062
14639
14841
14460
14467
14623
14534
14986
14602
14232
14715
14880
14953
14796
14609
14903
15061
14613
15193
14978
14272
14630
15040
15142
14656
17099
14754
14075
14660
14949
14497
14383
14836
14887
14923
14578
14652
14699
14593
14785
14505
14545
15201
14801
14999
14533
14862
14794
15157
14461
15645
15270
15044
15018
15550
15395
15140
15610
15454
14845
15487
15725
15845
16194
15662
15099
15097
15162
15094
14869
15337
15305
15385
14884
14760
15031
14920
15542
15234
15355
15491
14721
15090
14840
14584
14567
14744
15011
15126
15185
14730
15220
15184
15194
15353
15137
14861
15135
14877
15335
14746
14820
14844
14797
14808
14513
15179
14846
14543
14636
14431
14408
14412
14179
14669
14380
14459
14649
14233
14425
14231
14612
14689
14593
14450
14445
14410
14758
14829
14816
14199
14712
14397
14938
14665
14762
14814
14777
14424
14391
14412
14336
14313
14587
14180
14393
14411
14211
14758
14470
14213
14276
14747
14640
14422
14513
14370
14359
14621
14263
14884
14724
15127
14594
17056
16511
16621
16711
16504
16117
21585
20248
20998
19057
19195
19443
19056
19182
19018
19153
19105
19409
19240
19086
18869
19102
15282
14906
14871
15153
14999
14888
14921
15776
16350
15689
15725
16469
16248
16031
16114
15890
15890
15565
16002
15654
15839
16027
15867
15894
15995
15630
15931
15643
15878
15939
15661
14791
14962
14534
14380
14624
14750
14652
14937
16208
14610
14670
14851
14530
14611
13954
14521
14510
14482
14164
14184
14664
14230
14391
14300
14316
14871
14597
14655
14139
14426
14557
14583
14726
14491
14554
14260
14553
14664
14476
14539
14778
14402
14450
15144
15752
15131
15486
14845
14707
14721
15265
14906
14813
14785
15200
15031
14646
14783
14498
14649
14471
14476
14628
14471
14613
14725
14705
14771
14967
14853
14798
15069
14919
14735
14932
15086
14877
15233
15307
14890
15042
14963
15029
14546
14894
15312
14900
15944
18028
17600
17918
16634
14676
14158
14334
14814
14325
14455
14206
14081
14531
14373
14755
14448
14661
14500
14168
15305
14678
14030
14874
14526
14438
14289
14120
14225
14160
14444
14008
14269
14231
14271
14181
14238
14140
14017
13972
13988
14035
14371
14000
15488
14307
13778
14011
13823
13798
14810
13723
14068
14065
13663
13683
13440
13284
13685
13239
13406
13414
13725
13680
13527
13619
13676
13437
13483
13611
13362
13717
13703
13250
13501
13412
13575
13185
13837
13567
13314
10206
13443
13527
13609
13628
13735
13813
13715
13802
13681
13474
13491
13521
13734
13802
13849
13715
13885
13621
13600
13623
13578
13574
13661
13507
13553
13980
13442
13403
13800
13662
13617
13697
13706
13455
13597
13787
13661
13479
13608
13721
13387
13459
13631
13497
13411
13528
13617
13469
13300
13077
13121
12983
14331
13833
13257
13634
14326
14218
13646
13814
14178
13330
13710
13402
13284
13672
13904
13651
13768
13513
13561
13675
13886
14173
13965
13709
13921
13834
13528
13540
13575
13797
13303
13202
13348
13270
13485
13412
13604
13395
13315
13891
13575
14045
14150
14232
14437
14181
14032
13938
14401
14513
14612
14471
14474
14648
14526
14376
14508
14735
14383
14160
13944
13977
14026
14614
14633
14884
14791
14757
14630
15039
14927
15230
15404
15101
15040
15176
14899
14832
14841
14808
14875
14708
15026
14670
14891
15016
14631
14824
14648
14288
14335
14592
15902
15978
16672
16557
16294
16141
16252
16442
16226
16116
16341
16164
16265
16273
16165
16843
16486
16243
15806
16115
16702
16612
16025
15980
14644
15022
14700
14771
15007
14959
15033
14816
14920
14733
15029
15299
15083
15139
14852
15188
14930
15383
15565
15449
15189
15274
15483
15519
15480
14893
15097
15116
15131
15359
15190
15242
14880
15084
14880
14943
14959
14967
15143
15366
15158
15137
15262
15348
15041
14980
15112
14854
14764
14942
14487
14750
15043
15254
14888
14739
14625
14642
14416
14558
18318
18637
14734
14615
14653
14545
14366
14726
14758
14816
14546
14794
14356
14459
14176
14585
14136
14291
14526
14258
14633
14383
14126
14475
14384
14864
14653
15017
14917
15220
15071
15219
14912
14704
14717
14832
14853
14572
14721
14873
15032
15016
15032
14978
15041
15190
14825
14875
15248
18529
18310
18388
18069
15578
14596
14754
14938
14583
14495
14458
14462
14385
14317
14246
14625
14469
14462
14456
14257
14488
14564
14502
14292
14355
14284
14696
14300
14585
18844
19218
14799
15301
14722
14436
15289
14821
14641
14710
14690
14624
14702
14880
14623
14855
14916
14881
14714
14568
14583
14443
15055
14772
14411
14828
14969
14977
14886
14556
15252
15030
14880
14618
14906
14683
14624
14901
14873
14883
14364
15068
14488
15042
14906
14567
15089
14640
14617
14949
14856
14814
14783
14420
14453
14422
14572
14685
14568
14519
14674
14796
14360
14595
14727
14835
14918
15328
14926
15068
15327
14712
14628
14467
14745
15175
14351
14218
14304
14584
14142
14181
14062
14862
14077
14596
14610
14559
14727
14279
14575
14048
14448
14393
14478
14241
14223
14172
13953
14322
14133
14075
14453
14294
13977
14766
14049
14294
13963
14271
14053
13923
14168
13577
13934
14286
13762
13908
14214
14039
13851
14348
14859
13844
13868
14155
13917
14527
13713
14136
14016
14074
13935
14343
13429
14559
13538
13676
13961
14019
13654
13238
13861
13718
13778
13549
13830
13607
13669
13415
13854
13637
13718
13544
13306
13357
13459
13395
13411
13335
13504
13560
13526
13909
13528
13213
13946
13882
13709
13799
13752
13784
13758
13878
13823
14042
13874
13741
13636
13791
13966
13742
13531
13905
13661
13742
13711
13909
13577
13494
15965
15669
16222
16148
13645
14122
14013
13706
13766
13731
13774
14063
15407
14344
14147
13480
14464
13746
13470
13883
13722
13426
13835
13545
13275
14201
13547
13453
13558
13690
13566
13616
13787
13528
13508
13483
13582
13828
13737
13468
13546
13710
13705
13905
13584
13666
13676
13629
13650
13442
13571
14010
14099
14195
13817
14498
14141
14537
14267
14231
14572
14606
14674
14447
14236
14579
14306
14734
14746
15008
14480
14588
14580
15201
14225
14662
14551
14325
13894
14388
14654
14393
13706
13940
13538
14089
13941
13908
13445
14217
14213
14546
14085
14448
13901
13779
13763
13977
16029
19194
18031
17968
17924
17863
17624
17913
16890
13615
13817
14715
14849
13829
14154
13764
13851
13913
13979
13808
13861
14115
14011
13661
13888
13347
14149
13977
14055
14110
13900
14164
14601
14387
14235
14064
14057
14406
14237
14210
14117
14393
13853
14313
13661
14008
14056
14253
14030
14132
14031
13866
15300
16462
14205
13911
30356
14146
13688
14088
14636
15164
14229
14041
13944
14396
14209
14372
13919
13747
14557
14119
14076
14686
14529
14084
14021
15783
15668
15920
15707
14781
15998
16677
16297
16907
16679
17087
16536
15983
16514
15056
14040
14009
14268
14480
14051
13992
13947
13993
13880
13806
14172
15865
16007
16058
15502
15606
15146
16057
16383
15892
16146
15788
16087
15976
15901
15459
16060
16062
16122
15815
16002
14546
14738
14721
14724
14733
14834
14936
14792
14581
14832
14679
14835
15175
15015
15032
14965
14909
14389
15097
14969
15084
14784
15216
14960
14935
14774
14650
15976
15761
14363
14265
14773
14409
14361
14524
14117
18737
14782
14991
14624
14597
14326
14547
14052
14448
14268
14418
14572
14552
14379
14425
14460
14143
14519
14351
14751
14347
15275
14159
14131
14388
14227
14297
13957
14302
14271
14203
14092
14288
14249
14197
14210
14100
14300
14097
13923
14267
14150
14155
14154
13997
14071
14074
14063
14069
13986
13915
13901
14062
13938
14178
14282
14395
14078
14515
14452
14337
15490
14515
14648
14421
14343
14465
14478
14373
14269
14649
14586
14377
14387
14362
14764
14541
14563
14854
15146
15472
15100
15007
15011
14667
14666
14701
14409
14638
14310
14679
14875
14590
15615
14834
14678
14671
14785
14532
14511
14602
14512
14403
14178
14159
14006
14223
14276
14382
14000
14056
14597
15441
14247
14438
14466
14112
14269
14178
14553
14412
14117
14307
14375
14071
14137
13972
14223
14136
14263
14031
14064
14037
14053
13894
14027
14317
15548
14355
14110
14372
14394
14277
14256
16204
14402
