17296
17168
17038
17340
17250
17665
18107
17769
18451
19223
17813
18040
18412
17908
18631
18859
18810
18012
18984
18465
18489
19000
18947
18395
19027
18359
17939
18749
18201
20001
18680
17860
17544
18870
18646
18946
19324
18993
18887
19450
19745
19176
19932
18702
19469
19638
19188
19330
19204
18717
18585
19619
18879
19063
19043
18166
18072
18290
17831
17811
18220
17856
18232
18677
18080
18199
18710
17673
17757
18570
17558
17476
18693
17816
17830
17998
18047
17795
18115
18152
18651
18378
18211
18071
19292
19003
18526
19402
18989
18889
19231
18154
18977
18935
18247
18997
18740
17985
17923
18416
18294
17965
18169
17987
18281
19065
17912
18097
18471
17995
17947
19153
18446
18240
18872
18179
17941
19021
18599
18098
18612
18589
18834
19208
19522
18797
19731
19135
18738
19982
18806
19796
20458
18986
18415
20228
18781
18835
19314
19781
18637
19862
19741
19370
20372
19078
19606
19953
20041
19260
19637
19248
19365
19880
18824
19749
20129
19025
18465
19440
19099
18598
19144
18731
18807
19694
19316
19314
20084
19205
19485
19357
19148
19442
19965
19374
19550
20012
19324
19109
19747
19328
19682
19230
19277
19251
19066
19509
18907
19254
19167
19314
19742
19721
19503
18824
18423
18482
18338
17977
17643
18559
18060
17620
18455
18092
17726
18612
17950
17741
18419
17894
17834
18259
17516
18597
18936
17809
17988
17901
17280
17288
18094
18042
17437
18773
18170
17992
18195
17787
17881
18264
17872
17771
18527
17707
17673
19059
17816
17493
18954
17731
18050
19685
18844
18873
19503
18877
18475
17722
17467
17577
18426
18272
18093
18186
17804
18541
19176
17329
18375
18504
17945
17326
17663
17455
17556
18116
17898
17580
17636
17616
17678
17328
17556
17778
17540
18560
18244
17844
17916
17766
18019
18167
17962
18397
18219
17821
17708
17924
17867
18049
17765
17817
17426
17654
17727
17632
17264
18279
17544
16870
17286
17275
16986
16684
16979
17195
16719
16178
16609
16688
16414
16817
16745
16612
16346
17131
16746
16689
16765
16880
16197
16188
16740
16638
16810
16542
16481
16572
16608
16668
16578
15703
16739
17075
16291
17048
16821
17315
16590
16704
17104
16204
16561
16449
16787
16663
17583
18415
18926
19187
18409
19159
18885
17844
15592
16100
15839
16020
16333
19122
19325
19593
19268
19144
17691
16312
15540
15760
15743
15337
15565
15716
15389
15389
15422
15837
14835
15193
15533
15385
15308
16415
15536
14726
14589
14776
14805
15841
15088
15084
14905
14970
14776
15049
15011
15323
14947
14736
18202
21507
21924
22294
18573
14960
14869
15229
15041
15048
15220
15179
15249
15297
15518
15182
15362
15496
15456
15594
15417
15498
15610
15545
15374
15492
15504
15223
15928
15675
15574
15997
15923
15934
15870
15779
15961
15725
15767
15804
15445
15368
15676
16021
16193
15448
16355
15808
15841
15800
15794
15835
16121
15974
15173
15637
15923
15995
15542
15611
15852
15648
15549
16093
16693
20438
20012
20303
19025
15694
16407
15896
15615
16037
16641
17274
16231
15921
16186
16192
15999
16374
17311
16697
17221
16756
16642
16315
16593
16435
16679
16557
16899
16578
16830
17188
17106
16902
16916
16642
16570
16848
16713
16736
16181
17093
17331
17361
17560
17203
17810
17242
17317
17168
16756
17599
17177
17383
16889
17215
17269
16493
16647
16726
16569
16508
17015
17032
16697
16953
16662
17244
16946
17083
17456
16543
17056
17486
17292
16880
17333
17560
17530
16799
17174
17538
17796
17588
17807
17190
17526
17366
17437
17680
17751
18161
17467
18773
18185
18548
17897
17739
18139
17746
17597
18113
18282
17859
18767
20466
19437
19794
20533
21062
20222
20566
20933
20886
20524
20940
21001
21147
20469
18649
18250
17392
17112
17829
17106
17003
17265
16893
16652
17143
17143
16575
18009
17191
17448
17314
17648
17727
17776
17598
17684
18203
17877
17446
17304
17567
17645
17755
17782
17545
17374
17778
17804
18333
17431
17259
17337
17832
18549
17783
17729
19599
18902
20358
18883
18990
18735
18723
18910
18297
18047
18385
18416
18858
18632
18752
18980
18681
19006
18701
19122
19122
18778
19020
18160
17498
17144
17633
17266
17266
16945
16813
17449
16902
16592
16670
17051
16530
16704
16857
16425
16477
16308
16728
16694
16422
16657
16620
16675
16597
17140
16807
17196
16987
16770
16485
16826
16890
16554
16618
16712
16915
16738
16694
17003
17388
16942
16950
16985
16847
17213
17434
17591
17737
17666
17960
18390
17687
18334
17677
18954
18547
18486
18303
17987
18244
18377
17926
18152
18177
18448
18488
18337
18096
18965
18274
18354
18663
18805
18658
20396
19330
18471
18603
18195
18316
18615
18569
18116
18135
17925
17953
18088
18309
17779
17553
17674
17573
17496
16970
17523
17275
17277
16874
17004
17058
17064
17250
16811
16414
16371
16899
17039
17379
17019
16540
16698
16769
17334
16647
17034
17517
17089
16451
16468
16828
16366
16678
16474
16600
16419
16645
16358
16186
16364
16500
16548
16122
16277
16750
16339
16189
17403
16672
16070
17301
16392
16663
16838
16270
15954
16389
16795
16966
17492
16924
16780
16892
16824
16987
17054
17388
17219
18665
17095
17228
17324
17856
17562
17394
16624
16640
16701
16949
17143
16851
17355
17098
16820
17145
17458
16892
16841
16811
16726
16975
17058
17600
17286
16936
17448
16720
17276
16634
16540
16646
16614
16864
16991
17061
16505
17364
16902
17420
17143
16443
16567
17114
16137
16470
16309
16607
16716
16721
17207
17112
16965
17046
17093
17088
17524
16958
17264
17665
16662
17098
17050
17062
17322
16985
16818
17692
17749
16959
17120
17540
17890
18344
17746
17840
18029
17173
17066
17005
17116
17260
17001
17030
17238
17238
17747
17101
17101
17464
17177
17376
17714
17846
17989
17805
18101
18049
18098
18193
19141
17972
18285
18797
18265
18501
18398
18038
18572
17707
17376
17821
17123
17513
17673
18105
17379
17792
17467
17837
17678
17578
17830
17890
18366
18727
18168
18399
18014
17258
17776
17484
17635
17355
17340
17502
17891
16959
16551
16814
16804
16984
16947
16917
18654
16851
17112
17073
16997
17201
17516
17290
17358
17749
17624
17724
17623
17965
17321
17607
18051
17098
17862
17628
17334
16900
16955
17321
17034
17509
17316
17271
17563
17590
17547
17317
17606
17655
17939
18295
18148
17893
17449
17819
17760
17501
17562
17457
16892
16612
17271
16803
17213
16857
17419
16731
16607
17415
17639
17255
17160
17052
17642
17325
17451
17424
17741
17379
18009
17887
17312
17392
16922
16925
16728
16738
17210
16867
16825
16712
17333
16426
16790
16356
16237
16194
16708
16422
15981
15760
16056
15919
15407
15820
15960
15858
15699
15081
15596
15687
15494
15599
15459
15092
15176
15509
16358
15886
15955
15426
15658
15626
15905
15807
16191
15964
16138
15764
16165
15593
15734
16772
16262
16094
16908
16312
15858
16237
16418
16462
16528
16266
15873
16073
16020
16204
16460
15752
16353
16210
16536
16559
16666
16829
16831
16734
16416
16564
16605
17036
16257
16874
16743
16624
16641
16488
16260
16743
16580
16544
16643
16714
16500
16363
16306
16268
16222
16713
16414
16749
16170
15993
16438
16186
16038
15915
16319
16003
15952
15795
16232
16026
15988
16972
18919
19364
19563
20340
17019
15623
16610
16183
15944
16244
16357
16173
15679
15871
16075
15932
15635
15991
15977
15712
16085
16182
16238
16153
16269
15840
16162
16140
18102
19093
20068
20047
20161
21129
20432
20809
19669
17032
17374
16679
17483
17099
16990
17574
17178
17458
17058
17555
17068
17539
16834
16761
17353
17585
17108
16971
16935
17096
17122
17225
17039
17179
17046
17174
16819
16865
17189
17109
16629
16683
17529
16520
16560
16775
16992
16669
16932
17010
16609
16092
16222
16154
16144
16720
16468
16690
16259
15894
16148
16672
16968
15917
16167
16156
16560
16526
16544
16339
16679
16049
16233
17059
16753
16592
16632
16078
15642
15832
15727
16371
15716
15744
15937
15860
16162
15972
16091
15935
16156
16194
16146
15822
16602
16886
16790
16768
17673
16968
17039
16516
16814
16541
17155
16711
16741
16468
16911
17135
16792
17378
16475
16771
17601
17919
17406
17272
17638
17256
17466
17655
17436
17372
17295
17680
17312
17390
17349
17700
17722
17635
17619
17174
16892
17282
17416
17012
17048
16889
17388
16952
17268
17026
16761
17067
17029
17221
16552
17036
17145
17352
16896
17124
17887
17312
17613
17595
17447
16948
16946
17283
17217
16508
16885
17033
17345
16948
17071
17014
16665
16920
17106
17467
17320
17360
17598
17197
17578
17769
17103
17146
17413
17498
16890
17697
17512
17399
17450
17066
17483
16929
16786
16898
17022
16444
16984
17377
16867
16941
16438
16919
17249
17264
17221
16614
17617
16975
17304
17768
17959
19004
19732
19298
17863
16374
17135
17231
17398
17087
17643
17454
17515
18020
17449
17684
18605
17691
16778
16962
17596
16673
17181
17037
16712
17195
16984
17363
17240
17038
17056
17559
17624
17257
17373
18419
17696
17674
18329
17634
18018
17797
18508
17542
17793
17953
18077
17783
18242
18038
17845
17591
17956
17701
17634
17283
17017
17282
17109
17212
17420
17465
17395
17189
17013
17107
17199
17380
16864
16962
17464
16817
16714
16983
16855
16757
16675
17215
16374
16697
17047
16886
17080
16997
16945
17341
17077
17216
17118
17418
17554
17710
17563
17411
17286
17420
17067
17677
16834
16490
17698
18079
17276
17632
17484
17575
18115
17420
17301
17504
17357
17506
17163
16642
16529
16702
17123
16706
17321
16929
17206
17139
16894
16830
16938
16278
16518
16347
16704
16261
16549
16355
17408
16751
16330
16520
16547
16238
16252
16460
16830
17298
17028
17222
16980
16124
17144
16792
17362
17102
17323
18448
17226
17534
18739
17213
17050
17505
16956
16742
17009
17736
17318
17726
17201
17347
17327
17756
17265
17329
17675
17993
17397
17188
17721
17531
17568
17036
17237
17341
17142
17062
18386
16936
16666
16907
16661
16803
16677
16693
17001
17231
17253
16912
17093
17889
17731
17872
17870
17291
17531
17504
17412
17385
17943
18437
18047
17855
18681
18233
18866
17884
18778
18219
18425
18475
18583
18464
19174
18767
18565
19011
18421
18606
18362
18518
18712
18919
17999
18737
19107
19994
20843
20468
20410
19949
19530
20371
19755
19871
19647
19880
19994
19683
19872
20225
20238
19720
19987
20545
20225
19400
20391
19564
19896
19541
19676
19610
20120
19911
19979
19599
19947
18852
19326
19457
19186
19066
19564
20217
19999
20001
19507
22056
19870
20130
19690
19959
19828
20286
20868
20767
20384
20955
20464
20397
20788
20863
20429
21741
21324
21763
21619
22127
22143
22393
22434
21905
22581
21724
22825
22310
22683
22571
22436
22627
22675
22214
22750
22722
21592
21728
21685
21322
20570
20835
21655
21523
21153
21555
20795
20790
20959
21078
20957
20551
20698
20586
20983
20935
20915
20890
20573
20698
20273
20135
19950
20367
20193
20256
20304
20613
19707
19955
21119
20335
19444
19311
18911
19592
19551
19055
19565
19071
19184
19086
18701
18668
18616
19051
18765
18791
18804
19169
19583
18937
19400
19817
19530
20179
20156
19572
20606
20315
20347
21364
20850
20358
20618
20298
20368
20407
19983
19652
19720
18997
18865
18448
17560
17377
17246
16894
16612
16310
16123
16371
16554
16597
16428
16614
17797
16494
16558
16912
16722
16432
16786
16584
15967
16220
16176
16187
16456
15991
15871
15466
15856
15688
15402
15495
15508
15337
15270
15426
15387
15393
15599
15029
15155
16094
15561
15956
15656
15848
16015
15509
16617
16332
16117
15972
16088
16499
17204
17859
17554
16280
16048
15933
16198
16437
16101
16724
16682
16849
18226
17186
16831
16987
16551
16492
16078
15947
15974
16338
16428
16457
16169
15985
16817
15992
16033
16180
16095
16562
16168
16345
16840
17548
16220
16121
16914
16606
16594
17196
17030
17357
17684
17755
18233
17471
17195
17214
17162
16963
16864
17148
17138
17320
17619
17587
16843
16790
16942
16742
16743
16278
16584
16775
16726
17216
17361
16839
16986
16984
16780
17145
16850
17116
17547
17983
17698
17744
18163
17915
18315
17852
18022
18015
18227
17874
17724
19017
18207
17248
17889
17088
17570
17448
17379
17605
17377
18237
17631
17297
17650
18276
18060
17929
17631
18149
18490
17920
17950
17555
17623
17950
17918
18351
18240
17982
17822
17351
17672
17204
16912
16983
17448
17163
17738
17627
17652
17728
18228
17803
17490
19166
18336
18275
18800
18389
18569
18814
18808
19291
19393
19072
18272
18208
17830
17836
18223
18128
18587
18097
18485
18437
17308
17066
17028
17218
17373
17293
17726
17381
17297
17534
17141
17335
16912
16765
16401
16707
16867
16999
16914
17108
16946
17085
16528
17275
16451
16776
17559
16922
16635
17113
17045
16468
16654
16940
16654
16562
17487
17152
16916
16778
16969
16565
16123
15941
15915
16430
16186
16084
16501
16259
18102
16114
15632
15878
16662
16352
16336
16589
16653
17231
17230
16781
16687
16787
16870
16730
16932
16725
16670
16686
16658
17107
16238
16991
16550
16310
16336
16133
16911
16803
16480
16651
16744
17253
16668
16481
17211
16875
17006
17477
18356
17599
17562
16712
16589
16952
16420
16947
17085
17530
17338
17161
16848
17385
17173
16346
16079
16725
16811
17173
17424
17750
17149
17394
17611
17383
17375
17986
18169
17693
17867
17988
17608
18485
17914
17588
17744
17953
17924
17990
17736
17934
18628
17783
18075
18293
17685
18410
17821
17718
18092
18554
18389
18072
18026
18543
18490
18251
17600
17426
17556
17430
17628
17387
17331
17822
17979
17563
17431
17272
17597
17706
17570
17959
17876
18605
18316
17718
17494
17793
17366
17853
17625
17324
17046
18397
17821
17756
17756
17824
17995
17962
17255
17294
17255
17650
17934
17842
17941
18070
22586
22597
21982
22315
22957
22809
23099
22793
20025
18993
18891
20187
18047
18313
18666
18784
18647
18753
18613
18185
17995
18165
18336
17892
17997
18198
18419
18362
19225
19621
19285
19530
19536
18886
18955
19476
19319
19141
19414
18875
18622
19031
19353
19072
19359
19868
19389
18798
18990
19266
18417
18081
17933
18108
17886
18052
17918
17743
17733
17919
17659
17907
18035
20094
20075
17985
18153
18119
17897
18344
18399
18009
17907
18008
17967
17882
17992
18091
17809
18366
18135
16789
17979
17643
17657
17909
17943
18392
18398
18104
18501
18273
18147
18322
18505
18264
17680
17772
18451
18676
17891
18813
18146
18326
18015
17992
17770
17877
17688
17347
18521
18383
17707
18008
16837
17296
17601
17468
18013
17839
17675
17457
17492
17420
16867
16851
17374
17291
17202
17423
18765
18368
17837
18874
19368
19334
19318
18797
18739
18455
19834
18917
18843
19166
19189
18567
18023
18076
17801
16714
17031
16838
16524
17000
16540
17742
18067
17936
18386
18383
18280
19004
19106
18324
17260
17412
17514
17405
17216
17618
18551
17902
17886
18311
17998
17987
17785
17855
17568
17496
17223
17436
16919
17476
17467
17926
17726
17356
17659
17756
18315
18346
18128
18327
18277
18789
18612
18376
18318
18034
17941
17545
17493
18025
17621
17432
17184
17386
17399
17405
17054
17317
17565
17669
18123
18576
18590
18720
19059
19047
19194
18699
18952
18816
18645
18784
18738
18404
18733
18885
18787
18688
18738
18775
18864
19332
19227
18657
18246
18242
18175
18351
18144
18245
18134
18433
18593
18327
18882
18871
18631
18811
18635
18950
18334
19056
19112
19194
19103
18762
18795
18459
18780
18142
17873
17897
17563
17801
18194
17855
18557
18212
18061
18117
17967
18235
17932
17897
17337
17581
17413
16962
16865
16833
16551
16627
16552
16198
17381
16538
16440
16924
16667
16697
16842
16564
16381
16731
16846
16727
16579
17611
16828
17085
17450
16956
16802
16540
16594
17023
16787
16514
16918
16456
16488
16435
17058
16390
16762
16770
16553
16232
16398
16653
16531
16133
16202
17125
17034
17082
16550
16340
16445
16201
16132
16271
15981
16664
16752
16910
16531
17101
16331
16819
16339
16513
16381
17567
16412
16226
16581
16467
16525
16707
16778
16658
16359
16495
16906
16848
16946
16891
17145
17124
16451
16637
16553
16321
16914
16600
16667
16902
16378
17173
17272
17276
17326
17030
17678
17394
17361
17713
17705
17249
17122
17479
17847
17363
17517
17303
17562
17166
16961
16585
16796
17369
17210
17540
17851
18458
18423
18393
19034
18887
18928
19425
19234
19658
19441
19828
20451
19861
20004
19566
19266
20219
20145
19736
19919
20259
20461
19645
19759
20220
20582
20170
19992
20106
20303
19807
20111
20002
19660
19532
19942
19522
19515
19954
19806
19847
19713
20038
19810
19520
20080
19836
19484
19255
19975
19649
19472
19427
19887
20205
19557
19895
19896
19802
20248
20131
19597
19749
20282
20997
20113
20065
19861
20100
19984
20164
19621
20397
20678
20798
20281
20785
21262
20453
20936
20740
21430
20919
21013
21019
20783
20782
20712
20131
19726
20020
20124
20489
20253
20663
20113
20710
20365
20283
20425
19926
20771
20485
20710
20664
20360
19947
19562
19317
19314
19665
20192
20104
20183
20130
20055
20718
21038
21064
20866
20886
20448
20198
19828
19972
20605
19589
19302
18729
18257
18388
18069
18325
18206
18306
18823
18170
18287
18545
17246
10578
17108
17310
17376
16988
17132
17865
17991
17958
17862
17711
17943
17775
17576
17279
17662
18037
17780
17976
17409
17900
17435
17003
17266
17530
17145
17774
17352
17478
17884
16946
17094
16568
16758
17226
18011
17497
17109
17381
17187
16967
17102
16501
17249
16719
17003
17027
16709
16871
16786
16724
16202
16539
17192
16871
16200
17263
17061
16570
16888
17306
17067
16900
16705
16787
16963
17137
17614
18249
17844
17821
17593
17179
18023
17283
17447
17545
17355
17856
17669
17779
17672
17221
16921
16419
16817
15911
16705
16115
15983
16085
17027
16402
16150
16306
16059
16581
16381
17149
16854
17222
17350
17188
17113
16657
16725
16573
16587
16398
16623
17079
16849
16778
16524
16825
16419
17220
17325
17176
17439
16808
17867
16956
17164
16987
17418
17291
17555
17364
17049
17204
17047
17134
17635
17307
17229
17149
17125
17064
17141
17244
17316
16861
17476
17111
17081
17351
17646
17066
17212
17471
17222
16969
16997
17053
17123
17459
18530
17267
17242
18503
17769
18278
17995
18499
19893
19659
19861
20392
20076
20865
20539
20667
20830
20488
20934
20493
20865
21132
20733
20620
20310
20436
20893
20687
20571
20810
20773
19304
19235
19369
19013
18554
18297
17395
17299
17365
16938
17480
17571
17358
17176
16856
17427
16987
17182
16996
16877
17197
16610
16941
17023
17000
16538
16460
16729
17246
16915
16998
16796
16767
16029
16134
16329
16573
16331
16581
16348
16258
16219
15979
16258
15860
15784
15579
15847
15690
15786
15896
15707
15728
15678
15625
15481
15258
15533
16056
15598
15019
14993
15288
15085
15412
14863
15370
14893
14937
14930
15164
15294
16029
15637
15697
15683
16121
16180
16247
16832
16623
16769
16405
16745
16982
16534
17467
16889
16619
16593
16391
16945
17377
17286
16925
16735
16808
16814
17098
16886
16554
16342
15988
16559
16783
16676
16854
17245
16632
16949
16922
16774
16584
16764
17012
16619
17022
16757
16577
16825
16965
16937
16823
16526
16739
16976
17144
16754
16843
16420
16307
16629
16848
16581
16263
16487
16384
16678
16396
16148
16294
15933
16290
16695
16466
17158
16558
16531
16628
16397
16369
16236
16411
16257
16478
16467
16667
16337
16540
16212
16402
16371
16936
17632
17793
17565
18376
18541
18234
17809
17495
18385
17828
18330
18075
18117
17862
17732
18131
17824
17821
17792
18249
18331
18016
18400
17199
16359
16366
16226
16254
16138
16067
15500
15500
15250
15261
15021
15193
14648
14949
14650
14987
14567
14734
14873
14388
14769
14691
14922
14830
14613
15172
15206
15112
15480
15614
15955
16158
15614
15503
15203
15774
15730
16424
15705
15781
15602
15880
15646
16078
15650
16613
15779
15778
15831
15758
15908
16025
16012
15979
15632
16081
15892
16548
16753
16595
16452
16986
16675
16760
16250
17015
16998
16853
16529
16848
16746
16952
17510
16718
16876
17186
17006
16840
16805
16405
16508
16627
16590
16445
16326
16749
16734
16597
16724
17039
16960
16519
16267
16269
16361
16537
16374
16830
16904
16686
16661
16631
16551
16549
17000
16602
16584
16640
16878
16691
16516
16578
16549
16524
16671
17057
16644
16886
16694
16272
16801
16490
16529
16719
16389
16564
16407
16559
17435
17026
17165
16837
16775
20057
20765
20481
21083
20383
20637
20287
20123
17591
15993
16298
16352
16281
16483
17223
16982
16803
16299
16873
17279
16602
16265
16274
15504
16054
15691
15140
16091
15627
15839
16325
16626
16486
16715
17007
16505
16970
16800
16876
16598
16907
16264
16972
16851
16053
15450
15982
15536
15574
15707
15268
15508
15451
15015
15376
15321
15222
15407
15362
15502
15556
15063
15025
15505
15148
15291
15085
15396
15126
15436
15110
14939
15523
15639
15311
15994
16203
15721
16128
15923
15574
16597
15904
15778
16306
15867
15869
15963
16244
15918
15986
16710
16143
16060
16782
16107
16317
16189
16377
16370
16275
16354
16081
17133
16483
16271
15816
15988
16266
16396
15880
16270
16117
16091
16593
15833
16919
16960
16422
16597
16326
16513
17105
16996
16847
16791
17478
16651
16797
16090
16692
16551
17155
17234
16243
17000
16529
16566
16305
16853
16401
16224
16165
16123
16090
16470
15957
16375
16396
16628
16606
16640
16823
16860
17006
17260
16921
17033
16558
17175
16745
17015
17347
17636
17218
17478
17303
17085
16809
17784
16719
17080
16862
16916
17113
17186
17395
17474
17289
17076
17632
17070
17266
17432
17696
17062
17372
16341
16935
16483
16556
16561
16678
16567
16643
16960
17806
16855
16532
16906
16248
15816
15625
15762
16348
16207
16101
16011
15653
15738
16141
15640
15670
16353
15813
15597
16253
16411
16743
16477
16531
16655
16923
16983
16999
17670
17644
17560
17293
17312
16954
17096
17111
16963
16876
17105
17298
17662
16962
17454
17605
17842
17562
17335
16750
17216
17091
17352
17140
16669
17458
17265
17464
17151
17092
16687
16719
17637
17212
17431
16917
17433
17047
17140
17258
17776
17406
17580
17750
17882
17298
17875
17545
17531
17621
17742
19588
21302
20953
20868
20165
17247
17302
17042
17073
17166
16893
17681
17374
17352
17612
17573
17569
17917
17129
17228
16992
17004
17298
17053
17374
17265
17560
17128
16829
17188
16705
16863
16868
17133
17162
17260
17214
16574
16918
16837
16717
17216
17661
17285
16962
16850
17413
17083
17520
17571
17389
17401
17247
17204
17906
17833
17842
17556
17460
16950
16708
16170
16647
17262
16686
16396
16382
17202
15864
15955
15960
16361
16038
15775
15664
16230
15955
15574
15697
15722
15974
16049
15735
15819
15604
15593
15687
15980
15760
15601
15952
16102
16098
16325
16669
16499
15986
16461
16572
16328
16576
16375
16272
16364
16346
16191
16132
16214
16301
16426
16242
17158
16409
16091
16389
16466
16266
16576
16534
16352
16256
16794
16708
16352
16084
16207
16547
16427
16346
16281
16155
16345
16669
16301
16307
16304
16792
16541
17116
16757
16245
16522
16668
16719
16547
16225
16516
16572
16381
16857
16414
16853
17023
16905
16799
16656
17270
16926
16327
16897
16261
16283
16569
16665
16416
16559
16346
16741
16620
16556
16740
16839
16225
16523
16328
16326
16291
16556
16504
16763
16635
16532
17268
17254
17386
17306
17213
16921
17242
16851
16468
16129
16357
16229
16509
16705
16931
16765
16937
20098
20521
19981
20012
19910
19867
19736
20164
16397
16107
16379
15867
16497
15856
16295
16308
16541
16591
17590
16982
16968
17178
16140
17369
18894
19760
20372
22511
16210
16470
16766
17110
16863
16317
16499
16295
16447
16232
16228
16235
16221
16066
15930
16068
16129
16204
16329
16199
16281
15998
15856
15980
16070
15932
15896
15856
15845
15855
15689
16117
15762
15857
15602
15971
15486
16230
15823
15965
16117
16413
16344
16337
16196
16085
16075
16411
16259
16530
16092
16194
16378
16409
16461
16101
17115
16394
16388
16453
16439
16713
16827
16330
16436
16494
16274
16182
16160
16242
16289
15953
16662
16528
16263
16332
16771
16467
16456
16658
16628
16427
16320
15964
16175
16491
16104
16022
16260
15957
15749
15900
15680
15861
15926
15697
16167
15973
17014
15875
16065
15752
15821
15276
15341
16342
16168
15923
16076
16420
16330
17080
16403
16220
16151
16335
16664
16113
16753
16336
16488
16397
16886
17144
17020
16959
16846
17082
16179
16716
17000
16413
16462
16339
16377
16449
17120
16599
16639
16404
16916
16466
16369
16323
16128
15415
16386
16107
16436
16263
16454
16226
16208
16202
16810
16416
16187
16715
16427
16095
16529
16486
16290
16713
16379
16516
16504
16549
16590
16856
16759
17049
16920
16760
16460
17023
16746
16891
16946
16877
16411
16571
16712
16513
16298
16120
16223
16068
16061
16461
15692
15912
15955
16143
15768
16194
16688
16040
15996
16128
15834
15705
15750
16228
15628
16130
15843
16048
18872
19920
19273
19635
16686
15919
16069
15634
15862
15814
16447
15698
15956
16033
15608
15631
15148
15340
15539
15883
15844
16269
15055
15510
15602
15804
15745
15910
16002
15722
16082
16220
15632
15894
15827
15717
15961
15870
16282
15915
16068
15976
15672
16397
15916
15805
15584
15995
16088
15860
16219
16170
15960
18631
16216
18740
15883
15991
16185
16233
15821
17614
16150
15955
16334
16182
15700
15498
15894
16158
16071
16414
16399
16063
16445
16052
16161
15754
16420
16162
16795
16380
15756
16967
15816
15725
15822
15363
15435
15734
15229
15339
15802
15726
15159
15692
15536
15775
15265
15682
15431
15473
15574
15461
15500
15339
15607
15645
16049
16139
16114
16425
16262
16885
16932
17115
16547
16622
16378
16247
16497
16814
16261
16124
16477
16556
18761
16061
16695
16706
16271
16473
16283
16542
15961
16537
16678
16321
16085
16480
16389
16539
16203
16646
16285
16316
16474
16663
16220
16072
16221
15990
16327
16530
15919
16216
16050
16015
16267
16144
16052
16159
16211
16525
16175
16209
16265
16419
16546
16438
16584
16362
16845
16474
16515
15963
15726
15613
16032
16145
16303
16592
16198
16232
16758
16507
16599
16461
16738
16556
16679
16184
16026
16248
15940
15935
16188
16166
16148
16161
16045
16217
15770
16312
16003
15983
16101
16310
16060
15899
15841
15884
16180
15960
15825
16114
15990
16199
16312
16107
15751
15896
16177
16019
15694
15838
16108
16296
16498
16424
16488
15794
15438
15951
15679
15128
15439
15383
15266
15578
15622
15393
15476
16355
15532
15536
15568
16066
15570
15580
15712
15612
15253
15850
15704
15593
16133
16046
16179
16006
16614
16313
15951
16280
16312
15829
15835
16252
16054
15780
16018
16295
15921
16172
16050
15928
16170
15658
15621
14685
15761
14879
15395
15333
15470
15135
15605
15315
15323
15618
15674
15676
15339
15630
15492
15810
15475
15598
15586
15475
15614
15914
15608
15893
15592
15792
15568
15785
16028
16317
15894
15872
15492
15970
15979
15775
16116
15766
16074
15896
15862
15588
15913
16095
15819
15825
16141
15614
15899
15525
15538
15414
15761
15603
15697
15394
15373
15575
15304
15106
15291
15490
15427
15340
15589
15619
15565
15648
16062
15488
15701
15993
15859
15778
15577
15718
15765
15829
16065
16320
16116
16146
16069
15667
15814
15833
16008
15235
15902
15320
15945
15887
16374
16172
16091
15754
16090
15977
15805
15640
16032
15905
15906
16378
16347
16089
15879
16106
16379
16221
16518
15655
16314
15883
16331
16188
16143
16810
16504
16300
16705
16350
16259
16111
15923
16025
16123
16140
16086
15711
15652
16042
16263
16460
16293
15837
15555
16344
16591
15965
15869
16413
16567
16463
16492
16283
16325
16247
16686
16411
16107
16209
16491
16463
16439
16400
16778
16115
17036
16421
16317
16113
16210
16238
16924
16345
16805
16657
16319
16345
16722
16864
16695
16484
16872
16466
16507
17006
17905
17038
17334
17187
17059
17160
17790
17021
17726
16912
17560
16976
17247
17605
16977
17484
17144
17021
17153
16775
16752
16906
16564
16452
16400
17284
17233
16343
18648
18674
19021
18448
18036
18707
18736
18880
16818
16336
17096
16826
16913
17001
16540
16868
18780
19495
19304
19432
19472
18928
19125
19288
18503
17003
17765
17388
16944
17232
17322
17211
17289
17157
17388
16744
17185
17421
16883
17764
17458
16884
17185
16750
16630
17118
16472
17061
17802
18909
20701
19849
19794
17316
16157
15977
16173
16154
16407
16035
16231
15978
16398
15785
16154
16021
16015
15913
15701
16241
15834
15476
15751
16056
15821
16098
15779
16214
16069
16186
16575
16019
16050
16303
16039
15942
16089
15863
15803
16086
16342
15922
16096
17019
16224
13554
16577
16493
16359
16219
15986
16370
16243
16596
16829
15863
16441
16361
16392
17638
15868
16233
15698
15217
15179
16049
16016
15279
15538
15964
15562
15734
15503
15584
15855
16447
15669
15961
15973
15813
15373
15686
16279
16481
16310
15874
16497
16183
17069
17188
17007
16779
16999
17187
16941
16932
16765
16972
17024
17482
19358
17254
17752
17536
17102
17782
18669
18373
18294
17943
18315
18552
18682
18623
18853
18366
18757
18570
18564
18541
18899
18866
18613
18543
18487
18557
18509
19052
18248
17590
18103
17901
17504
17679
17707
17715
17321
17426
17818
18143
18038
17828
17645
17691
17350
17610
17634
18033
18110
18153
18118
18612
18531
22194
19550
19176
18684
18509
18519
18436
18612
18189
18450
18485
18515
18245
18849
18330
18185
18458
18883
18579
18387
19304
18548
18427
18711
19093
18769
18347
19316
18932
19054
19130
18769
18881
18712
19123
18809
18005
19156
19080
18716
18689
18773
18338
18744
18555
18951
18696
19151
19120
18646
18839
18940
19112
19072
19417
18729
19898
18435
19001
18829
18924
19060
19122
18601
18681
18873
18410
17979
18044
18084
17622
18128
18850
18380
18122
17837
17982
18150
18005
18412
18623
18527
18529
18623
18838
18567
19077
18533
19587
18885
19325
18843
20073
18845
18755
18853
19217
19514
18791
19001
19062
18862
19473
19778
19770
20217
20779
20162
20716
19933
20096
19826
20047
19626
20239
19701
19190
19730
19611
19396
19407
20080
19302
20094
19580
19271
19614
19869
19635
19072
19343
19338
19778
19335
19203
19438
19651
19193
19446
19737
19583
19627
19220
19551
19476
19586
19798
19390
19538
19397
19816
19897
20187
19737
19810
19602
19797
23082
23347
25030
26638
27476
29725
23301
36155
40047
36348
44010
48358
49951
43001
45319
46802
52988
60457
48627
44267
45355
52317
38964
41015
49845
32493
30259
24963
27621
27680
34320
24009
19678
21219
20629
19760
19140
18886
18989
19079
18970
19301
19113
18906
19130
19059
19263
19414
19314
18903
18314
18730
18973
18869
19277
19439
19398
19333
19398
19276
19236
19357
19096
19600
19571
19264
19301
19573
19549
19612
19698
19170
18926
19831
19497
19588
20230
20044
19405
19821
19993
20345
21052
20897
21665
21136
20330
20549
20397
19760
19530
19437
18627
18855
19080
18825
18736
18991
19729
19597
18742
19214
19019
18984
18918
18970
18774
19216
18929
18683
18992
18814
19150
18702
18927
18990
19069
18994
19335
19182
19166
19360
19598
19601
20142
20368
20249
20500
20476
20554
21181
20762
20106
20175
20389
20776
20609
20176
20007
20223
20248
20511
20587
20373
19325
18726
18350
18974
18735
19275
19137
18742
19003
19533
19474
19847
19955
19860
19641
19708
19713
19571
19013
19145
19633
19179
18992
18948
19093
18727
19167
19170
19170
18645
18486
19109
18688
18650
19032
18476
18635
19127
18399
18690
18667
18445
18560
18543
18476
18551
18814
18594
18418
18074
17889
17978
17785
17511
17700
18006
17741
18043
19171
18262
17402
18011
17134
17421
17526
17443
17787
17347
17478
17441
17129
16874
16841
16736
16659
16289
16579
16106
16250
16356
16309
16193
16301
16551
16633
16074
16699
16305
16412
16454
16649
16778
16084
17119
16778
17475
17932
17308
17799
18029
17406
17475
17719
18078
18329
17943
17654
17847
18182
17423
17394
17977
17495
17810
17803
17658
17650
17852
18057
18009
17653
17612
17946
18444
18262
18031
17810
17606
18597
17469
18074
18387
18384
17900
17689
17687
17532
17475
17734
17435
17684
17410
17480
17439
17967
17782
17915
17967
18180
18298
18003
17609
17983
17815
18197
17884
17879
18032
17951
18617
18290
18300
18884
18805
18718
18631
18542
18769
18557
18621
19005
18748
18707
19113
19001
18823
19155
18671
19141
18770
19065
19467
19234
19284
19496
19583
19451
18926
20018
19640
19136
19248
19312
18601
19720
19221
19847
19378
19238
19162
19024
18417
18996
18434
18409
19125
19319
19564
18900
18909
17851
17826
17252
16971
17107
18015
17161
17467
17803
17778
17728
18697
18355
17374
17738
17500
18046
17994
17699
18189
17878
17807
18138
17569
18108
18110
18440
19129
18544
18601
18586
18776
18630
18603
18305
18156
18631
18170
18314
18628
18430
17756
17342
17472
17575
17389
17388
18082
17451
17440
17854
16985
18024
19622
19607
19530
18683
17417
17518
17458
17766
17538
17570
17466
17848
17780
17920
17751
18180
17525
17800
17889
18149
17782
17690
17840
17513
17784
18217
18315
18493
17878
18215
18274
18473
18525
18457
18329
18866
18623
18874
17407
17212
17380
17604
17506
17468
17482
17343
17328
17570
17495
17397
18405
17288
17036
17256
17251
17210
17189
17115
17521
18238
17583
17960
17787
18228
18264
18255
17909
17411
17813
18379
18457
18234
17764
17811
17322
17466
17552
17153
17791
17722
17402
18572
17657
17554
17433
17294
16943
16953
16651
17100
17415
17042
17464
17776
17421
17530
17157
17319
17346
17477
17471
16944
17229
18251
17312
16794
16961
17211
17141
17345
17487
17139
17930
17340
17340
17499
17971
17811
17966
17780
17882
18327
18101
18018
18255
17966
18042
17940
17767
17964
17620
17727
17599
17819
17946
17802
17907
17877
17543
17828
17715
17235
17529
17335
17507
17408
17057
17715
17629
17397
17270
17289
17330
17594
17386
17409
17410
17089
17342
17332
17658
17056
17010
17354
17605
17305
17776
17883
18823
17449
17094
16889
17085
17337
17282
17540
17269
17257
17462
17062
17544
17504
17509
18403
17702
18195
17639
17861
18655
17626
18053
18011
17449
17514
18199
17710
17129
17522
17422
18043
17475
17723
17732
17428
17467
17410
17171
17970
17543
17906
17561
18438
17574
17963
17304
17810
18179
18014
17987
18013
17991
17983
17206
18165
16883
17803
18387
17903
17969
17811
18264
17711
18290
18161
17939
18395
17996
17620
17899
17765
17969
18283
18128
17775
19075
18090
18163
18650
18650
17863
18336
17981
17922
18677
18049
17970
18409
18044
18131
18318
18194
17939
18867
18429
18330
18687
18588
18307
19190
18290
18575
18594
18455
18236
18490
17917
17735
18180
17949
17928
18500
17839
17457
17978
17470
17130
17581
17189
17678
17991
17442
17775
17681
16934
17268
18093
17720
17183
18304
17407
17578
18107
17196
17439
17183
17099
17432
17989
17075
17027
16847
16544
16855
17488
16691
16908
16937
16549
17029
17419
17051
17090
17728
17234
17097
16766
16471
16509
18036
19665
20767
19860
17255
16602
16631
16727
16075
16831
16910
16412
17560
16579
17146
17165
16707
16464
16799
17243
16505
17132
16899
16579
16612
16681
16911
16823
16467
16636
16940
16555
16663
17050
16691
16810
16460
16808
17164
16824
16562
16396
17048
16498
16522
17216
16448
15896
16697
16441
17032
17530
17011
17057
17308
17512
17080
17317
17406
17269
17451
17454
17724
17488
17165
17942
17690
17997
18125
17737
17376
18147
18074
17689
17211
18456
17989
17758
18172
17460
17513
17694
17646
17088
18122
17609
17946
18070
17734
17873
17575
17679
17537
17630
17738
17337
18251
17633
17520
18000
17943
17331
17901
17539
17343
17651
17577
17025
17657
17201
17088
17499
18777
18312
18051
17489
16969
17107
17539
16524
17401
17456
17353
17133
16875
16878
17067
17044
17094
17468
17325
16825
16955
17334
16769
17682
17275
16640
17378
17757
17654
17396
17212
16431
17136
17896
18031
18314
18259
17031
17009
18219
18003
18320
19028
17299
17794
17827
17045
17343
17785
17099
17494
17885
17345
17731
17527
17351
17629
18566
17787
18705
17978
17817
18090
17968
18100
17802
18155
18322
17819
17978
17522
17253
17602
17295
18165
18319
17352
17680
17697
17581
17780
17714
17620
17686
17492
17213
17465
17382
17148
16962
18584
17113
17675
17911
17634
17514
17274
18119
17395
17259
17427
17876
17425
17535
17672
17956
18036
17335
17294
16793
16994
16886
16640
16532
17045
17023
17342
18109
17537
17235
17440
17160
17490
17691
17359
17467
17506
17038
17689
17081
16583
16661
16988
16362
16822
16938
16730
16305
17144
16262
16688
16636
16137
16830
16629
16502
16423
16598
16216
16669
17126
16686
16961
17262
16410
16671
17439
16675
16761
16804
16494
16691
16580
16502
16426
16153
16494
16505
16629
16276
15913
16209
15396
15930
16268
15628
15512
15988
15653
15631
16282
15749
15455
15636
15178
15729
15531
15372
15835
16035
15415
15708
15977
15137
15828
15825
15271
15656
15849
15881
15223
15526
16377
15504
15934
15775
15527
15717
15838
16176
15554
15389
15526
16018
16287
15593
15864
15559
15989
15881
15625
15784
16082
15667
16187
15901
15709
15477
16326
15637
15920
15821
15657
15684
20000
19773
15410
15737
15423
15560
16267
15542
15608
15918
15789
15941
16114
15875
16315
16495
15895
16051
15900
15457
16460
16527
16011
16727
16620
16505
15875
16725
16135
16303
17921
17505
17783
18609
18063
17976
18010
18341
17153
17117
16783
17202
16818
17009
16934
17118
16767
16363
16704
16890
17663
17073
16820
17026
16631
17035
16700
17011
16914
17229
17575
18063
17292
17377
17067
17025
17043
16619
16423
16894
16281
16375
15806
15730
15918
15695
15783
15737
15686
15999
16784
15637
15797
15934
15951
15909
15723
15847
16240
16208
16591
16279
15767
16046
15929
15778
15772
15956
16268
16429
16359
16800
16506
16573
16588
16451
16440
16640
16702
16521
16777
16725
16673
16336
16414
16380
16695
16933
16963
16646
16841
16897
17058
16729
17157
17274
16972
17021
17225
17346
17347
17352
17463
17376
17723
17269
16988
17018
17379
17605
17759
17099
17384
17448
17338
17818
17667
17495
17282
16835
17367
16777
16744
16773
16949
16936
17184
17157
17285
17682
17878
17920
17971
18036
18051
18143
17942
17873
18024
17384
17627
17424
17385
17303
16902
16923
16755
16925
17035
16636
16761
16374
16779
16624
16807
16890
16630
16737
16667
17055
16770
16794
16953
16618
16473
16730
17156
17036
16712
16535
17534
16675
16536
16966
16536
16325
16360
16363
16510
16763
16719
18720
16913
17009
16827
16365
16697
16636
16562
16739
16872
16977
16985
16562
16519
17408
16234
16635
17023
17202
17469
17000
16373
16719
17147
17133
16562
16598
17205
16870
16895
17049
16718
16543
17140
16563
17347
16928
17260
16879
17079
16638
16850
16886
16619
16443
16603
17350
17075
16305
16366
16807
16589
16385
16810
16903
16898
16808
16670
16530
16572
16324
17026
17123
17664
16541
17121
16108
16192
16877
16026
16327
16360
16165
16061
16833
16343
15923
16728
16097
16272
16774
16179
15959
16545
16023
16123
16548
15921
15626
16419
15787
15597
15977
15384
15653
16308
15820
15583
16954
16803
16528
17405
16740
16778
17303
16769
17040
17485
17579
17262
17635
16593
16126
17715
16653
16640
17744
17108
17175
17191
17085
16195
17206
16468
16901
16944
16829
17158
17673
17196
17056
17511
16802
17617
18066
17251
16934
17547
17283
16985
16804
16616
16797
17295
16742
16780
17168
17352
17043
17487
16861
16930
17158
17525
16637
17796
17023
16868
18733
17290
17091
17494
16716
16674
17594
17304
17146
17677
16725
17636
18103
18386
17357
18156
17005
17033
17982
16943
17580
18080
17544
17357
17663
17166
17487
17918
17030
17201
17517
17253
16857
17968
17164
17290
17833
16270
16162
17073
16221
16329
16882
16091
16247
16888
16401
15827
16583
15798
16056
16719
16236
15779
16773
16136
15788
16678
16278
16834
16404
15795
15538
16017
15710
15613
16235
15680
15663
16817
15770
15785
16679
16471
16249
16679
15450
15893
16016
15945
15800
16702
18240
19023
19078
17492
16727
16168
15825
16117
15920
16090
15975
16073
15697
16654
16227
16145
16323
16785
17021
16329
16572
16043
16112
16439
16239
16367
16427
16461
16381
16424
16410
16520
16708
16571
16320
16169
16833
16334
16410
16466
16243
16510
15818
16080
15665
15872
15621
15892
16081
15947
16040
16157
16311
16190
15991
15833
15734
15764
16259
16732
16355
16246
16091
16114
16069
16171
15791
15603
15995
16177
16193
15885
16081
15984
16108
15890
15674
15595
15739
16313
15603
16528
16001
16545
15817
16743
16553
16276
17048
16624
16473
16464
16688
16820
16861
16629
16775
16962
16787
16747
16750
16439
17107
16497
16703
17030
16551
16974
16958
16437
16578
17034
16685
16685
17098
17317
16568
16827
16878
16687
16662
16663
16687
16720
16384
17059
16753
16534
16218
15993
15946
15951
16279
15951
15747
15834
15730
15906
15769
16132
16134
16875
16379
16015
16087
16044
16193
16564
16009
15538
15688
15656
15959
16018
15951
15342
15710
15590
15613
16068
15718
15775
16029
16216
17165
16491
16142
17427
16605
16481
16656
16740
16741
16897
16606
16392
16219
16426
16637
16144
15988
16618
16226
16255
16371
16297
16504
16347
16622
16753
16784
16544
17060
16733
16433
16924
16624
16273
16667
17036
16673
16928
16769
16731
16427
16329
16940
16506
16919
17244
16815
16382
17404
17149
17382
16859
17071
16753
16950
16757
16942
16887
16914
17093
17248
17331
16981
17049
17049
17710
17242
17202
16617
16750
16838
16685
17604
17052
17062
17050
17123
16787
17179
17426
17069
16660
16861
16929
17088
17163
17188
17380
16963
17309
16899
17394
17459
16662
17137
17049
16759
17053
17369
16875
17130
16910
16741
16890
17035
16941
16689
16741
17446
17410
16522
16893
16579
16445
16581
16493
16425
16087
16615
17091
16778
17327
17001
16249
16599
16610
16327
16340
16558
16307
16339
16123
16406
16717
16564
16485
16476
16207
16807
16778
17228
16688
16917
17218
17156
17157
17489
17360
17414
17467
17459
17019
18979
17171
17188
17145
17104
17431
17299
17807
18091
17327
17635
17750
17705
17255
17620
17491
17683
17803
17511
17532
17602
17369
17449
17371
17555
17617
17629
17640
17554
17804
18430
18342
18118
18278
17871
17891
17475
17057
17329
17139
17274
17214
17349
17292
17428
17814
17902
18257
18298
18025
18113
22749
22675
18889
18964
18920
18323
18824
19437
19072
18805
19109
19035
18845
19145
19432
19484
19379
19182
19071
21506
23259
22755
22482
22501
21769
21959
21795
20466
18402
18505
18351
18497
18894
18577
18708
18387
18730
18468
18535
18545
18913
18730
19203
18539
18965
18580
18449
18650
18272
18282
18599
18695
18635
18301
17604
17505
18360
18567
18303
17485
17147
16513
16920
17067
16866
17037
17213
16999
16614
16753
16667
17357
17659
16855
17395
16552
17097
16897
16267
15857
16577
15723
15506
16238
15966
15468
15653
15923
16015
15866
15517
15649
15283
15601
15981
15627
15500
15577
15568
15486
15425
15614
15639
15693
15719
15670
15795
16033
16141
16293
15816
16212
16269
15903
17771
19383
19072
19507
18274
16710
16317
16241
16492
16920
16278
16295
16591
15749
16494
16615
16473
18443
18670
18976
18660
18948
18587
18691
19132
18619
18478
18289
18282
18552
18783
17749
16129
15972
15716
16383
15985
16198
16144
16310
17040
15792
15932
16506
16204
16147
15877
16158
16191
16419
16528
16261
16268
16269
16495
16168
16573
16347
16254
16462
16142
16432
16109
16442
16021
15959
16037
16256
16479
16500
16180
17124
16199
16320
15909
16017
16120
16262
16729
16287
16761
16394
16570
16488
16628
16991
16399
16623
17096
16649
16807
16487
16634
16659
16537
16532
17276
17145
17341
17315
17444
17175
17397
17276
17237
17086
17648
17083
17596
17795
17594
17855
17034
17821
17454
17250
17147
17134
17069
17141
17522
17489
17739
18128
17970
17434
17542
17629
17560
17546
17608
17210
17410
17127
17520
17579
17483
17036
17629
17483
17281
17300
17377
17470
17390
17634
17495
17810
17809
18053
17678
18047
17721
17626
18092
18028
17894
17739
18383
18093
18055
18059
18128
18219
18068
18023
18031
17939
18117
18182
18382
18398
17914
18132
18114
18004
17986
17686
17649
17614
17060
16626
17005
16803
16897
16561
16619
16721
17252
17066
17372
16884
17122
17058
17147
16703
17199
17105
18202
17548
17767
17059
16608
16889
17100
16497
16873
16742
16663
16262
17326
17106
16936
16600
16945
16072
16362
16391
16818
16557
16771
16209
16444
16492
16761
16893
17157
16394
17415
16746
16515
17181
16901
17287
16826
16867
17177
17218
17174
17427
16889
18025
17531
17140
17249
16755
16526
17342
17057
17234
17407
17252
18382
17707
16945
17378
17824
17765
17776
17737
16960
16380
17192
16808
16648
16889
17005
16976
16414
15970
16532
16221
15886
16030
16509
16256
15991
15846
16570
15850
16362
16150
16424
16585
16748
16136
16717
17087
17118
16396
16338
16820
16799
16277
16465
16395
16237
16414
16340
16475
16641
16591
17043
17055
16723
16916
17169
17586
17234
17387
16721
16258
16952
16278
16392
16571
16435
16924
16580
16400
16162
16472
16045
16224
15895
15964
16617
16315
15658
15867
15933
15959
16409
16284
16275
15862
15449
15891
16118
15975
15785
15293
15346
15570
15620
15529
15728
16012
16282
15892
16073
16055
15992
16072
17075
15818
15162
16382
19788
19916
19351
18384
15768
15066
15369
15393
15079
15685
15333
15697
15100
15937
16291
15918
15973
15890
15775
16278
16426
16278
16134
15786
15888
15910
15827
15886
15641
15685
15993
15691
15754
15999
16259
15978
15724
15999
16189
15995
15790
16138
16039
15871
15421
15277
15893
16237
16361
16631
16118
16573
16278
16459
16570
16187
16290
16054
16773
16321
16267
16124
16428
16528
16038
16229
16887
16144
16118
15872
16469
16593
15843
15944
16036
16036
16122
16171
15782
15906
15831
15570
15751
15533
15279
15423
15552
15606
16388
15938
16285
16162
15526
15649
15655
16091
15282
15254
15270
15370
15699
16009
15724
15568
15972
16480
16726
16940
16800
17261
16627
16508
16454
16594
16525
16175
16665
16592
16697
16426
16400
16541
16759
17058
16796
16750
17472
18739
17331
17456
17280
17166
17220
17418
17343
16908
16933
17086
17123
17427
17230
17777
17170
17125
17262
17285
18106
17293
17508
18035
17757
17677
17325
17951
17165
18133
17858
17143
17429
17060
17891
18514
17390
17240
17446
17169
17124
17272
17163
16939
16792
16915
16992
16901
16874
17183
17243
16930
17063
16747
17015
17295
16616
15988
15721
16123
17028
16277
16408
16391
16471
16716
16798
17203
16752
16073
15979
16282
16270
16032
16255
16903
16498
16419
16269
16518
16567
16599
16624
16452
16517
16975
16509
16730
16957
16415
16788
16682
16731
17055
16805
17348
16395
16323
16600
16208
16709
16584
16055
16300
16065
16401
16302
16858
16706
16411
16429
16081
16388
16661
15887
15638
16569
15363
15573
15871
15815
15333
15951
15082
14598
14935
14552
14209
14466
15145
14804
14848
15001
14968
14730
14717
14547
14845
14704
14729
15070
14887
14550
14686
14813
14482
14860
15120
14989
14854
14701
14874
14714
15355
15110
15655
15266
15493
15634
16182
15537
15994
16095
15673
15769
15629
15387
15910
15756
15752
15653
15479
15764
15484
15591
15649
15966
15764
16453
16390
16516
16795
16545
16211
16473
16111
16299
16227
16563
16356
16394
16396
16596
16172
16944
17180
16174
15919
16510
16142
16529
15857
16359
16560
16448
16278
16628
16325
16167
16940
16282
16092
16137
15974
16019
15962
16164
16480
16176
15726
15740
15521
16331
16073
15531
15492
15832
15583
15657
15617
15670
15414
15663
15934
15747
15822
15662
16061
16297
15680
15855
15616
15499
15619
15859
15979
15632
16018
16434
16040
15865
15870
15319
15456
15241
15476
17649
15604
15958
15915
15899
15713
15348
15612
15368
15885
16053
15784
16140
15547
24323
22106
15931
15535
15919
16027
16929
20010
19434
21198
17017
15389
15481
15957
15632
15982
15795
16025
15674
15974
16174
15786
15184
15286
15019
15463
15971
15450
15503
15786
15836
15537
15086
15634
16057
15266
14895
14931
15215
15234
15644
15205
16024
15316
15688
15479
15582
15192
15108
15596
14981
15206
15933
15439
14834
15340
15357
15202
15143
15469
15473
15533
15530
15294
14946
15013
15151
15188
16155
15928
16060
15429
15165
15631
15620
15804
16569
16041
15674
15589
15772
15654
16149
15957
15802
15592
16175
15866
15714
15882
15828
15826
16634
16003
16147
16330
16204
16242
15524
15829
15612
15572
16061
15789
15876
16461
16497
15542
15941
16111
16433
16263
16161
15717
16130
16347
16010
16362
16295
16247
15870
16041
16603
16781
16365
16320
16243
16387
15751
15870
15783
15502
15618
15802
15736
15792
15915
15680
15194
15117
15524
15105
15678
15377
15105
15326
15214
15065
15086
15178
15469
15416
15558
15697
15369
15450
15973
15089
15472
15510
15870
15691
15633
14959
15519
15015
15601
16077
15353
15253
14855
15090
15250
15159
15296
15334
15341
15498
15411
15406
15679
15439
15404
15560
15439
15734
15829
15440
15950
15774
15407
15469
16846
17615
19204
20101
19261
18798
19735
19517
20464
18358
15557
15467
15276
15251
15274
15382
15500
15361
15166
15649
15230
15238
15616
15483
15179
15966
15476
15462
15617
15166
15059
15063
15347
15340
15317
14729
15142
15926
15433
15157
15422
15944
16424
16548
17041
16007
15988
15820
15590
15173
14863
15310
15075
15353
14979
15274
15156
15259
15324
15271
14850
15014
14759
14932
14844
15276
15289
15046
14857
15198
14935
14857
15288
15131
15168
15302
15234
15281
15500
16790
15115
15132
15030
15621
15241
15347
15327
15443
15817
16362
15528
15640
15218
15380
15292
15109
15139
15591
15365
15203
15242
15708
15057
14997
16088
15087
15378
15261
15782
15410
15001
15006
15302
15320
15516
15733
15428
15460
15346
15186
15120
15028
15629
15225
15189
15919
15482
15310
15248
15242
15531
15426
15236
15289
15731
15722
15721
15696
15624
16038
15713
15926
16054
15675
15312
15798
16021
15795
15759
15500
15490
15610
15114
15589
15534
15511
14802
14933
14974
15076
15194
15388
15220
15508
15938
15887
15703
15429
15751
16467
15281
15025
15689
16257
15703
15546
16045
15608
15596
16060
15642
15905
15258
14848
15632
15397
16028
15636
15439
15399
15349
15526
15367
15582
16213
15796
15762
15441
15684
15622
15612
15144
15638
15621
15513
15494
15429
15386
16651
15963
15612
15316
15287
15755
15905
15786
15849
16282
15798
16060
15716
15676
16843
15491
15790
15837
15474
15814
15718
16494
15820
15856
15879
15770
16087
15840
15815
15571
16101
15815
16177
16299
15429
15910
16232
16014
15782
16548
15985
16358
15859
16467
16242
16113
16757
16335
16042
16138
16689
16555
16359
16420
16586
16201
16597
15946
16160
16013
15273
15601
16042
16204
15601
15964
15917
15794
15864
15922
15981
16466
15986
15595
16088
16319
16073
15800
16045
15445
15802
16875
16561
15965
16204
16524
16321
16311
16223
16171
16455
16260
15962
17542
16077
16616
16901
16451
16092
15929
15877
15803
15990
16817
16181
15843
15789
15902
15245
16153
15999
15816
15574
15299
16067
16043
15750
16718
16187
15577
15930
15932
16306
15600
15435
15121
15425
15453
16143
16331
16232
15384
15529
16005
14828
15043
15102
15193
15308
15476
14398
15422
15204
14548
14716
15011
15380
15085
15035
15082
15177
15188
15376
14902
15024
15388
15059
15096
14811
15080
14960
14935
15241
16163
15374
15250
15861
15710
15691
15519
15198
15351
15201
15362
15350
15496
16012
15495
15495
15916
15512
15896
15402
14975
15246
15381
15164
15359
15276
15841
15699
15478
13989
15878
15884
15833
15771
15854
15610
15444
15731
15226
15732
15217
15132
15432
16095
15628
16080
15550
15698
15734
15748
15733
15860
15833
15840
15838
15421
15172
15707
15682
15657
15599
15582
15918
15697
15214
14890
14985
15327
15107
15132
15478
14801
15694
14891
15502
15302
14914
15258
14630
15521
14584
15138
14581
14845
15002
14650
14562
14967
14781
15486
14643
14767
14842
15105
14571
14841
14730
15249
14843
14600
14548
14493
14985
14341
14713
14743
14832
14878
15093
15072
15474
15436
15677
15314
15806
15805
15335
15167
14966
15188
15594
15171
15580
15864
15138
15017
15143
15159
15403
14997
15566
14917
15538
15110
14641
16231
15197
15049
14593
14836
14661
14402
15209
16589
15065
15963
15696
15470
15034
16005
15730
16042
15558
15163
16190
15281
15471
15525
14743
14801
15441
14590
15954
15136
14809
15906
15421
16040
15620
15186
15687
16044
15313
15343
15715
15994
15200
16066
15552
16006
15963
16413
16579
15931
15735
15966
15499
15494
15116
15301
15943
15328
14717
14988
15039
14693
15023
14861
14652
14947
14852
14700
15128
14635
15058
15090
15084
15089
15642
15248
15339
14737
15337
14949
15445
15378
15256
15386
15443
15228
15526
16280
15627
15502
15779
15363
15373
15977
15958
15776
16173
18014
18822
19195
17748
16355
15277
15291
15761
16385
15601
15328
17270
15479
16299
15538
15875
16761
15558
17493
15194
15979
16162
16094
16550
15599
15274
16088
15527
15843
15417
16284
16496
15605
16320
16140
16092
16668
16231
16052
16105
16502
16048
16029
16891
16243
16025
16583
15679
16061
16128
16144
16161
16486
16282
16246
15920
16089
16125
15457
16218
15945
16471
15587
15794
15552
15928
15483
15482
15874
15903
15496
15561
15613
16469
16214
16079
16591
15619
15843
15655
16015
15462
15436
15284
15207
15291
15393
15464
15167
15654
15421
15205
15172
15432
15490
15448
15925
16228
15694
15468
15434
15727
15617
15570
15427
15296
14765
14664
14769
14670
14870
15379
15220
15053
14826
14910
14749
14941
15588
15671
15180
15144
15165
15149
14995
15176
15106
15593
14597
14608
15446
15070
14657
14929
13869
14366
14361
14829
14377
14404
14536
14499
14243
14326
14148
14690
14279
14673
14380
14372
14219
14568
14313
14713
14922
14406
14051
13806
14115
14702
15440
18197
17700
18059
17191
14102
14148
14469
14252
14227
14073
14222
14467
14330
14401
14332
14330
14325
14341
14550
14087
15291
14649
14276
14714
14098
14245
14617
14676
15246
14462
15156
14784
14485
14299
15344
14358
14278
15048
14645
14351
14180
14522
14461
15104
14452
14554
14589
14790
14767
14808
14761
16791
14660
14783
14890
15671
15747
15457
15599
16368
16482
17043
17424
17055
16655
16766
17035
17031
17106
17769
16992
17205
17038
16841
17873
16877
16868
16746
17180
17159
17101
17268
17093
16956
16989
17234
17753
17370
17057
17699
16768
16863
17389
18052
17223
17223
17328
17770
17215
17414
17520
17228
17109
17134
17473
17262
17222
17174
17740
17728
17067
19398
20893
20526
20352
20565
20423
20464
20637
18584
17391
16744
17087
17116
17218
17338
17493
17041
17429
16940
17727
16866
16777
16853
17140
17484
17273
17212
17197
17455
17385
17984
18624
18133
18237
17578
17644
17566
17724
18504
17597
17776
17665
17457
17804
17413
17778
17906
17483
17763
18051
17497
17804
17564
17596
17627
17653
17493
17570
17560
17426
17295
17259
17304
16842
17012
17058
17051
17075
16850
17061
17401
16815
16718
16405
16750
16489
16644
16778
16076
15770
15746
16328
16479
15770
16076
15896
15903
15759
16019
16622
16517
16518
16813
16431
16879
16827
17419
16743
17051
16697
16876
17029
16396
16597
17006
16989
17037
17301
17473
18116
17506
18204
18124
17922
17959
17630
17540
17343
16997
17353
17594
17590
17145
17074
16552
16169
16372
15917
15554
15700
15768
15289
15469
15277
15018
15140
15481
15057
15225
15160
15266
15954
15949
15423
15851
15399
15726
16167
16372
15821
16784
16461
15614
16670
16286
17441
17453
18084
17374
17535
16763
17277
17314
17496
17914
17108
16987
16900
16970
16872
16826
16580
16916
18135
17078
17016
17301
17088
17504
18612
18341
18365
17698
17899
17569
17649
17172
17414
17689
17501
17659
17005
17786
17563
17479
17316
17461
17357
17189
17532
17433
17537
17640
17476
18184
17634
18351
18014
17406
17526
17861
17413
17045
17102
17153
16982
17162
17097
17357
16758
16779
17178
17197
16955
16760
17123
16792
16654
16846
16831
16550
16828
16428
16946
16778
16882
16810
16960
17531
17757
17260
17632
16401
16758
17071
16922
16719
16173
16001
16164
15846
15864
15782
15169
14779
14921
14825
14877
14606
15227
14831
14896
14789
14704
15067
14472
14665
14686
14559
15043
15047
15644
14881
15791
15308
14885
15215
14963
14855
14655
15128
14977
15058
15843
15507
15405
15353
15131
15450
15375
15922
15524
15293
15493
15715
15536
15549
15063
15082
15183
14780
15087
14575
14890
14490
14962
14761
14568
14592
14643
14656
15066
14754
14457
14226
14344
14532
14310
14464
14176
14428
14561
14693
14149
14264
14467
14586
14954
14428
14724
14804
14783
15138
14565
14870
15021
14946
14799
14920
14918
14666
14798
14680
14639
14568
14844
14950
14454
14683
14492
14306
15041
14994
14824
14608
14486
14813
14801
15166
15278
15505
15112
15199
14757
14831
15020
15173
14585
15181
18071
18008
18264
18582
18263
18214
18712
18552
16551
15202
15481
15438
15686
15582
15069
15161
15485
15690
15456
15576
15771
15508
15060
15446
15129
15341
15195
15410
14939
15072
15446
15105
15597
15306
15150
15177
15137
15665
15335
15065
15643
15367
14983
15075
14984
16264
14947
15288
15275
15691
15965
16321
15765
15908
15988
15863
15922
15991
15898
15851
15650
15602
15216
15759
15662
15696
15976
16155
16607
16055
16610
15986
15880
16793
16202
16236
17136
15950
16068
16127
15688
16167
15980
16076
15698
15941
15707
16197
15888
16148
16065
16591
16085
16180
15702
15592
15800
15415
15675
15627
16077
16218
15935
15853
15715
16012
16001
15618
15852
15656
15576
15942
15814
15601
15720
15803
15852
16020
16225
16169
15895
15963
16771
15867
16078
15972
16391
16165
16388
16118
15945
16061
15930
16649
15817
16056
15657
16010
16176
15681
15932
16270
16376
15819
16007
15486
16070
15786
15860
15953
15581
16229
16447
15869
15851
16598
16129
15196
16602
15807
16190
16449
15743
15709
16047
15511
15631
16153
15487
15746
16205
15371
15843
16146
15386
15215
15470
15310
15153
15900
15411
15363
16765
15603
15920
16386
15549
15962
16135
15899
16145
16414
16020
15855
16547
16409
16164
16454
15764
15434
15952
16058
16157
17088
16696
16672
17688
16987
17395
17358
17041
17250
17543
16910
16893
17462
16812
16621
17570
16601
16812
17583
16815
16353
17410
16950
16534
16731
15932
16069
17022
16059
15550
16409
15961
16332
16844
15638
15820
17478
15724
15720
15963
15908
15841
15970
15935
15976
16256
15789
16277
16935
16747
16206
16898
16027
16251
16402
16402
16827
16262
16077
16284
15922
16107
16288
16390
16272
15956
16637
16283
16257
16057
16079
16657
16376
16486
15942
16147
16236
16210
16462
16070
16572
16121
16399
16527
16289
17258
22058
25705
17490
16869
16691
16407
16811
16464
16528
16649
17010
16649
17398
16990
16590
16830
16599
16981
16704
16240
16556
16240
15696
16053
16021
15979
16065
16191
15926
16192
15937
16205
15617
15900
16251
16106
15533
16103
16946
16760
15912
16907
16858
16081
15459
16144
15920
16138
15711
16144
15808
15906
16369
16323
16232
16039
16545
16484
16210
15963
15806
16083
16063
16001
18984
20458
20448
20269
20304
20487
20030
19805
18458
16735
16662
16347
16582
16073
16049
16310
16411
16263
16063
15714
16040
16223
15954
15582
15828
16027
15889
15964
16233
16025
16069
15545
15618
15598
15744
15202
15567
15459
15456
15338
15340
15265
15281
15256
15038
15320
15150
15296
15014
15051
15616
15853
16129
16586
15980
15907
16142
15995
15538
16124
15603
16011
15754
16184
15153
15537
15474
15446
15327
15594
15802
15904
15728
15329
15239
15480
15888
15991
15549
15515
15393
15532
15138
15269
14889
15213
15468
15577
15552
15508
15606
15438
15618
15476
15144
15307
15125
15141
16903
15270
15173
14978
15162
14906
15009
15093
15106
15424
15445
15753
15172
15386
15641
15274
15507
15278
15634
15608
15419
15502
15775
15838
15698
15634
15675
16063
16038
15671
16037
15586
15971
15463
16079
17025
15777
16522
15934
16128
16173
16424
17171
16379
16220
16269
16259
16366
16305
16692
16448
16402
16579
15910
16101
15598
15718
15758
15919
15808
15849
15977
16375
16178
16274
16235
15912
16430
15776
16260
16135
15630
15773
15576
15749
15971
16122
15757
15771
15810
15569
15183
15447
15521
15723
15344
15721
15628
14991
15107
15289
14940
15367
15046
15399
15784
15743
15919
15728
16580
16307
16432
15691
15656
16175
15686
16245
16613
15590
16375
16968
15995
15745
16109
16202
16288
15725
16611
16015
16548
16007
16302
16586
16235
16437
16273
16540
15952
15950
16381
15996
16247
16129
16326
15793
16018
16037
16248
16185
16486
16648
16352
16444
16218
16451
16250
16346
16108
16021
16946
16690
16941
17587
17135
17312
18001
18171
18003
18692
18380
18561
18928
17154
16317
16119
16304
17156
16191
15969
16916
16938
17272
17223
17143
16877
16801
18406
17438
17980
17308
16313
16822
16234
16721
16640
16230
16047
16273
15819
15910
15921
15901
15902
15447
16445
16354
16046
16758
17044
16662
15983
15800
15697
15766
15981
16729
16581
16943
16894
16833
17398
17128
17267
16965
16692
17520
17185
16925
17206
17008
17073
17766
17329
17122
18149
17554
17985
17408
18035
18643
17520
17561
17149
17663
17543
17167
17177
17255
16877
17257
18242
17568
17307
17561
16766
17306
17543
16860
17146
17219
17261
17533
16614
16903
16566
16758
16564
16681
16708
16618
16077
16487
15585
15913
15774
16251
16549
16173
16421
16099
16500
16429
16344
16811
17047
16943
16738
17509
17637
18005
18030
16965
17188
16938
16717
17055
16961
17161
17494
16795
16972
17268
17415
17554
18773
18013
17249
17220
16792
17259
16767
17244
16738
17255
17110
16925
16949
16943
17127
18458
18112
17820
18082
17695
17562
17813
17728
17172
16926
17487
16727
16878
16528
16073
16645
16399
16409
16678
17669
16002
16121
16580
16169
16279
16704
15260
15535
15519
15210
14978
15436
15441
15421
15645
15552
15540
15548
16031
16804
15878
15878
16371
16423
16323
17151
16848
16539
17139
17240
16804
17155
17247
18075
18127
17747
18418
18507
18357
17516
16747
16521
16695
17151
16730
16849
16851
16588
16766
16604
16919
16780
16568
16593
16677
16617
17003
16651
17463
17174
17262
16843
19000
18211
18021
17176
17060
17635
17201
17386
17496
18449
16953
17794
17858
17458
17695
16904
16847
16935
16523
16611
16784
16796
17350
17818
17697
17330
16769
16964
16968
17234
17173
17076
16848
17051
16486
16474
15803
16513
16551
15799
16097
16412
15815
15792
16295
15752
15623
16170
16580
15612
15647
15187
15442
15180
15082
15389
15341
15309
15254
15358
15305
14589
15048
14946
14714
15032
14772
14995
15076
15306
14924
15058
15290
15202
15235
15351
15209
15145
15200
16234
15145
15152
15217
15611
15491
15143
14686
15649
15105
15205
15306
14841
15221
15682
15666
15242
15187
15027
15289
15484
15415
15478
15023
15558
15611
15300
15705
15523
15187
15765
16277
15189
15412
15653
15362
15719
15935
15994
15309
15502
15496
15397
15368
15625
15808
15519
15648
16261
15308
15198
15725
15597
15486
15476
15812
15652
15886
15288
15631
15343
15509
15505
15596
15643
15454
15198
15505
15469
15348
15688
15289
15508
15687
15525
15738
15533
15451
16194
15709
15222
15833
16133
15254
15170
15857
15725
15606
15209
15319
15341
15336
15364
14935
15213
14962
15117
15034
15348
14737
14547
15035
15162
15015
14926
15446
15432
15390
14923
15143
15427
15037
15532
15460
15644
14967
15050
15427
15416
15230
15221
15114
15485
15174
15120
14773
14971
14819
14855
16220
14789
14726
14977
14975
14873
14535
14840
15135
14707
14927
16001
15425
14939
15188
15032
14430
14789
15393
14681
14704
15487
15453
15357
15497
15301
15381
15449
15277
15464
15591
15428
15130
15479
15203
15155
15665
15617
15556
15592
16060
15597
16030
15811
15654
15941
15312
15740
15607
15468
15869
16325
15561
15790
15377
15791
15754
15661
15583
15947
15696
15767
16383
16443
16201
16618
16570
16380
16866
16594
16808
16835
17247
16442
16611
16700
16393
16275
16463
16574
17139
17164
17106
16813
16982
16752
16721
16638
16933
16739
16372
16812
16773
16814
16946
16501
16778
16686
16585
16409
17200
17133
16945
17160
16498
16614
16684
16972
17363
16960
16755
17124
17386
16613
16701
16717
17462
17417
16802
17268
17267
17767
17545
17525
17432
17530
17620
17394
17392
17629
17511
17120
17213
17496
16486
16676
16450
17154
16874
16905
17418
17074
16856
18088
16955
16920
17229
16502
16356
17279
16839
16737
17270
16517
16655
16822
17161
17174
17281
16822
16834
17310
17598
16678
17548
16812
20222
21105
20900
21929
21354
21069
21436
21804
18090
16636
17232
16244
16381
17051
16329
16351
17001
16301
16297
17341
16506
16458
16678
16594
17096
17057
16773
16936
16367
16466
16276
16692
15774
16113
17072
16108
16256
17145
16095
16308
16342
16792
16197
16633
16000
16442
16184
16131
15805
16514
16229
16595
16980
16030
15971
16476
15957
16194
16959
16538
16806
17104
16699
16604
17175
16963
16790
16684
16057
16816
16575
15884
16514
17030
16151
16380
16847
16079
16356
16541
15814
15876
16401
16774
15953
16193
16547
16496
16548
16233
16755
16926
16765
16369
16551
16246
16383
16798
16270
16110
16864
16105
15987
16409
16099
16421
16631
16468
16210
16589
16429
16279
16720
16113
16179
16433
16334
16235
16796
16002
15675
15995
15558
15729
16812
16600
15929
16821
16081
16334
16427
15980
16372
16961
16622
16681
17045
16668
16240
17001
16410
16507
16689
15692
15807
15748
14949
15135
15796
15011
15287
15181
14731
14994
15185
14839
14777
15517
14910
15040
15235
14834
15066
15228
16026
15077
15642
15152
15626
15696
15138
15450
15651
15011
15381
15880
15318
15425
15960
15360
15516
16950
15292
14953
16146
15835
15422
15750
15110
15217
15748
15539
15633
15633
15471
15489
15868
15494
15441
15930
15149
15253
15171
15544
15974
15716
15072
15130
15916
15926
16115
16289
15824
15939
16149
15827
15584
15207
14926
15230
15412
16242
16144
15489
14996
14596
15604
15313
15201
15851
15727
15227
15541
15587
15755
16122
15141
15249
15647
15618
15288
16069
15519
14930
15609
15909
15184
15727
15145
15769
15442
14766
15318
16001
15557
15440
16044
15505
15321
16005
15292
15287
15890
15471
15396
15848
15793
15541
15979
15339
15389
15849
15738
15359
15725
16110
15386
15657
15279
16274
15951
14783
15059
15331
14972
14541
15413
15679
14686
15074
15012
14839
15844
15478
15872
14995
15122
15158
15876
15098
15442
15872
14812
15485
15570
14438
14769
15511
15088
15279
15949
15427
15192
15836
15150
15470
15588
15581
15348
15742
15020
15158
16353
15344
15294
16396
15901
15875
16316
15792
16637
16690
15881
16019
16325
16371
16174
16529
16169
16133
16834
15971
16138
16343
15717
15539
16434
15775
15994
16479
16103
15838
16936
16873
16122
16941
15862
16113
16075
15967
16569
16911
16027
16901
16277
15663
16535
15878
15386
15717
16363
16110
15626
16112
15780
15348
16389
15969
15915
16036
15172
15387
16193
15758
15828
16205
15695
15909
16427
15901
15557
15888
17984
17868
18632
18350
16999
18273
17139
17270
17360
18124
17935
17652
17705
17525
17631
17216
16888
18449
17943
17865
18210
17462
17754
18478
17719
17883
18016
18209
18092
18425
18171
17869
18081
15611
15770
16613
15952
16290
16704
16297
16098
17035
16344
16390
16648
16106
15932
16438
16146
16163
17020
16981
17204
17113
17410
16975
17270
17376
17299
17195
16979
18944
17607
17359
17048
17205
17403
17314
17519
17435
17584
17158
17163
17504
17957
17042
17180
17478
17338
17611
18168
17661
17389
17418
17704
17621
18655
18320
17880
17417
17834
19268
19462
18158
18624
18680
18537
18548
19201
18972
19078
19177
18708
18396
18649
17436
17787
17727
17936
17625
17956
17823
17656
17700
18139
18296
17768
18287
17855
17843
17793
18287
18237
18601
18756
18615
18574
18411
18424
18817
17799
17343
17373
17430
17251
17579
17708
17455
17398
17615
18294
18027
17742
18370
17865
17715
17819
17734
18049
18267
18336
18788
20473
20792
20073
20044
20003
20216
20070
20403
20567
20671
20363
20627
19207
19331
19231
28838
27759
28218
27531
28588
28773
19241
18159
18758
19408
18524
19637
18767
18304
18280
18582
18367
17855
17425
17742
17931
17690
17811
17005
16821
17057
16885
17308
17013
17206
17073
17047
17573
16036
15917
16653
16789
16468
16485
16391
16139
16296
16608
16471
16783
16593
16548
16385
16695
16477
16421
16429
16399
16462
16325
16910
17278
17426
16918
16991
16906
17321
17268
17526
17185
17665
17107
17436
17216
17771
18583
17068
16881
17544
17585
17268
17136
17149
17340
17742
17343
17288
17722
17326
17070
17142
17945
17159
17545
17419
17436
17995
18423
17201
17588
17187
17451
16984
17876
17577
17461
17669
17177
17534
17629
17751
18519
17673
17847
18311
17603
17095
17105
16829
17066
17120
17298
17491
16889
17025
17189
17178
17020
17048
17370
17947
17235
17226
17192
17354
17257
17448
17384
17548
17851
17307
17478
17740
17054
17833
17442
17586
17225
17481
17733
16955
17232
18010
17280
17088
17475
16905
16472
17917
18027
17681
17665
18953
17766
17463
17624
17649
17927
17897
18010
17854
17464
18296
18174
17637
18172
17541
16462
16709
16469
16662
16650
16443
16661
15963
16076
16832
16386
16185
16248
16611
16589
16493
16157
16328
16338
16430
16271
16485
16415
17024
17155
16917
16704
16368
16635
16835
18250
18776
18473
19038
19748
19608
19099
19362
19827
19185
19403
19239
19153
19022
19253
18899
17261
17026
17345
17373
16504
16664
16968
16269
16645
17177
16403
16309
16970
16569
17074
16772
16451
16443
16493
16515
16420
16917
16348
16728
16430
16220
17117
16885
16715
16953
16770
16796
16699
16706
16714
15444
15786
15586
16188
15759
16358
15869
16275
16530
16143
16380
16272
16420
16317
16288
16109
16179
16116
16288
16391
16656
16275
16576
16596
16730
16578
16453
16119
16473
16601
16376
16307
16580
16317
16436
16316
16045
16090
15866
16142
16049
15586
15713
15504
15827
15743
15727
15909
15754
15816
15601
15764
16240
15666
15803
15762
15318
15362
15892
15597
15404
15994
16529
15993
16057
16401
16219
16028
16024
16726
16478
16423
16315
17124
16562
16662
16546
16611
16924
16664
16398
16415
16691
16282
16601
16078
16556
16510
16058
16029
16600
16865
16328
16772
17158
16652
17016
17417
17085
17106
17017
16221
16464
16437
16303
16606
16124
16307
16224
16449
16424
17064
16536
16948
16888
17182
16625
17064
16694
16574
16824
16465
16825
16511
17155
16810
16539
16226
17113
17419
17220
17881
17566
17951
18168
17970
17996
17711
17790
18134
17406
18285
18589
18882
18467
18723
18608
18327
18794
19144
18731
18175
18280
18790
17350
17522
17167
17005
17086
17752
17314
17463
17338
17454
17693
17762
17456
17373
17652
17438
17108
17544
17612
17386
17671
17304
17517
17494
17350
17533
17077
18014
17844
17373
17786
18294
17690
17608
17732
18109
18104
18262
17906
18014
17963
18263
17827
18029
18380
17845
20088
21679
21075
21720
21169
21405
21666
21458
20669
17891
17745
17327
17812
17555
17607
18264
17531
17517
17496
17685
17685
17577
17437
17554
17507
17096
17242
16730
17115
17228
16862
17061
17675
17291
17522
17296
17528
17435
17844
17733
17795
17399
17253
17527
17293
17184
17462
17339
17542
17274
17436
17379
17213
17527
17415
16982
16968
16900
16796
16961
17218
16956
16482
16871
16985
16963
16419
17664
16707
16581
16531
16191
16468
16377
16561
16996
16353
16802
16560
16399
16720
16359
16352
16751
16791
17236
16987
17243
16872
16997
17049
16643
17321
17082
16783
17034
17675
17417
17954
18016
18261
17848
17916
17868
19974
17817
17895
17908
17351
17194
17281
17418
17763
18049
17760
18134
18227
18085
17825
17942
18392
18123
18794
17884
18082
18410
18297
18179
18323
18324
18853
18393
18410
18303
18284
18800
18396
18406
18872
18760
18261
18862
17581
17286
18085
17789
17872
18221
18028
17467
17666
17819
18225
18271
18058
19137
19118
18553
18724
18573
18030
17088
17083
17121
17221
17762
19432
17138
16807
17134
16853
16961
17025
16903
17280
16820
16956
17044
17149
17101
16842
16617
16665
16963
16687
16661
16207
16319
16667
16368
21991
24968
19576
17129
16448
16194
15933
16385
16535
16910
16991
16748
17048
16753
16866
17113
16626
16637
16626
16951
16713
16834
16950
17073
17115
17095
17076
17273
16769
17267
16930
17057
16925
17249
17584
17625
17246
16971
17071
17437
17231
17400
17926
17607
17154
17523
17381
17172
17352
17551
17385
17289
17636
17638
18017
17554
17104
17293
17261
17073
17730
16825
17027
17459
17179
17191
16901
17073
16725
17139
17405
16983
16815
16876
16650
16879
16757
16848
16548
17123
17162
17678
16430
16714
16581
16876
16740
16365
16616
16765
16392
17372
16953
17017
16349
16689
16033
16205
16282
16019
15747
15726
15668
15680
16288
16420
16323
16694
16212
16471
16750
17883
17201
16910
16561
17029
16719
16403
16467
16669
16794
16269
16833
16171
16271
16371
16869
16171
16323
16267
16376
16235
16272
15587
15868
15733
15634
15514
15678
15135
16191
16150
16040
15871
15651
15966
15618
15426
16314
15356
15503
15408
16040
15747
15329
15488
15022
14891
15151
14958
14930
14984
15092
14915
15090
15393
15225
15367
15740
15635
15254
15547
15015
15677
15405
15680
15499
15477
19397
20021
16141
15861
15571
15583
16209
15481
15711
15805
15717
15715
15666
15590
16079
15902
15924
15970
15859
15686
15348
15767
15656
15917
15661
15855
15693
15492
15143
15078
15163
15425
14926
15312
15166
14856
15343
15099
15611
15037
15047
15457
17185
15289
15391
15734
15879
15224
15648
15716
15666
15947
15831
15928
15779
15602
15532
15284
15042
16343
15433
15478
15894
16292
15266
15980
15628
15368
15416
15378
15472
15905
15596
14961
15367
15464
16110
17423
20712
22134
17690
14825
15294
15232
15166
15762
15500
15435
15988
15822
15364
16503
16776
17031
16704
16858
17129
16822
16214
16588
16992
17191
16533
16265
16467
17260
16965
16619
16798
16695
16509
16245
16458
16798
15827
14946
15073
15078
15156
15110
15153
15586
15939
15745
15548
16442
15531
16407
15668
15624
15316
16264
15337
15953
16807
15976
16134
15138
16266
16956
16083
16431
16646
16281
16847
16905
16275
16391
16504
16831
16183
16117
16251
16503
16100
16539
16556
15606
16142
16171
16027
16060
16177
15753
16130
16166
16669
16141
15876
16136
15797
15803
15973
16102
15938
16395
16528
16267
16236
15962
16288
16058
16572
16466
16654
16538
15839
16502
15999
16163
16371
16730
16117
16697
16470
16352
16663
16326
16376
16329
16644
16750
17257
16736
17466
16518
16414
17478
17335
17500
17400
17563
16945
17046
17480
17352
18133
17308
17387
17061
17113
17007
17158
17469
17256
17028
17764
17458
17476
17771
17339
18054
17287
17778
17361
18210
17590
17376
18027
18723
18706
17841
17767
18033
17759
18784
18354
18588
18465
17912
18167
18269
18189
18424
18132
17579
18018
17829
18057
17426
18924
17576
18348
17781
18201
17875
17230
17431
16772
16918
17075
17082
17435
16801
17485
16604
16704
16691
17658
17681
16521
16858
16405
16257
15827
16150
15920
15947
18297
19211
19856
19950
19115
16314
16274
16617
16427
16241
15952
15851
15920
16168
15955
16334
16367
16286
15944
16960
16508
17036
16125
15937
16290
16121
15937
16209
16157
16262
15757
15727
15822
15816
16052
15786
16214
15873
16132
15810
15907
16295
15869
15921
15971
16224
16218
15910
16251
15755
15941
15904
15714
15679
15998
16111
15978
15942
15658
15959
16283
16011
15919
15933
16655
16265
15832
16085
15805
16000
15653
15899
16192
16028
16031
16228
16276
15757
15718
15514
15868
15614
15777
15735
15793
15841
15858
16267
15904
16694
16151
16040
16763
16127
16379
15976
16623
17064
16262
15924
16267
15959
15999
15969
16252
15865
15490
16260
16143
16306
16102
16078
16579
15911
16595
15831
15751
15620
15725
15310
15943
15439
15665
15515
15686
15584
16067
15745
15617
16230
15930
15996
15913
15699
16000
16217
15818
16201
16078
15913
16147
16166
15910
15663
16135
15817
15445
15539
15595
15620
15915
15639
15822
15725
15684
16150
16280
16137
15663
16011
15877
15944
15726
15810
16326
15439
15734
15744
15387
15173
15717
15948
15959
16201
16008
16215
16084
16001
16056
15902
16329
16100
15961
16512
16407
15828
16020
15936
15720
15609
15434
15420
15276
15239
15282
15086
15147
15484
15576
15787
15645
14703
15012
15126
15220
15407
15448
15022
15601
14882
14997
15094
15210
15005
15593
15046
16794
15292
15624
15257
15754
15929
16066
15953
15915
15437
15588
15516
15570
15766
15470
15878
15639
15733
16129
15925
15799
16163
15671
16078
15853
16021
15609
15774
15464
15446
15526
15538
15462
15357
15677
15391
15839
16560
15457
16512
15616
15813
16176
15755
16411
15771
15221
15723
15763
15602
15828
15541
15899
15649
15660
15700
15518
15903
15272
15479
15732
15099
15788
15922
15656
15245
15444
15591
15446
15278
15166
15844
15689
16086
15985
15838
15602
16095
15838
16034
15778
15895
15752
15973
16077
15678
16002
15642
15727
15760
15617
15657
16039
15694
15949
15862
15760
16735
15837
16017
15777
15926
17293
17717
17258
17114
15385
15755
15220
15770
15744
15640
15714
15523
15047
15346
15441
15557
15569
15709
15811
15355
15522
15837
15651
16103
15667
15862
15489
15175
15229
15571
15458
15769
15863
15593
15744
15350
15653
15574
15593
15715
15945
15725
15931
16067
15694
15405
15802
15394
15548
15864
15895
16029
15595
15993
15465
16047
16069
16137
15604
15751
15410
15936
15612
15356
15486
15659
15618
15608
15512
15157
15502
15578
15560
15195
15862
14980
14795
14999
15535
14826
15103
15654
15241
15645
15320
15273
15547
15492
15212
15261
15227
15012
15178
15220
15106
15422
15382
15075
14881
14873
15047
15437
15710
15997
16265
16516
15805
15186
15801
15694
15361
15209
15114
15060
15547
15406
16169
16048
16065
16361
17096
16304
16179
16299
16194
16140
16251
15942
16069
15779
15796
16119
15982
16512
16246
15593
16019
15625
16412
15853
15762
16271
15904
16110
16198
16001
15626
15428
15533
15753
16248
15689
16019
16463
15745
15993
16134
15918
16281
15811
15826
15667
16030
15281
15913
15692
15780
16250
16451
16495
16057
16035
16126
15499
16450
16926
15898
15782
15848
16161
16225
15851
15814
15924
15277
15588
15522
15656
15722
15904
15878
15597
15788
16496
16084
16267
17213
16000
16198
16074
15871
16557
16976
17303
16883
17032
16704
17412
17260
16948
16811
16970
16874
17122
17088
17321
17436
16484
16978
16760
17018
17118
16336
15951
15698
16084
15964
16167
16318
15992
16030
16653
16267
16210
16399
16513
16968
16654
16789
17175
17346
17372
17295
17234
17287
17057
17266
17566
17643
18527
17669
18011
18022
18191
18508
18419
18008
18186
18285
18586
16294
16389
16475
16167
16547
16635
16308
16343
16664
16501
16360
16340
16595
16362
16456
15884
16048
16024
15958
16313
16638
16128
16520
15893
16385
16384
16199
16037
16406
16282
16325
16627
16258
16533
16093
16352
16356
16786
16771
17463
17748
17530
19001
18177
17487
17816
17039
17244
17825
16207
16209
16104
16044
15699
16041
15858
15532
15613
15759
15353
15453
15434
15103
15157
15021
15044
15083
14892
14740
15015
15084
15250
14994
15286
15198
15038
15317
15368
15636
15225
15180
15361
15501
15417
15166
15595
15197
14989
15522
16121
15486
15891
15360
15267
15411
15221
15498
15887
18375
18573
18338
17270
16847
17712
17307
16417
16624
15280
16669
15768
15508
15352
15231
15434
15572
15688
15554
15795
15786
15668
15814
15800
16151
15650
15639
15302
15849
19678
19743
20293
21267
16491
15370
15577
15705
15759
16281
16666
16363
16742
16621
17232
17061
16987
16927
18699
16446
16457
16169
16651
16146
16434
17158
16373
16355
16282
16806
16660
16581
16845
16202
16577
16758
16511
16653
16706
16790
16318
16713
16374
16739
16988
17387
16838
16448
16499
16166
16543
16589
16739
16323
16698
17418
17925
17821
17453
17459
17079
17162
17270
17151
17015
16971
16889
16512
16834
16282
20216
20401
20220
20560
16672
16713
16509
16343
15888
15749
16131
15969
15638
15721
15615
16000
15878
16217
15787
16297
16202
16250
16162
16279
16481
16173
16472
16029
16108
15809
16043
16038
15933
16039
15361
15344
15238
15136
15103
15087
15777
15231
15222
14990
15101
15486
15058
15288
15001
15292
15317
14912
14837
15311
14988
15435
14804
14798
15544
14843
15007
14744
14535
14622
14671
14722
14374
15077
15158
14884
14808
14937
15214
15127
15185
15694
15203
15397
15613
15630
15738
16060
15873
15702
15550
15563
16142
15784
15588
15475
15609
15269
15341
15608
15589
15286
15619
15676
16000
16808
15767
16013
15885
15846
15946
15874
15742
16485
18042
18603
15859
15914
15879
16061
15853
16021
15837
15697
15756
16100
15575
15766
15102
15602
15069
15706
15302
15471
15662
15969
15817
15439
16357
15873
15154
15622
14688
15222
15164
14985
15205
15017
14652
15117
14720
15033
15192
14846
15033
15168
15471
15492
16102
17453
17160
17148
16983
16932
17313
17338
17432
14969
15235
15338
15207
15437
15842
15689
15891
17813
17882
18124
17746
17659
17710
17568
17725
16844
15923
15981
15723
16343
16196
16038
16202
15396
15871
15354
15883
16037
15687
15920
15791
16087
16072
15599
16132
15619
16314
16179
16715
16220
16469
16765
16591
16340
15995
16286
16320
16649
16395
16005
16312
16515
16304
16120
16337
16296
16335
16220
16110
16731
16186
16243
16275
16794
17460
16690
20658
22777
22659
16336
16560
16203
16593
16332
16311
16218
16305
15939
16111
15928
16135
16365
15977
15668
16375
15575
15834
16118
16265
15768
15830
15620
15544
15971
15686
15797
16240
16100
16344
16392
16696
17844
16377
17134
16641
16536
16166
16357
15960
15815
15591
15735
15565
15560
15833
15900
15955
15828
16029
15565
16036
15970
15757
15960
15326
15776
15567
15338
15475
15590
15542
15647
15610
15817
15737
15437
15623
15504
15745
15737
15607
16157
16252
16201
16670
16046
16188
15787
16478
16020
16540
16411
16293
16353
16013
15902
16219
16274
16398
16246
16079
16069
15814
15614
15926
16373
16457
16553
16014
16382
16338
16390
16638
16502
16397
16484
16292
16518
16290
16987
16756
17055
16116
16659
16315
17183
16176
16458
16559
16229
15751
16277
15780
16049
16275
16504
16095
15978
16398
16647
16104
17030
16623
16699
16459
16495
16458
16201
16663
16508
16168
16300
16777
16915
16207
17181
16352
16404
16659
16395
16890
16537
16413
16211
16487
16454
16260
16380
16427
15854
16260
16070
16494
15902
16172
16051
16733
15904
15975
16442
16470
16145
15968
16089
16337
16359
16160
16446
16650
16546
16224
16399
16158
16174
16135
15853
16202
16240
16284
15951
16371
16194
16416
16368
16228
16168
16618
15841
16394
15892
16615
16715
16239
16629
16470
16358
16621
16435
16281
16140
16291
16889
16429
16473
16849
16623
16603
16699
16333
16370
16668
16271
16488
16913
16348
16354
16907
16335
16330
16916
16201
16258
16232
16561
16413
15877
16001
16039
15980
15756
15876
18188
16023
15969
16032
16075
16268
16004
15849
16185
16209
15486
16069
15984
15662
16632
18882
20180
20291
20360
16626
15631
15515
15809
15738
15562
15816
15796
15903
16575
16939
17218
18862
18313
17357
16946
17005
16275
16205
16286
16324
16228
15892
15869
16357
16163
17336
16504
16304
16318
16149
15979
15875
15892
15856
16458
15854
16075
15884
15826
15891
15916
16032
16198
15991
16100
15964
16088
15811
15776
15874
16210
16308
15830
15928
16287
16168
15550
15924
16403
16250
15634
15871
15792
15996
15742
15733
15637
16033
15811
16098
16259
15610
15559
15785
15406
15745
15830
15867
15945
15371
15614
15612
15307
15317
15647
15577
15760
15643
15246
15475
15626
15713
15855
15507
15816
16172
16084
16205
15740
15910
15886
16311
16039
15847
15944
15790
15360
16068
16050
16323
15715
15888
15986
16376
16361
16195
16226
16134
16205
15898
15555
15509
15597
15360
16182
15910
15678
15971
15822
15791
15812
15699
15950
15671
15369
15244
15503
15564
15340
15155
15171
15366
15302
15343
15606
15378
15417
15294
15587
15449
15332
15620
15563
16386
15544
15651
15034
15387
15203
15092
16115
15331
15795
15412
15412
15382
15643
15653
15759
15431
15474
15425
15427
15704
15331
15378
15041
15582
15165
15415
15711
15401
15354
15691
15523
15557
15344
15215
15482
15524
16563
16380
15932
16466
16500
15668
16294
16141
15790
16413
16492
15886
16219
15778
16221
15756
16353
16092
15857
15703
16096
15924
15711
15455
15751
16088
15565
15566
15855
15512
15617
15828
14992
15968
16467
16311
16081
25860
31982
36445
33164
17477
16077
16144
15621
15981
15908
15697
16030
16077
15151
15335
15520
15122
15364
15497
15169
15624
15667
15073
15984
15850
15944
15835
15542
15613
16085
15928
15352
15948
16028
15170
15714
15621
14944
15341
16110
15081
15439
15160
15076
15239
15068
14851
15501
15522
15099
15851
15301
14853
16094
15478
16145
15741
15020
14877
15474
14995
15264
15184
15300
14945
15351
14845
14835
14811
14977
15235
16197
15476
15815
15827
16060
15122
15694
15951
15299
16180
15834
15561
16312
16339
17120
17483
17212
17048
18117
17805
16817
17368
17733
17143
17458
17808
16701
17660
17795
17162
17650
17484
17251
17327
17807
17337
17897
17691
16632
16157
16869
16334
16593
16001
16146
16407
15811
15464
15678
15572
16019
15826
15729
15345
15847
15469
15008
15584
15587
15415
15684
15257
15861
16097
15433
15694
15848
16211
17612
18754
18894
19292
18953
17303
16605
16269
16307
16552
16310
16321
16228
16215
16022
16346
16500
16346
15799
16230
15720
16061
16097
15651
15653
15978
15875
16058
16074
15834
15848
15883
16165
15959
16223
15701
15937
15894
15524
15985
16142
16363
16363
16060
15732
15836
15863
16696
15689
15866
16046
16130
15882
15761
16012
15863
15828
15968
15798
15422
15623
15769
15601
15490
15920
15720
16133
16031
16105
15610
16344
16185
15870
17236
16200
16748
15936
15672
16374
15968
16489
15628
16503
16904
16030
16889
16407
16166
17004
16119
17064
16003
16520
18185
16270
16721
15933
16097
16732
16257
16523
18608
16335
15954
16140
16141
16293
16391
16352
16660
16948
16092
16409
17365
16628
16789
16863
17108
16641
16877
16885
17178
16724
16695
17081
16631
17024
17767
17249
16874
17491
16693
17011
17177
17064
18061
17124
17102
16242
16175
16173
16341
16621
15943
15757
15706
15556
16445
15519
15423
16073
15446
15692
15637
15803
16097
16260
15603
15448
15535
15383
16040
15554
15543
15305
15267
15859
15483
15334
15412
15264
16292
15678
15282
15251
16034
15510
15638
15157
14984
14956
14904
15313
15217
15531
15251
14876
15259
15473
15756
15320
15737
16190
15956
15862
15481
15731
15508
15612
15156
15211
15679
15584
15398
16231
16057
15799
16097
15744
15198
15526
15194
15497
15898
15245
15532
15210
15343
15552
15969
15873
16357
16199
16277
16372
15803
15657
16029
15612
15755
15897
15773
15863
15903
15852
15573
15094
14983
14955
14780
14813
15038
15208
14724
15116
15322
15254
15503
15095
14985
15251
15098
15090
15071
14706
14833
15090
14863
15029
14438
15059
14543
14777
14545
14825
14643
14105
13974
13537
14447
14033
14233
14347
14173
14676
14689
14629
14360
13887
14597
14140
14234
14502
14310
14460
14384
13830
14214
14755
14292
14340
14676
14922
14624
15023
14683
14634
14745
14314
14821
14429
14732
14130
14622
14532
14396
14293
14485
14937
15410
14447
14182
14186
14172
14399
15787
14588
14915
14644
14661
14745
14284
14477
14975
15129
15040
15253
15130
14851
14622
14874
15269
15369
15738
15761
14924
14767
14725
15064
14512
14699
14260
14427
14557
14472
14393
14361
14577
14091
14356
14029
14445
14955
14779
14511
14650
14733
14556
14747
15027
14771
14763
14838
14588
14709
15276
14301
14520
14998
15495
15096
15313
15141
15250
15191
15282
15402
15321
15103
15237
14922
15384
15125
15713
15431
14850
15484
15164
15097
14401
15087
14734
14518
15124
14988
14512
14175
14326
14751
14468
14527
14548
14532
14475
14908
15216
15172
15502
15411
16161
16820
16760
15630
15957
15591
15800
15775
15580
16131
15998
15842
16037
16426
15775
16620
17424
17515
17316
16799
16733
16465
16550
17071
16410
17352
17029
16924
16900
17231
17139
17124
16939
17439
17479
16871
17124
17263
16800
16257
16610
17051
16945
16995
17443
17497
17834
18535
17549
17885
18299
18166
18030
18588
18727
18599
17891
18071
18507
18278
18426
18578
18942
17640
17867
17948
17807
18095
19188
17698
18007
18565
17925
17859
16658
16553
15627
15260
15706
15728
15558
16173
15948
15727
15901
16168
15851
15887
15705
15723
15679
15798
15877
16190
16454
16227
16653
16661
17131
16801
16891
16805
17006
16582
16867
16943
17332
17116
16615
17100
16707
16407
16772
16178
16423
16646
16534
16072
15812
15877
15968
15923
16149
16082
16443
16787
16434
17361
16552
16613
16505
16399
16437
15962
16205
16353
15907
16106
15959
16267
16045
15145
15641
15324
15122
15304
15485
15594
15366
15229
14971
15203
15618
15599
15804
16259
15869
15484
15403
15820
15258
15527
15738
15352
15258
15548
15167
15358
15530
15171
15570
15489
15491
15425
15604
15373
15440
15032
15338
15360
15391
14997
15740
15022
15542
15261
15052
15243
14986
15336
15198
15731
15226
15797
15419
16247
16424
15709
15898
16067
15704
15537
15546
16118
15350
15454
15700
15111
15294
15361
16144
15910
15902
15658
15383
15445
15642
15594
15191
15534
15353
15569
15678
15718
15916
16126
15832
15666
15474
15114
15430
15019
15512
15455
14794
15776
15039
15430
15370
15497
15272
15870
15109
15557
14700
15261
15558
15839
15552
15363
15390
15406
14829
15919
15249
15898
18503
17725
17805
18081
15725
15348
15266
15731
15257
15499
15579
15234
15405
15319
14985
15611
14843
15033
14834
14526
14838
15017
15030
14907
16353
14319
15253
14921
14838
15607
15429
15488
16040
15403
15162
15470
15200
15147
15052
15500
15479
15273
14968
15346
15199
15013
15375
15082
15260
15223
16380
15981
16125
16906
15939
16557
15981
16268
16587
16036
16418
16739
16017
16493
16101
16675
17052
16121
16474
16270
16500
16522
16260
16253
16426
16696
16469
16350
16370
16301
16316
16617
16766
19412
20052
19217
19789
19615
19841
19900
18577
15763
15757
16450
16628
15612
16608
15914
15999
16078
16133
15839
16401
16530
16687
16838
16926
17396
17297
17129
16837
17073
17390
17053
17270
17333
17766
17259
17054
17110
16813
17036
17204
18057
17206
16443
16705
15953
16673
16658
16136
16655
16418
16265
16103
16053
16398
16737
16354
16250
15910
15980
16054
15692
15498
16257
15307
15542
15341
15373
15666
16034
15723
14970
15120
15028
15278
14857
15093
15225
14883
14972
14968
15061
14743
15170
15032
15519
15215
15245
15090
15281
15648
15661
15383
15588
15693
15742
15420
15483
15086
15616
14824
14526
15156
14709
14916
15209
14888
14618
14439
14857
14430
15928
14753
15118
15344
14905
15158
15460
15155
14795
14802
14722
15094
14985
15104
15273
14853
14855
14859
14743
14550
14965
15335
14731
14842
14854
14862
14729
14561
15020
14155
14653
14695
14855
15066
15024
15163
15291
15773
14958
14601
15120
14979
15219
15349
14949
14747
14954
15047
14648
14590
15068
14784
14624
14951
15106
14987
15135
15315
14294
14611
14331
14545
14380
14688
15174
14907
16449
18027
18074
18141
16284
14324
14311
14348
14455
14092
14865
14595
14475
15062
14294
14565
13977
14172
14451
14421
14675
14355
14519
14163
14792
14886
14282
14728
15044
14871
14771
14693
14444
14639
15021
14859
14784
14546
15190
15022
15096
14979
15111
15433
15140
15182
15499
15617
15709
15179
15242
15321
15343
15421
15449
15434
15483
15452
16164
15601
15916
15762
15719
15749
15669
15528
15786
15752
16204
15567
15866
15739
15505
15526
15813
15983
15816
15185
15255
15180
16120
15566
15165
15319
15491
15329
15764
15986
15309
15491
15563
15565
15734
15549
15677
16031
15718
15105
15490
15524
15423
15739
15672
15760
15872
15931
15910
16861
18068
17644
17566
17080
16591
17067
16914
17347
17190
17330
16839
16246
16171
16624
16076
15934
16270
16218
16272
16280
15829
15286
14889
15167
14895
14724
14994
14716
14649
14958
14911
14938
14866
14712
14472
14619
14567
14821
14683
14711
14868
14804
14777
14746
14549
14901
14643
14437
15060
14915
14823
14764
14647
14715
14871
14733
14870
14758
14760
14511
14805
14410
14655
14636
14616
14349
14485
14447
14237
14525
14510
14737
15398
15996
15014
15588
14680
20040
17370
17845
18723
15299
14546
14907
15006
14642
19092
16599
18436
17125
18171
18075
15733
15088
14874
15783
15599
15413
15233
15743
15871
15682
15676
15282
15490
15657
15609
15061
15086
15282
15119
14976
15317
15292
14819
14805
14899
15106
15039
14917
15232
15261
14929
15849
14979
14849
15047
15670
15082
15474
15690
15669
15118
14986
15262
15205
15288
14953
15310
15074
15663
15289
15130
16245
15126
15064
14914
15256
14856
14668
14988
15159
15225
15031
15303
15314
15280
15131
15561
15574
15540
15629
15185
15945
15255
15518
15595
15317
16206
15517
15255
15664
16008
15936
16093
16327
15579
15782
15988
15691
15488
15476
15314
15445
15439
15691
15795
15563
15854
15983
16513
16032
15990
16159
15904
15606
15714
15676
15764
15561
15362
15644
16033
15451
16434
15561
15519
15864
15875
15637
16277
16009
16229
16367
16528
16080
16983
16260
16565
16389
16689
16358
16522
16650
16624
16594
16873
16151
16647
16389
16252
16997
16832
16551
16121
15996
16481
16460
16323
16228
16518
16525
15799
15726
15488
15903
16560
16546
15922
15791
16632
16398
15944
16052
16098
16201
16777
16346
16253
16449
16411
16219
16047
16657
16383
16329
16473
16402
16600
16393
16565
16374
16510
16424
16286
16587
16025
16425
16557
16571
16335
16060
15952
16467
16482
15957
16408
16274
15901
15940
15935
16507
17554
16170
15879
16101
16579
16246
16014
16171
16166
17065
16292
16392
15609
15652
15989
16152
15486
15500
15625
15977
15726
15763
15752
16286
16448
16302
16540
16623
16218
15839
17424
15973
15901
16099
16107
15573
16007
15368
15775
15662
16099
15657
15668
15360
15443
15538
15377
15893
15489
15697
15461
15807
16169
16178
17195
15861
16075
16389
16342
16135
16242
15850
15931
15938
16043
15572
15560
15698
15687
15893
15418
16104
15266
15596
15218
15427
15690
15411
15714
15216
15902
15163
15501
15466
15658
15240
15436
15586
15143
15883
15227
15628
15224
15052
14849
14527
14804
14945
15360
15203
15029
15032
15106
15123
14987
14939
14998
14967
14949
14847
14903
15047
14735
15005
15127
15125
15204
15165
14963
14962
15213
14854
14736
14871
14927
14950
15453
15927
15026
15695
15271
15251
15007
15101
15313
15423
15295
15635
16042
15401
15546
15742
15348
15606
15532
15329
15284
15256
15682
17541
17390
16669
16835
17073
17129
17214
17719
16169
15468
15198
15549
15329
15538
15419
15782
15657
16265
15402
15288
15406
15440
15500
15640
15384
15561
15484
15641
15667
15796
15586
15316
15703
15402
16498
15831
15387
15406
15582
15398
15762
15537
15692
15773
15396
15454
15593
15561
15615
15478
16248
16348
16256
16221
16142
16130
16412
16213
16656
16439
16584
16397
17028
16656
16982
16745
17652
16678
17444
17418
17021
16982
16943
17606
16848
17178
16910
17333
17007
17195
17608
16801
17088
17375
17230
17076
16656
16950
17233
16817
16954
16563
17365
16922
16560
16729
16568
16448
16489
16760
16247
16257
16915
16406
17131
16834
17339
19180
20675
20671
20449
21135
20532
20635
20289
19006
17634
17174
17431
17364
17283
17826
17239
17531
17485
17625
17479
18003
18751
17575
17996
17682
18138
17844
18305
17852
18094
18225
17806
17650
17823
17952
17752
17859
17845
17883
17778
18330
18413
17891
18204
18290
18324
17841
18075
18229
18475
18142
18634
18521
18030
17973
18960
18159
19788
18814
18946
18739
17888
18480
18042
17961
17575
17428
17194
17284
16731
16887
17191
16906
17190
16751
16912
16685
17056
16876
16858
17059
17243
17055
16990
17228
16850
16310
16975
16387
16432
16494
15978
16320
16108
16284
16343
16257
19831
19769
20001
20191
16787
17050
17439
16934
17569
17623
17301
17006
17537
17061
17469
16014
15488
15817
15787
15178
15724
15492
15465
15824
15614
17536
15669
15906
16647
16263
16661
16614
16110
16082
15739
15451
15638
15629
16189
16023
16558
16356
16307
16417
16314
16401
15987
15791
16337
16503
15932
16046
16026
16065
18319
20523
20239
20585
20545
20061
20498
19715
19214
16448
16781
16360
16102
16090
15799
15782
15791
15425
16133
15986
16411
16519
16393
15810
15713
15900
16168
15956
15573
15703
15866
16209
16043
15811
15973
15854
16162
15905
15941
16049
15828
16028
15897
15724
15805
15714
15669
15775
15964
16080
16246
16291
15950
15632
15792
15541
15626
16208
16213
16439
15567
16239
15742
16628
15699
15885
16039
16042
16653
17375
15968
15909
16026
15960
16007
15932
15972
15544
15590
15777
16002
16018
16233
16173
15362
16017
16898
16401
15772
15846
15430
16174
15749
15690
15767
15986
15861
15592
15586
15219
15331
15762
15050
15148
15579
15675
15373
14751
14631
15333
15048
14809
15141
15100
14735
15318
15220
14432
14740
14824
14590
15105
14665
15173
14713
15150
15355
14933
14796
15098
14780
14742
14721
14570
14819
15384
15428
15418
15281
14975
15128
15946
18889
18376
18634
17874
15144
14959
15204
14867
14637
15136
15173
14858
14633
14811
14790
14597
14834
14946
15101
14964
14130
14346
14921
14409
14443
14561
14744
14572
14687
13982
14508
14303
14020
14017
13873
13926
14167
13624
13766
14052
14004
14020
13983
14063
14088
14073
14293
14604
16439
13850
13810
14038
13994
14271
13880
13868
14570
13803
13648
15511
16250
16790
16342
16202
16565
16774
16819
17872
17662
17292
17171
17293
14166
14080
13936
13775
13753
14293
13705
14292
13793
13550
13911
13725
14026
13985
13869
14082
13872
13839
13824
13757
14162
14170
13640
13656
14333
13867
13781
14095
14761
14110
13864
14304
14375
14002
14200
13984
14413
14040
14173
14477
14152
13813
13845
13809
13786
13822
13678
14272
14173
14480
14114
14269
14311
14474
15065
15055
15233
15152
15187
14891
14916
15343
14943
15469
15917
15663
16022
16070
15718
15990
16197
16123
15969
15578
15407
15550
15741
16433
15628
15983
16044
16022
16172
15825
15860
15888
15557
16004
15856
15870
16598
16120
15907
16170
15890
15975
15938
15784
15908
15860
15572
15372
15839
16000
15596
15895
15884
15655
15834
15293
15401
14924
15289
15028
15147
15203
15390
15117
15332
15183
15282
15001
14668
15227
14996
14854
15015
15234
15179
15174
15205
14662
14862
14562
14948
14955
14729
15176
14814
14685
14890
14886
14583
14563
14664
14685
14536
14556
14647
15028
14540
14305
14811
14619
14716
14618
14556
14586
15007
14640
14734
14923
15147
14415
14567
14710
14853
14478
15144
15120
14791
14776
14753
14648
14670
14682
15024
14739
14594
14518
14591
14516
14679
14930
14590
14455
14522
14826
14630
14430
14866
14563
14283
14415
14420
14366
14212
14358
14439
14331
14640
14914
15330
14360
14682
15113
14619
14753
14359
14762
14521
14592
14611
14886
14553
14525
14778
15026
14620
14967
14226
14634
14933
14939
15651
14868
14637
14783
15052
14636
14299
14740
14809
14316
14715
15059
15043
15090
14866
15028
15006
14909
15536
15618
15502
15527
15158
15082
15072
15888
15512
15537
15878
15505
15513
15779
15884
15527
15827
15777
15659
15510
15680
15450
15893
15342
15341
15055
14774
15375
15332
15310
14823
15259
15043
14816
15033
14966
15008
15004
14571
14727
14588
14908
15091
14841
15083
15497
15696
15731
15487
15277
15831
15929
15931
16141
15942
16310
16152
16407
16620
16664
16517
16459
16421
16617
17071
16887
17496
17121
17135
17285
16974
17426
16929
16971
17024
17089
17176
17503
17184
16997
16686
17436
16981
17077
16879
17044
17269
17088
17162
17260
17014
17324
17529
17162
16484
16782
16271
16753
16659
16686
16541
16533
16973
16730
17220
16503
16349
16612
16466
16406
16799
16214
16371
16704
16879
16722
16720
16750
16794
16920
16713
16598
16723
16655
16100
16098
16174
16221
16223
15903
16494
16362
16330
16668
17006
16962
17091
17016
16984
17083
16792
16685
16512
16499
16650
16923
17094
17225
18462
17351
17756
17665
16949
18024
17526
17533
16988
16503
16826
16540
19151
16619
16932
16806
17291
17678
17302
17101
16969
16900
16688
16756
17032
16819
16224
16147
16698
16564
16263
15996
16143
16249
16066
15911
16358
16400
16570
16479
16631
17077
16529
16403
16405
16307
16271
16379
16003
16398
16161
16311
16259
17354
17041
16439
16360
16027
16048
16322
16140
16479
16514
15968
16419
17568
17797
17095
16604
16387
16232
16116
16269
16210
16285
16889
17309
17381
17771
16817
17200
17437
16617
16290
15903
15562
15767
15525
15497
15728
15793
16094
16358
15996
16398
16890
16521
16857
16472
16590
16015
16149
15951
16155
17558
16600
16407
17007
17235
17132
17062
16986
17000
17041
16294
16953
16637
16906
17033
17080
16877
16968
17556
17796
18067
17821
17715
17718
17280
17432
16895
17214
17008
17070
17022
16917
16684
16929
17047
17621
17171
16939
17178
17216
16969
17090
17262
17873
17059
17722
17709
17650
17759
17569
17613
17480
17311
18004
17472
18169
17937
17836
17630
17664
17704
17922
17767
18242
18153
18021
18429
17926
18365
18502
18702
18308
18375
19932
24436
24657
25312
25052
21773
18553
18072
18109
17995
18016
18234
17686
18702
17177
17477
17590
17476
17252
17348
17651
17952
17384
17342
17242
17401
17385
17191
16999
17077
17022
16747
16844
17031
17015
17089
17114
16985
17144
17605
16991
17325
17597
17081
16740
17159
16858
17373
17042
17033
17357
17327
17164
17773
17178
17485
17673
17456
17230
17827
17559
16987
17639
17514
17259
16917
17165
17054
17108
17188
17056
17043
18130
17126
17785
17009
17113
16347
16725
16969
17134
16765
17120
17083
17473
16760
17595
16545
17531
17435
17525
16920
17187
16757
17484
16697
16990
16684
17133
16822
16888
16736
17436
17008
17471
16920
16831
16798
17205
17001
17101
17183
17122
17094
17616
16876
17054
16584
17420
17245
17066
16866
17519
17531
17013
17023
17155
17023
16851
17059
17110
16992
16758
17792
16918
16593
16484
16631
16302
16379
16626
16372
15985
16282
15755
15969
15996
15983
15785
15794
15752
16367
16131
16188
15965
15988
15760
16049
15762
16033
16077
15883
15939
16731
16368
15939
15957
16448
16202
16097
16185
16329
16227
16436
16517
16425
16347
15890
16349
16148
16068
16456
16382
16591
16329
16406
16660
16739
17016
16513
16493
16076
16103
16152
16234
16979
16310
16221
16370
16217
16490
16211
16487
16513
16133
16801
16473
16383
21698
21641
16810
16655
16456
16210
16397
16724
16259
17444
17519
17425
17969
17728
17588
17664
17687
17557
17714
18233
17409
17361
17608
17001
16514
16725
17113
16055
15659
15253
14934
15408
15160
15138
15026
15461
14991
15600
15658
15636
15710
15494
15278
15545
15199
15691
15227
15411
16299
15950
15955
16346
15925
15125
15589
15019
15001
14938
15380
14994
15021
14890
14951
15182
15240
14661
15370
15407
14989
14974
15205
15068
15085
14964
15390
14602
15172
14871
14960
15035
15233
15079
15061
14800
14516
14559
14693
14636
14755
14637
14966
14754
15161
14520
15030
14672
14721
15262
15132
15313
15030
14544
15401
14759
14804
14592
14403
14630
14418
14031
14196
13806
13901
13687
14121
13975
14166
14412
14180
14031
14377
14486
14770
14586
14453
14424
14794
14582
15467
14568
14397
14115
14308
13905
14611
14248
14236
14351
14111
13875
14364
14056
14333
14265
14088
14263
14046
14217
14498
14393
14327
14249
14302
14139
14417
14309
14167
14106
14452
14420
14323
14075
14314
14599
14361
14517
15426
15413
14617
14732
14626
14427
15788
15473
15023
15674
15272
15618
16399
15705
15616
16013
15794
15680
15836
16007
15596
15561
15640
15780
15884
15750
15876
15917
15689
15928
16040
15666
15644
15779
15644
15481
16044
15803
15289
15445
16173
15201
16057
15822
15224
15610
15922
15646
16337
15915
15413
16067
15684
16093
15565
16230
15337
15501
16101
15914
16833
15939
15558
15620
15663
15575
15738
16614
16228
16285
16522
15832
16240
17390
15851
15822
16716
15921
15683
16133
15826
15846
16556
16410
16997
16477
15792
15393
16422
15989
16789
16861
16438
16596
17089
16998
16673
17392
16691
16341
16421
16091
16230
16650
15922
16373
16866
16014
16141
17065
16749
16895
17139
17054
17115
17169
16800
16570
17303
16748
16911
17048
17035
16789
16981
16465
16431
16771
15920
15388
16338
15889
15637
16099
15699
15921
16283
16062
15971
16554
16233
16357
16959
16019
15737
17194
16409
16246
17165
16183
16319
16870
16172
16039
16776
16032
15595
16010
15496
15892
16181
15742
15668
16520
16707
16128
16458
16672
16373
16846
16161
16376
16906
16164
16109
16738
16407
16071
16104
15886
15456
16114
15544
15542
15412
15552
15989
15834
15612
15907
15976
15299
15776
15910
15408
15123
15801
15550
15462
15890
15523
15333
15672
15722
15087
15328
15343
15168
15595
15426
15642
15146
15002
15151
15561
15261
15371
15411
14690
14947
15106
14564
14623
15222
14962
14673
15351
14987
15252
15443
14892
14789
15246
14967
14752
15651
14481
15200
15958
15421
15539
15880
15421
15615
15733
15423
15242
15761
15268
15174
15963
15067
14949
15964
15637
15775
16020
15169
15476
15686
15062
15050
15756
15183
15088
15532
15331
14847
15454
14724
14764
14947
14435
14638
15168
14724
14585
14898
14836
14580
14792
14964
14493
14649
14721
14522
15171
14737
14746
14747
14487
14687
14624
14721
14730
15017
14531
14490
15210
14526
14785
15084
14708
14818
15437
14856
15038
15700
18297
18830
19319
18963
18806
19301
19467
18978
16880
14726
14984
15608
14326
14884
15443
14688
14568
14833
14461
14288
14735
14273
14530
15131
14060
14569
14674
14414
14536
14736
14547
14336
14486
14149
14293
14696
14599
14113
14900
14252
14293
15146
14685
14319
14844
14086
14575
14580
14219
14170
14804
14450
14346
14642
14505
14642
14854
15128
14616
15019
14264
14503
14912
14435
14685
14710
14670
14305
15398
14643
14950
14975
14620
14583
14829
15186
14372
14926
14248
14469
14865
14488
14268
15016
14157
14203
14455
14386
14586
14450
14152
14449
14963
14405
14637
15612
15517
14690
15644
15630
14871
15589
15028
15267
15345
15692
14786
15404
14694
14546
15247
14678
14913
16169
15598
15664
15429
15330
15537
15862
16299
15721
15893
15776
15268
16064
15898
15572
16179
15400
15835
15746
15368
15621
15902
15389
15500
15577
15025
15322
15851
15424
15400
15514
15292
15419
16269
16000
15717
16125
15650
15146
15909
15631
15410
15731
15411
15880
16260
15869
15681
16447
16109
15853
16441
15670
15658
16229
16010
15977
16375
16486
16259
16864
16922
17077
17912
17119
16904
16633
16907
16529
16544
16778
16902
16614
16673
16843
16464
16355
16515
16666
16280
17164
16522
16752
16404
16549
16129
16366
16605
16258
16182
16309
16147
16507
16471
16416
16105
16097
15963
17055
16270
15937
16383
16123
16051
16224
16257
16144
16576
16233
16196
23932
27918
28042
16313
15373
15681
15495
15388
15324
15926
15485
15630
15600
15039
15422
16109
15340
15723
15649
15530
15708
15139
15915
15398
15592
15795
15370
15983
15513
15827
15931
15563
15770
16104
15979
15650
15707
15530
15253
15467
15311
14954
15702
15636
15288
15193
15159
15320
15378
15688
15271
15571
15611
15159
15329
15515
15327
15372
15382
16651
15133
15511
15576
14971
14890
15336
15454
15247
15333
15652
15577
15589
15251
15588
15424
15584
15673
15826
15665
16209
15547
15743
15315
15735
15659
16463
15725
16003
15967
16423
15873
15836
15756
15714
15645
15820
15403
15915
15148
15668
15426
15421
15199
15351
14850
14914
14824
14985
15016
14997
14782
14835
15134
14933
15659
15372
14872
15304
15081
15311
14881
14896
15228
15383
15207
14953
14697
14845
15053
15397
15126
15772
15172
15565
15754
15365
15877
15549
16114
15553
15437
15816
15350
15443
15005
15270
15577
15874
15136
15704
15385
15415
15688
15671
15801
16070
15134
15140
15492
15697
15576
16105
15325
15419
15480
15082
15960
16376
15814
15833
16022
15521
15252
15152
15201
15809
15196
15383
15109
15112
14809
14914
15696
15073
14767
14753
14911
14850
14896
15014
14649
14467
14958
14905
15060
14619
14778
14716
13732
15246
14927
15447
14778
15024
15248
15549
15028
15039
14950
15153
15223
15052
15168
14874
14371
14411
14371
14163
14263
14712
14170
14214
14287
14478
14025
13984
13897
14137
13901
13768
13770
13847
14694
14066
13792
14154
14524
14277
14770
14183
14199
14384
14166
14774
14242
14606
14630
14220
14771
14501
14503
14706
14840
14701
14628
14642
17564
17159
17946
17360
17201
17625
17772
17734
15660
14947
14603
14862
14829
14754
14797
14482
14725
15381
15088
15285
15088
15247
15765
14970
15432
15732
15231
15247
15640
15135
15187
15891
15302
15176
15335
15499
15545
15183
15220
15540
15268
15294
15164
15489
15229
15249
15229
14955
15183
15578
15619
15455
15459
16405
16244
15519
15357
14987
14990
15524
15370
16145
15068
15001
15642
15325
15609
15702
15228
15587
16082
15540
15323
14997
15103
15289
15253
15389
15197
15288
15468
14972
15157
15196
16061
15389
15203
15972
19370
19601
19249
19180
19253
19217
18662
18985
14896
15184
15502
14992
14934
15287
15545
15299
15497
15283
15029
15129
15228
15299
15386
15778
15242
15259
16476
15871
15324
15623
15711
15449
15470
15027
15509
15569
15278
15089
15129
15002
15220
15462
15205
15034
15082
15154
15312
15030
15051
15073
15240
15189
14690
14639
14478
14530
14816
14397
14286
14676
14573
14145
14566
14520
14538
14429
14454
14324
14239
14116
14629
14493
14928
14432
14321
14797
14923
15187
15279
14142
14894
14615
14521
14606
14868
14521
14331
14223
14479
14505
14730
14657
14754
14509
14551
14896
14406
14540
14793
14638
14859
14533
14695
15005
15133
14506
15075
15086
15271
14855
14893
14595
14911
14624
14865
14832
15011
15196
15053
15045
14829
15244
15393
15429
15295
15247
15180
15029
15953
15391
15191
14836
14819
14680
15178
14411
14883
14813
14560
15084
15043
14935
15038
14979
14548
15006
15156
15206
15043
15234
15204
15175
15234
15199
15635
15475
14992
15470
15146
14988
15493
15604
15482
15517
15772
15677
16137
15447
15426
15838
15395
15627
15504
16260
16442
15795
15782
15911
15518
15813
15810
15632
15357
15586
15516
15995
15318
15382
15311
15242
15736
14973
14771
15367
15270
15288
14945
15150
15251
15240
15503
15446
15241
15520
15369
15328
16820
15176
15010
14953
15130
15033
15179
15018
14782
14896
14732
15062
15306
15434
15162
15610
15532
15219
15245
15097
14928
17033
15417
15456
16281
15525
15562
15558
15533
15737
15785
15612
15788
15251
15573
15745
15125
15369
15458
15020
15253
15045
14976
15265
14970
15321
14973
14978
15824
15525
15358
15045
15360
15214
15053
15336
14737
15361
15012
15486
15109
15230
15147
15139
14866
14625
15124
15239
15158
14877
14954
15161
15196
15058
15204
14927
15303
15155
15035
15085
15017
15034
14887
15301
14762
15306
15422
15175
15809
14986
15506
15111
15247
14997
14978
15113
14920
14741
15058
15128
17634
15551
15636
15706
15598
15443
15336
15464
15492
15716
15657
16079
15812
15506
15517
15326
15618
15553
15596
17492
19506
19086
19348
19111
18561
18816
18357
17136
15314
15542
15281
15258
15641
15724
15822
15409
15718
16034
15734
15680
15684
15671
15582
15282
16030
15306
15817
15362
15488
15856
15591
15789
15615
15560
15473
15645
15542
15614
16645
17790
17879
18067
17793
17706
17780
17867
18179
17595
18141
17847
18178
17871
18294
17919
18500
18156
17813
17862
18100
18093
17906
18222
18030
17959
17905
15243
15477
15519
15359
15827
15645
15622
15627
15108
15160
15280
14997
15003
14938
15008
15109
14951
15171
14956
14940
15050
15100
15083
14874
15016
15160
15488
15404
15556
15159
15108
15255
14925
14968
14940
15023
15091
14705
14810
14767
14993
15046
14988
14908
15226
14808
15168
15268
15250
15554
15534
15738
15520
15907
15814
15726
16092
16400
16046
15742
15867
16333
16003
16239
16323
16273
16175
16102
16185
15825
17064
16025
16232
16121
16319
16115
15904
15986
15705
15923
15918
15647
15884
15700
15635
16434
15454
15994
16079
16239
16423
15480
16129
16002
16013
16296
15669
15501
15718
15745
15929
15762
15348
15296
15707
16023
15252
15147
15873
15629
15594
15647
15576
15312
15637
15923
15852
15967
16009
16075
15748
15698
15782
15585
15990
15877
16038
16049
15992
15723
16204
16444
16556
16121
16318
16280
15917
16588
16767
16530
16473
16830
16853
17312
17382
17425
16667
16404
16539
16614
17360
16698
16942
17179
16901
17012
16898
16847
16783
17087
16421
16170
16779
17209
16958
16807
16908
17118
16474
16926
16915
16597
16869
16661
16694
19084
16705
16969
16820
17196
16784
16959
17062
16748
16788
17223
16823
16778
16665
16696
16980
17139
17533
16956
19301
17102
17021
16583
16686
16893
16623
16825
16575
16695
16760
16168
16239
16140
16322
15778
15920
16091
16124
15767
16415
15824
17101
16633
16606
16319
16776
16486
16033
16652
16775
16816
16663
16008
16599
16109
15828
16012
15758
15918
16224
16239
16700
16284
16140
15921
16390
16346
16279
16528
16265
15798
16368
16236
16264
16188
17090
16662
15631
15969
15728
15672
15951
15728
15640
15778
17427
20314
21023
20855
16337
16127
16081
16126
15682
15811
16049
15417
15607
15606
15845
15271
16039
16070
15857
15250
15500
15329
15356
15443
15883
15409
14990
15295
15832
15307
15475
15399
15473
15468
15443
15425
15117
15239
15695
15885
15252
15269
15195
15026
15338
15241
15148
15171
15149
14914
14993
14759
14747
15122
14771
14782
14600
15224
14747
14777
15390
15455
15240
15199
15326
15185
15716
15480
14769
15306
15326
15183
15437
15254
15223
15452
15968
16313
16510
16070
16032
15864
16408
16139
16496
16043
16003
16273
16370
16308
15969
15991
15799
16045
15623
15714
15911
16115
16059
15870
15853
16288
16197
15829
15855
16172
15837
15680
15566
15707
15801
15368
15786
15504
15397
15565
15768
15451
15338
15528
15823
15271
15403
15378
15732
15433
15366
15056
14908
14838
14856
15018
15398
14983
15506
15935
15385
15594
15987
15268
16201
16980
16938
17151
17598
17699
17235
16932
17564
17006
17367
17306
17156
17382
17761
17237
17911
17557
18158
17795
18069
17210
17755
18031
17231
16774
16050
15900
16273
15920
16018
16061
16170
15974
16872
15865
16193
16736
15837
15999
16248
16160
15975
15893
15849
16183
15867
16635
15988
15797
16274
15775
15918
16032
16063
16630
16094
15783
15918
16464
16154
15193
15993
15468
15677
15859
16078
15944
15880
15992
15812
15962
15806
15998
15682
16196
15615
16321
15556
16116
16018
15632
16341
15491
15941
16223
15893
16166
16078
16680
16156
16368
17158
16420
16465
17053
16211
16455
16298
16361
16546
16145
16452
16813
16476
16638
16119
16361
16026
16269
16230
16070
16349
16049
16366
16055
16033
16185
15612
15771
16070
15537
15517
15828
15844
15514
15491
15857
14991
15112
14968
14740
14782
15120
15606
15229
15209
15597
14800
15006
15120
14907
14906
14684
15184
15253
15276
15649
14976
15367
15059
15257
15621
17549
18508
17842
17777
18568
18381
18797
18197
18070
18691
17891
18391
18502
18120
18419
18551
18463
16294
16113
16201
16403
16300
15870
15678
16075
15915
16391
15992
15846
16088
15942
15943
15984
15311
15588
15488
15712
15757
15793
15936
15454
15812
15655
15917
16006
15560
15567
15335
14728
15325
14895
15383
15176
14953
15434
15078
15229
15368
14865
15137
14591
15064
15187
14619
15032
14797
14722
14816
14622
14975
14498
15288
15046
14753
15519
14769
15045
15171
15045
15131
15292
15589
15668
15048
15348
15263
15993
15627
15429
15627
15480
17007
18399
19161
18003
17137
18640
19153
17845
17715
18510
18439
19627
18724
18324
18590
18371
18534
15751
16130
16087
16467
16642
16694
16004
16220
16141
16382
16504
16615
16265
16864
16071
16036
16069
16259
16081
16550
15412
17030
16682
16912
16797
16042
16346
16352
16075
16038
15586
16695
15447
15731
15962
15618
15971
15530
15625
15498
15045
15430
15142
15464
15661
15602
15751
15635
15675
16199
15378
15789
15274
15108
15678
15994
16086
15802
15703
15738
16267
16460
16250
16316
16251
16388
16849
16487
16579
16977
16169
16406
16267
16526
16882
16461
16417
16132
16403
16155
15928
16310
16366
16351
15989
16010
16727
16179
16387
15864
15946
15976
15694
16281
15986
15675
15363
15202
16036
15374
15288
15343
15448
16020
16569
15845
15785
15631
15655
15306
15351
15577
15264
15864
15802
15649
15850
16124
16323
15833
15628
15828
15478
15588
15698
15709
16210
15801
16010
16103
16111
16042
15222
15588
15340
15310
15352
15380
15710
16039
15071
15297
15437
15475
15745
15103
15762
15217
15430
15297
14945
15297
14908
15488
15384
15184
15155
14775
15030
15091
14865
14787
14953
15341
15097
15018
16466
16409
14760
14940
15048
15400
15523
15217
15134
16368
15437
15515
15935
15376
15603
15366
15181
15277
15353
15407
15842
15700
15544
15627
15949
15994
15585
15174
15316
15462
15793
15921
15852
15528
15579
15638
15975
15528
15672
15383
15682
16047
15554
15565
15674
15702
15591
16278
16033
16042
15771
16122
16134
16082
16242
15798
15567
16147
15853
16238
16817
18456
17370
17180
16948
16764
17441
16885
17610
16850
16609
17372
16987
17038
17238
17427
17308
17337
18049
16246
15866
16196
16002
16228
15815
15510
16985
17218
17785
17442
17744
17914
18123
17471
15726
15977
16436
19916
19106
19346
19423
19604
19839
19948
19117
15660
15336
15697
16708
15466
15332
15343
15661
16515
15882
15476
15478
15637
15993
15794
15417
15520
15561
16055
15177
15764
15152
15204
15045
15038
15397
15585
15459
15843
15697
15476
16005
15787
15607
15620
15662
15470
15596
15521
15722
15618
15904
15241
16076
15826
15637
15859
15572
15179
15693
15573
15608
15540
15688
15413
15771
15702
15662
15625
15658
15696
15733
15694
15953
15632
15452
17095
15822
15770
15716
15404
15861
15627
15870
15839
15685
15378
15600
15546
16063
15574
15651
15742
15708
16058
15830
15954
16643
16257
15976
16331
16436
16654
16020
16243
16414
16714
16732
16158
16316
16484
15788
16155
16256
15953
15989
15615
15964
16414
16533
15876
16193
16059
16404
16468
15702
21961
23914
19766
16006
16278
16266
15942
16478
15951
16018
16355
16096
16437
16695
16237
16706
16327
16509
16991
16647
16123
16422
16767
16293
16152
16201
16137
16419
16645
16098
16431
16810
16319
15835
16028
16039
16216
16245
15767
15987
16114
15707
16042
16201
15920
15832
15891
15821
15608
15842
15864
15949
15713
18660
19782
19357
19914
16851
15991
16144
16384
15925
15939
16420
16135
16130
16569
16492
16184
16528
16023
15964
15782
15986
16310
16181
16297
16431
16224
16167
15905
16209
16025
15872
15931
16094
16687
16475
16787
16403
15777
15914
16423
16297
16220
16019
16623
16203
16446
16685
16505
16727
16811
16871
16435
16580
16381
15960
16244
15952
16214
16743
16206
16574
16073
15785
15954
15851
15979
15843
15837
15995
15458
15711
15839
15962
15989
15724
16167
15959
15903
16004
16377
17526
20236
19704
19833
19915
19509
19780
19555
19273
15880
15736
15934
15437
15580
15573
15526
15326
15636
15291
15044
15327
15697
15972
16076
16081
16082
15470
16116
15794
16043
16307
16028
15912
15330
15654
16079
15726
15555
15532
15697
15477
15677
15563
15774
16228
15822
15503
16023
15865
15689
15663
15647
15745
15688
15536
15361
15538
15447
15730
15672
15727
15582
15838
15884
15944
15794
15749
15906
15717
15524
15495
15566
15386
15656
15596
15885
15369
15417
15344
15430
15212
15129
14331
15669
15525
15490
15603
15302
15501
15715
15686
15703
15510
15640
15475
15941
15370
15298
15040
16245
14239
14675
14666
15672
15169
15493
15427
15632
15351
15586
15361
15211
14977
16156
15378
15412
15166
15439
16166
15329
15806
15161
16008
15421
15226
15379
15296
15493
15319
15177
15031
15211
15386
15484
15090
15210
14738
14462
15357
14912
14769
14693
14433
14659
14337
14696
14350
14915
14605
15209
14738
14691
14649
14445
14519
14941
15346
14536
14580
15901
16102
15037
15521
15072
15383
14770
14653
14829
14368
14591
14198
14934
15027
14760
14578
15012
14650
15082
14696
14321
14166
14587
14679
14585
14291
14781
14019
14139
14660
14620
14401
14041
14177
14168
14161
14461
14583
14706
14139
14158
14757
14602
15037
14469
15117
14792
14597
14408
14112
14544
14531
14207
13951
14142
14110
14232
14315
14199
14347
14626
14495
14774
14787
14788
15211
15368
14887
14586
14493
14478
14682
14465
14732
14399
14346
14624
14343
14580
14954
14839
14882
15071
14832
14979
14727
14823
14971
14526
15089
14952
14680
14311
14671
15533
14532
14569
14433
14732
15930
15314
14825
15220
14374
15091
14456
15075
14969
14652
14580
15231
14685
14643
14469
14787
14611
14649
14401
14614
14909
14597
14907
14706
15051
14907
14885
14774
14655
15075
14738
14715
14813
14882
14972
14691
14592
14646
14665
15035
14807
14696
14795
14593
14554
14766
14637
14752
15070
14674
14764
14539
14574
14251
14866
14392
14549
14300
14460
14680
14254
14562
14851
14915
14779
14828
14579
15088
15032
15463
15152
15479
15107
15190
15178
15105
15214
14968
14958
15100
14981
14940
15215
14997
15344
15076
15231
14878
15388
14965
15277
15049
15493
15282
14631
14930
14836
14832
14977
14891
14702
14585
14955
14581
14710
14734
14921
14702
14724
14604
14811
14855
14982
14900
14996
14840
15054
15544
14844
14662
14657
15081
15409
15412
15443
15982
15377
15505
16539
16113
16445
16249
16592
15973
16255
15925
16305
16375
15975
15522
15868
16144
16814
15984
15910
17367
17522
17657
17776
17220
16145
15943
16220
16255
16102
16098
16101
16008
16425
16091
16360
15689
15976
16048
16426
16220
16216
16237
16143
17041
16496
16256
15870
15617
15713
15348
15991
16002
15823
15444
15827
15822
15685
15987
16181
15713
15524
15616
15216
15682
15654
16773
16191
15645
15644
15583
15894
15589
15494
15457
15667
15670
15740
15336
15429
15458
15665
15359
15574
15627
16229
15676
15838
15899
16329
16051
18082
15867
16316
16162
16184
15863
16074
16351
15594
15489
15397
15758
15724
15686
15770
15512
15796
16005
15360
15402
15116
15178
15078
15162
15365
15003
14999
15120
15000
15038
14880
15007
14949
15261
15129
15055
14972
15506
15569
15457
15798
16092
16050
15833
15840
15677
16138
16245
15976
16062
15877
16046
15861
15959
16086
15788
16563
15975
16808
16433
16279
16253
16902
16973
17091
16363
15978
16073
18501
19509
19232
19840
19314
19379
19708
19616
18107
15885
16394
16044
16124
15671
16031
15777
15527
15706
15580
15359
15375
15449
15254
15582
15452
15408
15571
15731
15709
15562
15868
16136
15871
15933
15965
15849
16170
16131
16279
15828
15611
15419
15583
15493
15392
15631
15628
15738
15764
15843
16070
16476
16254
15839
16211
16416
16344
16271
16432
16155
16094
16641
16454
16169
16274
16203
16178
15894
16291
15623
15872
15720
15893
16106
15792
15870
16002
16140
16023
15597
15907
15706
15831
16022
16132
16152
16053
15998
15897
15673
16078
16172
15793
15600
15814
15605
15872
15910
16153
15918
15819
15793
15992
15691
16192
16350
15980
15861
15644
16076
15751
15718
15700
15559
15750
16121
15473
15652
16002
15943
16562
15701
16366
15997
15805
15912
15986
15660
15461
15935
15986
15774
15832
15933
16055
16038
16077
16162
16543
16490
16439
15815
15806
15824
16002
16309
16188
17093
15862
16834
16061
15873
16146
16022
16281
16176
16075
16712
17319
16054
16165
16376
15987
15984
16118
16060
15790
16342
16131
16421
16313
16197
16188
16139
16311
16184
16276
16391
16107
16313
16260
15770
16633
15779
15528
16109
15603
15590
15837
15377
16220
15466
16265
15710
16109
16099
15592
15746
16036
16284
15814
15861
16243
15950
16085
16390
16434
16333
15891
16142
15771
15620
16037
16002
15486
15877
16087
15939
15614
15738
15387
15342
15410
15463
15362
15008
22178
24579
15492
15938
15552
16008
16088
15408
15692
15442
15781
15901
15801
15419
16696
16166
15892
15371
15397
15481
15286
15839
15809
15560
15724
15298
14891
15498
15465
15430
15032
15027
15137
15020
14818
15331
15232
15342
15334
15010
15548
14963
15793
15296
15291
15582
15110
15356
15216
15090
15158
16309
15582
15286
15288
16003
15483
15209
15513
15251
14928
15380
15388
15427
15193
15209
15133
15447
15412
15700
15187
15183
15180
15558
15401
15865
15274
15016
15115
15484
14707
15277
15645
15062
15160
15511
14799
14653
14674
14492
14904
15151
14920
14739
14819
14880
14474
14470
14664
14934
14576
14622
14498
14763
14534
14809
14927
14982
14500
14589
14597
15211
14374
14831
14566
14668
14740
14842
14825
14627
14616
14757
14680
14835
18354
18758
18478
18487
18715
18749
18611
18678
15988
14522
14814
15266
14540
14823
14659
14936
15034
14905
15075
14643
14378
14767
14491
14291
14622
14643
14747
14457
14459
14536
14451
14472
14460
14560
14634
14708
14596
14795
14314
14486
14123
14332
14454
14310
15049
15574
14777
14597
14728
14413
14342
13984
14355
13763
14383
14090
13897
13812
13727
14073
13907
14472
14139
14252
14148
14623
14916
14471
14366
14573
14978
14577
14409
14964
14559
14342
14979
15048
15047
14648
14410
14599
14397
14190
14577
14310
14360
14404
14239
14326
14272
14187
14408
14278
14320
14369
14383
14995
14792
14798
14298
14680
14785
14528
14670
14263
14519
14583
14658
14675
14625
14987
14662
14748
14598
14871
14926
14902
15148
14863
15208
15017
14879
14897
14866
15341
15236
15683
15280
15554
15241
15342
15239
15237
15474
15250
15111
14961
15079
15155
15253
15119
15213
14988
15098
15308
15357
15027
14907
15257
15043
14909
14634
15172
15051
15074
15117
14716
14769
14847
14746
14588
14678
14757
14667
14432
14627
14451
14270
14556
14724
14724
14446
14803
14520
14597
14759
15362
14819
15130
14981
15165
15076
15175
15255
15274
15432
15299
15246
15510
15789
15225
15271
15084
15170
15594
15215
15419
14935
15382
16206
15538
14872
15345
15225
15006
15267
15085
15295
14942
15225
15192
15230
14938
14797
15171
15067
14742
15150
15430
14874
14897
14808
15328
15306
14878
15735
14910
15193
14975
14935
14917
14902
15245
15216
15059
15085
15415
15077
15079
14958
15229
15164
14981
15157
14741
14931
14804
14993
14997
15036
14863
14762
14957
15384
15017
15323
15101
15306
15035
15294
15376
15403
15444
15263
15067
15036
14990
14873
14971
14903
14612
15029
15055
14904
15113
14909
15058
15090
15078
14800
15462
14577
15009
15210
14801
15165
15477
14879
14945
15569
14646
14588
14813
14770
14935
14953
15258
15248
14773
14973
15087
15097
14855
15035
14806
15785
15373
15663
15220
15655
15689
15569
15997
15805
19470
19548
19013
18912
16303
15406
15271
15711
15736
15736
15709
15404
15846
15791
15903
15935
15628
15732
15733
15734
15804
15753
15953
15870
18776
19358
19301
19460
16511
15977
15882
15576
15953
15594
15253
15646
15351
15093
15688
15586
15154
15659
15419
16323
16873
16314
16924
17064
16672
16862
16298
16557
16901
16451
16539
16664
16675
17192
17007
16493
16484
16947
16403
16546
16343
16322
16131
16561
16652
16440
15951
15616
15316
15087
15108
15055
15069
15336
15370
14864
15122
15267
15293
15368
15091
14967
15068
15020
15322
15118
15244
15337
14885
14994
15115
14925
15279
15569
15008
15054
14899
15175
15321
15752
15384
15018
15187
15256
15133
15203
15516
15097
15478
15647
15776
15761
15589
15653
15691
15896
15759
15694
15962
15856
15684
15860
15921
16091
16153
15981
16186
15433
15843
15720
15525
15777
15594
15297
15425
15566
15562
15370
15478
15795
15318
15445
15003
14780
15152
14732
15013
14869
14680
14818
14594
14990
14645
14924
14960
14434
14836
14662
15142
15774
14933
15831
15333
15230
15669
15348
15017
14950
15056
15091
15036
15300
15231
15379
15182
15880
15342
15104
15825
15475
15375
14843
15099
16472
15805
15844
16025
16216
16064
15985
16229
15881
15540
15350
15349
15839
15880
15681
15689
15717
15782
15875
15766
15893
15938
17338
15958
15865
16113
15717
16284
15748
15611
16396
16138
15754
15652
15710
15615
15747
15862
15691
15877
15691
15641
15469
15540
15324
15217
15446
15590
15780
15962
15859
15378
15770
15377
15979
15208
15551
15273
15377
14911
15490
15323
15172
15316
14891
15367
15019
15200
15191
15556
15649
15258
15482
15420
15358
16037
15635
15697
15598
15813
15299
15591
15604
16107
15498
15746
15576
15643
15630
15823
15907
16448
15967
15690
15742
15832
15939
16108
15878
15739
16015
15970
16430
15922
15810
16229
16026
16403
16438
17009
16569
16245
15965
16403
16111
16437
16471
15971
16192
16305
16098
16409
15889
16254
16115
16159
16090
16165
16028
16179
16189
16243
16356
15729
16589
16150
15459
16344
15653
15950
15881
15800
15909
16036
16215
16359
16437
17301
16723
17036
16894
17142
16610
16569
16394
16773
17199
16631
16641
16942
16596
16777
17009
16713
16956
16523
17067
16625
16905
16900
17206
17014
17841
17369
16998
16737
16735
16389
16987
17038
16743
16560
16109
16159
17838
16358
16687
16595
16430
16230
16909
16619
16899
16474
16620
16613
16714
16333
16463
16630
16932
16635
16676
16755
16899
17184
16977
17121
16806
17101
16850
17517
17005
16968
16848
17532
17474
17163
17607
17254
16740
16631
17060
17579
17227
17531
17087
16638
16637
16933
17419
17127
16839
16722
17201
17476
17579
17154
16495
17565
16416
16631
16859
16077
16223
15971
16592
16714
15850
15616
16162
15829
15939
15795
15652
15947
15879
15946
15699
16020
16005
15841
15873
15498
15351
15243
15232
15527
15526
15301
15497
15469
15432
15820
15482
16376
15623
16135
15614
16015
15831
16002
16005
15355
16523
16931
15923
16079
16060
15778
15949
16158
16171
16314
15998
15829
15929
16082
16098
15675
16158
16170
16289
16359
16476
16078
16153
16329
16750
17009
16468
16078
16548
16741
16618
16998
16651
16283
16382
16158
16108
17113
16338
16219
15906
15744
16154
15840
15403
15730
15715
15824
15346
15033
15960
15295
15438
15319
15341
15706
15381
15459
14993
15405
14917
15112
15451
14905
14881
14846
15029
15003
14635
14976
14804
14606
14741
15013
14994
14646
15454
14960
15948
14969
15080
15356
15024
14545
15394
15493
15030
15672
15964
15572
15867
16287
16287
15615
15483
15696
16102
15990
16073
15425
15641
15447
15611
16015
16293
15815
15777
16103
15991
15712
16084
15699
15980
15781
15693
15614
15276
15187
15427
15792
15751
16202
15335
15177
15059
15498
15272
15512
15405
15087
15703
15001
14670
15923
15516
15532
15731
15614
15627
15083
15310
16285
15160
15466
15664
15589
14763
15028
15116
15272
14720
15344
14911
15057
15442
15451
16546
15484
15002
14724
15065
15103
15589
15451
15387
15332
15086
14984
15053
15323
15366
15222
15022
14777
14507
14829
15063
15022
15162
15008
15087
15232
15178
15207
15526
15712
15926
15518
15549
15808
15696
16156
15835
16293
16284
16040
15888
15673
16066
16283
16069
16069
15609
16118
11346
15743
16200
15713
15847
16132
15875
15947
16057
16010
15946
15603
19643
19783
15449
15323
15279
15506
14745
15079
15159
15104
15051
14786
16825
16368
17128
16485
16778
16548
16945
16697
16792
16949
16775
16332
16775
17122
16849
17014
16827
17200
16571
17008
17100
17002
17079
16935
17909
17165
17672
18201
18184
18068
18151
18295
18632
18326
18619
18291
17724
18202
16718
16911
17459
16751
16990
17425
17339
17643
17655
18548
19568
19112
19384
19180
19323
19650
19486
19719
19527
19384
18781
18869
19007
19044
19078
19439
19683
18895
19606
19891
19068
19823
20269
18945
18410
18898
18438
18952
19758
18985
19030
19039
18785
19352
19164
20004
19301
18891
19718
19179
19296
20653
19485
19583
19855
19505
19275
19861
19409
20233
19692
19770
19685
19550
19751
19838
19823
19820
19557
19386
19397
19492
19966
19369
19734
19535
19222
19329
20098
19187
19106
19258
19292
19014
18745
19001
19137
19337
18860
18848
18672
19123
19792
19305
19088
20203
19311
19762
19611
20127
19927
20056
19459
19654
19089
19515
18963
19401
19095
19401
20218
19682
19765
19705
19683
19724
19520
19251
18938
18997
18691
18920
18798
17892
18025
18205
17847
17802
17492
17340
17534
17923
17450
17962
17720
17088
17438
17611
17717
16954
17142
16661
17265
16620
16722
17055
16689
16964
16345
17182
16766
16998
16928
16747
17148
16462
15977
16217
16461
16699
16129
16290
16511
16663
16754
16599
16339
17149
16648
16885
16439
16297
19920
20553
20358
20555
20488
20611
20351
20573
18007
16553
16711
16606
16308
16701
16722
16836
16597
16636
16643
16173
16533
16475
16073
15944
15994
18807
20141
19889
19750
19829
20064
20214
19551
20548
20165
20171
20412
19699
19538
19759
20068
18831
15539
15758
15884
16073
15790
15526
15606
15532
15687
15737
16013
15476
15457
18378
18372
18770
18879
19173
19387
18958
19276
19532
17794
14773
14830
14931
15050
15353
15075
15793
15010
14887
15007
15769
15285
15049
15114
15543
15431
16264
15976
15431
15347
15817
16017
15734
15574
15562
15781
15694
15940
15747
15615
15584
15372
15959
15489
16218
15741
15317
15584
15528
15185
14786
15164
15523
16114
15274
15622
16183
15796
16989
16068
16007
15854
15725
15548
15895
16446
16063
15949
15578
16186
15991
16502
16336
15994
15595
16074
15579
15692
16321
15244
15801
15835
15652
15980
15789
15872
16250
15926
16050
18716
16655
16755
15865
16017
16188
16176
16519
16128
16432
16176
16555
16505
16524
16195
16549
15967
16298
16083
16277
15915
16674
16905
16955
16913
16595
16949
17067
17226
17464
16950
17239
17974
17428
18224
17528
17377
17655
17386
17290
17607
17782
17877
17787
17987
17700
17830
17500
18193
17993
18318
17749
18436
17837
18289
18016
18324
17818
18452
17882
18235
17879
17883
17862
17983
18011
17992
18076
18027
17892
18495
18005
17917
18330
18146
19404
20736
19973
20223
19916
19536
19534
20203
19579
17945
17872
17698
17864
17993
17941
18810
17820
19844
19690
19477
19616
19409
19551
19538
19600
17916
17854
17377
17585
17151
17310
17321
17227
17325
17733
17749
17384
17363
17255
17520
17171
17533
17391
17065
17121
17107
17488
17335
17007
17116
16971
17007
17110
16835
17133
17491
16943
17775
16796
16040
16026
16927
17198
17009
16474
16233
16183
16199
16326
15790
15598
15852
16257
17028
17004
17090
16785
16843
16596
16459
16075
16087
16646
16605
16363
16593
16475
16614
17046
16414
16427
16039
16301
16320
16466
15874
15895
16219
16785
16582
15948
15963
15900
15446
15387
15472
15924
15644
15224
15296
15632
15592
15660
14999
15080
15309
15465
15467
15483
15310
15170
15585
15502
15395
15606
15306
15506
15392
15612
19787
20428
20895
20462
20897
20698
19462
15931
15955
15726
15658
15794
15768
15741
15974
16182
15756
15672
15940
15945
16202
15972
15869
15899
15851
16158
15926
16377
16021
16205
16084
16311
16235
16214
16402
16319
15850
16172
16065
15992
16119
16095
16357
16023
16117
16376
17165
16804
16684
16889
17083
16949
17243
17061
17062
16743
16794
16664
16405
16782
16901
16602
16911
16946
16753
16772
16688
16671
16757
16636
16773
17087
16879
16777
16512
16422
16440
16704
16623
16434
16105
15882
16191
16593
16093
16396
15726
16373
16224
16364
15975
15922
16293
16660
16551
16861
17047
16617
16361
16899
16357
16726
17230
16155
16997
16808
16791
17332
17340
17321
17334
17353
17079
17482
17547
17209
17297
17336
18692
19844
20264
19892
19778
19720
19995
19946
19441
19697
19679
18984
20421
17787
17473
17145
16718
17137
16669
16696
16235
15999
16103
16002
16074
16472
15823
15845
16231
15892
16161
15994
16336
16936
17006
16669
16982
17119
16810
16190
16945
17048
16643
16868
16695
17230
17220
16773
16735
16641
17243
16957
17373
17576
16951
16987
17504
17082
17118
16916
17448
17228
17321
16463
17447
17049
16691
16631
17118
17695
16880
16362
17369
16985
16740
16972
16881
17080
16355
16531
16309
15847
16571
15996
15797
16337
16480
16551
15749
16064
16036
15799
16027
15729
16157
16556
16067
16280
15914
16324
16259
16192
16416
16564
16224
16502
16652
16596
16419
15921
16058
16041
16236
16447
16685
16381
16567
16018
16286
15986
15891
15993
15856
16055
16064
16025
15770
15776
16046
17028
16178
15925
15542
15415
15688
15896
15832
16075
15945
15339
15372
15686
15576
15487
15123
14850
15382
15084
15066
15067
14812
14725
14780
15013
14909
15034
14762
14631
14596
14999
14676
14963
14962
14789
14857
15076
14661
14761
15007
14958
15062
15485
15154
15468
14944
15034
15037
14991
14823
15131
15002
15035
15328
14854
14974
15114
14829
15194
15019
14649
14566
14122
14638
14208
14321
14399
14304
14419
14087
14283
14107
14162
14153
13921
14222
14145
14240
14465
14233
14739
14088
14606
14444
14614
14372
14614
15081
15780
15137
15134
15060
14950
15691
15024
14669
15802
15127
15202
14933
15165
14916
15000
15127
15370
14890
15059
14935
15002
14778
14864
15111
14772
15064
15083
14869
15188
14964
15518
15095
14922
15208
15122
14713
14689
14965
14907
15119
15839
15140
14780
14934
15514
14706
15608
15670
15047
14712
15108
14978
14839
14822
15574
15132
15430
15452
15213
15373
15795
15177
15503
15280
15672
16013
15791
15450
15985
15677
15765
16186
15875
15827
15814
15335
15746
15666
16570
16191
15927
16568
16134
15774
15678
16204
15907
16033
16847
16008
16710
16843
16448
16231
16236
16399
16744
16734
16384
16359
15879
16565
15802
16506
17040
16659
15954
16237
16098
15875
15893
16430
15422
15069
15109
15186
15155
15184
16782
16284
16048
15731
15762
15718
15654
15109
14788
14931
14950
14779
14891
15324
15002
14827
14865
14638
14862
14335
14584
14841
15528
15924
16158
15913
15855
16032
16050
16040
16201
16322
16093
16028
16320
15820
16167
16762
16653
16678
16546
16474
16868
16568
16889
16222
15558
15154
14737
15467
15511
15710
15540
15568
15482
15798
15357
15501
15831
15418
15508
15559
15743
15425
15405
15649
15909
15332
15253
15114
14861
15471
15352
14874
14395
14720
14987
14864
15052
14952
14884
15301
15102
15679
14778
15090
14783
14780
15068
14622
14534
14975
14784
14300
14780
14467
14540
14336
14387
14689
14653
14839
15133
14760
14767
14820
15061
15170
14808
14590
14607
15060
14929
14724
15044
14993
14905
15179
15047
14903
15185
15309
14924
14911
15135
14758
15114
14877
14729
14766
15031
14853
14956
14528
14795
15174
15634
15805
15368
15293
15466
15304
15295
15599
15774
15595
15579
15871
15495
15900
15628
14807
15300
15538
15535
16067
15689
15228
15224
15231
15003
15163
15827
15339
15176
15509
15252
15611
15284
15200
14869
15702
15360
15387
16232
15201
15557
15196
15432
15410
15516
15582
15238
15505
15421
15438
15762
15476
15040
14945
15151
15984
15624
15540
15147
15593
15634
15492
16047
16082
15486
15722
16130
14824
17140
16303
16300
16453
16175
16258
16013
16170
17047
17199
16958
16721
16758
16892
16778
17143
16791
16414
17225
16481
16862
16410
16462
16480
16551
16325
16600
17227
16716
16733
16907
16805
16717
16617
16729
16649
16809
16519
16608
16819
16730
16462
16698
16553
16123
16014
15884
16015
16078
16253
15830
16294
16048
16318
16186
16238
15952
15780
15767
16085
15782
15947
16231
15788
15845
16154
15877
16243
16237
16469
16225
16292
16425
16498
16291
16655
16504
16564
16311
16931
16628
16495
16993
16801
16982
17049
17318
17121
16935
16859
17055
17123
16743
17644
17017
16772
16929
16697
17036
16966
16533
16446
16514
16238
16827
16528
16047
15643
15740
15486
15718
15284
14889
15117
15152
15260
15256
14906
15161
15046
15067
15416
14911
14993
14783
14663
14855
14739
14643
14948
15462
14370
14515
14228
14078
14261
14095
14676
14134
14386
14400
14189
14394
14330
14606
14021
14269
14456
14560
14767
14247
14133
14359
14332
13881
14402
14373
14390
14651
14453
14386
14298
14403
14368
14236
14308
14351
14202
14281
14097
14355
14331
14322
14277
14142
14328
14667
14719
14066
15017
14824
14805
13963
14292
14106
14281
13855
14067
15552
14756
14374
14341
15021
14703
14535
14186
14660
14518
14573
14647
14876
14544
14118
14793
14764
14667
14501
14598
14776
14764
14775
16749
15002
15319
14937
14786
14532
14963
15878
15656
19143
19457
15539
15579
15486
15526
15962
15317
15958
15422
15467
15743
15373
15238
15178
16093
15862
15483
15314
15336
15630
16065
15479
15704
15670
15924
15552
15522
16040
15852
15743
15437
15377
15314
16130
16033
15888
15829
16006
15864
16176
16285
15497
16265
16156
15379
15556
15279
15682
15598
15724
15877
15687
15752
15635
15582
15391
15569
15419
15140
15427
15485
15355
15591
15468
15313
15685
15983
15845
15493
15740
15622
15675
15830
15700
15687
15666
15226
15404
15426
15166
14793
14691
15331
15066
14971
15761
14754
14946
15368
14765
14935
14887
14777
15279
14839
15064
15075
15088
14866
14782
15070
14764
14840
14913
14958
14617
14896
15047
15362
14624
15195
15006
15100
15922
14638
14727
14234
14949
15162
14827
14400
14722
14466
14589
14657
15004
14463
14858
15034
14761
15208
14824
14988
15095
15053
15109
14543
14874
14714
15135
14626
15050
15260
14598
15239
15132
15029
15028
15384
15076
15029
15181
14921
15052
15285
14991
15226
15103
14917
15222
15245
15086
17357
21992
22320
22566
22126
20490
15747
16498
15967
15799
16234
15926
16199
16099
16226
15874
15979
15984
15993
16513
17026
16012
17249
16784
16164
16998
16586
16503
16321
16430
16123
16019
16302
16527
16719
17436
16479
16675
16327
16072
16130
15978
16021
16194
16394
16595
16708
17423
16916
16847
16312
17426
16835
17173
16131
16671
16331
16931
16327
16464
16292
16787
16385
16572
16811
16844
16506
15915
16549
16667
16437
16613
16172
16260
16716
17509
17722
17347
17725
17502
17099
16687
17550
16601
15207
15678
15376
15516
15515
15178
15369
15474
15194
15292
15262
15275
15487
15139
15008
14986
15183
14904
15159
15094
15742
15234
15448
15088
15498
15508
15080
15235
15789
15361
14871
15278
15091
15420
15087
15327
15544
15016
15140
15136
15118
15273
14996
15213
15205
15220
16059
16309
15784
16246
16239
15653
15318
15682
15446
15555
15545
15525
15588
15411
15422
15492
15152
15336
15118
15592
15067
15369
15438
15047
15075
15260
15381
15101
15131
15167
15403
15541
15389
15187
15513
15988
14945
15355
15727
14996
15308
15035
15107
15219
15207
15150
16358
19580
18258
19339
19700
15430
15915
16027
15758
16640
16258
15694
15774
16224
15977
16469
16167
15944
16049
16677
15903
16387
15956
16136
15853
15725
15841
15538
16043
15706
15455
14888
15054
15231
15304
15170
14982
15495
15627
15302
15317
16409
15436
15429
15476
15328
15810
15604
15339
15770
15473
15565
15202
15504
15183
15737
15605
15541
15426
15618
15302
15321
15608
15489
15341
15842
15925
15439
15657
15692
15214
15801
15268
15462
15524
15598
15493
15761
15463
15941
15437
15714
15760
15885
15682
16303
15855
15672
16067
15863
15894
16254
15999
16220
16256
16259
16053
16353
16180
16009
16034
16040
15978
15916
15935
15979
16282
16160
16158
16532
16073
16622
16254
16314
17032
16550
16356
16613
16634
16438
16171
16532
16386
16133
16367
16347
16091
15880
15848
15850
15748
15750
16111
15758
15782
16015
15877
15986
16043
15914
15696
15597
15714
15594
16031
18418
18699
18635
18639
18588
18976
19244
19153
15594
15936
15852
15721
15798
16227
15753
15581
15682
15595
15832
15901
16404
16743
16057
16699
16509
16411
16719
15990
16425
16197
15950
16143
16144
16898
16339
15974
16038
16700
16003
16720
16081
16128
16245
15970
16726
17003
16318
16838
16454
16237
16144
16674
16255
16257
16238
16696
16805
16555
15866
16142
16069
15825
15560
15869
15481
15561
15880
15650
15439
15202
15447
15513
14718
15080
15052
14689
14577
14640
14812
14639
14673
14895
14511
14466
14894
15041
14909
14853
14735
14973
14464
14851
14699
14361
14597
14828
14985
14760
14670
15057
14467
14715
14716
14608
14881
14617
14762
14887
14643
14659
14745
14587
14707
14615
14683
14812
14810
14626
14874
14949
14877
14517
14925
14736
14815
14479
15013
15000
15103
14906
15142
15237
14955
15129
15511
15284
15259
15504
15426
15167
15073
15372
15666
15198
15604
15077
15193
15271
15222
15162
15203
15424
14999
15380
15205
14957
15138
15268
14888
14723
15146
15096
15239
15485
15011
14972
15162
15118
15018
14591
14763
14957
14826
14638
14845
14598
14619
14777
14586
14763
14887
14771
14767
15007
15183
14639
15064
14964
15473
15161
15214
15492
15588
15344
15709
15305
15254
15379
15271
14678
15420
15431
15287
14932
16008
15616
15295
15139
15673
15222
15193
15092
14871
15045
15080
15086
15111
14696
14916
14857
15425
15216
15281
15682
15475
15579
15856
15832
15691
15597
15549
15435
15377
15500
16049
15556
15308
15169
15298
15490
15437
15096
15025
15049
14666
15114
15193
15035
14463
15207
15237
14912
15362
14762
14879
14940
15088
15026
14849
14977
15028
15800
15691
15286
15534
14774
14811
14856
14831
14753
15034
14708
14560
14656
14848
14933
15611
15119
15654
14940
14901
15191
14739
15034
15268
15097
15550
15272
15309
14761
15020
15099
15219
15301
15084
15052
15203
15054
15161
15312
15203
15479
15552
15059
15381
15508
15344
14875
15168
14931
15495
15136
15382
15208
15647
15648
15401
15342
15603
15209
15356
14807
15222
14574
15803
15095
15709
15254
15366
15660
15866
15194
15209
15440
15761
15056
15933
15714
15136
14757
14713
14525
15550
14994
15006
14633
15102
14749
14612
15298
14794
14923
14930
15045
15356
15119
14739
14768
14765
15058
14915
15094
14952
14727
14785
14822
15022
14854
15068
14728
14689
14457
14814
14396
15281
15165
15702
17599
19879
19082
19263
18816
16942
14963
14944
15165
15452
14910
14760
14839
15298
15146
14951
15150
14942
15235
15569
15209
15007
15027
14996
14847
15257
15151
15765
15403
15271
15237
15082
15143
15062
15071
14797
15025
14878
15334
15922
15546
16136
15383
15772
15341
14904
15597
15343
15754
15624
15028
15230
14998
14952
15134
14925
14937
16000
15844
15789
15778
15413
15427
15783
15502
15642
16169
15908
17446
16032
16194
15762
15514
14725
15902
15414
15466
15367
15551
15804
15143
15423
16371
17004
16690
16437
16320
16184
16567
16728
16357
16881
16423
15649
15732
15474
15928
15656
15633
15814
16081
15535
15583
15547
15383
15820
15594
15654
15773
15564
15348
15470
15560
15405
15680
15791
15420
16025
15695
15235
15034
15636
14886
15330
15455
15361
15117
15566
15271
14903
15040
14631
14935
14747
14815
15119
14857
14877
14824
15013
14645
15000
15015
15210
15107
15390
15256
18067
26836
27433
22243
15580
15204
15784
15560
16015
15634
15793
15217
15550
15246
15554
15639
15062
15298
15138
16058
15986
15316
15936
16248
15900
15702
15888
17103
17072
17186
17263
16673
17214
17981
17613
16438
15518
15259
15269
15185
15648
15287
15271
15126
15209
15455
15077
15541
15286
17217
15134
15443
15457
15335
15511
15470
15660
15538
15790
16029
15609
15457
16540
15981
15615
15784
15281
16043
15317
15414
15329
15545
15370
15079
15116
15469
15086
14942
15287
15854
15289
15393
15506
15499
15571
15403
15637
19126
19284
19695
19418
19737
19782
19572
19540
16691
15174
15089
15330
15040
15434
15951
16069
15649
15685
16083
15336
15258
15046
15928
16077
15200
15457
15413
15251
15221
15388
14854
15421
15136
15372
15291
15487
15442
15280
15688
16330
15948
15798
15948
15966
15907
16901
16149
15919
16246
15558
15614
15907
15837
15695
15847
15879
15381
15524
15669
15864
15786
15432
15782
16117
15552
15678
15854
15951
15737
15491
16018
15658
16384
16046
15833
15996
15535
15610
15565
15557
15171
15096
14789
15219
15243
15033
14905
14980
14655
15061
14566
14758
15036
15025
15064
14967
14691
14799
14287
14539
14850
14437
14744
14921
15219
15262
14411
15090
14408
15079
14487
14858
14507
14488
14483
14726
14462
14608
14614
14666
14653
14260
14473
14930
14550
14875
14865
14564
14539
14988
15031
14930
15217
14856
14378
15336
15399
14922
14934
14635
15027
14930
15289
15519
15401
15673
15904
16016
15581
15534
15771
15795
16218
17361
18196
16364
16123
16177
16131
16293
15958
15838
16214
15914
15767
15816
15663
15888
15513
15146
15495
15445
15402
15600
15286
15702
15496
15289
15182
15562
15476
15633
15707
15379
15681
15384
15296
15501
15275
15204
15458
15033
15070
15382
15309
16108
15339
15317
15435
15735
15544
16250
15500
15439
15490
15660
15487
15675
15820
15795
16079
15977
16123
15806
16042
16390
15920
15986
16454
16103
15867
16340
15753
16709
15833
16177
16135
16034
15823
15714
15858
15762
15586
15474
15642
15360
15535
15050
15132
15184
15457
15207
15140
15461
15197
15063
15060
15548
15023
14834
15076
14766
14882
14752
14661
14711
14450
14598
15037
14520
14658
14615
14244
14489
14680
14479
14876
14540
14543
14572
14383
14806
14569
14355
14987
14701
14377
14784
14554
14968
14641
14615
14666
14730
14472
14822
14763
14331
14920
14656
14579
15000
14655
14592
14697
15000
15046
15072
14755
14883
14576
14609
14291
14919
14095
14464
14751
14741
14567
14536
14452
14508
14815
14728
15018
14731
14514
14589
14396
14633
14562
14658
14371
15557
15475
15160
15470
15454
15583
15366
15436
15414
15364
15931
15376
15690
15362
15416
15647
15604
15512
15484
15587
15761
15742
15302
15744
15679
15803
15649
15409
15618
15777
15683
15764
15579
15541
15145
15834
15765
15617
15762
15679
15513
15659
16104
15607
15967
15902
15300
15833
15916
16251
15672
15323
15299
15513
15520
15462
15210
15497
15140
15556
15632
15498
15944
15754
15525
15701
15598
15607
15807
15426
15784
15767
15792
15794
15865
15647
15739
15800
15816
15510
15606
15384
18263
19556
19809
19543
19908
20062
19969
19936
17888
16158
16169
16429
15994
16102
15913
16264
16040
15948
15830
15929
15932
15807
15825
15635
15784
16412
16150
16190
16161
16104
16374
15934
16437
16077
15964
16281
16403
16251
16151
15713
16333
15883
16679
16741
16597
16878
16504
16536
16377
16734
16141
16251
16277
16055
16501
15590
15850
15965
15602
15816
16006
16359
16332
16310
16218
16306
16320
16325
16219
16419
16453
16241
16317
16868
16180
16264
16424
16438
16470
16553
16619
16547
16510
16515
16264
16403
16114
16451
16445
16371
16460
16557
16249
16000
16422
16498
16718
16685
16593
16434
16340
16050
15955
16271
16170
15863
16055
15981
16279
16157
16090
16489
16134
16331
15823
15788
15740
16201
16301
16366
15886
15971
15994
15983
15763
15829
15852
15793
15649
15966
16089
15587
15512
15821
16156
15675
15946
15922
15816
16121
16006
16098
16191
15661
15926
16060
16205
15978
15975
15929
15938
16174
16548
16265
16378
16708
17069
17476
17460
17042
17050
17050
16952
17046
17414
17532
17479
17605
17257
17177
17271
17346
17399
17429
17011
17145
17199
17267
17183
17225
17442
16835
16615
16416
16485
16768
16718
16842
17113
16834
17309
16485
17258
16530
16707
16900
16870
16936
16836
16777
16214
16291
16396
16596
16641
16368
17019
16411
16475
16593
16686
16594
16715
16928
16777
17349
17417
16864
16977
16932
17213
17290
17007
17876
17005
17681
17155
16991
16885
16837
17040
16949
21272
16733
16652
16560
16723
16644
16955
16757
16490
16536
17940
16846
16562
16728
16787
16356
16811
16272
16923
16713
16297
16458
16448
16363
16252
16371
16792
16303
16540
16703
16110
16510
16040
16382
16595
16412
16252
20284
20320
16158
15922
16115
16189
15895
15730
15736
15936
15717
15680
15738
15849
15679
15552
15949
15647
15671
15615
15338
15747
15781
15585
15969
15533
15817
15382
15456
15735
15700
15472
15630
15733
15781
15194
15549
15430
15482
15729
15824
15538
15997
15748
15744
15436
15522
15438
15760
15567
15713
15624
15676
15805
15654
15352
15620
15428
15709
15464
15967
15907
16239
15853
15525
15416
15936
15867
15764
15743
15904
15361
15503
16202
15667
15928
15470
15531
15917
15609
15679
15935
16078
15690
15974
15693
15583
16448
16003
16280
16026
16070
16151
16243
16581
16606
16213
16351
16016
16169
16870
16359
17285
16450
16278
16725
16364
16752
15870
17288
16816
17020
17079
16723
16544
16968
16530
16748
16576
16700
16683
16616
16757
16830
18353
16777
17058
17003
16395
16721
17012
16802
17053
16972
16516
16903
16665
16827
16930
16748
16769
16671
16707
16582
16829
16645
16476
16439
16602
17010
16532
16896
16188
16037
16949
17136
16566
16445
16596
16408
16216
16073
16186
15796
16492
16658
17618
18045
18174
17873
17588
17545
17786
17759
17682
17515
18087
17735
17742
17413
17395
17639
17792
17806
17447
17543
17234
17793
17795
17780
17839
17938
17922
17665
18109
18910
18084
18074
17754
17926
18597
17942
17982
18113
18435
17865
18055
18121
17844
18097
18920
18551
18862
18099
18021
17882
17777
17554
18439
17734
17779
17897
18341
17854
17566
17710
17233
17734
17538
17534
17512
18031
17911
17749
17859
17840
17823
17931
17714
17755
17941
17677
17648
17544
17518
17691
17439
17473
17652
17625
17512
17650
17493
17528
17376
17582
18497
17830
17511
18285
17490
17623
21710
21770
21952
21424
21670
21860
21881
22865
18746
17994
18260
18101
18183
17991
18329
18405
18386
18180
18211
18055
17890
17206
17222
17048
17504
17874
17460
17824
17487
17604
17993
17435
17326
17555
17456
17368
17257
16925
17855
17223
17112
17062
17379
17143
17180
17622
18242
18032
17843
17852
17745
17727
17703
18126
17600
17336
17330
18121
17978
17437
16737
16128
16311
17305
17692
17359
17374
18245
17828
17302
17405
17518
18080
17523
17798
17526
17421
17514
17327
17675
17123
17490
17227
17254
17164
17159
17405
17119
17225
17138
17390
17375
17219
16828
17139
17086
17077
17174
17617
17432
17388
17113
17312
17582
17288
17915
17428
17098
17532
17264
17346
17222
17207
17052
17076
17124
16853
17582
18006
17464
17690
17589
17513
17543
17311
17830
17583
17679
17768
17270
17840
17227
17820
17645
17860
17844
17981
18148
17572
18229
18130
17780
17575
17571
17705
17216
17444
17841
17605
17761
18026
17670
18078
17460
17995
17813
17533
17689
17420
17458
17904
18327
18163
18144
18266
18759
18114
18415
18714
18251
18274
18070
18321
18531
18950
18550
18402
18317
18587
18276
18304
18591
18318
18386
18513
18327
18326
18424
18211
18308
17671
17323
17135
16908
17113
17555
17387
17952
17669
18029
17418
17532
17744
17565
16990
17187
17063
16976
17741
17409
17848
16943
17477
16343
16480
16212
16407
16222
16462
16546
17694
17457
17553
17668
17581
17350
17983
17498
17465
17572
17714
17599
17276
17498
17536
17318
17499
17320
17576
17142
18108
17614
17591
16946
17158
16949
17044
17090
16537
16835
16481
17259
16521
16783
16564
16606
17320
16494
17252
16552
16561
16400
16804
16624
16959
16580
17187
16706
17016
16731
16995
16440
16348
16603
16679
16433
16747
16313
16441
16297
16557
16684
16647
16408
16442
16699
16619
16872
16555
16494
16466
16322
16801
16176
16444
16272
16599
16551
16261
16090
16298
16112
16372
15737
16299
16097
16284
16482
16659
16049
16370
16518
16463
16470
16480
16433
16502
16301
16408
16267
16458
16129
16405
16449
16215
16046
16023
16079
16000
15930
16392
16178
15936
16283
16216
16422
16231
16126
16402
16417
16267
16223
16278
16437
16418
16603
16131
16426
16224
16229
16241
16137
16713
16542
15821
15708
16252
16049
16827
16347
16395
16153
16282
16492
16381
16216
16322
16546
16272
16110
16108
15913
15824
15813
16223
16404
16121
16172
15838
16009
15786
16234
15808
15952
15410
15633
15427
15657
15471
15482
15430
15616
15582
15636
15965
15559
15451
15594
16023
16094
16302
16622
15971
15997
15626
15925
15828
15690
15682
16578
18080
17816
17368
18458
18050
17953
17400
16594
16236
16058
16404
16535
16219
16385
17657
17569
18597
18097
18011
18294
18335
18083
17392
16623
16476
16414
16374
16607
16546
17754
17932
18364
18417
18394
18394
18995
18580
18042
16913
16988
17130
16788
16954
18116
19722
19010
19819
19675
19242
19204
18772
18614
17811
16890
17261
16820
16427
16765
17205
17899
21056
21082
22421
21947
20900
19618
19401
19551
17139
16160
16313
15903
16404
16075
16288
16264
16426
16278
16535
16161
16355
16126
16469
16179
16631
16352
16666
17692
17659
17220
17551
17577
18340
18270
18454
18143
17708
17039
17432
16983
17761
17021
16731
17029
17343
17108
16715
17474
17862
17053
17136
16953
17257
17330
17698
17500
16629
16583
16390
16654
16632
16332
16442
16628
16335
16897
16494
16286
17274
17453
16754
17598
16628
16824
17074
16493
17084
17017
16780
16953
16790
16990
17104
17208
17685
17651
17904
17693
17863
17483
18150
17422
17977
17393
17691
17656
17497
17830
17404
17520
17877
17327
17300
17592
17864
17763
17947
17952
17078
17628
17052
17373
17316
17311
17489
16980
16833
17083
17209
17178
17389
17462
17266
17475
17566
17429
17379
17969
17785
17565
17754
17718
17673
17629
17953
17808
18356
17909
17861
18069
18489
18528
18317
18682
18609
18886
18886
17662
18101
18363
18311
17847
18298
18050
17765
17946
18160
17931
17702
19119
19283
17901
17622
17664
17929
17608
17549
17862
17736
17835
17755
17632
17639
18292
18040
17814
18044
17667
17615
17656
17627
18048
17955
18226
17752
17788
17506
17638
17841
17668
18312
17786
17955
17998
17681
17500
17663
17363
17880
17749
17545
18195
18530
17476
16909
17557
17827
17480
18245
18066
18318
18194
17771
18373
17630
18152
18203
17726
18548
18086
18215
18014
18205
17902
17572
18001
17940
17955
18403
18396
18838
18193
18236
18975
18481
18416
18295
18062
18764
18805
18874
18567
18530
18605
19388
19082
18976
19682
19334
19379
19461
19467
19542
19663
19826
19292
19380
19622
19600
20050
20264
20904
20817
20237
20418
20074
20442
20972
21122
21157
21732
21500
21972
21326
21437
21269
21200
21430
21390
21432
21398
20975
21153
20145
20433
20302
20582
20368
20137
19998
20362
20362
20556
20075
20312
21934
19646
19638
19328
19419
19845
21933
23540
22089
22463
23803
23455
22876
22421
20317
18753
18834
18583
18700
18860
18571
18853
18667
18693
18915
18582
18001
17953
17969
18002
18406
18225
18574
17769
17695
17941
17961
17799
18165
17914
19053
19111
18538
18508
18330
18387
17933
18437
18282
18532
18758
18235
18257
18513
18158
18518
19156
18373
18838
18524
18383
18159
18629
19322
19356
19223
20272
19650
19859
20425
20165
20764
20347
20438
20910
20158
19965
20221
19977
19801
19521
19413
19962
19365
18952
18804
19550
19130
19475
19542
17936
17931
17826
17537
17704
18053
18330
18181
17840
17966
17393
17429
17611
17436
17601
17536
17458
17545
17295
17185
17370
17141
17407
17309
18227
17524
17176
17632
17354
17632
17507
17328
17511
17767
17415
17561
17250
17219
17308
17307
17318
17614
17494
18067
17813
18066
17918
17859
17625
17638
17884
17513
17778
18297
18058
18175
18244
18537
18255
18188
18303
18077
18358
18192
17390
17916
17717
17640
17372
17608
17713
17460
17708
17801
17772
18125
18057
18218
17977
18554
18218
18205
17965
17928
17710
17762
17757
17556
17619
17594
17558
17398
16325
16705
16133
16400
16132
16052
16463
16367
16285
16362
16686
16511
16766
16811
16777
16422
16680
16853
16707
16702
16284
16525
16396
16015
16214
16449
16132
16136
16199
16543
16169
16062
16490
16595
16393
16418
16405
16499
16357
16427
16353
16414
16149
16862
17146
17037
16588
16889
16946
16937
16694
16521
16340
16566
16476
16905
16429
16925
20404
20512
20875
20704
20702
20260
20160
20722
18001
16509
16461
16394
16460
16845
16567
16596
16037
15756
15735
15790
16352
15979
15782
16102
15820
15936
16444
15833
15795
15911
15945
15708
19797
19991
20742
20340
20325
20496
20515
20700
17471
16924
17112
16390
16328
16249
16738
16733
16754
16493
16361
16648
16633
16399
16394
16741
17469
16567
16605
16730
16554
16587
16759
16418
16501
16372
16475
16180
16958
16627
16725
16422
16660
16809
16513
16760
16612
16623
16792
16733
16746
16530
16470
16554
16078
16217
17270
16289
16240
16337
16615
16559
16747
17099
16931
16625
17334
16816
16484
16466
16257
16399
16213
16276
17112
17308
16907
16631
17085
16607
17011
17640
17383
17174
17411
18255
18337
18966
19087
19452
19269
19826
19543
19603
19496
19632
19483
19819
20006
19826
19699
19806
20148
20330
19965
20557
20470
20042
19577
20466
20745
20161
20018
20565
19750
20401
19904
19611
20643
19854
19868
19621
19757
19461
19330
19367
19528
19122
19541
19297
19439
19445
19335
19322
19463
19548
19404
19465
19868
20033
20431
19703
19844
19731
19988
20112
20191
20815
19785
19923
20067
19903
19689
19691
20103
20004
20236
20040
19976
20219
20325
20524
20786
20972
22638
23177
22591
22380
22726
22818
23168
23140
23102
22837
23026
23410
24008
23823
23077
21754
21474
21621
21037
19933
20440
20305
20335
20131
19975
19785
19717
19591
19712
19716
19629
19339
19310
19266
19086
18677
17951
17344
16722
16565
16386
15898
16093
16146
16379
16415
16422
16339
16053
18287
18476
16068
16202
16151
15827
19567
19902
20012
19717
20070
19913
20351
20101
17549
16295
16497
16567
16478
16812
16354
16477
16988
16428
16562
16616
16355
16256
16074
16570
16260
16553
16633
16830
16717
16667
16595
16798
17273
16862
16646
17041
17034
17146
17448
17506
16987
17149
17439
17609
17794
17390
17122
16702
16917
17239
16952
17018
16962
16535
16924
16662
16517
16382
16526
16390
16455
16756
16785
16404
16666
16672
16527
16972
17190
16321
16912
16527
16308
16429
16381
16336
16332
16350
16332
16522
16558
16300
16561
16369
16265
16468
16465
16447
16692
16389
16285
16419
16574
16690
16267
16571
16678
16827
16774
16631
16845
16374
16685
16688
16522
16611
16408
16071
16140
15814
16310
16399
16344
16318
16328
16042
16312
16322
16346
16141
16600
16120
16306
16313
16701
16549
16434
16392
16073
16150
16381
16479
16410
16268
16486
16620
16474
16246
16501
16327
16103
15989
16379
16705
16529
16553
16417
16692
16286
16666
16171
16357
16098
16325
16127
16282
16131
15721
16036
15702
15954
15772
15915
15782
15576
16010
15558
15372
15440
15584
15550
15828
15573
15571
15579
16089
15679
15633
15818
15950
15810
15711
15670
15715
16284
15752
15602
15644
15816
15556
15683
15506
15802
15588
16443
15598
15572
16268
16111
15606
16130
15777
15735
15818
16489
16249
16040
15937
16833
15775
15910
15767
16477
16061
16087
16312
16270
16144
15969
16003
15910
16057
15990
16264
15871
15517
15856
15700
15523
16115
15242
15942
15475
15908
15758
16163
16379
16300
15999
15988
15727
15578
15914
15391
15772
15593
15823
16077
17142
16320
15813
16165
15876
16344
16244
15873
15822
16529
16387
16081
15890
16584
16157
16349
16545
16837
16663
17429
17041
16868
16722
16987
17184
17038
17005
16752
16776
16892
16749
16522
16703
16849
17246
16895
17307
16761
17510
17124
17034
16528
16642
16742
16739
15975
16318
16281
16345
16134
16366
16058
16225
16067
16614
16482
16098
17413
16805
17566
16847
16576
15959
16354
16057
16255
16941
16194
16485
15965
16156
16288
16988
16713
16003
17160
16877
16395
16195
16274
16335
15454
15646
15575
15270
15486
15511
15480
15929
15962
15700
16030
15943
15972
16266
15999
15996
16006
16086
15972
16040
15786
16080
15936
16527
16152
16814
16154
16726
16354
17035
16617
16886
16940
17143
16817
17711
17257
17269
17196
17592
17256
17355
17521
17644
17200
17592
17330
17519
17819
17713
17514
17337
17369
17412
17470
17385
17471
17083
17185
18009
18164
17903
17291
17543
17511
16847
17519
17073
17001
17021
17055
17177
16628
16597
16886
16473
16729
16670
16501
16892
16401
16626
16569
16695
16802
16548
16764
16810
16555
16987
16807
17056
16715
17370
17103
17323
17545
17516
17390
17268
17777
18142
17326
18337
18121
17533
17639
17729
17445
17254
17393
17337
17540
17840
17817
17416
18007
17467
17208
16861
17081
16936
16917
17360
17195
16746
17481
16934
16211
16668
16632
16939
16990
17008
16897
16401
15878
16432
16408
16849
16174
16485
16108
16599
16243
16610
16248
16738
16832
16257
16720
16693
16805
16641
16779
17273
16760
16552
16400
16472
16605
16091
16168
16148
16468
16232
16628
16174
16483
16161
16475
16549
16460
16705
17211
16675
16508
16935
17280
16075
16205
16721
16517
16354
16393
16525
16402
16139
16266
16329
16243
16716
16347
16198
16087
16212
16247
16641
16299
16837
17064
16771
16742
16993
16795
16228
16859
16660
16297
16003
16750
16403
16128
16389
16497
16697
16522
16248
16544
16318
16652
16481
16699
16606
16347
16541
16333
16381
16297
16470
16867
16580
16283
16228
16980
17183
16775
16911
16619
16824
16872
16721
16672
16881
16708
16657
17094
16749
16522
16730
16392
16511
16595
16250
16776
16267
16583
16573
16420
16658
16438
16641
16357
16455
16769
16666
16635
17341
17104
17635
17324
17416
17465
17890
17806
17587
17392
17523
17299
17861
17480
17295
17794
17552
17842
16888
17372
18015
17638
17826
17748
17558
17801
17516
17596
17708
18113
18255
17246
16734
16893
16553
16751
17017
17359
17081
17108
17931
16952
17568
17221
17021
16792
16915
16838
17246
16980
16835
16623
16825
17065
16464
16955
16859
16830
16758
17148
15780
16915
16892
17151
16785
16538
17263
16905
16235
16342
18900
16756
17136
17057
17191
17103
17123
17083
17141
16733
16870
16567
17092
16889
16979
17185
16955
17167
16881
17091
17252
17296
17278
17339
17122
17321
17272
17393
17016
17230
17770
17787
17048
17111
16800
17467
17134
17616
18102
17503
17310
17020
17040
16884
16263
16636
16702
16763
16531
16512
16716
16441
16907
16755
16713
16455
16925
16323
16507
16422
17068
17173
17881
18084
17905
17718
17565
17654
17677
18020
18206
17843
19808
21879
21777
21448
22624
21556
23350
23504
21890
19773
19591
19423
19125
18167
17620
16839
16647
16584
17024
16684
17532
17107
17213
17239
16674
16654
17091
17466
18425
17679
17982
17569
17817
17742
18002
17935
18289
18535
18444
18812
18263
18029
18220
18312
17429
17161
18095
17316
16890
17045
17173
17437
17202
17797
16892
17438
17682
16813
17010
17015
17183
17552
16986
17272
17468
17154
17224
17383
17424
17598
17894
17688
18689
18023
18437
17203
17497
17379
17354
17275
17393
18058
17470
17450
17316
17352
16777
17178
17089
16820
16748
17185
17254
16883
17313
16978
17551
17728
18222
17226
17398
17546
17348
17010
17479
17534
17456
18653
18957
19562
19634
19592
18927
18564
18341
17867
17592
17187
17724
17239
17307
17578
17611
17936
18072
17872
18179
17951
17806
17838
18222
18380
18258
17840
17866
17979
17920
17530
17600
17365
17875
17736
17127
17075
17324
17326
17692
17885
17365
17424
17694
17213
17244
17368
17444
17282
17127
17283
17486
17225
17435
17154
17290
17133
16886
17479
17129
17269
17039
16903
17242
16887
16937
16872
16542
16664
16892
16851
16459
16030
16178
16608
16587
16438
16286
16231
16438
16480
16143
16315
16794
16328
16301
16088
16173
16320
16091
16041
16288
16258
16249
16217
16511
16884
17112
16787
16796
16565
16824
16625
16384
16987
16932
16956
16805
16740
16733
17286
16758
17037
16595
16838
17220
17155
16982
17154
17661
16970
16978
16955
18593
19155
19497
20081
19665
19839
20437
20212
20191
20313
20660
20444
20454
21139
21451
21142
21238
19628
19303
19961
19403
19675
19573
20095
20080
19692
19524
19939
19337
18957
19478
19580
18963
18904
18809
18623
18271
18768
18878
18606
18253
18345
18530
19230
19144
18467
18378
18145
18780
18280
18490
18842
18778
18355
18224
18973
18807
19450
18730
18521
18593
18456
18938
18560
19252
18427
19174
18346
18669
19167
19310
20383
19073
19212
19575
19496
19617
19850
19854
20074
19605
19321
19198
19040
19066
19286
19649
18653
18744
18044
18562
18372
19419
18153
18211
17962
18090
17802
17760
18021
18203
17799
18516
20020
17836
17508
17700
17668
17769
17666
17678
17729
17700
17470
18092
17792
17715
17775
17677
17879
17373
17402
17290
17263
17420
17444
17835
17605
17209
17596
17011
16936
17572
17370
17343
17252
17447
17182
17599
17210
17203
17151
17786
17263
17318
17227
17568
17697
18005
17631
17383
17294
17594
17213
17831
17497
17632
17952
17666
17704
17499
17477
17185
17203
17285
17126
17568
17435
17700
17579
17415
17492
17507
17675
17562
17702
17571
17646
17498
17842
17839
17325
17342
17395
17381
17538
17565
17417
17844
17693
17069
17447
17200
17285
17370
17488
17833
16909
16981
16755
17343
17051
17277
17516
17292
17043
17880
17684
17514
17236
17628
17075
17207
17264
17102
16954
17281
16997
17560
16785
16751
16714
17174
16683
16839
17211
17048
16540
16823
16834
16722
16566
16533
16717
17004
17074
16948
16888
17910
18631
17700
18024
17175
16927
17180
17334
17585
17568
17353
17206
17358
17345
17243
17225
17381
17102
17154
17511
18071
18302
18246
18343
17623
17995
17966
17539
17728
17678
17950
17810
18601
17854
18187
17903
17804
17802
17708
18096
19027
18319
18180
17913
18447
18040
17739
17506
18070
18409
18137
17971
17872
17725
18062
17766
18170
17964
18307
18284
17935
17438
18407
17983
18020
17848
17683
17890
17853
17968
17213
17593
17236
17291
17235
17808
17755
17810
18326
18139
18091
17910
18068
17906
18175
18197
17933
18393
18951
18517
18344
18021
18269
17970
17960
18629
18837
18223
18360
18564
18008
17854
17924
18181
17967
17841
17826
18020
18164
17796
18061
18624
17929
17974
18330
18121
18268
18212
18572
18622
18835
18686
18309
18106
17925
18531
18613
18733
18780
18630
18714
19145
18442
18458
18739
18680
18364
18558
18798
18771
18821
18495
18522
18247
18430
18694
18325
18020
18173
18167
20224
21618
21230
21976
21815
21728
21374
21550
19901
17634
17397
17885
17755
18474
18297
18404
18377
17830
17712
17485
19111
26558
23360
17262
17602
17611
17992
17865
18048
17546
17500
17882
17454
18409
18444
17628
17884
17987
17585
17696
17572
17530
17625
17363
17671
16864
17301
17400
17595
17413
17521
17542
17434
17667
17477
17720
17937
17903
18202
18273
18542
18711
18743
18892
18764
18549
19001
18453
18783
18332
18716
18643
18673
19284
18629
18793
18551
18599
18530
18574
18776
18671
18471
18386
18822
18690
18349
18240
18823
18937
18307
17775
17911
18439
17821
17959
18034
17840
18144
17988
18108
18408
18547
18183
17674
17739
18227
17816
17706
17881
18306
17912
18529
18686
18569
20249
18206
17900
17940
18112
18588
18131
18040
18302
18392
18159
18915
18376
18862
18314
19034
17757
18921
18188
18866
18445
18863
18129
18610
18474
18671
18416
18348
18101
18831
18326
18992
18537
18445
18972
19223
18388
18499
18339
18605
18390
18522
18449
18662
18161
18549
18373
19004
19499
18272
18594
18332
18157
18288
18291
18084
18415
18109
18079
18402
17993
17859
18077
17824
17565
17991
17387
17940
18209
19085
18911
18473
17906
17969
17851
17772
17879
17756
17875
17268
17900
17872
17454
17086
17561
17170
18126
17681
18152
18072
18500
18000
18218
18185
17710
18248
18021
18128
17972
18179
18160
18184
18014
18380
18393
18160
18363
18244
18698
17974
18188
18186
18201
18454
18330
22683
22273
22412
22659
22928
22810
23108
23158
19612
18607
18801
18761
18410
18347
18640
18262
18011
18063
17980
18064
18269
17495
17922
17553
17592
17659
17996
17942
17791
17870
18211
17878
18303
17940
17981
17746
17992
17934
18326
17888
17964
18206
17812
18417
21215
22336
22255
23240
19917
18961
18872
18834
18743
18544
17567
17990
17810
17285
18648
17400
17565
17670
17738
17993
17408
17446
17784
17117
17132
17480
17212
17090
17376
17297
18318
18151
17814
17738
18040
17841
17909
17566
17945
18711
18235
18190
18502
17952
17960
17815
18034
17868
18065
18484
18638
18605
18676
18685
19015
18690
18540
18429
18773
18692
18314
18259
18386
18132
18293
17841
18278
18425
18032
17800
18001
18202
17906
18189
18286
18246
18006
17352
18507
18959
18621
19096
18981
18725
18608
18053
18289
18451
18872
18505
18881
19021
19279
18794
18918
19196
18999
18589
18365
18351
18318
18572
18062
18632
18369
18167
18414
18746
18629
18341
18284
18657
18505
18712
18286
18553
18245
18093
17662
17918
17949
17291
17918
18210
17276
17390
17379
17062
16945
16781
17001
17150
17126
16922
17048
17239
17089
16929
16814
16935
17196
16797
16759
17009
16937
16892
17010
16913
17080
16744
17276
17502
18088
17960
18575
18712
17857
18270
18239
18210
16789
16780
17152
17336
17290
16613
16970
16884
16783
16790
16888
17107
17030
16841
17361
17436
17916
17892
18443
17819
18486
18068
17646
18138
17505
17809
18218
18146
17415
17742
17744
17685
17746
16778
17077
17680
16865
17147
17340
17063
16984
17035
17412
16848
16917
17074
17183
16970
16971
16849
16930
17156
16888
17022
17424
17268
17351
17028
17632
17278
17665
17531
17482
18117
18292
17455
17378
17355
17353
17603
17523
17328
17559
17571
17976
17913
17337
17388
17068
17138
17038
17177
16982
16869
16762
16649
16836
16947
16641
16988
17015
16682
16749
16742
16759
16613
16489
16961
16619
17026
17033
16950
17048
17064
17575
18452
18059
18056
18569
17996
18624
18356
18608
17734
18218
17648
17477
17927
17895
17737
18052
17935
18142
18034
17960
18386
18236
18215
17996
18082
17982
17997
18402
17915
17835
18358
18075
18275
18398
18295
18219
18140
18082
18266
18646
18308
18641
18538
18321
18013
18858
18768
18323
19224
18853
19375
18653
18582
18461
18214
18240
18364
18227
18287
18019
18493
18186
18326
18200
18260
18132
18584
18029
17945
18073
17885
17862
18081
17742
17894
18017
17973
17782
17968
18163
17871
18062
18299
18716
18732
18857
18617
18916
18713
18843
18308
17650
17883
17873
17800
18403
18058
18089
18607
18142
17853
18132
18545
18926
18395
18454
18798
18588
18582
18416
18261
18398
17812
17190
17248
17264
17656
17218
17289
17118
17075
17403
17378
17178
17378
17083
17119
17224
17265
17141
16897
16828
16808
16997
16931
16903
16612
16914
16718
16714
17717
17421
17445
17116
17009
17559
17378
17535
17634
18462
18470
18416
18593
18428
18417
18501
18428
18455
18558
18845
18650
18483
18443
18650
18367
18328
18408
18673
18548
18315
18543
18209
17896
18557
18314
18423
18144
18374
18482
18174
18525
18202
18298
18286
18814
18401
18418
18461
18307
18587
18610
18196
18015
18043
18261
18352
17913
18023
18417
18096
18474
18422
18605
18311
18528
18876
18847
18558
18523
18092
18541
18722
18588
18944
19467
19776
19557
19672
19309
19446
19537
17867
17566
17320
17247
16799
16886
16759
16901
17067
16983
17087
16895
17363
16777
17298
17228
17086
17091
16731
16641
16829
16858
17105
17615
17126
17313
16621
16753
16721
17173
17409
16952
16725
16852
16723
16842
16844
16579
16991
16707
16847
16818
16315
16844
16625
16671
16945
16610
16833
16882
17108
16824
16913
16920
17035
16952
16864
16862
16603
16910
17331
17344
17476
17272
17534
17274
17773
17432
17796
17627
17297
17120
17316
17537
17468
17289
17659
18007
17471
17250
17521
17706
17690
18536
17529
17943
17592
17889
17482
18201
17614
17579
17992
17274
17155
17013
17415
17370
17514
17366
17379
17538
17655
17851
18138
18152
17606
18061
17562
18337
17931
17517
17582
17411
17950
17337
18226
17575
18271
17529
17924
17543
18096
17492
17497
17550
17892
17700
17675
17587
17713
17848
17861
17826
18290
18430
17894
17634
17977
17715
17483
17818
17618
18385
17732
17425
17420
17082
17298
17437
17791
17496
17597
17564
17618
17037
16481
16952
16916
16903
17873
17190
17438
17303
17439
17271
17359
17143
17420
17494
17885
17758
17214
17359
18232
17395
17379
17719
17538
16951
17727
16868
16847
17021
17227
17264
17531
17777
17619
17616
17477
17547
17085
17679
16906
17019
16689
16700
16846
16783
16539
16816
16826
16447
16237
17428
16247
16771
16655
16667
16632
16888
16535
16420
16105
15916
16142
16309
16353
16284
15825
16072
15772
15746
15819
16088
16057
16535
16978
16984
16760
16265
16704
16919
17327
16610
16888
16214
16848
16693
16863
16950
16810
16738
16537
16306
16030
15402
15558
16084
15680
16713
15884
16338
16253
15795
16205
16560
16180
16912
16778
16469
16072
16775
16233
16251
16491
16343
16241
16409
16353
16384
15774
15986
16193
15746
15862
16057
16101
16075
16086
16788
16492
16466
16586
16752
16765
16735
16744
16695
17111
16883
17135
17129
19631
26125
21027
16883
16769
16580
16752
17136
16536
16457
16936
16512
16749
16683
16798
16497
16641
16463
16411
16967
16891
16420
16669
16683
16458
16887
16518
16710
16427
16300
16318
16832
16701
16658
17075
16437
16206
16538
16465
16476
16430
16585
16936
17577
17021
17738
17485
17918
18500
18146
18797
17354
17857
17334
17633
17066
17470
17776
17327
16164
16158
16068
16051
16355
16410
16190
16900
18252
16781
17248
16972
16916
16923
17279
17286
18235
17530
17498
17513
17361
17377
17932
16953
17333
17180
17085
16984
17309
17657
16940
16733
17102
16715
17317
17137
17032
16950
17450
18146
17408
17095
16754
16634
16428
16242
16248
16034
16321
15879
15913
16161
16133
15851
16059
16485
16131
16210
16079
16207
16323
16008
15908
16709
16014
16303
15800
16093
16158
15947
15943
16166
15784
16239
16156
16238
16208
16155
16301
16302
16555
16359
16407
16252
16420
16356
16274
16516
16455
16523
16722
16350
16650
16522
16335
16481
16345
16533
16221
16717
16783
16586
16317
16503
16607
16809
16385
16543
16287
16164
16197
16188
16078
16471
16445
16178
16311
16305
16335
16435
16194
16498
16443
16643
16814
16814
16744
17089
17194
16844
17103
17052
16979
16879
16985
17357
17454
17027
16859
16713
16790
16750
16560
16360
17260
17328
17130
17095
17013
17399
17482
17158
17540
17381
17087
17438
17274
17478
17164
17122
17276
17420
17022
17210
17000
16948
16719
16444
16593
16940
16720
16820
16627
16693
16948
16477
16745
16908
16862
16801
17228
17591
17373
17069
17020
17657
16862
17534
17032
16615
16920
16753
16465
16338
16759
17061
17238
17057
16370
16263
16491
16155
16493
16440
16392
16212
16677
16525
16817
16672
17356
16999
17154
16615
16860
16337
16779
16731
16216
16204
16191
16444
16267
16568
16980
16787
16070
16204
16326
16709
16460
16651
16583
16518
16828
16584
17075
17886
16717
17249
16789
16337
16184
16318
15837
16127
16081
16416
16065
16246
15855
16367
16405
16340
15871
15981
16320
16207
16505
16350
16796
17129
16520
17160
16901
16362
16423
16612
16420
16237
16460
16287
16554
16234
16256
16183
16347
16229
16081
15881
15873
16168
16367
16185
16574
16106
15877
16267
16784
16337
16538
16583
16473
16547
16311
16477
16615
16725
16432
16430
16359
16173
16378
16332
16536
16243
16225
16639
16366
16621
16987
16604
16842
16235
16821
16647
17646
18266
17719
17583
17585
17735
17583
17826
17694
17527
17552
17550
17569
17703
16744
16207
16365
16342
16454
16530
16325
16236
16168
16381
16560
16314
16014
16359
16226
16332
16241
15945
16427
20301
20537
16563
16143
16238
16347
16342
16264
16662
16497
16401
16302
16192
15766
15778
15651
15643
15112
15357
15150
15128
15400
15289
15235
15207
15237
15472
15598
15175
15495
15542
15269
15431
15217
15158
15348
15425
15353
15466
15362
15389
15329
15958
15416
16148
15286
15811
15915
16057
16351
16320
16139
16244
15919
15937
15870
16200
15978
16022
16142
15875
15530
16388
15689
16167
15798
16092
15861
15665
16033
15716
16977
16200
15691
15728
15709
16251
16222
15643
15901
15484
15788
16038
15463
16134
18782
19443
19474
19255
16100
15615
15295
15658
15586
15787
15668
15488
15542
15539
15613
15500
15977
15478
16007
15728
16142
15938
15682
15831
15795
15790
16140
15802
15308
15820
16331
15635
15574
16230
15688
16400
15474
15847
15640
15901
15917
15457
15431
15744
15961
16055
15854
16766
16083
15972
16246
16143
15901
16416
16659
16745
15962
16481
16348
16491
16286
16465
16372
16336
16513
16570
16203
17769
16949
17128
16860
16965
17081
16818
17834
16510
17056
17213
17223
17113
16881
16912
16956
16788
16616
16593
17242
16409
16081
16285
16054
15837
15901
16050
15850
16042
15490
15948
16161
15791
16279
16227
16116
16129
15917
16321
16229
16336
15921
16396
16319
16511
16589
16001
16313
16526
16448
16273
16527
16647
16463
16647
16834
16570
16411
16251
16366
16262
16996
16612
16005
16240
16126
16153
16220
16400
16228
16096
16523
16898
16849
16798
16507
16411
16679
16378
16240
16848
16432
16202
16371
16246
16577
16437
16429
16164
16191
16312
16548
16435
16499
16149
16460
16325
16243
16616
16142
16255
16111
16218
16273
16532
16484
16990
16545
16583
16752
16389
16619
16246
15920
16617
16050
15888
16288
16315
16474
16237
15825
16262
16290
16122
16141
16147
16202
15993
16683
16027
15671
15788
15741
15515
15396
15874
15753
15622
15867
15670
15678
15616
15749
15886
15731
15815
16002
15731
15849
16393
16697
16588
16741
16797
16402
16821
16471
16430
17113
16592
16405
16531
16080
16754
16440
16766
16514
16748
16414
16963
16613
16385
16590
16458
16584
16881
16415
16416
16952
16984
16891
17085
16999
16811
16824
16902
16846
16828
16813
17036
16980
16959
16787
16701
16691
17162
16964
16871
16632
16856
16592
16684
16676
16975
17109
17065
17158
16792
16755
16983
16544
16883
16808
16815
16835
16959
16987
16652
16630
16731
16842
16898
16632
16736
16614
16431
16772
16548
16840
16656
16599
16293
16589
16394
17128
17064
17143
17119
17212
17126
16536
16909
16814
16653
16746
16554
16638
16826
16342
16855
16693
17516
18128
18104
17204
16555
16722
17087
16909
16637
16629
17048
16754
16854
16615
16579
16558
16843
16504
16606
16803
16480
17000
16645
16762
16978
16925
17046
17317
16857
16519
16632
17154
16825
16645
17249
17344
16791
17674
17618
17341
17185
17371
17349
17383
17453
17288
17175
19098
21534
20859
21321
20990
21401
21148
22239
21785
18038
18111
18399
18457
17745
17266
18208
18294
17906
17079
17036
16769
17030
17080
17311
16985
17109
17117
17290
16862
16978
16504
16624
16800
16650
16910
16406
16528
16662
16568
16758
17150
17289
16536
17181
16652
16722
16932
16656
17159
16646
16870
16948
16768
16902
16550
17138
17326
17185
17143
17422
17272
17055
17211
17270
17350
16846
16901
17015
16893
17007
16872
16990
17268
17319
16746
17112
17036
16938
16593
16705
17023
16937
17293
17209
16869
17026
16980
17229
17220
17647
17737
17157
17424
18528
17763
17593
17326
17388
17497
17693
17872
17398
17090
16573
16735
16556
15490
15319
15733
15576
15284
15890
15941
15587
15832
15615
15975
16680
16238
16937
16558
16484
17162
17215
21702
18421
17597
17833
17690
18190
17880
18028
17797
17805
18186
18280
18007
16540
16033
16550
16143
16088
15939
15936
16111
16118
16162
15921
17397
15602
15701
15875
15551
15752
15958
16316
15851
16044
15834
16015
15432
16084
15620
15706
15510
15805
15325
15598
16062
16200
15952
16176
16463
15973
16169
15963
16010
16239
16266
15803
15683
16226
15815
16112
16202
15857
16586
15943
15848
15783
16132
16265
15671
16029
15443
15540
15162
15424
15053
15239
14891
14973
14960
15433
15487
15256
14668
15292
15184
15182
15076
14951
15204
15016
15049
15175
15080
15153
15041
14828
14995
15023
14716
15059
15054
14907
14892
14906
15230
15103
14779
15177
14819
14964
15070
17006
17184
17036
17299
17202
16686
17127
17309
15520
14968
15829
15550
15726
15617
15630
15590
15973
15674
15520
15721
15430
15408
15435
15361
15729
15609
15506
15354
15532
15457
15225
15649
15873
15358
16039
15900
15630
15513
16150
15850
16020
15763
15924
15727
16185
17496
16759
16573
16705
16535
16813
16791
16533
16334
16195
16046
16478
16226
16350
16402
16625
16222
16322
15656
16493
16281
16152
16288
16531
16463
16583
16479
16345
16636
17436
16027
16161
16320
16092
16431
16259
16195
16225
16366
16298
16527
16351
15804
15728
16118
16624
16560
16514
16180
16344
16055
15837
15985
16029
16062
16276
15656
16030
15716
15826
16682
15606
15615
15763
15743
15980
15597
15832
15802
15944
15394
16170
15852
16243
15953
15819
15866
16108
15415
16078
16028
16236
16195
16055
16454
17170
16358
16614
16388
16773
16940
16600
16669
16562
16495
16573
16226
16464
16421
16541
16563
16474
16112
16172
16576
16913
16372
16723
16697
16170
16435
16575
16770
16961
16598
16470
17027
16650
16799
16604
16650
16638
17380
16725
16845
17731
17400
17252
16988
16815
16664
17157
16741
17623
17004
16932
16756
17218
17096
16866
16891
16829
17139
16820
16887
17443
17368
16959
16959
17141
16754
17208
17304
16920
16692
16931
17073
16561
16763
17118
16672
16668
16547
16801
16585
16609
16840
16781
16775
16567
16733
17067
16940
16523
16892
17015
16935
17268
17116
17444
17589
17311
18331
17480
17897
18053
17275
17480
17627
17781
17358
17490
17658
17796
17783
17436
17323
16770
17083
17085
16971
17203
17099
16859
16999
16925
16819
16880
17299
17224
17243
16941
16951
16733
16930
17017
16785
16609
16608
18526
16816
16774
16444
16445
16628
16597
16793
16709
16662
16483
16601
16726
16356
16463
16848
16392
16460
16677
16512
16787
16552
16361
16487
16895
16562
16536
16572
16452
16700
16216
16343
16266
16257
16367
16146
16244
16199
16178
15976
16755
16297
16094
16476
16619
16989
16304
16200
16225
16242
16189
16278
16779
16124
16434
15823
16353
16799
15917
16614
16470
16526
16422
16218
16286
16660
16353
16177
16562
16283
16389
16035
16293
16192
15941
16179
16304
16601
16005
15661
16135
16262
16116
17187
15901
16144
16267
16232
15803
16334
15963
15967
16021
15934
15560
16047
15615
15838
15926
16172
16010
15898
15884
15747
15641
15810
15611
15638
15780
15664
16046
16354
19545
19467
19574
19132
19162
19581
19086
18971
18958
19334
18755
19169
19299
19163
19514
19053
19262
18434
17848
15930
16125
16312
15860
16067
15721
15788
15882
15428
15425
15657
15598
15547
16015
15793
15420
15334
15869
15610
15592
15332
15492
15351
15573
15531
15413
15298
15278
15340
15351
15457
15612
15336
15564
15455
15546
15188
15272
14946
14521
14708
14925
14461
14332
14574
14241
14727
14500
14468
14782
14704
14949
14396
14587
14625
14517
14549
14016
14384
13680
14045
14132
14271
13974
14380
14313
14213
14115
14006
14105
13974
14047
14009
14060
14664
14390
14334
14398
14044
14161
14075
13707
14401
14132
14167
14430
14585
14350
14290
14210
14475
14200
14242
14489
14029
14411
14141
14235
14535
14845
14266
14118
14704
14798
15318
14629
14719
14730
14572
15009
15281
15088
14711
15029
14886
14709
14650
14728
15269
14632
14582
14388
14444
14630
14379
14728
14778
14740
15583
14771
15418
15421
15183
15427
15345
15507
15360
15336
15174
15071
14839
14967
14877
14861
15033
15146
14872
14883
15040
15215
15242
15039
15007
13328
13369
13550
14188
14793
15100
13756
13001
13564
13431
14556
14919
15588
16051
16163
16029
16572
16441
16406
16834
16485
16952
17492
17337
17347
16863
16759
17019
16872
17310
17378
17042
18025
19289
18806
18264
19216
19065
18992
19715
18706
17154
16782
16866
17126
16934
17538
17496
17214
19687
19717
19531
19977
20216
20150
19626
19757
17476
17043
17259
17046
17347
17100
16922
17108
16961
18042
17084
17721
18575
17465
17094
17942
17449
17420
17670
17228
17594
17241
17798
17360
17376
17055
17319
17142
16833
17580
16854
16983
16676
16767
16208
17140
16768
17045
16764
16905
17289
17019
17294
17174
17710
17155
17455
17297
17112
17340
17018
17098
17429
17087
16813
16930
17636
17176
16922
17348
16826
16606
18228
16448
16525
16983
16127
16545
16626
16119
15464
15063
15123
15243
15202
15493
15815
15319
15421
15324
15854
15994
15666
15452
15441
15403
15211
15565
15837
15716
15459
15571
15782
15503
15794
15669
15721
16037
15980
15119
15775
15393
15732
15188
15817
15510
15251
15402
15446
15435
15926
15416
15465
15339
15213
15344
16484
15452
15621
15560
15842
15552
15540
15374
15397
15352
15567
15690
15728
15597
15276
14976
15000
14900
14932
15287
14858
14982
15184
15134
14978
14997
14966
15253
14943
14900
14861
14791
15020
15442
15418
14872
15256
15165
14961
15189
15296
15923
15266
15646
15567
15131
15232
15596
15454
15469
16585
16202
15464
15337
15319
15337
14952
14918
15072
14893
14832
15106
15063
14995
15130
15643
15025
15149
15244
15671
15404
15781
15508
15862
15492
15519
15485
15298
15223
15466
15425
15593
15501
15575
16023
16018
15436
15644
15396
15567
15532
15485
15783
17831
16009
15871
15581
15991
15829
15816
15680
15651
16231
15714
15693
15436
15227
15584
17047
19723
19913
19798
19321
19985
19506
20726
20804
17485
17325
17638
17370
17314
17381
16546
15398
15256
14691
14995
14604
15042
14429
14994
14484
14967
15174
15299
15259
16081
15124
15830
14708
15461
14769
14734
15468
15257
15298
15422
15356
15132
14938
15592
15494
15387
15625
15803
15425
15539
15720
15581
15303
15375
15176
15421
15726
15152
15551
15706
15933
15369
15762
15472
15726
15653
15426
15223
15158
15315
15217
15229
15224
15401
15510
15923
15832
15496
15153
15986
15418
15696
15572
15550
15662
15766
15428
15262
15432
16980
15500
15114
15341
15552
15798
15673
15572
15400
15327
15245
15237
15181
15338
15194
15157
15455
15782
15580
15509
15601
15891
15859
15793
15358
15869
15460
15810
16073
15554
15478
15497
15685
15599
16005
15917
15903
15562
15343
15514
16413
16278
16242
16750
16656
16395
16665
16365
15770
15895
16473
15944
15968
16409
15789
16362
16604
16126
16400
16409
16800
16565
16690
16550
16278
16293
16416
16234
16062
16096
15974
16239
16450
15627
15857
15683
15788
15657
16069
15772
16287
16721
16135
16244
16715
16362
16648
16292
16098
16302
16510
16217
16139
16004
15902
15606
16044
16134
15676
15950
15458
15408
15165
15596
15786
15477
15484
15508
15441
15268
15096
15090
15342
15124
15322
15579
15648
15576
16059
16087
15616
15722
15953
16077
16038
16384
15835
15848
15873
15886
16168
16294
16141
15727
15392
15583
16053
15813
15677
15781
16086
15812
16240
16284
16176
16298
16205
16290
16263
15948
16577
16181
16372
15474
15871
15822
15889
16146
15603
15375
15763
15707
15936
15876
15976
15630
15588
15503
16158
15738
15638
15777
15813
15151
15703
15112
15287
15291
15986
15778
15455
15227
15431
15525
15102
15293
15393
15491
15355
15241
14923
15369
15209
15157
15117
15703
15007
14590
14467
14902
14650
14697
14810
14817
15052
15195
15092
14670
14820
15521
14612
14694
14968
14996
14878
14637
15315
15022
15064
14824
14950
15427
15708
15225
15026
14854
15308
15075
15213
15270
15557
15677
15870
15356
15435
15781
15484
15797
15192
15505
14961
15378
15121
14958
14992
15141
15770
15327
15403
15491
15209
14978
15262
15046
15098
14942
14566
14783
14739
14588
14694
14990
14837
14947
14862
14946
14749
14863
14450
14535
14673
14567
14524
14367
14468
14592
14872
14568
14664
14512
14446
14437
14227
14175
14434
14329
14377
14292
14628
14674
14419
14213
14116
14400
14512
14328
14432
14442
14293
14358
14487
14233
14291
14352
14187
14019
14106
13865
14042
13930
13852
13756
13908
13801
13817
13959
14091
14240
13961
14040
14192
14155
14290
14098
14067
14111
14282
14033
13741
14129
13810
14168
14278
13882
14338
14108
14288
14123
13859
14031
14139
14499
14385
14096
14317
14674
14538
13963
14288
14432
14664
14425
14741
14847
14444
14360
14196
14455
14530
14688
14996
14979
14775
15158
14887
14831
14889
14758
14893
15175
14796
15324
14638
14868
14984
14527
14217
14506
14394
14518
14655
14601
14810
14856
14655
15126
15155
15024
16310
14588
15956
15820
15836
15916
15986
16087
15790
15599
15502
15329
15441
15508
15676
15798
15972
15890
15804
14998
15129
15051
14967
15197
15018
15106
15090
14894
14755
14974
16140
14882
14895
15136
15738
15183
15466
15256
15511
15812
14554
15416
14726
15495
14866
15206
15359
15562
15045
15263
15494
14928
15081
15056
15437
15265
15379
15340
15726
14964
14940
16371
15410
15323
14885
15005
15043
15303
15190
14828
14802
15025
14901
14562
14803
14702
14638
14985
14673
14824
14449
14078
14291
14703
14494
14416
14436
14465
14247
13770
14383
14290
14034
14317
14651
14351
13875
14030
14393
14012
14237
14157
14236
13823
14649
15179
14898
15076
14825
14083
14441
14741
14040
14099
14726
15053
14567
14601
16541
14840
14583
14530
14249
15011
14717
14997
14336
14810
14725
14642
14434
14181
14484
14374
14457
14726
14875
14607
14188
14766
14004
14487
15068
14731
14305
14625
15077
14872
15022
15039
15041
15198
14781
15084
15167
14550
14897
15052
14619
14758
14964
14397
15255
15751
15141
15389
15321
15308
14829
15109
14880
14708
15117
15714
14816
14889
14801
15047
14818
14655
15747
15008
15579
15396
15288
15287
15144
15006
15193
15295
15394
15550
14778
14973
14803
15363
15007
15057
15143
15278
15019
14968
15330
14848
14586
14818
14859
14809
14558
14614
15010
15454
15609
15436
15389
15062
15019
15603
15037
15530
15008
15585
15714
15662
16456
16215
17060
15977
15998
14974
15158
16145
16610
15503
15319
14957
14943
14702
14931
15106
15561
14767
15047
15242
15129
14824
14936
15696
15186
15174
14920
15434
15522
15042
15426
15972
15854
15888
15354
15720
15557
15085
15143
15153
15374
15425
15214
15099
15117
15615
15808
15657
15683
15014
15019
15596
15249
15121
14924
15935
16065
16323
15947
16546
16917
16693
16582
16379
16327
16050
16735
16765
16858
16814
16533
16118
15941
16504
16185
16980
16185
15895
16089
15488
15477
16272
16720
16106
16734
16294
15992
16152
16230
16637
16638
16438
15962
16569
16608
16924
16109
17424
16496
16855
16156
15894
16371
16009
16392
16395
16653
16750
16288
16384
16708
16364
17136
17426
18178
16778
17463
17233
17465
16870
16124
16917
15200
16845
16947
16316
15382
16032
15074
15801
14902
15435
14729
15705
14770
14723
14590
14238
14831
14733
14829
14244
14616
14430
14170
14402
14339
14162
14595
14843
14133
14222
14529
14492
14485
13994
14046
14664
14282
14394
14924
14934
14385
14122
14071
15048
14620
14527
14391
14367
14545
14620
15154
15504
14811
15013
14667
14498
14509
14322
14927
14533
14172
14410
14625
14375
14083
14069
14168
14598
14682
14491
15050
14581
14140
14110
14793
14274
14291
14137
14714
14855
14770
15017
15458
15002
15269
15519
16008
14835
15481
14847
14890
15260
14983
14653
14887
15024
14673
15239
14910
14711
14415
14511
14640
14654
14964
14878
14806
14616
14882
15652
15200
15572
16160
15507
15483
15276
15784
15656
15235
16244
16297
15812
15642
15570
15496
16392
16406
15607
16131
16598
15836
15799
16027
15438
15425
15575
15251
14839
14896
15123
15177
15511
15495
15474
15726
15570
15612
15301
15822
15415
15489
15347
15559
15467
15375
15669
15423
15782
15408
15642
15701
15475
15749
15682
15608
16118
15899
15701
15933
16345
16589
16369
16132
16657
16118
16661
16143
16039
15875
17113
15737
15699
15335
15945
15632
15575
16146
15691
15921
15905
15337
15296
14976
14579
15124
14839
15257
15094
15016
15387
15457
15189
15308
15497
15562
15168
15144
15392
15214
15749
15187
15418
15612
15460
15524
15466
15124
15576
15402
15363
15435
15541
15261
15553
15491
15800
15312
19239
14749
15056
14832
15090
15074
15202
15545
15478
15260
15519
15454
14829
15163
15133
15135
15266
15619
15388
14982
15169
14592
14563
14744
14575
14694
15059
14953
14892
15187
14739
14832
14942
14370
14556
14468
14256
14333
14419
14442
14473
14496
14523
14377
14562
14844
14589
14753
14981
14776
15049
14961
14793
14970
14867
14663
14518
14940
14798
15337
14677
15313
15301
15024
15345
15215
15267
15272
14968
15047
15110
14701
14872
14806
15196
14846
15207
24636
14854
15373
17671
15050
14667
14726
14796
14627
15937
14758
14582
15133
14625
14668
14677
14795
14768
14359
14630
15593
15441
15199
14988
15888
15338
15277
15808
15296
16142
15290
15765
16060
15885
15770
16002
15917
15758
15961
15552
15731
15563
15838
15517
15470
16000
15988
15966
16449
16316
16199
16133
15859
16611
15889
16118
16241
16249
15878
16338
16035
16141
15702
15950
15947
15865
15920
15554
15886
16081
15704
15750
15417
16006
15765
15431
15792
15957
16308
16125
16364
16413
15997
16386
16127
16891
16453
16729
16121
16544
16091
15874
16413
16180
16078
16123
16390
16681
16535
16211
16281
16278
16639
16350
16259
16303
16394
16066
16636
16283
16034
16001
16126
15994
15565
15645
15504
15560
15555
15422
15885
15897
15487
15975
15743
15940
15539
15632
15439
15050
15427
15517
15135
15472
15092
15387
15118
14937
15292
15135
15101
15205
15376
15359
15360
15358
15447
15213
15422
15381
14850
14927
14959
14734
14727
14801
15193
15093
14947
14738
14657
14312
14529
14664
14295
14665
14140
14427
13791
14189
13746
13854
14827
14917
14305
14568
14328
13962
13921
13654
13466
14039
13932
14068
14272
13978
14376
13871
14077
13818
13594
13986
13777
13631
14147
13893
13642
13788
14292
13713
13878
13922
13780
13225
13745
13649
13807
13724
13279
13601
13465
14482
17002
17172
16977
16191
13483
13534
13556
13608
13635
13903
13513
13556
13473
13953
13460
13472
13646
13695
13409
13857
13676
13472
13417
13411
13086
12952
13190
13453
13662
13565
13863
13890
13335
13337
14291
14051
14331
14097
14525
14100
13952
14377
14018
14570
13861
14159
15153
14311
14456
14851
14688
14802
14264
13893
14079
13085
13850
13725
13201
15857
13715
13660
15958
18107
18090
18486
17829
18263
17947
18143
16417
13556
13967
14066
14616
14108
14001
13904
13932
13732
13853
13659
13633
14288
13566
14059
14053
13818
14185
14225
14086
14158
14021
14096
13657
13897
13878
13784
14039
13529
13487
13765
13463
13122
13324
13305
13377
13307
13024
13095
13404
13336
13543
13758
13338
13407
13206
13384
13504
13162
13507
13567
13278
13564
13498
13684
13273
13415
13240
13260
13275
12876
12976
13281
12937
13000
13051
13251
13516
13545
13695
13284
13442
13299
13397
13423
13427
13087
13265
13264
13181
13316
12955
13207
13257
13333
12787
12999
13286
13366
13108
13249
13651
13566
14057
13776
13612
13974
13334
13858
13633
13087
13462
13486
13613
13321
13267
13406
13367
13548
13746
13820
13648
13148
13817
13548
13837
13483
13716
13537
13835
13723
13808
13808
13806
13615
13976
13850
14083
13860
13914
13937
13736
13733
13656
14032
13636
13725
13258
13703
13462
13774
13467
13385
13596
13876
13912
14448
14372
14117
14363
14659
14219
14487
14045
14284
13915
13835
14189
14102
13977
14046
14098
14159
14262
14175
13953
13812
13974
13932
14129
14095
14044
14087
14240
14153
14124
14230
14780
14135
14208
14435
14762
14501
14287
14411
14437
14972
14426
14962
15324
14646
14742
14758
14778
15010
14526
14584
14718
15072
15212
15060
15303
14621
14751
14611
15440
16092
15766
15680
16054
16003
15987
15640
15762
16005
16078
15967
15879
15994
16119
16043
15891
16300
16154
16443
16210
15817
16139
16220
15668
14955
14905
14679
14678
14365
15023
14838
14422
15274
14917
14562
15008
14804
15111
14660
14734
15377
15266
14926
14917
14630
14694
14940
14570
14388
14978
15303
14641
14619
14840
14583
14876
14856
14438
15198
14450
14987
14727
14300
14935
14810
14209
14361
14054
14322
14444
14789
14488
14475
14876
14678
15360
14947
14761
15025
15153
14807
14483
14562
14777
14509
14543
14698
14412
15024
14158
14713
14965
14710
14159
14266
14268
14029
14061
14447
14116
14174
14317
14599
14710
14319
14465
14771
14691
14412
14527
14412
14452
14719
14569
14098
13771
14242
14180
14211
14220
14629
14695
14690
14693
14445
14630
14838
14728
14630
14754
14563
14605
14539
15351
15372
15135
15148
15250
14866
14903
15078
14897
15214
15054
14837
15155
15240
15081
15041
14883
15158
15425
15281
15115
15211
15322
15507
15580
15557
16024
16341
16603
16095
15974
16203
16585
15768
16129
16089
16638
15963
16252
15880
16723
15720
15543
16152
16279
16244
16120
17247
16386
18151
16365
16515
16409
16722
16221
16439
16197
16233
16150
16353
16663
16345
16524
16115
16254
16403
16236
16764
15975
16268
15532
15960
15721
16377
15562
15639
15908
16032
16024
16541
15935
16117
16233
16384
16240
15988
16120
16090
15929
16685
15867
15471
16511
16313
15885
15691
15794
15807
15874
16072
15932
15946
15873
15425
15323
15393
15444
15445
15804
15358
15684
15108
15068
15159
14843
14648
14382
14502
14602
14672
14878
14771
14690
14716
15050
14584
14983
15051
14741
14828
15121
15105
14768
15152
15031
14640
15295
14897
15130
15079
15312
14905
15313
14702
14914
14490
14578
14327
14493
14260
14164
14349
14317
14406
14188
14152
13973
13973
14135
13584
13528
13693
13964
13840
13811
14069
13696
14171
14211
14486
14079
14584
14342
14427
14138
14806
14350
14269
14214
14290
14041
14363
14402
14568
14184
14364
14365
14146
14284
14823
14472
14364
14275
14165
14637
13968
14060
14091
14065
14295
14186
13665
13892
13679
13887
14026
13712
13840
13721
13481
12995
13164
13061
13255
13326
13342
13097
13311
13580
13226
13334
13653
13572
13884
13968
14079
13880
14126
13960
14132
13484
13851
14320
13827
14084
14307
14836
14676
14294
14459
14739
14589
14562
14275
14468
14335
14222
14328
14418
14739
14349
13585
13756
14161
13524
14108
13508
13464
13876
14373
13556
13401
13216
13335
13256
13210
13440
13972
13503
14284
13821
14175
14302
13787
13976
14222
14432
14051
14329
14506
14758
14698
14179
13818
14183
14417
14090
14217
14069
13728
14254
14283
14392
14258
13981
14317
14099
14193
14112
14135
14217
14231
14649
16696
18266
17659
18005
16590
13781
14226
14388
14822
13896
14016
13776
13640
13716
13889
13683
14051
14155
13838
13758
15148
13630
13654
13745
13739
13856
13723
18267
18211
17858
17970
17897
17765
17622
18090
14227
13760
13723
13618
13664
13713
13709
13789
13425
13836
13503
13797
13809
13825
13789
14325
14219
14165
14261
13980
14303
14449
14155
14209
14410
14427
14378
14588
14434
14290
14638
14594
14037
13998
13600
13497
13656
13400
13824
13435
13893
14044
14455
13876
14295
14140
14448
14444
14240
14227
13845
14006
13456
13765
13543
13461
13475
13313
13427
13246
13483
13762
13805
13872
13661
14009
13887
14083
13878
14045
14528
13947
14025
14184
15000
14245
14903
14799
14510
14265
14903
15068
15386
14958
14719
14582
15022
15006
14827
15235
14347
14480
14012
14427
14667
14042
14103
14388
14292
14160
14138
15985
15401
14910
14927
15205
15049
14838
14180
14263
14541
14450
14171
14060
13780
13835
13810
14091
13644
13907
13828
13997
13665
14275
14273
14160
14658
14552
14287
14491
15049
15380
14567
14048
14427
14449
14320
14367
14665
14585
14546
14710
14497
14538
14477
14304
14495
40302
33310
25513
43928
39864
25476
21350
20762
14691
35666
33260
28013
23278
21292
14914
14597
14915
14586
14767
13972
14382
13924
14629
14461
14420
14462
14513
14612
14092
14506
14400
14306
14132
13967
14292
14518
13916
14307
14325
14225
14208
14287
14213
14393
14308
14285
14615
14842
14343
14247
14110
14144
14286
14028
14387
14035
14274
14362
14411
14106
14565
13882
14330
14530
14839
14045
14263
18468
14313
14731
14128
14634
14473
14626
14330
14331
14100
13962
14034
14002
13911
14634
14791
14680
14878
14755
14654
14541
14613
14508
14458
14394
14868
14469
14297
14279
14529
14931
15074
14685
14949
14940
14728
14480
14912
14638
15016
15052
14444
14440
14799
14702
15121
14769
14793
14861
14728
14513
15062
15023
15115
15983
15482
15443
15316
15160
15442
14847
14821
15245
16003
14814
14892
14712
14832
14987
14639
14922
14415
14736
15691
14427
14907
14909
14920
15292
15277
15192
15315
15008
15376
15170
15309
15548
15211
15652
15245
15112
14844
14654
14740
15049
14397
14015
14119
14522
14858
14905
14752
14949
14470
14838
15117
14383
15118
14895
15421
14968
15258
15722
14868
15088
14703
15319
14982
15130
15238
15225
15045
15470
15945
15796
16085
15818
16127
16079
16378
15825
16148
17031
16568
15890
16576
15780
15688
15647
15951
15953
16257
16204
16134
15572
15013
15180
14824
15187
15440
15698
15556
15408
15859
15494
15197
15174
15091
15318
15598
15016
14510
14562
14087
13808
13726
14361
14213
13969
13913
14388
14114
13950
14385
14051
13880
14530
14356
13751
13875
13998
13951
14022
14292
14484
14869
14936
14888
14928
14695
14859
14780
15479
14717
14754
15132
14986
14822
14973
15071
14844
15301
15006
14945
15224
14588
14351
15231
14951
14718
14679
14904
14541
14829
14631
14893
14675
14792
14874
16385
15948
15412
15143
15298
14904
14979
14809
14949
14796
14771
14792
14871
15297
14997
15182
14850
15074
15010
14822
14818
15235
14768
14503
13340
13310
13685
13300
13795
13418
13570
13362
13299
13369
13306
13241
13281
13145
13325
13429
13423
13357
13504
13357
13400
13469
13433
13562
13871
13641
14101
14088
13810
13678
13859
13751
13815
13837
14000
13942
13926
13893
14103
14179
13945
13871
13736
13821
13863
13857
13566
13862
13535
13884
13635
13609
13375
13690
13604
13422
13569
13228
13362
13821
13404
13272
13677
13847
13798
14077
14061
13523
14386
13650
13838
14350
13671
13873
14047
13985
14095
13993
13838
11541
13900
13657
13648
13968
14083
13941
13978
13310
13638
14007
13689
13880
14054
13579
13794
14054
14661
14061
13991
13545
13834
13277
13227
13840
13079
13185
13177
13904
13124
13307
13530
12839
13289
13026
13343
13409
13315
13850
13685
14131
13801
13824
13932
14059
13899
14075
14042
14352
14110
14178
14264
14192
14174
14482
15788
14229
14262
14185
14412
14084
14145
14224
14187
14095
14192
14418
14383
14317
14446
14331
14238
14204
14039
14164
14329
14201
14166
14157
14237
14285
14340
14395
14581
14519
14549
14857
14529
14439
14624
14644
14928
14649
14446
14285
15414
16215
15995
16640
16124
16023
16289
16301
16351
16035
16325
16190
16062
16260
15969
16170
16324
17676
17430
17295
17137
17636
17469
17645
17509
17196
17130
17246
17089
17289
16841
16707
16970
17255
17010
16865
17581
17318
17518
17044
16444
15683
15765
15867
15809
15760
15925
15757
15851
15949
15729
16091
15938
15918
15740
16174
16243
16155
15890
16020
16024
16101
16846
16022
16020
15997
16411
15984
16409
16068
16038
16677
16348
16696
16488
16422
16944
16933
16558
16448
16248
16306
16085
16249
16476
16240
16450
16508
16540
16205
16372
16318
16069
15943
15812
16388
15712
15540
16334
15528
15696
15522
15619
15948
15724
15847
15698
16010
16250
15728
15645
15831
15627
15669
16060
15668
15709
15815
15998
16031
15794
15975
15627
16197
16037
15699
15744
15512
15924
15638
15669
16281
15889
16026
16514
15892
16395
16273
15508
15990
15737
15581
15379
15975
15737
15964
15772
15703
15597
15660
15776
15410
15288
15448
15882
15677
16195
15617
15433
14719
15174
15386
15317
15113
15360
15516
15975
16510
16742
16655
17242
16383
16635
16868
16619
16441
16292
16845
17071
16738
16908
17332
17132
17152
16017
15933
15766
15738
15881
15781
15468
15900
15319
15603
15785
15720
15607
15678
15557
15785
16072
15647
15654
16143
15849
15827
15533
15244
15283
15355
15340
15596
15669
15518
15593
15324
16004
16165
15550
15815
15412
15645
15777
15421
15575
15511
15265
15365
15274
15319
15191
15497
15329
15622
15710
15424
15413
15569
15401
15214
15229
15252
15843
15353
15079
14926
15286
15176
15492
15396
15366
15215
15468
15480
15488
15230
15098
15002
15520
15896
15525
15190
14982
15380
15902
15538
15586
15662
15306
15433
15861
15839
15712
15396
15272
15364
15573
15608
15463
15793
15563
15109
15479
15809
15216
15592
14927
15041
15055
15060
15219
15110
14755
15051
14873
15205
14907
14862
15641
15183
15189
15082
14970
15107
15197
14993
15072
15012
14979
15164
15707
13935
14158
13918
14171
14261
14857
14329
14324
14700
14931
13913
14648
14669
14626
14590
14447
14882
15598
14479
15079
14717
14643
14828
14835
14575
14598
14510
14469
15007
15096
14972
15194
14925
15099
15242
15058
14986
15426
15197
15967
15866
14765
15923
14839
15101
15115
15135
15008
15583
15522
15638
15498
15067
15139
15536
15433
14970
15659
15293
15459
15416
15363
14967
15304
15045
14856
14802
14878
15402
14761
14721
14756
14930
15624
15629
15780
16202
15126
15217
15373
14988
15269
15761
15371
15611
15547
15907
15347
15616
16013
15655
15714
15027
15730
15437
15066
14488
14584
14291
14401
14884
14619
14694
14804
14527
14259
14588
13922
14253
14332
13769
14230
13906
13911
13756
13568
13826
14041
13784
13830
14468
13751
13687
14096
13997
13254
13502
13510
13303
14014
13523
13697
13533
13769
13710
13361
13132
12890
12858
13104
13845
13557
14079
13443
13101
13443
13543
13019
13399
13995
13520
13919
13559
13551
14109
13905
14205
14072
14448
14369
14724
14634
14720
14282
14345
14399
14712
14739
14353
14369
14738
14420
14589
14447
14540
15652
15382
15208
15483
15242
14248
13787
13665
13444
13785
14088
13671
14260
13762
13868
14388
14154
14460
15047
14763
14782
14870
15103
15281
15099
15478
15136
15003
14710
14742
14808
15158
15717
15139
15149
14974
15153
15552
15215
15634
15917
15525
15409
15304
15417
15170
15546
15177
15351
15193
15293
15222
15020
15205
15173
14736
15261
15188
14971
14514
14714
14917
14371
14347
14499
14415
14699
14436
14484
14576
14550
14087
14558
14086
14402
14314
14502
14415
14467
14470
14424
14242
14464
14284
14110
14758
14368
14601
14530
14268
14235
14198
14077
14055
14551
14293
14269
14388
13733
14052
14794
14143
13784
14295
13958
13819
13825
14025
13907
13795
13830
14075
14068
13617
13917
14219
14037
13979
13551
13742
13786
14202
13741
13685
13393
14108
13669
14249
14333
14609
14260
13847
13877
13806
13808
14341
13596
13281
13188
13218
13226
13080
13003
12920
13046
13480
12938
12897
12858
12661
12745
12924
13065
13033
12981
13087
13194
13110
13069
13103
13359
13347
13195
12873
13082
13062
13256
13122
13294
13085
12957
12736
12895
12985
13155
12912
12953
12867
13003
12763
12709
12701
12684
12729
12804
12739
12924
12928
12673
13016
12698
12779
12556
12723
12666
12759
12918
12715
12797
12992
12691
12760
12691
12796
13090
13151
13210
13137
13282
12862
12881
12730
13146
12820
12870
13018
12719
12892
12937
13102
12964
13049
12744
13195
12957
12901
12975
12903
12999
13137
13072
13163
12935
13052
13032
13213
13142
13143
13004
13197
13001
13175
13362
13332
13343
13146
13419
13702
13812
13888
13655
13917
13506
13860
13708
13999
13185
13582
13659
13491
13294
13789
13324
13110
13438
13439
13602
13570
13720
13738
13706
13613
13353
13391
13409
13532
14114
13618
13433
13469
13295
13601
13563
13422
13228
13786
13326
13282
13694
13551
13563
13366
13904
13581
13300
13346
13336
13268
13642
13437
13498
13428
13283
13730
13711
13500
14030
13984
13500
13766
14013
13838
13254
14026
13654
13491
13295
13620
13272
11056
13561
13405
13221
13293
13228
13743
13418
13657
13687
13368
13610
14092
13800
13627
14353
14040
14158
14573
14097
14849
13866
13930
13850
13673
13880
13926
14613
14580
14149
14016
14024
14508
13930
14268
14014
14025
14022
14147
15340
14344
14036
14108
14443
14265
13927
14097
14432
14309
14026
13899
13993
13769
13838
13949
13926
15164
14868
14672
14853
15043
16306
18438
18327
18760
18635
18924
19189
19078
19377
15131
15480
15516
15420
15057
16434
15708
15710
15825
15629
15468
15414
15452
15581
15180
15522
15674
15276
15673
15154
14858
14813
14992
14800
14620
14319
14160
14264
14270
14400
14348
14506
14554
14425
14349
14421
14627
14529
14555
14212
14648
14768
14765
14702
15610
14787
16891
17957
17854
18091
17743
17982
17656
17782
15653
14006
13967
14006
14194
14338
14045
13846
14059
13871
13786
14304
13454
13794
13885
13871
13568
13765
13707
13758
14129
14084
14774
14500
14840
14978
14961
15503
14287
14952
14300
13949
14715
14823
14915
13417
14497
13632
13615
13948
13305
13684
13587
14129
14037
13985
13902
13787
14060
14331
14139
14623
15027
14516
14813
14520
14616
14715
14537
14725
14348
14881
15236
14694
14560
14955
15038
14971
14809
14698
14936
14560
14676
14785
14965
14899
14728
14711
14765
14724
14891
15518
14585
14200
15135
14770
14558
14347
14886
15295
14335
14496
15002
14845
15022
14632
14670
14819
15491
15260
14988
15002
15062
16492
15186
14506
15022
14808
14468
14779
15103
14733
14494
14473
14713
14635
14763
14904
14565
15409
15716
15042
15198
15671
15581
15887
15601
15700
15786
16472
16351
17953
15881
15760
15863
15150
15672
15261
15477
15567
15748
16602
16460
16103
15930
15758
15743
15854
15589
15636
15854
15812
15567
15287
15733
15600
15811
15410
15395
15102
14846
15187
14733
14652
15100
15025
15297
14949
15222
14997
15039
15121
15607
15529
15877
15595
15786
15478
15223
15464
15254
15043
15321
15537
15351
15491
15305
15260
15144
15821
15327
16095
15049
15017
15514
15041
15026
14984
15003
15167
15259
15629
15559
15586
15449
15587
14985
15421
15903
15636
15485
15387
15604
15595
15343
14865
15428
15367
15391
15783
15440
16077
15752
15422
15538
15467
15171
15286
15344
15636
15481
16387
16258
15960
16071
16003
16270
15956
16272
16131
15821
16199
16172
15893
16354
16153
16077
15958
16628
16800
16826
16839
17193
16650
16744
16555
16881
16887
16417
16697
16591
16928
17629
17791
16752
16931
17191
16946
17088
17213
17007
17345
17285
17795
17457
17519
18330
18147
17548
17527
17906
17742
17533
17400
17623
17767
17744
17631
17410
17615
17591
17385
17527
17516
17401
17402
17491
17790
17998
18048
17636
17800
17468
17957
17991
16842
16353
16813
17010
17009
16779
16886
16824
16757
16685
16926
16771
16568
16236
16237
15999
16310
16641
16155
16177
16138
16149
16201
16391
16205
16320
15910
16159
16224
16018
15994
15816
16163
16397
19180
19786
20368
20450
20300
20163
19868
20486
18344
16038
16178
40832
23969
15967
16911
16217
16236
16353
16053
16516
16423
16370
16606
16215
16674
16197
16211
15913
16158
16189
15670
17514
17949
17616
16697
16784
16947
16745
16345
16484
16597
17062
16515
15452
14799
15067
15133
15527
15258
16365
14847
15151
14662
15141
14936
15435
14637
14843
15055
15010
14763
14746
14997
15462
14652
14831
14886
14858
14585
14666
15021
14522
14370
15307
15194
14679
14693
14581
14721
14820
14616
14775
14766
14714
14584
14613
14754
14689
14653
14563
14665
14805
15019
14716
14847
14797
14739
15180
15132
15159
15173
15057
14938
15413
15475
15219
15316
15788
15791
15631
15706
15346
15967
16151
15609
15483
15814
15455
15500
15493
15658
15245
15460
15616
15373
15475
15463
15445
15637
15214
15407
15211
15268
15777
16007
15840
15460
16264
15843
16066
15862
16251
16416
16227
16344
16365
16378
16466
16848
17177
16627
16943
17122
16918
17381
17074
17012
16967
16978
17259
16897
16830
16902
17094
16607
16943
17115
17098
16947
16997
17185
17254
17004
17005
16937
17681
17175
16865
17062
17274
16988
17488
17514
17212
16937
17127
17143
17324
17225
17286
17472
17661
16960
17261
17767
17195
21136
17824
17351
17536
17883
17469
17427
17130
17422
16949
16897
16959
17184
16810
16674
16668
16896
16974
17505
16693
16924
16972
17022
17122
17324
17300
16733
17678
16834
16842
17067
16989
16954
16972
17273
17057
17470
17260
16759
16793
16855
16729
17090
17108
17476
17518
17341
18834
17534
17610
17347
17976
17438
17554
17359
17415
17482
17556
18293
18741
17396
17409
17603
17305
17048
17795
17597
17877
17215
17269
17833
17026
17356
17329
17406
17181
18157
17880
17303
17443
17395
17429
17355
17139
16548
16371
14608
14827
14984
14497
14841
14697
14443
14090
14727
14411
14226
14519
14775
14638
14233
14575
14559
14368
14301
14215
14211
14410
14447
14249
14632
14245
14069
14520
14615
14547
14464
14477
14515
14728
14496
14682
14782
14431
14930
15158
15288
15425
14666
14734
14910
14497
14583
14597
15084
15199
14893
15169
15088
14770
14796
14749
14935
15191
14740
14912
14999
15109
14777
14981
14614
14522
14733
14816
15317
18771
14447
14435
14547
14621
14717
14530
14715
14568
14998
14599
14670
14766
14903
14640
14727
14788
14766
15118
15294
14656
14828
14711
14818
14964
14723
14733
14570
14708
14729
14900
15177
14729
14744
14756
14873
15014
15172
14628
14438
15195
14673
14742
14453
14642
14531
14558
14283
14231
14581
14371
14236
14318
14323
14489
15131
14610
15286
14281
14907
14405
14538
14678
14968
14392
14413
15024
14840
14512
14533
14378
15545
15039
15410
14449
14672
14602
15254
14411
14756
14880
14992
14644
14950
14606
14839
14797
14843
14804
15220
15236
15180
15412
15057
15402
15336
14787
14626
15069
15218
14948
14535
15053
15256
14476
15012
14989
14680
14943
14481
14297
14439
15812
16982
17400
17862
16852
14569
14990
14940
15257
14908
14783
14950
14811
14888
14766
14587
14438
14642
14322
14616
14577
14498
14170
14407
14790
14263
14535
15010
15688
14716
14959
14670
14839
14693
14638
14723
14740
14859
14283
14501
15008
14844
14715
14988
14724
14811
15005
14871
14778
14621
15172
14423
14425
14545
14531
14235
14608
14656
14596
14332
14318
14133
14218
14363
14247
14345
14152
13826
14330
13977
14373
14247
14531
14662
14285
14571
14341
14491
14881
14609
14993
14750
14727
14988
14928
14871
15141
14732
15281
14948
14926
15715
15234
15474
15136
15403
15279
15297
15953
16012
15844
15582
15324
15340
15891
15049
14958
14736
14838
15025
14947
14368
14733
14475
14509
14836
14335
14250
14211
13885
14443
14523
14467
14605
14624
14670
14485
14541
14584
14656
14996
14751
14672
14452
14369
14520
14265
14621
15033
14959
15097
15227
14758
14428
14586
14409
15090
15415
15189
15401
15409
16116
16337
15903
15516
15774
15586
15318
15366
15338
15452
15110
14933
15022
14950
14800
14991
14814
15074
15091
14985
15081
14765
15032
15268
15046
15234
15420
15410
15957
16143
16000
16335
16546
15734
16088
15434
15585
14997
15246
15748
15654
15242
15464
15225
15541
15834
15717
15846
15871
16453
15735
15726
15891
15591
15314
15070
15309
15014
15078
15645
15319
15736
15951
15227
15524
15674
15456
15642
16197
15850
16064
16354
16703
16352
18782
17064
16820
16652
16590
16043
16417
16311
15744
16033
16023
15760
15723
15527
15474
15502
16321
16283
15643
16277
15888
16141
15746
16173
15919
16249
16147
16075
16248
16131
15592
15603
16125
15673
16222
15905
16224
15718
15707
16409
16328
15963
16224
15853
15367
15397
15468
16081
15304
15981
15332
15286
14902
15282
15346
15254
15131
15427
15044
15261
15320
15445
15544
15433
15315
16267
16025
16102
15829
15722
15815
16206
15385
15637
15762
15982
15777
15443
15664
15723
15749
15671
15827
15839
15919
15690
15268
15518
15430
15810
15517
15379
15138
14978
15264
15469
15103
15506
15665
15506
15357
15365
15404
17780
19655
19266
19519
19866
19566
19262
19612
17577
15846
15298
15436
15369
15233
15066
15243
15069
15138
15265
15414
15456
15645
15477
15991
15481
15218
16004
16039
15023
15405
14948
15196
15135
14895
15033
15029
15015
14982
14918
14912
14830
14685
14655
14713
14500
15057
14896
14952
15037
14913
14948
14868
15545
15232
15184
15011
14735
15015
15146
14956
15113
15041
15217
14811
14685
14635
14953
14611
15225
15072
14992
14776
15147
14601
14663
14899
14764
14959
14802
14902
15298
15381
14799
15283
15294
15355
15740
16262
15861
15766
15980
16046
15972
16331
16520
16001
16644
16450
16893
16490
16565
16576
16641
16264
16455
16532
16540
16535
17057
16692
16566
16488
16656
16890
16482
16585
16331
16185
16622
16491
16473
16061
16201
16328
16503
16436
16117
16018
16081
15847
16354
16464
16432
16462
16377
16264
16462
16230
16479
16416
16256
16057
16282
16420
16378
16269
16084
16123
16168
16063
16100
16069
16243
16527
16374
16650
16649
16503
16510
16421
16271
16568
16720
16686
16717
16580
17079
16598
17258
17132
16103
15976
16545
16426
16211
16444
16461
16180
16358
16095
16507
16186
16427
15994
15741
15505
15655
16015
16347
16475
16239
16942
15702
15637
15535
16084
15372
15522
15278
15524
15476
15591
15810
15312
15697
15659
15501
15422
15413
15328
15608
14985
15159
15113
15277
16215
15855
15690
15074
15199
15165
14860
14632
14700
14890
15056
15242
15397
15290
14885
15257
15267
15005
15450
15110
15079
15301
15463
15386
15428
15322
15170
15315
15210
15231
15353
14931
14942
15349
14864
15068
15435
15770
15493
15601
15473
15159
15568
15639
15376
15757
15465
15692
14933
15463
15521
15536
15294
15599
15556
15758
15036
15058
14938
15189
15365
15448
14930
15341
14877
15225
15517
15430
15527
15179
15290
15135
15572
15449
15416
15394
15308
15655
15248
15445
15391
15621
15265
15640
15568
15534
15494
15480
15456
15601
15806
15999
16076
15971
16148
16038
16335
16003
15672
16228
16060
15798
16030
15663
15366
15738
15915
16021
14870
15294
14440
14401
14477
14398
14724
14956
14493
14739
14930
14585
14574
14944
14860
14419
14562
15012
15353
14992
14989
14910
15179
15409
14992
15306
15003
14951
15233
14989
14916
14681
14685
14711
14497
14370
13886
13468
14127
13599
13590
13280
14252
13281
13538
13632
14506
15069
14402
14046
13576
13290
13606
13565
13843
13212
13709
13404
13355
13324
13687
13905
13429
13430
14216
13557
13543
13518
13604
13554
13728
14200
14238
14073
14171
14114
14042
14049
14074
14178
14482
14582
14468
14338
14100
14559
14398
14718
14263
14193
13914
13726
13930
14011
14715
15037
15006
15014
15206
15444
15040
14854
14889
14807
14726
15032
14964
14888
14678
15178
15080
15077
14979
15354
14851
15150
15339
15029
14435
14838
14576
15400
13867
13710
13537
13384
13595
13453
13677
13793
13449
13317
13379
13261
13651
13514
13530
13246
13198
13891
13188
13234
13521
13139
13262
13744
13580
13809
13134
13991
13386
13544
13677
13807
13601
13713
13662
13572
13500
13412
13748
13186
13424
13338
13376
14096
13649
13553
13475
13672
13776
13917
13636
13870
13731
13627
13350
13231
13433
13482
13450
13486
13519
13476
13425
14148
13200
13431
13605
13271
13230
13312
13236
13113
13280
13382
13319
13268
13985
13322
13430
13354
13067
13130
13220
13424
13378
13400
13683
13392
13372
13562
13160
13290
13237
13290
12838
13576
13358
13122
13353
13599
13331
13453
13521
13517
13369
13550
13046
13098
12998
13333
13408
12921
12919
13185
13657
13677
13481
13395
13724
13492
13374
13200
13235
13209
12915
13280
13440
13517
13450
13545
13586
13323
13593
13282
13372
13324
13760
13158
13540
13467
13292
13911
13695
14085
13617
13712
13494
12974
13710
13271
12968
12958
13322
13266
13777
13044
13213
13174
13147
13145
13586
12879
12910
13340
13059
12896
13111
13261
13329
14524
12945
13408
13409
13882
13454
13537
13927
13901
13949
13608
13644
13894
13674
14049
14012
14201
14039
14197
13510
13857
14350
13971
14693
13764
14052
14082
13720
14054
14102
13832
13948
14242
14077
14203
13702
13863
14329
13781
13931
14077
14720
14052
14110
13824
14310
14033
14094
14261
14231
13913
13888
13957
14033
13882
13979
13820
13816
14537
14132
14129
14235
14305
13997
13775
14136
14004
13796
14285
14526
15027
14815
14451
14745
14894
14934
14837
14718
14779
14908
14798
14882
14732
14952
15030
14842
14767
14654
15005
14745
14895
15066
15011
14842
14725
15054
14801
15151
14940
16791
15383
15535
15413
15524
14730
14763
15020
15115
14632
14952
14771
15274
14890
15030
15044
14851
15007
15419
15039
14974
14917
15236
15366
15102
14911
15103
14992
15097
14917
15289
15000
15118
14790
14892
15218
14924
15166
15100
15326
15291
14861
15337
14886
15126
15171
15290
15745
15194
15109
15077
14825
14976
14977
14977
14856
14569
14413
14343
14488
14232
14371
14190
14187
14288
14668
14356
14511
14224
14312
14397
14856
14783
14632
15251
14035
14515
14331
14595
14513
14473
13990
14843
14455
14412
14376
14416
14370
14275
14165
14063
15022
15452
14764
15006
14627
15012
14943
14661
14603
14471
14774
14361
14337
14560
14936
14771
14831
14934
14822
14344
14570
14647
14283
14381
14268
14293
14697
14403
14656
14759
15217
14701
14488
14588
14500
14435
14499
14812
14522
14437
14444
14523
14736
14531
14726
14964
14922
15037
14994
14836
14893
15086
15127
14660
15065
14922
14774
15155
14604
14648
14490
14705
14440
14628
14716
14688
14575
14799
14674
14763
14716
14819
14742
15150
14713
14619
14927
15118
14481
14818
14440
14487
14703
14700
14601
14717
14810
14328
14536
14646
14261
14130
14041
14296
14629
14449
14856
14513
14576
14376
14379
14402
14218
14151
14186
14168
14299
14428
14386
13938
14368
14153
14281
14248
14066
14050
13962
14263
14016
13988
14223
14227
14152
14136
14186
14062
13804
13695
13907
13494
14045
13894
13702
13882
14287
14129
14482
13677
13793
13979
13790
14201
13431
13604
14050
14108
13834
13657
15140
14483
13927
13955
14319
14307
14055
14436
14252
14090
13952
14320
14265
13672
13679
13971
13821
14484
14484
14059
13668
14049
13489
14039
14029
13890
14001
14042
14067
14167
13852
13901
14597
14354
14171
14544
14288
14055
14079
14087
13959
14373
14193
14099
14147
14299
14023
14283
14128
14218
14321
14602
14183
14276
14050
13900
14051
14227
14472
14259
15434
14827
14684
14232
14644
14376
14191
14603
14503
14286
14626
14540
14583
14799
14392
14294
14313
14556
14851
14741
14827
14727
15088
14406
14884
14589
14771
14371
14366
13801
13685
14143
13886
13920
14043
14314
14319
13994
13753
13922
14164
14150
13872
14515
14217
14066
14211
14298
14325
14825
14702
14483
14521
15009
14508
14868
14526
14432
14444
14609
14691
14381
14348
14098
14396
13925
14223
14060
14006
13578
14174
13955
13700
13669
13520
13310
13865
14670
13679
13775
13692
13849
14048
13671
14249
13987
13825
14311
14180
13718
14137
13783
13650
15087
14327
15921
16436
16358
16462
16310
16762
16181
16090
16064
15801
16372
16122
16243
15955
15863
15991
16377
15852
15948
15813
15889
16592
15891
15187
16227
16341
16578
15547
15874
16666
16073
15951
15344
14041
14117
14153
14483
14832
15053
14546
14331
14315
15080
14832
15109
15203
14563
14231
14797
14455
14589
14803
14662
14421
14464
14941
15030
14876
14782
14855
15836
15240
15308
15115
15507
15205
15296
15442
15835
15287
15599
15554
15719
16075
16016
15938
15886
15529
16040
16197
18331
16161
16051
16212
15623
16490
15838
16412
16026
16202
16879
17333
15280
15007
15025
15473
15420
15682
15771
16444
15539
15239
15705
15702
15444
15414
15762
16331
15471
15340
15417
15533
14996
14747
14828
15314
15198
15548
14994
14769
14762
14883
15214
14758
15049
15236
15101
14714
15376
15644
15443
15081
15211
15002
15289
15291
15595
16206
15014
15431
15107
15301
14848
14756
14998
15201
15366
14993
14688
14962
14798
15021
14843
14884
14854
14875
14976
15062
14938
15208
15119
15112
14717
15079
15254
15308
15516
15201
15414
15290
15499
15565
15755
15590
15812
15573
15639
15456
15524
15909
15609
15684
15617
15532
15653
15797
15467
15498
15315
15680
15516
14666
15069
14942
15240
14956
14832
14854
14662
14735
14776
14985
14803
14856
14835
14956
14863
14364
15090
14829
14691
14599
14235
14762
14687
14779
14733
14597
14621
16013
19990
18579
19955
15321
14364
14573
14516
14194
14278
14439
14532
14597
14721
14348
14134
14499
14574
14874
14322
14236
14450
14628
14627
14403
14462
14696
14738
14948
14748
14585
15198
14814
15787
15391
14967
14776
14626
15167
15328
15449
15043
14817
14854
15407
15326
15586
15362
15073
16136
15205
14916
15122
14713
15283
14561
14950
14697
14754
15151
14801
14708
14668
14985
14651
14763
14678
14726
14471
14509
14298
14488
14676
14198
14387
14459
14791
14502
14723
14263
14399
14012
14482
13954
14101
14268
14204
14485
14180
14106
14439
14508
14826
14076
14505
14673
14496
14624
14207
14869
14714
14472
14917
14661
14712
14701
14868
15192
14672
14479
14872
14767
14645
14654
14891
14723
14504
14448
14259
14460
12729
14828
14712
15010
14856
15045
14842
14848
14831
14572
14698
14533
14457
14276
14247
14528
14411
14138
14319
13992
14072
13909
13964
13900
13532
13688
14118
13846
13928
13953
13924
13880
13849
13837
13808
13840
13922
13936
13925
13832
13774
14028
13762
13968
13605
13702
13618
13731
13865
14170
13583
13828
14364
13913
13847
14019
13914
13934
13832
13928
14637
14243
13884
13824
14151
14338
14237
14333
14852
14520
14502
14490
14281
14607
14056
14802
14607
14779
14149
14834
14072
14106
14158
13909
14006
14237
14722
14758
14199
13901
14088
13977
13882
13723
13924
13992
13882
14080
14120
14190
14429
13896
14214
14077
13823
14151
13948
13772
30002
27658
13946
13875
14224
14280
14180
15035
14601
14624
14495
14136
13951
13956
14024
14449
14128
14018
14530
14398
14408
14344
14285
14117
13908
14071
13634
13718
14120
14087
14379
14527
14142
14763
14218
14522
14506
15201
14871
14753
15806
15324
15433
15573
15066
15567
15034
14982
15070
15017
14788
14940
14977
16045
16828
15614
16304
15355
15327
14967
14917
15211
15237
15129
15210
15261
15149
14957
14878
15014
14739
14708
14856
14486
14492
14194
14168
14284
14191
14357
14404
14363
14375
13936
14414
14278
14825
14250
13897
13924
14227
14112
14105
14779
14202
14630
14280
14757
14647
14994
14842
14658
14430
15011
14540
14725
14971
14833
14641
15077
15034
15672
15166
14660
14762
14467
14579
14681
15025
14916
15167
15392
15438
15580
15721
15564
15532
15683
15630
15530
15413
15491
15705
15480
15394
15396
15315
14759
14258
14258
14525
14215
14190
14968
14716
15025
15615
14500
14627
14662
14774
14699
14442
14463
14227
14370
14082
14548
18413
20389
18007
18399
14405
14632
14507
14684
14773
14574
14988
14600
14243
14484
14458
14853
14325
14294
14264
14472
14574
14289
14334
14625
14540
15041
14720
14265
14518
14570
14573
14931
14560
14753
14728
14235
14350
14649
15301
15213
14334
14760
14481
18148
18287
14983
14306
14497
14690
14534
14306
14427
14413
14572
14507
14455
14615
14905
14996
14667
14806
14855
14851
14904
14493
15105
15161
15234
15254
15416
15004
15197
14752
14648
15065
14618
14958
15332
15048
14747
14611
15684
15447
15160
15363
14966
15185
15067
15266
15115
14602
14850
14871
14791
14832
14891
15214
14723
14922
15090
14979
15405
15131
15169
14840
14743
15339
14661
15487
15012
14930
14740
15063
15115
14763
15026
14328
15107
14602
14485
14494
14673
14622
14734
14324
14411
14468
14791
14570
15183
14844
14691
14920
14819
14916
15021
14793
14559
14964
14856
14715
15659
15491
14549
14755
14513
14451
14537
14703
14412
14435
14422
14249
14360
14393
14530
14977
14487
14415
14850
14903
14735
14500
14573
14150
14291
14353
14494
14617
14606
14385
14598
14487
14370
14163
14314
14181
14153
14301
14309
14211
14120
14221
14509
14716
14986
14732
14822
14496
14896
14949
14475
14707
14629
14793
14418
14619
14333
14556
14376
14189
14382
14742
14842
14692
14584
14728
14696
14724
14912
14531
14475
14819
14483
14555
14659
14753
14652
15044
14850
14851
14502
14641
14582
14722
14566
15003
14995
15297
14976
14808
15390
15048
15302
15167
15219
16434
14933
15282
15221
15065
15115
14992
15225
15225
15285
15024
14745
15255
15912
15299
15121
15350
15401
15037
15267
15306
15162
19096
15393
15496
15510
15230
15511
15773
16256
16677
16350
16145
16636
16959
16723
16593
16794
16958
16770
16734
16373
16995
16873
16309
16201
16239
16436
16294
16346
16064
16867
16663
16559
16767
17960
17550
17012
16551
16443
16363
16948
17134
16895
16698
16797
16559
16735
16447
16539
16434
16760
15454
15443
15314
15257
15286
15352
15543
15389
15535
15995
15997
16073
15893
16098
16105
16292
15824
16392
16228
16001
15784
15939
16420
16787
16500
15953
16413
15964
15916
15749
15836
16003
15653
16065
15721
15969
15157
15306
15705
15550
15134
15702
16028
17098
16202
16067
16230
17652
16390
15913
15972
17116
16644
16389
16457
16202
16449
16342
16228
16713
16440
15860
15879
16131
15960
16082
16286
15765
15809
15909
16030
16434
16547
15575
15397
15512
15442
15234
15536
15127
14568
14157
14227
14313
14554
14374
14300
14284
13928
14682
14410
14951
14645
14208
14731
14441
14396
14379
13965
14350
14883
14227
14035
13517
14088
13585
13489
13897
13682
13409
13108
13665
13615
13359
13707
13647
13482
13711
13470
13770
13901
13502
13401
13700
13578
14069
13812
14173
14419
14991
14042
14360
14060
14711
14281
14242
14270
14389
13549
13428
14167
13706
13399
13795
13697
13834
13973
14002
14015
13692
13851
13842
13634
13958
13593
13768
13972
13962
14053
13822
13923
13921
13986
13662
14671
13897
14164
13902
13775
13679
13672
13831
14164
13726
13927
14064
14112
13671
13961
13946
14088
14315
14165
13821
14343
14348
14173
14296
14033
13833
14030
14105
14093
14072
14276
13981
14132
13898
14466
14492
14277
14185
13545
13787
13691
13734
14231
14259
13817
13784
13832
14687
13905
13767
13821
13764
13687
14008
13850
13674
13792
14065
13841
14066
13919
14149
13911
13916
13821
13623
14075
13838
14011
13823
13854
14207
14249
14407
14022
14135
14001
14233
14431
14191
14153
14122
14080
13820
13747
14008
13521
13757
13545
14212
14253
13917
13385
13196
13725
13622
13343
13172
13421
13750
13263
13262
13844
13569
13229
13656
13349
13788
14806
14877
14901
15408
14284
13925
14709
14869
13866
13422
13692
13612
13698
13419
13326
13561
13753
14080
14139
14457
14367
14427
14360
14357
14356
14665
14478
14520
14293
14480
14617
14604
14728
14418
14424
14325
14489
14259
14737
14835
14979
14678
14579
15047
15004
14374
14678
14785
14686
14879
15534
14643
14889
14903
14885
15173
14614
14728
15142
15792
15283
15228
15314
15331
15023
15061
14849
14972
14719
15576
15757
15580
14969
14885
14274
15105
14480
15463
14759
14957
14474
14457
14155
14515
14654
14705
14751
14943
15089
14966
14992
14781
14806
14816
15338
15791
14742
14995
15116
15301
18684
18942
19399
19544
15734
15219
15161
15003
15143
15177
15324
15177
15058
15294
15147
15555
15149
15265
15362
15628
15453
15734
15622
15370
15472
15644
15457
15328
15478
15595
15696
16079
16337
18212
17216
16943
15902
15855
15770
15858
15805
15844
15446
15890
15833
15733
15741
15949
15821
16472
17530
15575
15730
17025
16088
17219
15460
15297
16014
15974
15994
15627
15425
15205
15980
16136
15834
15322
15451
15496
15031
14960
15189
14866
15149
15607
15645
15323
15224
15753
15318
15030
15133
15187
15078
14917
14972
15155
15389
15708
15376
15516
15094
15041
15269
15377
15307
15169
14573
14750
14505
14606
14825
14792
14467
14589
14816
14760
14645
14415
14683
15111
14421
14858
14723
15078
15024
14792
15065
15043
15561
14863
14537
14681
14445
14408
14821
14667
14823
15012
14793
15128
14720
14724
14926
14647
14977
14821
15019
15108
15003
14638
14929
14702
14590
14438
14777
14793
14819
15324
14846
15281
14759
15544
15037
15112
14709
14763
15429
14922
15171
14687
14867
14771
15216
14885
16227
14936
14710
14664
14943
14975
14769
14800
14994
15116
14755
15114
14827
14325
14412
14429
14489
14472
14274
14384
14226
14039
13839
13870
13859
14141
13956
13990
13908
13900
13875
13799
14069
14366
13874
14133
14050
14344
14187
14174
14139
14509
14345
14440
14667
14770
14642
14594
14626
14724
14803
14566
14408
14698
14446
14291
13988
14863
14304
14555
14210
14163
14392
14687
14618
14539
14415
14673
14447
14361
14608
14199
14297
14073
14656
14737
14324
13971
13846
14122
14046
14270
14341
14047
14178
14892
14657
14238
14237
14454
14114
14447
14593
14960
14260
14220
13673
13974
14104
14413
14196
14427
14248
14275
14641
14399
14302
14463
14276
14451
14180
14371
14685
14312
14327
14222
14103
14207
14034
13831
14022
14155
14011
14169
14213
14023
14509
14890
14812
14799
14846
14715
14654
14641
14831
14740
14720
14766
14962
14769
14713
14847
14968
14861
14661
14544
14713
14478
14532
14712
14256
14115
14120
14244
16873
17681
17714
17548
15882
14517
14079
14762
14519
14257
14181
14682
14679
14546
14445
14662
14525
14845
14371
14567
14555
15331
14895
14909
14917
14254
14533
14253
14091
14072
14187
14011
14019
13903
13851
13908
13764
13384
13903
13834
13992
13647
13552
14087
13638
14020
13655
13472
13494
13364
13643
13543
13256
13779
13379
13702
13382
13472
13328
13497
13484
13346
13185
13706
13493
13246
13591
13750
14118
14234
13541
13968
13806
13785
13623
13765
13958
13828
13765
14153
14050
14393
13880
14476
14315
14430
14252
14687
14561
14438
14513
14427
14321
15602
14358
14393
14409
14498
14492
14346
14352
14527
14736
14519
14883
14811
14692
14558
14733
14948
14724
15030
14868
14674
14726
14606
14415
14570
14040
14850
14410
14512
14383
14534
14348
14271
13955
14377
14457
14224
14062
14770
14072
14645
18325
14278
14069
13862
14394
13679
14016
14270
14013
14509
14561
14265
14687
14184
13972
16829
13860
14358
14770
14306
14066
14360
14025
14017
14138
14391
14163
18001
18477
14236
14441
14456
14419
14628
14426
15165
14756
15101
15024
15032
15268
15938
15292
15390
14889
15160
16506
15695
15059
14967
14663
15156
14890
14787
15043
14763
15005
14788
14809
14828
14483
15052
15224
14761
14723
14593
14824
14825
15158
15107
15077
15774
14980
15212
15579
15245
14658
14582
14847
14856
14348
15549
14988
15382
14860
14706
14741
14805
15158
14871
14731
14634
15102
15192
14453
14607
14986
14486
14720
14771
14619
14824
14916
15009
14903
14916
15577
15833
15834
15739
16219
15954
15969
15854
15988
15798
15691
15878
15610
15981
15965
16275
15536
15460
15842
15809
16220
15857
16201
15746
15812
15594
15760
15560
15330
15376
15415
15567
15269
15303
15325
15501
15562
15730
15262
15717
15486
15467
15682
15559
15151
15537
15660
15801
16088
15829
15504
15570
15595
15372
15555
15547
15492
15642
15521
16210
15501
15342
15390
15783
16671
16416
15906
15879
15559
15606
15757
16136
15958
15642
16250
15940
15688
15167
15144
15315
15055
15782
14852
15285
15323
15506
15175
15652
15039
15288
15151
14882
15403
14594
14692
15577
14851
14689
14506
14703
15001
15256
15146
15475
15240
15087
15775
15767
15411
15081
15176
15497
14878
14752
15332
15436
14675
14942
15612
14853
14558
14635
14531
14749
14589
14995
14813
14974
14868
14929
15408
15341
15293
15671
15612
15746
15458
15473
15125
15288
14977
15164
15036
15303
15310
15038
15058
14834
14927
15037
15267
15237
14938
14789
15127
15049
15068
14918
14663
15036
14992
14928
14555
14964
15370
15131
15413
15023
14922
15192
15088
14922
14930
15512
15738
15914
15432
15596
15401
15406
15605
15668
15993
16012
15961
16797
16862
17162
17167
15448
15304
15408
15300
16029
15694
16855
15609
15609
16218
15743
15975
15883
15739
16165
15919
16141
15997
15709
16066
16084
16184
16235
16686
15585
15940
15910
15929
16027
16275
16250
15955
16220
16096
16075
15934
16193
16224
16531
16022
16213
16207
16330
16034
16182
16222
16185
16258
16014
15750
15981
16099
16116
16014
15870
15893
15909
15617
16119
15455
15472
15969
16087
15950
15963
15888
15987
15829
15897
16156
15753
15903
16004
16540
17122
17609
17583
16900
16954
16809
16850
17286
18016
18381
18210
18213
18059
18597
17847
17536
17901
17861
17844
17778
18442
18076
18274
17943
18794
21142
22499
22118
21973
18795
17490
17701
17409
17627
17571
17131
17824
17741
17219
17091
17108
17114
16771
16769
16545
16397
16548
16738
17031
16655
16373
16864
17839
16861
16917
16832
17505
16978
17117
16776
16945
16897
16888
17130
16979
17673
17349
17134
17662
17072
17241
17121
17441
17163
17083
17442
17740
17618
17525
17261
17462
17652
17399
17387
16947
17057
17095
17102
17354
16831
17571
17005
16675
16440
16850
16504
16485
17519
16963
17053
16464
16554
16477
16722
16499
16225
16025
16272
16393
16321
16299
16265
16500
15940
16633
15938
16248
16374
16431
16029
16176
16536
15758
15383
15784
15817
15963
15627
15847
15078
14952
15247
15596
15303
15237
15449
16408
17403
17333
18205
17151
17178
17209
17251
16440
15263
15366
15522
15531
15452
15432
15120
14976
16703
16688
16657
16734
17020
16992
16649
16854
14589
14574
14395
14614
14236
14394
14036
14025
14233
14211
13879
14205
13860
13993
14251
14100
14154
14255
14559
14265
14398
14079
14709
14325
14578
14587
14357
14457
14200
14528
14173
14257
14667
14870
14274
14222
14818
14534
14563
14798
14866
14717
14954
15080
14766
14611
14905
15063
14423
14716
14647
14594
14401
14752
14780
14699
14748
14772
14740
14871
14381
14930
14585
14718
14474
14948
14642
15250
14702
14864
14294
15355
14477
14577
14639
14447
14720
14239
14457
14776
14318
14575
14396
14777
14188
14465
14854
14492
14560
14557
14445
14476
14401
14626
14376
14514
16576
14687
14642
14596
14736
14583
14199
14706
14600
14531
14462
14323
14940
14813
14940
14948
14889
14670
14574
14661
14856
14790
14801
14768
14940
14670
14631
14757
14702
14860
14489
15310
14802
15041
15089
15272
15050
15157
15077
15240
15193
15017
15342
15255
15125
15213
15257
15453
15480
15646
15044
15248
15369
15447
15665
15470
16061
15601
16154
15733
15309
15869
15149
15486
15426
15258
15013
14954
15010
14815
15116
15192
14924
14906
14932
15389
14674
14948
14819
15144
15261
15517
15429
15688
15561
15544
16110
15864
15195
15400
15394
15528
16275
16150
15551
15341
15346
15610
15302
15224
15257
15385
15403
15052
15327
15233
15114
15257
15451
15321
15976
15796
15910
15640
15172
15879
15029
15005
14995
15053
14949
14932
15383
15636
15479
15462
15301
15269
15270
15368
14878
14978
15014
15478
15041
15055
15256
15145
14969
16268
15077
15285
14810
14814
14856
15529
15115
14937
15356
15557
14552
14423
14634
14913
15213
14857
14941
14916
14589
14690
14658
14908
14553
14704
14782
14821
14884
14878
14942
14900
14148
15205
14915
14547
14795
15494
14949
14696
14699
14873
14871
15591
15194
15203
14613
14785
15642
14969
14569
14498
14755
14424
15310
15029
14797
15030
14923
15251
15013
15440
15453
15601
15505
15435
15764
15376
15026
14751
15111
15147
15187
15040
15096
15008
14986
15147
14929
14917
14772
14855
14912
15141
15154
15193
15421
15224
15095
15433
15317
15507
15483
15823
15702
16300
15056
16175
15355
14944
14971
14798
14925
14999
15044
15252
14871
15345
15520
15449
15100
15351
15282
15245
15187
15400
15359
15423
15292
15402
15031
15246
15009
15266
14900
15315
14977
15427
15073
15728
15564
15706
15714
16067
16174
16030
15514
15920
16118
15800
15767
15873
15957
15902
15985
16247
15832
16339
15843
16061
15687
17241
17846
16068
15555
15588
15596
15985
17439
15746
15749
15622
15688
15542
16081
15552
15408
15361
15381
14795
14820
15047
15377
15147
15010
15189
15143
16366
15054
15280
15196
17309
19569
19366
19581
17948
15434
15555
15529
16024
15222
15511
15771
15353
14890
15394
15007
15233
15519
15385
14817
15184
15380
15437
15046
15703
15399
15556
15268
15414
15092
15032
14841
15072
15903
15913
15726
15832
16358
16088
15892
16198
15796
16251
16172
16593
16555
16340
16238
16281
15899
16361
16494
16563
16344
16078
16172
16567
16135
16407
16059
16738
15507
15730
15567
15400
15437
16013
16516
15801
15801
15903
15498
16157
15973
20235
19936
19876
19901
19780
19896
19759
19800
19680
20004
20025
19844
19626
19833
19837
19592
15759
15993
16144
16178
15792
16030
16007
16296
15699
16050
15891
16382
16229
16173
15873
16714
16189
16786
16173
16588
16511
16727
16194
16375
16029
16397
16285
16405
16196
17115
16655
16867
16192
16502
15866
16113
16395
16527
15974
16783
16994
17327
16957
17219
17021
16870
17463
17200
17644
16986
17270
16907
16773
17430
17187
17086
17325
16796
17171
16782
15572
16744
17061
16550
17192
17727
17173
17448
17153
17254
17380
17180
16873
16997
16788
16863
17300
17020
16865
17142
16616
16892
16849
16942
16518
16573
16631
16343
17478
16154
15810
16239
16285
16153
15974
15998
16704
15965
16007
16407
15842
16310
16174
16479
16461
16069
16562
16861
16043
16343
16493
16409
16791
16044
16794
16665
16447
16532
16848
16450
16937
16822
16612
16291
16760
17665
17817
18053
17682
17680
17813
17630
17986
17736
17855
17682
17933
17718
17994
17825
18116
17793
18289
17779
17905
18281
18007
18079
17167
16378
16515
16419
16115
15718
16119
15735
15276
15830
15628
15667
15321
15424
15597
15607
16110
15482
15666
15769
15411
15696
15743
15857
15234
15433
15594
15698
16028
15911
15818
16718
15710
15269
15173
15182
15348
15511
15207
14925
15955
15251
15134
15215
15441
15379
15129
15233
15306
15266
15303
15259
15572
15219
15137
15319
15329
15254
15468
15466
15100
15556
15384
15732
15395
15478
15762
15511
15533
15085
14929
14900
14719
15101
14648
14530
15017
14650
14610
14506
14512
14587
14262
14507
14430
14250
14693
14585
14575
14477
14342
14488
14609
14513
14588
14378
14488
14436
14387
14502
14043
14173
14498
13974
14154
14738
14809
14594
14750
14792
14838
14820
14592
14398
15004
14764
14664
10055
14901
14524
14377
14463
14503
14455
14727
14891
14477
14983
15104
15126
15039
15107
14919
15180
15182
14761
15214
14724
15041
15085
15034
15093
15055
14883
14982
14593
15192
14950
14898
14901
15003
15127
14659
15074
15163
15134
14869
15298
15065
14975
14959
14956
15069
15059
14605
14814
14790
14354
14367
14402
14122
14556
14258
14307
14581
14012
13930
14048
14217
14179
13885
14403
14347
14146
14220
14264
14574
14154
14451
14461
14567
14101
14337
14399
14346
14346
14400
14437
14517
14411
14290
14352
14484
14397
14442
14304
14428
14345
14149
14293
14098
14214
14451
14700
14595
14309
14376
14510
14403
14617
14249
14062
14748
14164
15091
14410
14481
14616
14679
14452
14530
14161
14147
14365
14460
14256
14393
14187
14461
14268
14254
14490
15015
14604
14754
14558
14467
14601
14330
14352
14251
15125
14996
14678
14853
14877
14506
14437
15081
14940
15386
14801
14926
15001
15028
14435
14840
14704
14857
14648
15121
14972
14718
14446
14542
14325
14564
14460
14272
14365
14220
14300
14048
14291
14185
13573
13815
13936
13917
14274
14105
13887
13760
13615
13712
14007
14297
14184
14101
14225
15324
13863
14462
13928
14180
13997
14004
14045
14063
14166
14136
13770
14144
13975
15000
16323
16013
15221
14527
14143
14005
14116
14063
13968
13735
14085
14714
14189
14758
14507
14609
14938
18142
17881
17480
17789
19990
19019
19141
19483
18928
19723
25099
25389
26135
25360
23164
23584
25172
22325
21133
20571
18883
21519
20879
20133
18882
18785
15669
15737
18058
20307
19830
20080
19861
19936
20583
19442
18348
20238
20661
19485
19012
18188
17655
17915
17171
16962
16569
16019
15973
15591
15696
15852
15682
15627
15767
15037
15620
15995
16023
16076
16242
15871
15418
15797
15494
15463
15642
15245
14960
14652
14716
14559
14425
14711
14214
14429
14351
14362
14274
14234
14123
14201
14269
14059
14215
14043
13844
13898
13913
13870
13896
13928
13864
13860
14021
13865
13861
13972
13599
13783
14044
14048
14012
14237
14271
13932
14038
13907
14358
14058
14197
14002
14116
14495
14344
14521
14411
14201
14340
14392
14471
14510
14715
14693
14802
14964
14492
14800
15190
14476
14606
14992
15221
15185
14796
14942
15148
14995
15875
14690
14799
14764
15042
15138
15033
14504
14555
15030
14785
15150
14385
14626
14487
14491
14434
14505
14183
14426
14736
14974
14980
15496
15150
15179
14870
15021
14876
14726
14794
15101
14857
14948
14875
14903
15174
14829
14932
15116
15293
14792
14700
15043
14857
15287
15017
15047
15096
14776
15003
15455
14948
14812
15248
14910
15158
15096
14857
14945
14933
14974
15060
15131
14835
14761
14851
14940
15013
14784
14993
14982
15234
15179
14885
15606
15157
15773
15132
14847
15307
14960
17010
18326
17832
17774
17635
17809
17322
17653
16936
15478
14644
15313
14784
15022
15096
14662
14862
14840
14380
14925
14567
14576
14633
14609
14803
14684
14481
14804
15090
14602
14482
14524
14714
14661
14732
14310
14291
14298
14578
14259
14176
14171
14382
14229
14088
14445
14021
14687
13925
14111
14369
14822
16684
14132
14410
14286
14427
14247
14580
14324
14582
14076
14534
14537
14328
14343
14464
14569
14176
14338
14552
14803
14663
14377
14584
14418
14564
14690
14415
14677
14455
14865
14585
14386
15052
14363
14507
14303
14343
14422
14243
14559
14553
14471
14223
14116
14419
14461
14540
14499
14487
14067
14312
14165
14561
14340
14477
13841
14327
14185
14399
14521
14512
13896
13979
13844
14346
14259
14155
13558
13936
14115
14025
14073
13828
13611
13572
14518
14610
14331
14142
14017
14363
14166
14016
14145
14017
14106
13866
14379
14203
14282
13888
13790
14061
13842
14265
13845
14149
14348
14273
14453
14548
14411
14761
14332
14613
14802
14585
14390
14477
14442
14604
14107
14429
14332
14754
14236
14395
14404
14623
14685
14430
14992
14468
14501
14329
14583
14534
14323
14309
14435
14833
14382
14673
14372
14387
14844
14496
14316
14369
14357
14178
14130
14298
13988
14112
14211
14308
14573
14126
14243
13878
14269
13849
14095
13950
13923
13475
13593
14135
14236
14628
14177
14244
14226
14288
14728
15015
14602
13894
14229
14396
14119
14144
14675
14396
14555
14031
14154
13720
14242
14199
14012
14318
14531
14168
14531
14681
15030
14523
14879
14466
14502
14345
14870
15035
15067
14760
14727
14601
14678
14527
14895
14666
14835
14282
14631
14771
14458
14987
14475
14261
14893
14226
14532
14850
14383
14553
14567
14610
14509
14451
14403
14210
14106
14239
14126
14448
14462
14299
14344
14337
14297
14147
14172
14013
13974
14069
14267
14181
14400
14290
14119
14355
14520
14718
14616
14448
14789
14447
14792
14906
14890
15120
14663
14579
15196
14590
14641
15200
15013
15217
15120
15258
15004
15120
14891
15090
15089
14983
14815
15171
15038
15120
15623
15741
15653
15681
15351
15458
15059
14691
14827
14490
14846
14769
14753
14573
14681
14304
13910
14420
13944
14276
13954
14099
14544
14114
13845
14223
14040
14081
14147
14527
14482
14710
15106
14797
14745
14433
14676
14947
14682
14788
14590
14782
15018
15447
14607
14769
14915
14499
15409
15115
14794
14662
14931
14559
14858
14501
14898
14826
14679
14459
14696
15122
14817
14996
14984
14933
15010
15137
15019
15456
15073
14931
15966
15259
15077
15548
14488
14212
15246
14508
14616
15103
14755
14310
15529
14622
14840
15649
14940
14684
15163
14809
14956
15416
15100
14963
15276
14945
14801
15132
14778
14935
15826
15036
15545
16729
15452
15455
15773
14851
15090
15521
15061
14942
15291
14654
15095
15821
14840
15027
15602
14959
14667
15477
14773
15058
16461
14992
14951
16794
15410
15039
15825
15291
15217
15862
15351
15354
15838
15155
13950
16046
14923
15373
15470
15619
15889
16623
15604
16442
16165
16310
16508
17276
16734
16750
16362
15762
16408
16834
17096
16055
16993
16077
16137
16948
16075
15779
16376
15764
15824
16954
16063
15717
16349
15421
15928
16187
15506
15382
16001
15367
15392
15970
15564
15906
16342
16009
15673
16389
16114
16181
16418
15828
16064
16006
15692
16134
16636
15662
15494
15964
15499
15670
16623
16022
15630
16505
15945
15442
16107
15785
15920
16482
15568
15782
16459
16209
15930
17304
16493
16911
17443
16175
16649
17031
16483
15801
16520
16452
16653
16986
16121
16300
16278
16158
16497
16702
16100
16330
16463
16190
16361
16575
16072
16354
16415
15859
15671
16553
15252
15372
16370
15535
15951
16325
15262
16160
15727
15709
15180
15739
16066
15561
15131
15855
15383
15462
15851
15294
14664
15265
14918
14878
15530
15241
15681
15823
15779
15551
16544
15634
15811
16386
15347
15528
16122
15719
15859
15909
15662
15525
16081
15685
15645
16384
15991
15321
15831
15391
14990
15992
14860
15201
15861
14917
15025
15249
15116
14949
15477
14868
14723
15578
15002
15070
15775
15213
15075
15871
15083
14971
15707
15484
15735
16005
15902
15762
16285
15203
15284
15739
15129
15391
15207
14621
15320
15968
15072
15100
16065
15164
16217
16090
15332
15529
16431
15408
15491
16020
15120
15488
15774
15363
15234
15637
14897
15245
15935
15170
14944
16423
15063
15014
15669
14873
15207
15274
15140
14828
15686
15357
15181
16077
14916
15162
15952
14921
15551
15466
15010
15186
15859
14648
14946
15821
15067
14961
15438
14988
14863
15393
14798
14825
15287
14782
14813
15520
15000
14837
15583
14917
14768
15199
14818
14712
15530
14462
14880
15392
14782
14958
15385
14740
14584
15031
14967
14190
15019
14474
14473
15083
14714
14294
15289
14890
14769
15280
14972
15128
14725
14737
14413
15121
14366
13842
14094
14826
14670
14142
14486
14504
14802
14611
14314
14785
14930
14625
15415
15110
14470
14942
14882
14677
14974
14850
15956
18341
18831
18371
17977
15091
15111
15083
15493
14705
15129
15548
14921
15438
15964
15173
15257
15694
15664
15589
15682
14868
15381
15605
14841
15380
15692
15103
15247
15805
14947
15224
15324
15005
15098
15162
14331
14938
15249
14937
14763
15442
14571
15169
14934
14557
15185
15258
14479
15037
15902
15143
14981
15705
14516
15347
15532
15634
16037
16605
15681
15289
17573
16076
15452
14290
14029
14134
14456
14290
14569
15342
13709
14001
14597
14058
13938
15001
14248
13911
14562
14208
14222
14699
14257
14129
14789
14032
14468
14672
14365
14222
14437
14268
14461
14334
14161
14209
14682
14245
13670
14691
13780
14044
13871
14102
13730
14032
14106
14224
14890
14179
13786
14117
13748
13540
13476
13831
13889
13535
13329
13883
13839
13680
13965
13905
13580
14102
13641
13795
14063
13612
13721
13992
14039
14220
13812
14010
13864
13915
13840
13570
14259
13713
13855
14008
14393
14030
13960
14818
15417
15527
14523
14194
14157
14296
14179
13846
14538
14345
14266
14101
14134
13771
13853
13854
14266
13725
13626
13947
13850
13900
14214
13966
14013
14206
14159
14150
14203
14101
14029
14019
14058
13510
13815
13804
13980
13843
13585
13742
13590
14042
13577
13878
14172
13992
13773
13906
13584
13732
13765
13842
13852
13551
13829
13685
14028
13867
13752
13699
13762
13863
13476
13397
13548
14231
14011
14182
14416
14082
14031
13899
14008
14041
15291
14581
14153
14115
14060
14217
14336
13890
14073
14408
14229
14583
14482
15503
15990
14864
15440
15462
15169
15955
15480
15444
14852
15179
15385
15341
14567
14933
15095
15073
15110
14783
15104
14973
15561
14753
15122
14978
14821
15078
15734
15754
15694
15526
15442
15681
15761
15556
15403
15466
15687
15660
15672
16647
15396
15600
15466
16284
15601
15519
15667
15808
16397
15518
15655
15822
15980
16211
15817
15618
15616
15835
16118
15734
15544
15874
15780
15314
15787
15788
15787
17918
16036
15682
15674
15611
16320
15553
15666
16138
16112
16384
15250
15380
15392
15322
14865
15163
15226
15030
15174
15037
15274
15160
14794
17985
19110
19216
19055
19081
18788
19256
18987
17137
15135
15065
15109
15568
15219
15250
15172
15265
15322
15715
15959
15767
16180
16556
16027
15703
16011
15575
15736
16188
15801
15375
15043
15041
15036
14898
15115
14782
15161
15178
15159
15101
15132
15087
15254
15124
15342
14881
14953
15280
15183
15004
14980
14947
15041
14423
14863
15161
15244
14948
14959
15198
14817
14863
15257
15166
15218
15906
15517
15531
15422
15594
15561
15750
15265
15452
15184
16221
15752
15732
15510
16385
16028
15796
15435
16021
15428
15539
15452
15655
15350
16237
14944
15150
14976
14890
15195
14999
15131
15765
14731
14550
14689
14436
15057
15534
14934
14682
14926
14911
15195
15018
14793
15473
15310
15141
15174
15061
15539
15754
15745
15583
16352
15627
15829
15745
15813
15713
15778
16652
15890
15954
15262
15246
15828
15490
15184
15234
15128
15377
15410
15086
15258
15624
15094
15282
14997
15161
14826
15479
15010
14909
14771
14799
14999
14686
14732
15314
15212
14979
14956
15162
15262
14965
15181
15123
15155
15078
14967
14972
14962
15263
14685
15749
15371
14954
15090
15214
14943
14968
15053
15302
15612
15002
14979
15033
14992
15076
17153
18312
17116
16993
17645
17462
17539
17899
17400
17274
17914
17657
17398
17694
16706
15255
15020
15526
15794
15690
16131
16142
16292
16465
15733
16111
16281
16111
15972
15861
15239
15774
17200
16450
16576
17257
17611
17339
16856
16774
17095
16556
16527
17415
17053
17400
16948
16188
15975
15629
15629
15955
16162
16167
16098
16012
16053
15958
16427
15972
16084
16345
15898
16146
16046
15921
16199
15545
13649
15503
16158
14727
15740
15862
15930
16546
16238
15952
16020
15984
16873
16843
16177
16180
14988
14883
15533
15978
14235
14136
14352
14102
13606
14192
14408
14524
14674
14834
14534
14520
14848
14768
14703
14594
14500
14529
14472
14600
14698
14534
14412
14839
14389
14689
14681
14657
14596
14142
14229
14150
14272
14623
14131
14513
14578
15504
14014
14350
14522
14498
14266
14285
14500
14245
16177
18289
18717
18373
17491
14686
14313
14617
15188
14704
14457
14566
14857
14566
15146
14981
14444
15518
14581
14224
14741
14469
14654
14295
14593
14343
14403
14638
14696
14166
14019
14693
14367
14372
14417
14821
14460
14553
14538
14677
14621
14868
14473
14546
14620
14445
14765
14709
14443
14510
14447
14583
14368
14448
14286
14689
14554
14589
14486
14457
14747
15168
14600
15121
14541
14424
14536
14239
14562
14310
14655
14388
14671
14350
14618
14543
14507
15098
14634
14867
14950
14688
14905
14751
14604
14678
14549
14982
14568
14450
14381
14586
14696
14720
14802
14904
14848
14981
14983
15049
14665
14724
14997
14738
14932
14996
14539
15771
14981
14931
14202
14158
14492
14458
14365
14358
14418
14303
14351
14648
14548
14467
14693
14600
14748
14933
14200
14597
14750
14665
14548
14669
14755
14465
14275
14302
14335
14384
14636
14534
14914
14278
14652
14244
16856
24355
19016
14535
14684
14143
14423
15231
14507
14466
14470
14337
14266
14100
14312
14116
13959
14386
14282
14079
14046
14428
14066
14440
14603
14822
14607
14363
14347
14587
14402
14374
14345
14727
14531
14538
15050
15172
15420
14549
15170
15034
15143
14523
14667
14917
14771
14545
14738
14413
14823
14449
15599
14372
16133
14756
15177
15502
15063
15516
14538
15095
14944
15158
14737
14755
14024
14214
14304
14096
14690
14058
13983
14918
14826
14076
14433
14333
14627
14771
14317
14110
14517
14343
14527
14773
14116
14504
14296
13718
14273
14213
14941
14929
14290
14627
14402
14922
14530
14344
14567
14557
14403
14465
14236
14207
13908
14479
14281
14455
14246
14165
14253
15025
15512
15033
15475
15120
15020
14923
15445
15456
15451
15397
15022
15130
16042
15078
15216
14996
15131
15384
15279
15159
15176
15154
15331
15085
15128
15248
15635
16772
16246
15791
15873
15495
15704
15572
15513
15880
16620
18970
18644
19316
18974
15236
15405
15686
16053
15656
15396
15407
15311
15699
15414
15686
15381
15483
15659
15655
15474
15320
17432
15404
15335
15818
15566
15518
14722
14814
14426
14399
14552
14132
14358
14309
14522
14384
14608
14618
14355
14726
14459
14524
14738
14839
14672
14602
14788
14549
14639
14587
14627
15150
14896
15211
14848
14707
14754
15280
15541
15153
14961
15684
15078
15160
15356
15444
15078
15395
15307
14968
16816
15317
15502
15532
14967
14975
14905
15667
15371
15333
15801
22296
22620
22678
21466
21152
15606
15987
15161
15154
16204
15399
14885
15156
14834
14876
15932
14741
14592
15576
15005
14814
15134
14763
14918
15131
15018
15221
13624
13601
14889
15170
15145
14865
14703
14994
14952
14926
15241
15119
15047
15261
15038
15060
15168
15452
15506
15384
15452
15295
14997
14886
15092
15172
15169
15064
15063
14907
15018
14926
15203
15425
14639
14630
14697
14774
15039
14663
15212
15085
14909
14825
15176
14968
14742
15051
15175
15162
15255
15204
15434
15387
15769
15773
15881
15746
15606
15604
15997
15792
16252
16525
16686
16648
17034
16480
16957
16550
16788
16775
17077
17182
16876
16482
16827
16294
16605
17034
17270
16923
17288
17215
18508
21196
20989
20876
21240
21089
20568
20779
20221
17787
17133
17246
17354
17282
17265
17138
17039
17186
17296
17230
17150
17255
17269
17552
17604
17577
17436
17329
17229
17444
17165
17411
17540
17681
17187
17258
17483
17157
17461
17574
17447
17080
17007
17477
17332
17325
17514
17478
17659
17371
17790
17558
17789
17798
17896
18204
17723
18194
18059
17844
17586
17720
18056
17679
17388
17390
17689
16941
16373
16420
16789
16977
16948
16870
16820
17129
16802
16403
16386
16313
16585
16084
16468
16783
16442
16800
16625
16526
16622
16758
16724
16670
17127
16252
16065
16564
16575
16825
16592
16666
16869
16878
16425
17183
17231
17154
16644
16979
16717
16370
16441
16901
17075
16640
16062
16324
15794
16451
16365
15349
15682
15458
17864
16108
15550
15866
15464
15033
15732
15292
15574
15535
15500
15442
15436
15656
15627
14962
15525
15439
15583
15736
15729
16388
16119
15701
16690
15832
15633
15477
15870
15332
15032
15053
15187
15090
15122
15146
15256
15001
15260
15071
14819
14863
14682
14795
15158
14726
14791
14984
15003
14727
15089
15189
15508
15109
15067
14560
14748
14638
14559
14945
18278
21121
20943
17300
15222
15475
19202
20574
20592
16226
14813
15021
15396
15239
15419
15064
15558
15719
15691
15946
15704
15863
15710
15595
16696
16536
15765
15794
15730
15295
15544
15646
16103
15580
15209
15450
15542
15238
15237
15580
15119
15505
15465
15246
14905
15169
15190
15018
15391
15351
14891
14727
14649
14262
14606
14473
14243
14264
14078
13875
13945
14059
14102
14593
14778
14641
15017
14877
15018
14819
14974
14711
14705
14664
14823
14755
14929
14820
14838
14659
14672
14498
14666
14619
14266
14251
14626
14406
14376
14430
14410
14062
15265
14591
14794
14587
14867
14722
14735
14724
15070
14877
14512
14459
14633
14299
14360
14659
14726
15035
14494
14442
14484
15162
14338
14992
14561
14757
15041
14817
15322
14805
15047
14614
14640
14837
14526
14169
14319
14386
14554
14413
14853
14518
15137
14571
14767
14332
14529
14539
14255
15056
14598
14479
14553
15289
14469
14417
14454
14584
14201
14097
14344
14467
14132
14124
14197
14310
13864
14093
13770
13651
13651
14057
13921
13788
15879
14199
13933
14151
14039
14114
14098
14119
14170
13798
14191
14106
13944
14101
14001
14068
14249
14309
13931
14068
14105
14327
14116
14442
14464
14181
14577
14790
14386
14153
14259
14664
14603
14366
14258
14856
14525
14155
14804
14828
14704
15203
15011
15479
15264
15075
15173
15236
14833
15159
14919
15621
15397
15018
14817
15084
15225
15476
15353
15497
15111
15482
15137
15428
15397
15207
15206
14899
14684
15289
15006
15639
15506
15754
15430
15560
15256
15314
15752
15467
15222
15075
15482
15358
15130
15000
15061
14802
16719
17403
19134
17354
16814
16772
17341
17143
16220
15073
15033
15199
15053
15136
21881
22365
15480
15217
15283
15201
15321
15253
15228
15334
15467
15909
15701
16015
15622
15781
15969
15920
15875
15882
16168
15830
15736
15901
15443
15496
15237
15370
15093
15312
15064
14934
14987
15072
15360
15679
15282
15328
15304
15172
15294
15254
15319
15392
14967
15284
15177
14811
14910
14967
15002
15430
14907
14969
14711
14665
14830
14548
14670
14251
14612
14878
15050
14624
14930
14502
14795
14876
14669
15254
14770
14728
14798
14573
14655
14772
14433
14852
14862
14823
15030
14993
14655
14839
14898
15027
14773
14653
14523
14734
14671
14374
14346
14519
14262
14394
14155
14403
14108
14005
14194
13797
13836
13966
13881
13904
13750
14091
14090
13799
14213
14895
14458
14573
14680
14709
14423
14439
14822
14680
14498
14477
14843
15006
15245
15070
14991
15060
15236
15202
15002
14782
14859
14966
14931
14931
14427
14763
14720
14543
14615
14514
14622
14531
14480
14419
14373
14537
14423
15499
14352
14053
14196
14578
14582
14296
14948
14471
14488
14062
14561
14312
14747
14667
14489
14453
14784
14559
14423
14466
14364
14498
14616
14594
14761
14486
14210
14795
15078
14498
14708
14765
14518
14680
14650
14817
14336
14028
14260
14574
14129
14319
14459
14749
15177
14596
14716
14732
14561
14600
14492
14775
14561
14498
14524
14695
14388
14921
14795
14659
14574
14579
14767
14683
14456
14415
13978
14506
14348
14606
14261
14610
14581
14765
14305
14729
17070
20198
19451
20396
19847
19085
18784
19397
20028
21060
20769
21544
20386
17949
15955
15870
16181
15925
14878
16305
15699
15686
15514
15521
14856
14600
14526
14563
14481
14591
14466
14764
14928
14608
14561
14627
14594
14468
14707
14739
14840
14644
16583
22286
36003
15814
14846
15246
14557
14996
14750
15747
15149
15195
14609
14502
14556
14301
14272
14067
14305
14378
13417
13658
14266
13979
14239
14357
14366
14454
14214
14312
14301
14447
13916
14262
14238
14585
14179
14287
14186
14075
14405
14384
14631
14665
14450
14556
14557
14499
14737
14539
14473
14706
13944
14352
14486
15212
14195
14449
14084
14676
14234
14800
14791
15071
14678
15036
14433
14376
14191
14329
14374
14160
14243
14305
14258
14772
14907
14668
14821
14591
14483
14672
14485
14303
14347
14208
14116
14146
14109
14381
14091
14072
13830
14171
13855
14067
14206
14185
14367
14274
14547
15128
14640
14375
14304
14662
14478
14907
14472
14158
14186
14302
14417
14333
14234
14617
14753
15099
15057
15195
14989
15023
15188
14669
14848
15108
14924
15304
14679
14859
14842
15400
14613
15036
14429
14980
14947
15001
15420
15033
14506
14623
14730
15022
14599
14801
14420
14427
14583
14494
14946
14562
14192
14675
14840
14913
14756
14569
14863
15021
14573
15153
14938
14232
14590
15000
15102
14616
17059
14714
14035
14620
14909
14457
14343
14796
14847
14883
14538
14612
14659
14553
14745
14465
14505
15161
14761
14959
14493
14822
14754
15117
14421
15605
15230
15004
14978
15510
15355
15100
15570
15414
14805
15447
15685
15805
16154
15622
15059
15057
15122
15054
14829
15297
15265
15345
14844
14720
14991
14880
15502
15194
15315
15451
14681
15050
14800
14544
14527
14704
14971
15086
15145
14690
15180
15144
15154
15313
15097
14821
15095
14837
15295
14706
14780
14804
14757
14768
14473
15139
14806
14503
14596
14391
14368
14372
14139
14629
14340
14419
14609
14193
14385
14191
14572
14649
14553
14410
14405
14370
14718
14789
14776
14159
14672
14357
14898
14625
14722
14774
14737
14384
14351
14372
14296
14273
14547
14140
14353
14371
14171
14718
14430
14173
14236
14707
14600
14382
14473
14330
14319
14581
14223
14844
14684
15087
14554
17016
16471
16581
16671
16464
16077
21545
20208
20958
19017
19155
19403
19016
19142
18978
19113
19065
19369
19200
19046
18829
19062
15242
14866
14831
15113
14959
14848
14881
15736
16310
15649
15685
16429
16208
15991
16074
15850
15850
15525
15962
15614
15799
15987
15827
15854
15955
15590
15891
15603
15838
15899
15621
14751
14922
14494
14340
14584
14710
14612
14897
16168
14570
14630
14811
14490
14571
13914
14481
14470
14442
14124
14144
14624
14190
14351
14260
14276
14831
14557
14615
14099
14386
14517
14543
14686
14451
14514
14220
14513
14624
14436
14499
14738
14362
14410
15104
15712
15091
15446
14805
14667
14681
15225
14866
14773
14745
15160
14991
14606
14743
14458
14609
14431
14436
14588
14431
14573
14685
14665
14731
14927
14813
14758
15029
14879
14695
14892
15046
14837
15193
15267
14850
15002
14923
14989
14506
14854
15272
14860
15904
17988
17560
17878
16594
14636
14118
14294
14774
14285
14415
14166
14041
14491
14333
14715
14408
14621
14460
14128
15265
14638
13990
14834
14486
14398
14249
14080
14185
14120
14404
13968
14229
14191
14231
14141
14198
14100
13977
13932
13948
13995
14331
13960
15448
14267
13738
13971
13783
13758
14770
13683
14028
14025
13623
13643
13400
13244
13645
13199
13366
13374
13685
13640
13487
13579
13636
13397
13443
13571
13322
13677
13663
13210
13461
13372
13535
13145
13797
13527
13274
10166
13403
13487
13569
13588
13695
13773
13675
13762
13641
13454
13471
13501
13650
13762
13809
13675
13845
13581
13560
13583
13538
13534
13621
13467
13513
13940
13402
13363
13760
13622
13577
13657
13666
13415
13557
13747
13621
13439
13568
13681
13347
13419
13591
13457
13371
13488
13577
13429
13260
13037
13081
12943
14291
13793
13217
13594
14286
14178
13606
13774
14138
13290
13670
13362
13244
13632
13864
13611
13728
13473
13521
13635
13846
14133
13925
13669
13881
13794
13488
13500
13535
13757
13263
13162
13308
13230
13445
13372
13564
13355
13275
13851
13535
14005
14110
14192
14397
14141
13992
13898
14361
14473
14572
14431
14434
14608
14486
14336
14468
14695
14343
14120
13904
13937
13986
14574
14593
14844
14751
14717
14590
14999
14887
15190
15364
15061
15000
15136
14859
14792
14801
14768
14835
14668
14986
14630
14851
14976
14591
14784
14608
14248
14295
14552
15862
15938
16632
16517
16254
16101
16212
16402
16186
16076
16301
16124
16225
16233
16125
16803
16446
16203
15766
16075
16662
16572
15985
15940
14604
14982
14660
14731
14967
14919
14993
14776
14880
14693
14989
15259
15043
15099
14812
15148
14890
15343
15525
15409
15149
15234
15443
15479
15440
14853
15057
15076
15091
15319
15150
15202
14840
15044
14840
14903
14919
14927
15103
15326
15118
15097
15222
15308
15001
14940
15072
14814
14724
14902
14447
14710
15003
15214
14848
14699
14585
14602
14376
14518
18278
18597
14694
14575
14613
14505
14326
14686
14718
14776
14506
14754
14316
14419
14136
14545
14096
14251
14486
14218
14593
14343
14086
14435
14344
14824
14613
14977
14877
15180
15031
15179
14872
14664
14677
14792
14813
14532
14681
14833
14992
14976
14992
14938
15001
15150
14785
14835
15208
18489
18270
18348
18029
15538
14556
14714
14898
14543
14455
14418
14422
14345
14277
14206
14585
14429
14422
14416
14217
14448
14524
14462
14252
14315
14244
14656
14260
14545
18804
19178
14759
15261
14682
14396
15249
14781
14601
14670
14650
14584
14662
14840
14583
14815
14876
14841
14674
14528
14543
14403
15015
14732
14371
14788
14929
14937
14846
14516
15212
14990
14840
14578
14866
14643
14584
14861
14833
14843
14324
15028
14448
15002
14866
14527
15049
14600
14577
14909
14816
14774
14743
14380
14413
14382
14532
14645
14528
14479
14634
14756
14320
14555
14687
14795
14878
15288
14886
15028
15287
14672
14588
14427
14705
15135
14311
14178
14264
14544
14102
14141
14022
14822
14037
14556
14570
14519
14687
14239
14535
14008
14408
14353
14438
14201
14183
14132
13913
14282
14093
14035
14413
14254
13937
14726
14009
14254
13923
14231
14013
13883
14128
13537
13894
14246
13722
13868
14174
13999
13811
14308
14819
13804
13848
14135
13897
14443
13673
14096
13976
14034
13895
14303
13389
14519
13498
13636
13921
13979
13614
13198
13821
13678
13738
13509
13790
13567
13629
13375
13814
13597
13678
13504
13266
13317
13419
13355
13371
13295
13464
13520
13486
13869
13488
13173
13906
13842
13669
13759
13712
13744
13718
13838
13783
14002
13834
13701
13596
13751
13926
13702
13491
13865
13621
13702
13671
13869
13537
13454
15925
15629
16182
16108
13605
14082
13973
13666
13726
13691
13734
14023
15367
14304
14107
13440
14424
13706
13430
13843
13682
13386
13795
13505
13235
14161
13507
13413
13518
13650
13526
13576
13747
13488
13468
13443
13542
13788
13697
13428
13506
13670
13665
13865
13544
13626
13636
13589
13610
13402
13531
13970
14059
14155
13777
14458
14101
14497
14227
14191
14532
14566
14634
14407
14196
14539
14266
14694
14706
14968
14440
14548
14540
15161
14185
14622
14511
14285
13854
14348
14614
14353
13666
13900
13498
14049
13901
13868
13405
14177
14173
14506
14045
14408
13861
13739
13723
13937
15989
19154
17991
17928
17884
17823
17584
17873
16850
13575
13777
14675
14809
13789
14114
13724
13811
13873
13939
13768
13821
14075
13971
13621
13848
13307
14109
13937
14015
14070
13860
14124
14561
14347
14195
14024
14017
14366
14197
14170
14077
14353
13813
14273
13621
13968
14016
14213
13990
14092
13991
13826
15260
16422
14165
13871
30316
14106
13648
14048
14596
15124
14189
14001
13904
14356
14169
14332
13879
13707
14517
14079
14076
14686
14529
14084
14021
15783
15668
15920
15707
14781
15998
16677
16297
16907
16679
17087
16536
15983
16514
15056
14040
14009
14268
14480
14051
13992
13947
13993
13880
13806
14172
15865
16007
16058
15502
15606
15146
16057
16383
15892
16146
15788
16087
15976
15901
15459
16060
16062
16122
15815
16002
14546
14738
14721
14724
14733
14834
14936
14792
14581
14832
14679
14835
15175
15015
15032
14965
14909
14389
15097
14969
15084
14784
15216
14960
14935
14774
14650
15976
15761
14363
14265
14773
14409
14361
14524
14117
18737
14782
14991
14624
14597
14326
14547
14052
14448
14268
14418
14572
14552
14379
14425
14460
14143
14519
14351
14751
14347
15275
14159
14131
14388
14227
14297
13957
14302
14271
14203
14092
14288
14249
14197
14210
14100
14300
14097
13923
14267
14150
14155
14154
13997
14071
14074
14063
14069
13986
13915
13901
14062
13938
14178
14282
14395
14078
14515
14452
14337
15490
14515
14648
14421
14343
14465
14478
14373
14269
14649
14586
14377
14387
14362
14764
14541
14563
14854
15146
15472
15100
15007
15011
14667
14666
14701
14409
14638
14310
14679
14875
14590
15615
14834
14678
14671
14785
14532
14511
14602
14512
14403
14178
14159
14006
14223
14276
14382
14000
14056
14597
15441
14247
14438
14466
14112
14269
14178
14553
14412
14117
14307
14375
14071
14137
13972
14223
14136
14263
14031
14064
14037
14053
13894
14027
14317
15548
14355
14110
14372
14394
14277
14256
16204
14402
