12609
12577
12823
12946
13007
13282
13716
13023
12824
12973
12755
13313
13401
12826
12912
13349
13292
13204
13253
13203
13416
13210
13338
13699
13166
13395
13207
13233
13477
13237
13538
13644
13783
13943
14210
14074
14342
13819
14176
15989
16064
16222
15828
15990
16470
16203
16026
13799
14154
13346
13515
13351
13488
13587
14097
13328
13588
13719
13932
13503
13851
13616
13841
13389
13180
13308
13300
13362
13265
14179
13503
13168
13159
13368
14243
13593
13600
13465
13354
13385
13246
13460
13227
13710
12999
13373
13634
12957
13305
13038
13093
13476
13350
13129
13054
13151
12949
13117
13133
13629
13444
13936
13636
13253
13031
13266
13035
13191
13224
13175
13346
13420
13102
13246
13245
13448
13155
13313
13199
13407
13326
12983
13434
13160
13375
13477
13565
13167
13391
13390
12994
13079
13061
13199
12766
13034
13103
12816
13016
12898
13284
13172
13018
13116
13096
13284
13291
13302
12851
13251
13111
12904
13056
12824
12796
12980
13173
13119
13018
13697
13163
13180
13830
13665
13481
13436
14553
13435
14052
13662
13905
13588
13377
13206
13403
13150
13386
13413
13390
13335
13427
13620
13943
13954
14009
14051
13696
13399
13427
13142
14102
13078
13486
13649
13612
13261
13427
13208
13119
13240
13404
12819
13885
12690
13148
13196
13175
13222
12926
12717
12941
12806
13081
12608
12512
12791
13099
13172
12840
12839
13412
12962
12996
12608
12701
12741
12597
12933
13277
12724
13088
13028
12794
12780
13143
13747
13253
12892
13173
12890
13541
13075
13268
13078
13234
12989
13296
12874
12734
12912
12691
12799
12934
12559
12660
12940
12752
12811
12824
12584
12461
12714
12687
13318
13227
12761
13440
12910
13062
13193
13542
13044
13121
13376
12914
12888
13200
13134
13543
13028
13247
13159
13060
13072
12929
13128
13348
13315
13512
13506
13199
13129
13366
13296
13585
13230
13326
13142
12927
13085
13364
13455
13690
13834
13703
13580
13522
13588
13534
13577
13572
13308
13215
13402
13155
13234
13441
13134
13117
12949
12895
13831
13610
13323
13977
14550
14022
13420
14337
13666
14202
14523
14144
14070
14444
14399
14022
13693
14538
13867
13834
13640
13310
13288
13946
13310
13371
13102
12874
13084
13159
13226
13408
13821
13234
13116
13392
13104
13087
13101
13150
13427
13566
13408
13560
13175
13387
13967
13552
14153
14600
14382
14133
13833
14926
13887
14301
13563
13232
13398
13850
13711
13408
13779
13493
13089
13270
13876
13316
13352
13285
13043
12982
12911
13330
13248
13040
13006
12976
12842
13396
13296
12974
12894
13471
13629
13428
13112
13064
12947
13545
13350
13404
13203
13416
13267
13016
13274
13105
13200
12962
12863
12902
12828
12920
12991
13019
13004
13043
12926
12966
13118
14409
13204
13090
13026
13421
12996
13529
13494
13018
13202
12828
12707
19438
22599
13036
13138
13233
12810
12973
12824
12832
13867
12526
12660
12760
12567
12789
12768
12364
12997
12790
12587
12641
12543
12810
12628
12638
12717
13200
12783
13016
13025
13084
13145
12855
12813
13070
13285
14064
13367
13123
12718
13177
13208
13347
13314
13103
13061
12750
12837
12784
12561
12691
12946
12775
13373
12944
12782
13279
12705
12565
12723
12750
12642
12718
12696
12667
12518
12423
12305
12858
12478
12290
12460
12374
12940
13498
12975
12693
12977
12758
13052
12859
12858
13072
13400
13576
13187
13461
13390
13011
13366
13038
13351
13613
13487
13354
13268
13398
12995
13179
13227
14129
12927
13444
12974
13023
12782
12926
13085
12687
13229
13141
13547
13629
13070
13571
13340
13156
12969
13265
13293
13220
12974
12869
12813
13391
13177
13830
12969
13440
13502
14151
13887
13976
14125
14154
14027
13990
14081
13967
13512
13899
14129
13547
14073
13756
14722
13472
13819
13794
13648
13774
13635
13624
13794
13894
14044
13630
13617
13546
13461
13450
13739
13396
13198
13975
13337
13507
13316
12938
13063
13889
13802
12928
13551
13217
13323
13392
14154
13410
13388
13666
13563
14169
13611
13662
13830
13654
13371
13138
13450
13341
12915
13054
13183
13510
12887
13312
13299
13270
12795
13210
12785
12982
13264
13225
13113
12845
12758
13167
12996
12833
12843
13094
13077
13108
13071
13402
13248
13869
13033
12879
13396
13145
14265
13141
13288
13194
13242
13108
13001
12727
12402
12999
12289
12487
12391
12353
12807
12221
12182
12332
12399
12328
13204
12980
13320
13053
12993
12982
13181
13595
13420
13237
13413
13514
13463
13447
13450
13547
13281
13547
13061
13454
13250
13355
13624
13971
14447
13772
13970
13155
13419
13525
13150
13308
13352
13524
13291
13006
13122
13050
13249
13299
13089
13433
13697
13282
12970
12952
12924
13009
13129
12741
12835
12942
12917
13025
12940
12976
13130
13182
13671
13144
13095
13054
13458
13174
13087
13109
12683
12971
12841
12949
14248
13181
13423
13265
13946
13442
13392
13371
13373
13253
12975
13351
13301
13541
13241
12728
12833
12917
13051
12993
12910
13116
12632
12698
12708
13674
12989
12697
12746
12652
13061
12517
12491
12986
12193
12562
12608
12264
12598
12582
12724
12635
12681
12688
12640
12667
13502
13325
13622
13444
13150
13582
13207
13324
13658
13447
13297
12933
13128
13530
13499
13676
13758
13772
13113
13688
13263
13532
13467
13104
13533
13862
13948
13906
13705
13428
13574
14366
13705
13900
13761
13571
14143
14105
14064
13828
14172
14218
14138
14304
14080
14369
14195
14294
14264
14377
13736
13753
14415
14119
14338
14519
14632
15036
14302
14570
14363
14439
14625
14518
14224
14372
14282
14339
14422
14730
13888
13988
13844
13786
14316
13973
13802
14120
13929
13735
13748
13511
13932
13976
13915
13547
13804
13649
13866
14192
14218
14074
14401
14118
14187
13795
14207
14677
13942
14236
13881
13624
13662
13699
13642
13834
13747
14032
13931
13942
13977
14053
14789
14841
14855
15083
15866
15392
16420
15152
15194
15435
14922
15008
15216
15219
15045
15701
15239
14785
15316
15261
15483
15269
15003
15065
15149
14979
14309
14476
14325
14717
15054
14067
14199
14052
14327
14491
14120
14242
14183
14264
14573
14841
14438
14312
14864
14568
14157
14831
15049
14280
14783
14816
15101
15053
15070
14975
14797
14522
15035
14916
14596
14648
15951
14634
14641
14702
14333
14320
14598
14470
14531
14663
14252
14324
14826
14908
14573
14239
14648
14607
14644
15173
14847
14757
15024
15034
15040
15313
15189
15211
14643
15074
14296
14224
14195
14461
14154
14807
15207
15300
16077
15665
15644
15955
16473
16201
16083
16773
17059
16377
16734
16071
16547
16011
16252
15823
16194
14682
14863
15245
15044
15377
15169
14770
14840
14972
15003
14617
14451
14763
14644
15064
14499
14487
14718
14525
14142
14538
15333
15015
15669
14897
15131
15676
15052
15233
15190
15414
15711
15401
15652
15984
15905
15596
15967
16141
16801
16140
16256
15907
16057
16159
16048
16667
16489
16056
15892
16162
16058
15924
15781
16180
16503
15458
16155
16011
15753
15401
15351
15701
15169
15208
15229
15322
15536
15344
15732
14956
15441
15102
15203
15198
15646
15590
15259
15359
15692
15615
15507
15498
15832
16088
16046
15735
15491
15244
15195
15398
14703
15104
14900
14613
15452
15145
14880
14358
14132
14113
14253
14373
14825
14448
13973
14380
14545
14271
14452
14346
14133
14182
14463
14665
14591
14360
14557
14456
14547
14443
14426
14488
14640
14677
14651
14663
14600
14534
14615
14846
15106
15134
14156
13945
13532
13333
12654
12959
12625
12702
12848
12527
12688
12562
12756
13533
14478
13542
13732
13651
13665
13517
13371
13399
13102
13105
13270
13213
12933
13257
13245
13316
13308
13463
13386
13622
13507
13745
13801
13573
13876
13710
13564
14033
13892
14666
14873
14403
15253
14705
14129
14255
14275
14452
13973
14194
14070
13718
13554
13684
13893
13894
13544
13455
13924
13741
13865
13504
13711
13558
13747
13281
13392
13455
13395
13539
14163
13391
13221
13414
13718
13632
13523
13576
13627
13528
13822
13569
13563
13582
13412
13610
13431
13746
13684
13509
17935
17711
17592
18106
17554
17684
17691
17762
14669
15749
13764
13759
13744
13570
13622
13564
14800
13719
13102
13245
13232
13371
13378
13147
13351
13252
13236
13102
13085
13100
12983
13002
12977
12709
12851
12896
12664
12811
12781
12518
12659
12520
12707
13010
12885
13121
13079
13032
12990
13095
13998
13621
13511
13717
13649
13318
13534
13707
13281
13447
13782
16718
17592
17749
17578
14761
13618
13772
13862
13479
13394
13527
13248
13483
13042
13262
13121
13018
12781
11908
11578
11824
11688
11797
11482
11441
12349
11625
12130
12197
12090
12195
12313
12364
12130
12232
12627
12448
12360
12643
12412
12771
12820
12816
13515
12814
12628
12860
12949
12967
12713
12893
12887
13102
13047
12540
13214
12749
13016
13121
13053
13159
13132
12943
12967
12986
12861
12420
12745
12939
12886
13105
12804
13143
12809
12558
13343
12620
12657
12850
12507
12694
12427
12628
12464
12530
12709
12816
12789
12905
12786
12946
13308
13169
13648
13221
13510
13707
13506
13511
13210
13552
13542
13920
14030
13986
13890
13802
13869
13738
13356
13299
13668
13536
13363
13602
13805
13432
13230
13399
13614
13103
12880
12587
12684
12775
12621
12496
12873
12866
12876
12737
12888
12817
12791
12463
12677
12794
12912
13184
12922
13385
13127
13327
12907
12970
13006
12967
12990
12914
12942
13109
13067
12598
12707
12268
12746
12479
12559
12565
12826
12481
12360
12449
12537
12287
12556
12938
12489
12680
12295
12275
12500
12674
12511
12506
12176
12350
12292
12369
13726
13455
12314
12775
12547
12453
12431
12296
12410
12732
12653
12584
12885
12758
12470
12594
12599
12433
12608
12520
12797
12761
12583
12408
12503
12715
13313
13343
12947
12894
13738
12764
12892
12853
12880
12695
12972
13297
12859
14876
13617
13439
13079
13202
19793
21786
12675
13082
13043
13095
12798
12925
13124
12792
12776
13060
12839
13796
12969
12829
12815
13191
12953
12764
12646
12766
12709
12450
12679
12958
12655
12342
12831
12697
12654
12724
12822
13009
12698
12559
12848
12884
12625
12766
12673
12979
13287
13006
12945
13241
13447
13443
13460
13627
13216
13548
13599
13364
13239
13515
13569
13228
13259
13290
13351
13172
13430
13299
13430
13197
13224
13285
12965
13147
13285
13112
12522
13101
12694
12799
12836
12942
12816
13069
12996
13275
13734
13820
13580
13581
13581
13421
13376
13504
13131
13518
13532
13449
13593
13506
13649
14120
13996
13961
13725
13614
13741
13789
13677
13551
13506
13730
13786
13634
13942
13592
13303
13528
13387
13449
13649
13587
15517
13278
13120
13314
13587
13663
13555
13144
15261
13271
13433
13768
13094
13307
13175
13206
13662
13346
13473
13241
13453
13414
13527
13551
13430
13679
13772
13655
13796
13428
13423
13258
13326
13691
13256
13602
13514
13702
14036
14039
13460
13365
13493
13235
13275
12863
12457
12660
12676
12716
12943
44350
12877
13356
12879
12751
13026
13293
13507
13518
13837
13883
13503
13499
13525
13584
13679
13443
13846
13536
13140
13748
13778
13830
13954
13391
13690
13219
13654
13649
13784
13708
13169
13138
13274
13040
12930
13190
13224
13198
12984
12807
13234
12667
13136
12788
13074
12904
13169
13086
12859
12737
12774
12856
13031
13041
12766
16861
16785
12783
12772
12682
12872
12696
12943
12730
13091
13210
13028
13015
13334
13242
13518
13476
13136
13089
13179
13159
13065
13142
13367
13114
13563
15345
13737
13970
13564
13560
11880
13822
13267
13569
13946
13465
13670
13683
13459
13408
13167
12879
12963
12765
12979
12796
13276
13307
13315
13379
13377
13344
13204
13689
13386
13614
13678
13376
13726
13659
13452
13726
13477
13676
13340
13226
13137
12877
13186
13266
12926
13097
12927
12855
12834
12817
12606
12417
12191
12349
12288
12431
12177
12275
12741
12093
12215
12491
11721
12341
12134
14218
14431
14347
14774
14714
12983
12631
12714
13089
13810
13652
14396
14419
13534
13351
14071
14414
14475
14357
14446
14090
13772
14349
14949
14715
14602
14558
14056
14055
14753
14668
14802
14911
15042
14315
14125
14308
13929
13589
13757
14109
13885
13505
14157
13724
13278
13852
13324
13113
13000
12876
13302
13209
12762
12621
12644
12606
12861
12871
13094
12957
13091
13119
13099
13953
12869
12927
12823
13095
13169
13408
12897
13016
12928
13011
13192
13296
13154
13385
13505
12820
13306
13136
13121
13131
13171
13109
12970
12801
12715
12390
12534
12496
12309
12525
12301
12665
12856
12842
12699
12948
12556
13037
13016
12950
12788
12852
12755
12727
13401
12853
13005
12888
12940
12941
12683
13040
12880
12973
12730
13010
13111
13139
12900
12702
13003
13114
12984
13110
12874
12764
12833
12486
12718
12848
12456
12340
12202
12318
12389
12869
13313
13158
13041
13661
14015
13994
13928
14079
14195
13976
14354
15047
14958
14749
14535
14890
14747
14934
15187
14903
14624
14222
14417
15122
14486
14831
15549
19397
18630
18926
18661
19006
18919
18959
19317
14854
14707
14813
14933
14733
14782
14440
14780
14591
14393
14317
14718
14505
14217
14858
14408
14384
14856
14315
14211
14367
14122
14011
14136
13971
14234
13988
14599
14375
14726
14538
14464
14610
14685
14631
14545
14435
14334
14614
14371
14371
14345
14753
14720
14305
14536
14776
14263
14659
15347
14733
14262
14569
14366
14397
14480
14062
16349
14115
14320
14074
14345
14133
14237
14459
14540
14309
14389
14609
14324
14390
14399
14484
14237
14619
14950
14498
14745
14879
14559
14843
15180
14390
13918
13785
14198
14045
13671
14143
13634
13791
13704
13936
14055
13933
13831
13997
13815
13954
14221
13686
13706
13590
13841
13737
13601
14166
13569
13480
13599
13783
13779
13705
14057
14541
14398
14778
14396
14386
14558
14524
14827
14479
14523
15246
16180
16185
15943
16045
16150
16068
15962
16011
16081
15907
16201
16073
15989
16069
15986
16170
16122
15718
15758
16017
16015
15797
16147
15038
14681
15408
14516
14189
14143
14701
14565
15105
14510
14591
14504
14551
14852
14721
15104
14471
14698
14834
14681
14739
14899
14921
14715
14709
15025
14616
14788
15210
14692
15257
14784
15108
15553
15207
15493
15558
15727
15459
15577
15859
15831
15770
16036
15676
15614
15921
15829
15607
15849
15555
15699
15666
15426
16266
15741
15895
15696
15476
15286
15463
16146
15376
15604
15333
14966
14855
16204
15124
14676
15545
14452
15006
15330
14451
15568
14548
14524
15246
13963
14861
13780
13729
13793
13838
13461
13890
13889
13604
13486
13741
14331
14240
13912
14159
14429
14122
14118
14479
14715
14565
14536
15204
15140
15799
15239
14655
14913
15809
15270
15810
15223
15030
15836
15240
15814
15268
15742
15509
15069
16096
15463
15796
16006
15063
16064
15178
14959
15961
15199
15921
14945
14790
15834
15155
15103
15015
15120
14668
15126
15196
15131
14863
14959
14963
15058
15099
15141
14882
15007
14936
15250
14909
14893
15066
14940
14905
15031
14947
14904
14700
14639
14556
14330
14778
14666
14605
14685
14523
14286
14422
15493
14488
15925
14585
14710
14829
15025
14792
14604
14846
14855
14948
14606
14785
15528
15366
14981
14896
15261
14839
15276
15050
15230
15826
15124
15192
14776
15019
14840
14602
14921
17250
14350
14129
13975
14167
14332
14041
14260
13936
14328
13891
13594
13689
13509
13177
13036
12673
12981
13901
13233
12989
13173
13265
13673
13087
13448
13611
13005
13237
13362
13223
13094
13424
13288
13371
13559
13613
13532
13676
13410
13237
13225
13796
13276
13509
13484
13241
13336
13421
13813
13759
13426
13238
13111
13204
12975
13152
12888
12762
12824
13135
12738
13228
13145
12899
13074
13038
13032
12896
13062
12858
12972
13176
13056
12887
13002
13018
13145
13156
12977
13404
13104
13055
13165
12967
13341
13350
13482
13725
13630
13439
13898
13445
13433
13849
13571
13520
13237
13294
13679
13729
13392
13322
13205
13089
13265
12960
14740
13135
13114
13624
12991
12847
13164
13126
13132
12956
13203
13228
13338
13054
13432
13192
13404
13703
13546
13821
13708
14501
13987
13968
14238
13899
13545
13559
13491
13245
13343
14869
13483
13328
13550
13454
13435
13576
13710
13449
13590
13553
13879
13369
13900
13720
13957
17331
17101
17043
17341
13522
13199
13271
14042
13443
13145
13640
13321
12701
13087
12752
12941
12981
12888
13133
13075
13170
12966
14250
13349
13695
13286
13832
13256
13210
13165
13089
13362
13313
13091
13513
13124
13116
14000
13159
13151
13356
13351
13088
13156
13267
13437
13185
13129
12863
12921
12566
12880
12735
12716
12740
12453
12736
12857
12751
12909
12687
12669
12714
12765
13406
12595
13021
12849
12837
12962
12940
12945
12890
12663
13185
12911
12745
12905
12852
13624
13123
12957
12964
12902
13510
13409
13465
13627
13781
13514
13237
13261
13008
12788
12912
13011
13114
13134
13115
13470
12932
13090
13256
13263
13426
13218
13586
13706
13422
13943
13415
13679
13603
13677
13736
13495
13743
13840
13339
13587
15400
14224
13723
13891
13573
13447
15949
13867
13684
13578
13896
13857
13878
14176
13995
14450
13232
13831
13840
13544
13856
13303
14611
14714
13939
13656
13194
13196
13186
12924
13254
12977
12875
13319
13352
13536
13032
13096
12829
12898
13069
13257
13056
13456
13262
13387
13216
13245
13175
13287
13110
13441
13631
13305
13094
13096
13472
13422
14340
13437
13136
13066
13082
13314
13317
13029
12844
13419
13229
13506
13214
13528
13252
13026
13396
13327
13505
13402
13325
13556
13283
13187
13202
13487
13399
13317
13591
13835
13405
13278
13445
13247
13441
13136
13186
13077
13277
13305
12936
13246
13266
13049
13101
13235
13013
13360
13135
13105
13549
13624
13371
13343
13971
13569
13788
13565
13741
13763
13458
13766
13532
13689
13861
13708
13960
13829
13568
13726
13957
13235
13465
13220
13636
14122
14068
13828
13771
13922
14343
14344
14374
14358
14569
14319
14131
14597
14279
14336
14194
13950
14116
14092
14017
14071
13882
13924
14096
14074
14455
14700
14602
14497
14654
14113
14669
14541
14726
14734
14781
15102
14458
14452
14232
14477
14182
14343
14442
14313
14110
14470
13877
13815
15028
15928
16387
15729
16108
15796
16187
16879
15846
14244
14124
14365
14068
14160
14099
14132
14004
14421
14340
13963
13975
14246
13831
14354
14381
13968
14168
14432
14515
14415
14228
14388
14351
14486
14478
14485
14188
15046
14435
14566
14608
14702
14575
14155
14279
14771
14346
14521
14451
14243
13929
14295
14483
14087
13854
14335
14641
14375
14463
14123
14127
14428
14171
14483
13811
14067
13836
14244
13822
13619
13791
13631
13318
13248
13028
13286
13248
13313
13697
13361
13481
13359
13483
13402
13379
13250
13251
13468
13724
13350
13058
13142
13223
13114
12853
12779
12879
13162
13027
13060
12897
13234
13087
13054
13509
13139
13185
12992
12983
12995
13731
13143
13073
13437
13299
13375
13429
13470
13756
13262
13389
13344
14168
13161
13181
13051
13869
13226
13500
13339
12977
13056
13007
13014
13369
12744
12804
12994
12783
12772
12451
12636
12855
12426
12504
12480
12515
12813
12512
12645
12610
12746
12767
12820
12641
12494
12819
12731
13091
13119
12980
12924
12887
13290
12896
13095
13186
12969
13083
13964
13302
13476
12867
12947
12769
13049
13041
13543
12551
13135
12752
12534
13773
12582
13134
13205
12972
12951
13096
13185
12983
12771
12815
12857
12767
12786
12768
12902
12910
12708
12865
13020
13343
13257
13143
12904
13537
13350
13499
13265
13418
13482
13423
13591
13504
13623
13837
13825
13902
13709
14163
13620
13959
14234
14086
14141
13875
13805
13864
13944
14401
14124
14117
13937
13764
13776
13695
13651
13556
13552
13623
13489
13478
13484
13437
13453
13348
13487
13593
14512
13680
13728
14271
13530
13623
13730
13667
13403
13682
13432
13258
13443
13419
13561
13467
13719
13523
13392
13412
13523
13581
13537
13969
13574
13348
13476
13313
13017
13102
13248
13233
12891
13148
15089
13410
13287
13428
13223
13669
13343
13794
13585
13349
13799
13728
13696
13816
13883
13563
13388
13142
13355
13092
13203
13155
12911
13023
12780
12789
13162
12861
12838
12656
12812
12640
12752
12910
12727
13581
12889
13000
12800
13010
12904
12940
12842
13290
12636
13138
13008
13045
12473
12143
12597
12501
12750
12565
12759
12675
12944
12615
12738
12495
12441
12678
12571
12620
12474
12537
16202
22295
15304
12340
12596
12714
12354
12468
12766
12595
12967
12521
12650
12515
12869
12711
12607
12717
12784
12827
12772
12791
12706
12926
12824
13077
12994
12944
12411
12944
12513
12707
12717
13029
12712
12912
12810
12796
13009
12946
12774
12540
12703
12471
12537
13052
12450
12450
12845
12481
12443
12668
12674
12678
12669
12888
12916
13042
12668
13177
12602
12811
12723
12636
12398
12586
12943
12581
12859
13316
12705
12500
12603
12608
12724
13194
12563
12405
12413
12376
12455
12775
12598
12294
12525
12626
12490
12368
13196
12639
12958
12644
12732
12606
12753
12458
12274
12536
12354
12678
12254
12467
12438
12274
12427
12552
12610
12517
12529
12599
12486
12646
12770
12530
12877
12684
12877
12933
13258
14095
13656
13372
13695
12838
13299
13421
13803
14027
13302
13765
13302
13545
13832
13735
13875
13151
13120
13360
13215
13018
13238
13373
13316
12991
13068
13638
12990
13092
13079
13481
13029
12944
12913
13431
12707
13247
12908
12895
12993
13112
12948
13129
13034
13081
12986
13262
13247
13059
12935
13132
13462
13564
13294
13224
13564
13387
13463
13521
13577
13709
13621
13574
14179
13804
13432
13480
13559
13439
13229
13253
13386
13119
13379
12944
13967
13419
13288
13265
13068
13157
13069
13468
13088
13191
13229
13757
13376
13376
13478
14510
13343
13858
13686
13492
13401
13768
13628
13467
13261
13637
13359
13555
13480
13559
13286
13503
13555
13515
13447
13504
13433
13493
13380
13788
13653
13719
13847
13899
13628
13657
13487
17381
17627
13160
13392
13294
13029
13249
13345
13258
15016
16849
16865
16678
15310
13047
13338
13290
12963
13380
13264
13246
13362
13100
13292
13955
13286
13457
13435
13359
13359
13557
13586
13381
13040
13344
13554
13263
13210
14098
13305
13553
13424
13679
13329
13660
13188
13519
13598
13311
13285
13363
13257
14381
13144
13438
13037
13303
13174
13142
12815
12860
12852
12894
12922
12881
13077
12836
12823
13255
12842
13184
12825
13162
13089
13266
13316
13440
13668
13229
13986
13199
13194
13261
13017
13238
13373
13369
13337
13161
13561
13303
13505
13697
14437
13679
13496
13714
13660
13656
13749
13704
13524
13423
13577
13356
13498
13340
13360
13217
13377
13508
13478
13190
13315
13424
13507
13432
13629
13302
13419
13487
13600
13307
13512
13150
13287
12996
13150
13290
13260
13367
13167
13173
13530
13758
13762
13846
13937
13744
13497
13772
13789
13767
13408
13476
13518
13348
13699
13358
13414
13463
13272
13595
13503
13360
13275
13363
13137
13244
12898
12826
13113
13015
12834
12570
12802
13105
12477
12735
12469
12543
12564
12595
12715
12730
13099
12823
12960
13125
13152
13192
13333
14079
13393
13265
13844
13477
13885
13420
13441
13560
13378
13790
13535
13599
13731
13839
13686
13690
13726
13650
13706
14177
16802
18582
20863
13196
13421
13586
13546
13226
13819
13399
13008
13271
13263
12916
13290
13839
13947
13406
13601
13345
13443
13375
13461
13689
13758
13369
13399
13619
13738
14017
13876
13657
13925
13807
13463
13764
13459
13565
13285
13462
14005
13486
13517
13562
13942
13770
13599
13557
13593
13641
13436
13530
14059
13351
13322
13460
13394
13446
13752
13971
13791
13844
13650
13614
15279
15752
15994
15953
15826
15530
15778
16078
15536
15963
15860
16016
15999
15741
16043
16022
15939
16108
15986
15939
15755
15888
15678
16064
15912
15725
15636
15636
15344
15577
15563
15236
15580
13433
13433
13395
13516
13652
13648
13308
13459
13311
13381
13165
13077
13677
13431
13294
13374
13586
13321
13492
13257
13327
13465
13408
14090
13561
13726
13613
13416
13858
14719
13434
13364
13333
13534
13286
13620
13530
13861
13505
13083
13583
13381
13602
13607
13426
13385
13455
13299
13372
12898
13102
13114
12983
12969
13570
12895
12649
12589
12766
12465
12681
12461
13332
12490
12773
12719
13107
12891
12676
12928
13057
12794
12691
12971
13272
13100
13057
13114
13068
12948
13029
12963
13251
13369
13280
13328
13262
13344
13211
13105
13472
13670
13595
13765
13390
13385
13503
13531
13523
13507
13382
13327
13422
13404
13139
13359
14061
14877
15519
16193
15496
14351
15293
15025
15420
14316
14333
13886
14010
13585
13905
13915
14067
13962
14195
14172
13583
14166
14094
14021
14192
13891
13952
14025
13867
13849
13733
13763
14587
13838
14373
13817
13939
13965
13896
13636
13484
13367
13160
13080
12991
13081
13262
13367
13202
13241
13396
13357
13079
13219
13333
13104
13343
13169
13531
13352
13500
13535
13767
13707
14386
14502
14053
14325
14091
13819
14189
13886
13825
13941
14298
13854
13938
13807
13733
13541
13970
13663
13750
13488
13972
13925
13940
14781
13661
13651
13633
13406
13267
13339
13727
13171
14144
13652
13427
13135
13314
13119
13113
13640
13125
13446
13240
12886
13050
13059
12940
13076
13161
13138
13286
13404
13026
13161
13481
13729
13342
13608
14290
13366
13726
13650
13832
13853
13888
13880
13996
13776
13865
14428
14084
14098
14081
14054
16062
15556
15226
16351
15949
15524
15540
15475
15478
15168
15321
15222
15274
15769
15303
16128
15238
14815
15808
15409
14523
13564
13791
13613
13533
13827
14228
14172
14039
14074
14037
13990
13854
13916
13892
14283
13986
14076
13992
13837
13770
13808
13945
14807
14319
14072
13858
14150
13768
14164
13906
14349
14097
14013
14332
13696
14007
13779
14449
14202
13952
14003
14229
13607
13887
14063
13846
13863
14084
13920
13793
14045
13675
14168
14112
13932
13517
13625
13549
13588
13730
13599
13722
13572
13900
13585
13629
13839
13929
13729
13905
13828
13858
13979
14012
14184
14168
14133
14064
14157
14185
14081
14472
14543
14538
14124
13861
14129
14012
14063
14118
13836
14429
14826
14487
14622
14057
14156
14309
14457
14273
14158
14197
13984
13906
13856
13954
14004
14008
13873
13938
13476
13607
13617
13478
15159
17534
18657
18264
15384
13976
13554
13434
13597
13623
13644
13400
13542
13504
13849
13948
13515
13416
13609
15225
14038
23144
20446
14444
14087
14423
14303
14059
14295
14085
14105
13959
13820
14329
14110
13937
13541
14136
13915
13751
13746
13595
13961
13320
13422
13673
13475
13465
13716
13501
13726
13888
13907
13892
14077
13943
14017
14305
14321
14368
13975
14248
14227
14155
14134
15108
14379
14766
14362
14840
14366
14028
14361
14394
14398
14509
14299
14720
14262
14319
14659
14255
14473
14161
14273
15007
15002
14925
14938
14877
14607
14551
14600
14509
14646
15174
14644
14642
15124
14668
15359
15171
15157
15600
14586
14754
14626
15040
14727
14794
15634
15256
15193
15084
15079
15426
14991
15574
15804
15996
15707
15498
15352
15333
15613
17153
15888
15561
15768
15379
15398
15290
15268
15342
15378
15121
14768
14911
14754
14447
14747
14696
14851
14950
14699
15027
14861
14807
14457
14387
14602
14660
14318
14733
13947
13889
14187
14151
14194
14468
14057
14395
14418
14834
14173
14069
14426
13882
14235
14463
14158
15906
14589
15967
15979
16045
16419
15857
16159
16096
15934
16010
15947
16086
15287
15612
15907
15483
15382
15267
15584
14899
13695
13872
13827
13686
13804
13766
14239
13161
13401
13665
13490
13424
13063
13463
13235
13645
13502
13377
13406
13358
13627
13658
13502
13550
13697
13599
13465
13566
13556
13546
13668
13625
13198
13508
13536
13658
13226
13443
13533
13263
13265
13203
13091
13223
13460
13760
13353
13257
13084
12963
12999
12802
13226
13233
13079
12852
12940
13137
13007
13601
13352
13239
13273
13398
13309
13103
13104
13351
13329
13255
13175
13083
13208
13377
13426
13715
13112
13441
13604
13601
13571
13477
13546
15227
13385
13454
13439
13458
12867
12854
12773
12773
12990
13008
12863
12911
13059
13005
12722
12955
12600
13037
13143
12935
12887
12890
13028
13078
12979
13071
13225
12764
12927
12885
13344
13532
12869
13063
13304
12890
13132
13105
13177
13057
13191
13041
12737
13078
12944
12600
12571
12676
12672
12658
12560
12780
12368
12349
12252
12381
12238
12267
12743
12281
12223
12460
12725
12580
13030
13002
13122
13375
13263
12916
12919
13645
13317
13183
13110
13161
13395
13215
13095
13168
13155
13444
13055
13604
13162
13409
13138
13168
13369
13996
13558
13308
13481
13801
13110
13175
12992
13457
13509
13720
13358
13211
13161
13258
13385
13437
14058
14063
13394
13212
13301
13985
11625
13362
13524
13272
13097
13371
13504
13504
14205
13916
13828
13970
13869
13695
13377
13970
15646
17462
17315
17089
15772
13379
13207
13200
12691
14407
13004
12860
12902
13606
13663
13598
13399
13633
13278
13275
13606
13501
13810
13986
19716
17305
16764
25392
22537
14093
14241
14058
14206
14035
14139
14183
14196
14166
13952
13971
13299
13802
13715
13763
13749
13679
13622
13671
13715
13722
13665
13719
13819
14005
13760
13514
13817
13672
13787
13933
13917
13868
13482
13643
13895
13934
14276
13669
13730
13711
13952
13664
14123
13746
13871
13860
13789
13648
13549
13632
13795
13816
13605
13610
13713
13884
13690
13804
13922
13836
13934
13952
13805
13734
14018
14060
13986
13977
13943
14198
13954
14319
14237
14221
14085
14290
14046
13945
14023
14062
13980
14226
13662
13689
13565
13845
13733
14300
14131
14119
13989
13626
13499
13736
13315
13438
13251
13409
13705
13124
13819
12926
13213
13252
13034
12866
13117
13097
13371
12908
12945
12901
12725
13165
13054
13159
13271
12952
12781
13181
13174
13570
13358
13256
13671
13309
13383
13448
13598
13557
13581
13936
13942
13867
13935
13809
13480
13641
13316
13326
13239
13556
13426
13627
13602
13327
13096
12830
13052
13096
13101
13004
12626
12641
12840
12918
13083
13032
13012
12856
13051
13052
12977
13289
13414
13609
13303
13459
13615
13285
13226
13221
13351
13464
13679
13470
13067
13641
13175
13548
13402
12969
13174
12527
12963
12849
12785
12760
12626
12998
12543
14452
12724
12826
12575
13183
12929
13009
12738
12692
12851
12836
12729
12866
12890
13017
13128
13113
13437
13182
13776
13201
12679
12822
13273
12616
12828
12853
14891
12867
12715
12411
12465
12551
12364
12616
12695
12438
12800
12728
12462
12412
12731
12450
12711
12428
12567
12689
12750
12707
12672
12405
12329
12730
12544
12316
12521
12596
12709
12770
12461
12874
13331
13149
12943
13324
13198
13387
13046
12943
13218
13205
12843
12755
13006
13051
12890
13376
13246
12880
13178
13023
12947
13091
13260
13143
13006
13051
13102
13241
13103
13884
12888
12797
12736
12876
14145
12309
12292
12263
12215
12231
12373
12414
12520
12494
12839
12699
12905
12983
12561
12366
12871
12825
12944
12584
12799
13042
12578
12799
12867
12939
12658
12778
12839
12996
13111
13014
13355
13246
12998
13352
13002
13127
13078
13037
13161
13298
13273
12905
12936
13564
12931
13252
13035
13066
13000
13387
12803
12887
13235
14201
13108
13135
13066
12976
12621
14085
15015
15392
15971
14035
15585
15940
15659
15989
16084
15142
13662
16031
13187
14019
14905
13832
15410
14702
15194
14077
14486
15042
13591
14977
14502
14930
14558
13252
15122
14246
14503
13879
15073
14558
13281
14858
15035
13631
14921
14109
14599
15412
15738
13509
15882
17607
17586
18064
15751
13858
13821
13703
13594
13877
13981
13920
13831
14284
14255
13874
14235
13982
14925
14135
14123
14112
14233
14674
14130
13918
13963
13912
14374
14218
14345
14000
14039
14268
14164
16169
14090
13944
13992
13919
16046
13860
13467
13933
13687
14209
14157
13782
13823
13354
13754
13345
13818
13442
13763
13403
13398
13376
13412
13444
13894
13663
13755
13566
13908
13741
13872
14026
14497
14436
14344
14438
14282
14349
14317
14618
14283
14031
13993
13884
13838
13851
13937
14013
13985
13931
14312
14146
14065
14084
13658
13694
13971
13286
13369
13428
13396
13197
13128
14003
13904
14052
13882
14095
14397
13867
13802
14015
13887
13960
14214
13918
13899
14062
14094
14034
13832
14301
14252
14541
14294
14549
14615
14384
14543
14644
14758
14387
14013
14463
13969
13937
14775
14345
14251
14525
14192
14118
14089
13998
13982
14415
14035
13740
13622
13765
13636
13754
14064
13715
13930
14085
13936
13772
13823
13976
16419
14043
14171
14140
14168
14093
14037
14205
14078
14186
14297
14061
13990
14389
14080
14152
13997
14089
14624
13912
14230
14084
14130
14134
14173
13788
13832
13817
13874
13548
13590
14123
13715
13446
13322
13375
13500
13628
13643
13813
13821
13866
13733
13951
13847
18828
19531
19130
13986
13831
13600
13895
14029
14024
13877
13870
13978
14019
13995
13897
14889
14341
14162
14440
14123
14516
14531
14446
14300
14384
14539
14378
14487
14606
14193
14456
14791
14513
14404
14164
14321
14408
14469
14391
14510
14726
14566
14485
14599
14504
14544
14502
14583
14679
14479
14261
13939
14199
14160
13952
14026
14224
14274
14313
14179
14355
14438
14395
14358
14350
14102
13967
14227
14008
13729
13867
13645
13620
13956
14114
14108
13833
13791
14013
13743
14039
13794
14326
13789
14007
14092
14279
14561
14468
14447
14554
14524
14615
14588
15024
14802
14227
14619
14836
14463
14802
15233
15047
14623
14981
14928
14864
15454
14897
14623
15184
14960
15264
15076
15132
15482
15698
16305
15781
15353
15520
15366
15712
15658
15597
16075
15740
15266
15473
15633
15654
15521
15313
15012
15232
15281
17731
19396
18623
18713
19091
19707
19082
19103
16305
14824
15062
15071
15063
14932
15162
15024
14732
14845
15077
15188
15451
15120
15250
15034
14913
14504
14744
14955
15072
16888
14616
14786
15180
17105
15216
15328
14696
15114
14672
14085
13874
14228
13945
13792
14087
14066
13813
13994
13812
13873
13703
13519
13582
13573
13309
13714
13742
13692
13549
13627
13626
13629
13758
14270
13388
13882
13656
13694
13625
13471
13485
13421
13537
13249
13616
13335
13172
13203
13296
13089
13549
13554
13453
13360
13573
13663
13417
13350
14140
13630
13552
13357
13426
13376
13399
13512
13384
13332
13293
13498
13462
13044
13624
13736
13507
13770
13713
13581
13332
13335
13652
13499
13443
13216
13460
13533
13566
13264
13347
13862
13666
13367
13481
13589
13695
13357
13606
13691
13850
13371
13296
13315
13264
13334
13099
13266
12877
12852
13283
13619
13171
13376
13378
13387
13133
13291
13238
13331
13109
13238
12988
13474
13045
13186
13296
13059
13460
13730
13514
13508
14363
13785
13500
14123
13654
13795
13344
13413
13671
13612
13344
13530
13707
13544
13498
13779
13391
13641
13406
13278
13551
13477
13240
13546
13434
13311
13296
13220
13200
13329
13293
13496
13358
13462
13255
13384
14181
13942
13876
13965
13894
14265
14111
14457
14263
14242
14182
14426
14206
14502
14432
14539
14137
14146
14077
14170
14348
14414
14248
16650
14288
13927
13880
13919
13710
14021
14170
14249
14337
14728
14070
14578
13802
13862
14010
13958
13712
13834
13601
13151
13598
13793
13366
13532
13491
13631
13180
13503
13409
13279
13686
13815
13405
13557
13300
13592
13529
13765
13633
14087
14279
13618
13779
13484
13756
13522
14442
14373
13693
13871
13801
13791
13544
15468
14647
13780
13988
13549
13657
14173
13682
13468
14246
15682
16094
18238
20273
20575
18479
15318
15159
13425
13352
13473
13506
13554
13558
13424
13393
13646
13487
13490
13860
13659
13066
12965
12811
13009
13095
12925
13212
13291
13046
13266
13340
14354
15140
15351
15608
15158
15176
15762
15329
15447
15735
15417
15653
15294
14939
15589
15652
15392
15338
15567
15472
15217
15382
15228
15181
14072
13964
14252
13928
14398
13893
13880
14156
13605
13693
13911
14107
14347
14003
14117
14072
13931
13940
13959
13842
14222
14520
13883
13954
14392
13724
13756
13964
13947
13964
14992
14233
14453
14436
14425
14733
15157
14492
14233
14416
14336
13956
14164
14251
14119
13967
14791
14035
13894
14441
14070
14017
14019
14131
14187
14289
13811
13671
13713
13867
13677
13093
13774
13262
13418
12858
13404
12883
13061
13314
13247
13285
13304
13159
13287
14839
13346
13054
13351
12661
13093
12508
12540
12640
12747
12624
12693
12854
16993
12770
12993
13453
13743
13185
13072
13604
13565
13583
13347
14318
13584
13535
13603
13708
13532
13574
13823
13629
14158
13686
13758
13840
13873
13806
13559
13630
13841
13882
14109
15095
15725
15977
15651
15563
15400
15140
15486
15314
13498
13923
13813
13336
13632
13246
13343
13541
15536
15570
15451
15293
15454
15430
15299
15820
13450
13309
13177
13020
13092
12688
13244
13331
12998
13418
13790
13551
14212
14291
14694
14415
14458
14271
14448
14307
14668
14327
14126
14268
14447
14205
14403
14056
14196
14541
14384
14399
14847
14650
14565
14434
13627
13643
17453
17657
17450
17533
17690
17340
16838
16609
13716
12359
12455
12414
12398
12334
12492
12772
12268
12596
13003
15207
17049
16934
17032
15093
13294
13095
13523
12917
13394
13044
13252
14186
13426
13083
13432
12986
12996
12757
12806
12759
13020
13034
13035
12747
13070
13262
12707
14047
13912
14151
14049
13196
12510
12433
12614
12923
12716
12493
12634
12463
12647
13063
12849
12638
12527
12988
12893
12924
12850
12748
12981
12829
13823
12687
13417
13208
13133
13479
13036
13078
13622
13292
13319
13413
13805
13580
13626
14097
13917
14297
13980
14017
14480
13957
14106
14183
14231
14206
13824
14532
14214
14025
14071
13970
14423
13802
13723
13913
13585
14601
13940
14056
13818
13627
13546
13478
13691
13436
13242
13678
13514
13526
13515
13503
13221
13005
13185
15021
17262
18015
17011
14746
12833
13098
13151
13530
13860
13820
14195
13832
14042
13681
13848
14522
14795
14047
14199
14459
14455
14331
14162
14071
14327
14533
13851
14178
14000
13978
13651
13821
14059
13954
14153
14520
13833
13788
14236
14436
14184
14009
14231
14168
14144
14048
14307
14101
13904
14022
14168
14134
13415
13802
13562
13768
13606
13527
13589
13666
14073
13801
14139
13934
13734
13768
13869
13772
14442
13777
13021
13410
13369
13203
13310
12615
13450
13112
13267
13054
13746
13170
13152
13530
13666
13281
13543
13768
13479
13653
13486
13656
13982
14223
14074
14142
14329
14575
14478
14301
14335
14620
14558
14378
14235
14280
14542
14105
14122
14092
13936
13977
14369
14206
13897
13810
13901
13471
13623
13198
13373
13348
13222
13353
13088
13302
13649
13401
13224
13505
13652
13154
13609
13363
13437
13401
13254
13848
13820
13763
14504
13840
13507
13510
13654
13483
13636
13680
13427
13535
13798
13513
13599
13526
13761
13321
13439
13208
13151
13411
13245
13428
13555
13229
13478
13431
13518
13700
13616
13383
13481
13611
13523
13565
13521
13542
13475
13853
13708
13730
13679
14007
13601
13517
13646
13551
13625
14288
13416
13592
13150
13365
13342
13074
12838
12942
12972
12967
13280
13224
12773
13114
13021
12829
13007
12655
12581
12573
12393
12920
13022
12797
12974
12995
13117
13190
12961
13262
13314
13408
13058
13115
13171
13249
13099
13258
13372
13118
13188
12795
12971
13285
13287
13636
13483
13652
13734
13791
13919
13840
13827
13434
13975
13490
14552
14408
13371
13123
13551
13746
13221
13324
13318
13528
13151
13410
13413
13599
13707
13323
13410
13638
13638
13615
13411
13356
13438
13843
13362
13350
13522
13349
13192
13271
13464
13519
13639
13552
13670
13880
13807
13578
13832
14126
13937
14049
14594
14809
14332
14361
14405
14314
14365
14615
14152
14079
14362
14266
14586
14998
15212
15303
15203
14987
15040
14673
14624
15446
14218
14563
14582
15213
15107
15126
15474
15127
15835
16239
15796
15595
15515
15547
15463
15875
15483
15724
15700
16328
15330
15409
15348
15322
15421
15311
14969
14796
14525
15308
15188
17557
15319
15639
15341
15287
15646
15479
15067
15207
15045
14907
14636
14499
14750
14649
14600
14582
14556
14716
14674
14639
14704
15615
14772
14508
14726
14701
14976
15557
15638
15581
15549
15663
15315
15352
15571
15202
15753
15304
15440
15333
15284
15132
15288
14963
15394
14833
15168
14882
14771
15730
15128
15088
15172
14978
14896
14627
14948
15008
14740
14414
14441
14577
14783
14700
14818
14585
14288
14353
14046
14440
14436
14068
14390
14152
14102
14237
14525
13797
14168
14316
14379
14305
14034
14308
14518
14556
14485
14759
14611
14669
14694
14654
14259
14434
14311
14619
14009
14490
14358
14300
14424
15039
14695
14465
14701
14636
14360
14255
14172
14164
14138
13905
13786
14119
13952
13983
14122
14107
14051
14227
14289
14127
13927
14081
13848
13805
13694
13997
13681
16670
17138
16782
16870
14318
12725
12788
12764
12612
12514
12854
12505
12496
12964
12942
13054
13083
13854
12951
13889
13810
14127
14728
14019
14071
13975
14189
13856
13298
13634
13438
13839
13608
14366
14836
14353
14828
14559
14865
14295
15024
14583
14019
13903
13601
13707
13542
13573
13842
13864
13991
13610
13363
13763
13117
13088
13135
12764
13009
12806
12912
13874
13740
12996
12840
12995
12877
13305
12828
12969
12755
12975
13010
15113
29480
13016
13511
13221
12947
13566
12792
12780
13253
13337
13253
13329
13241
12976
13227
13177
13067
13061
13888
12805
12681
12898
13062
12966
13226
13205
12621
12931
13003
13115
13105
12827
12977
12857
13955
12676
12881
13216
12888
12887
13010
13069
13039
13402
14038
13275
13025
12836
13198
13176
13223
13390
13016
13231
13576
13626
13344
13216
13352
13007
13053
13131
12934
13003
12985
12744
12774
12822
12586
12693
12456
12589
12575
12627
12881
12413
12336
12267
12673
12382
12831
12583
12537
12144
12304
12427
12588
12680
12812
12918
12664
13174
13698
13373
13275
13283
13388
13176
13211
13540
13475
13703
13516
13495
13725
13436
13422
13499
13464
13774
13597
13786
13750
13258
13636
13351
13603
13444
13434
13440
13070
13091
13210
13344
12990
13043
13016
12760
12885
12905
13041
13209
13025
12878
12724
12736
13049
13454
13083
12582
12952
13148
13114
13076
13143
13112
13056
13400
13403
13480
13307
13472
13224
13182
13407
13205
13113
13295
13380
13499
13073
13456
13295
13087
13218
13670
13751
13530
13848
13405
14575
14633
13160
12948
13983
12755
12645
12663
12817
12818
13003
13114
12645
12914
12857
12986
12981
12563
12854
12668
12690
12644
12823
12892
12711
12599
12951
12955
13098
13212
13266
13194
13341
13203
13307
13595
13760
14114
13795
13869
13440
13704
13549
13694
13937
13901
14000
14294
13923
13818
13963
13982
13460
14086
13761
13130
13163
13727
13503
13676
13890
13363
13358
13631
13487
13311
13310
12644
12744
12487
12678
12542
12765
13038
12580
12759
12868
12547
12503
12546
12766
12838
13112
13193
12969
13086
12852
13148
13007
13115
12896
12937
12910
13338
12823
13252
13426
13012
12948
13122
13322
13034
13199
13419
13878
13357
13354
13080
13210
13138
14112
13091
12984
13128
12885
13114
13306
13513
13214
13430
13223
13114
13171
12960
13093
12739
12685
13007
13312
13098
13337
13311
13330
13084
13316
13880
13170
13018
13484
13206
13175
13228
13288
13209
13056
13662
13195
13670
13810
14091
14144
14114
14104
13979
14109
14646
14721
13760
13939
13891
14226
14027
14121
14051
13751
14087
14058
13936
13943
14063
13886
13821
13827
13854
13897
14552
14615
14683
14449
14368
14502
14327
14471
14445
14099
14343
14244
15200
15592
15340
15845
15643
15338
15552
15762
15426
15565
15948
15499
15899
15824
16072
15941
16274
15614
15539
15734
15716
16197
15897
15464
14673
14406
14336
14494
14286
14862
14645
14601
14739
14348
14143
14084
14354
14277
14378
14255
14453
14369
14288
14338
14101
14281
14178
14382
15011
14525
14396
14356
14460
14554
14310
14596
14594
14638
14488
14513
14924
14669
14510
14802
14418
14450
14493
14621
14643
14577
14698
15001
14876
14421
13954
14478
14145
14033
14021
13795
14301
14040
14277
15205
14149
14289
14109
14087
14212
14061
13722
18269
17984
18310
17654
14862
14271
14445
14386
14294
14731
14070
13686
13928
13791
13627
13741
13705
13597
13522
13439
13401
13221
13437
13117
13223
13475
13620
13452
13783
13468
14005
13567
13997
13566
13796
13621
14198
13861
13813
13871
13475
13297
13347
13248
13302
13176
13132
13396
13408
13437
13368
13265
13387
13316
13408
13631
13388
13438
13281
13512
13552
13379
13776
13748
13481
13498
13488
13478
13360
13154
13195
13136
13242
13230
13122
13374
13309
13822
13264
13108
13344
13359
13187
13526
13526
13624
13597
14255
13534
13639
13432
13247
13100
12920
13140
12932
12999
13257
13173
12908
13207
12938
13149
12785
12868
13154
13273
13630
12672
12951
12968
12850
12903
12718
12735
13157
12775
12626
12741
13299
13169
13167
13110
13071
13590
16765
16918
17343
13587
12991
13255
13365
13550
13428
13238
13440
13496
13573
13063
13254
13360
13795
13628
13029
13207
13013
13119
13130
13117
14102
14455
14646
14297
14327
14295
14195
13718
13054
12734
12813
12958
12801
13188
13153
12890
12973
13012
13218
13088
14077
13203
13053
13120
13002
12681
12851
12993
13033
13674
13255
13527
13687
13748
13946
13728
14296
14077
13759
13816
13680
13827
13707
13476
13490
13399
13460
13039
13246
13716
13378
14279
13578
13839
13768
13870
13937
13688
13687
13839
13912
14055
13894
13794
14024
14161
14481
14809
13803
13755
13602
13198
14214
13762
13587
13428
13899
13808
14062
14487
14120
14792
14270
14036
14011
14027
14448
14048
14038
14033
14125
14318
13947
13860
13528
13721
13660
13857
13755
13877
13646
13778
13706
13691
13405
13803
13474
13328
13408
13562
13676
13932
14254
13822
13758
13888
13894
13919
13640
14026
13580
13820
13737
13581
13410
13619
13639
13542
13794
13745
13675
13809
13573
14020
14120
13815
14184
13794
13904
13791
13955
13328
13328
13780
13463
13371
13309
13337
13324
13470
13797
13307
14090
13413
13399
13777
12635
12761
12606
13263
13072
13198
13333
13177
13090
12990
13058
13012
13120
12886
12938
12667
12945
12535
12774
12763
12869
13236
12952
12706
12917
12732
13240
12794
12691
12621
12671
12620
12357
12318
12331
12430
12212
12581
12317
12648
12525
12422
12810
12852
12469
12404
12438
12940
12872
13195
12948
13165
13132
13071
13086
13309
13431
12968
13248
13615
13492
13328
13590
13376
13289
13138
13213
13459
13583
13127
13175
13188
12949
13043
13455
13245
12989
13061
12758
12971
13066
12979
13116
13090
13253
13046
13668
13341
13358
13174
13321
13896
13448
12871
13091
13374
13205
13299
13442
13518
13468
13440
13670
14102
13546
13341
14423
13677
13509
13388
13781
13235
14141
13697
13178
13291
13311
13238
13239
13188
13139
13166
12916
12744
14773
13008
12914
12955
13512
12792
13034
13065
13047
13139
13042
13236
13304
13338
13282
13448
13440
13665
14304
12999
13288
13478
12948
12987
13189
13189
13303
13678
13464
13290
13567
13843
13328
13348
13329
13393
13407
13223
13599
13347
13216
13095
13043
13447
13469
13409
12888
13303
13351
13041
13220
13066
13316
13526
13525
13314
13578
13187
13406
13690
13359
13232
13697
13625
13664
13645
13448
13345
13893
14553
14253
13789
13780
13615
13424
13298
13632
13413
13434
13472
13515
13466
13661
13814
13793
13846
14094
13999
13272
13019
13102
13302
12809
13286
13017
12936
13280
13017
13198
12806
13273
13379
13271
13026
13082
12971
13099
12810
13127
12871
12900
13372
13246
13380
13493
13317
13047
13425
13605
13446
13573
13487
13247
13493
13699
13658
13672
13642
13765
13957
13677
13501
13620
13746
13799
13753
13700
13581
13789
13569
13272
13727
13604
13670
13718
13664
13530
13490
13651
13191
13498
13292
13770
13045
13316
13165
12993
12996
12701
12873
12986
13002
13504
13171
12906
13230
12982
13145
13187
12896
13744
13020
13215
12860
13347
13678
13054
13043
12732
12879
12884
12881
13475
13322
13829
14074
13064
13015
13032
12980
12912
12905
12904
13019
12867
13429
13429
13122
13145
14001
13441
13387
14076
13859
13558
13605
13881
13715
13438
13749
13982
13775
13635
13884
14247
13805
13991
13811
13630
13699
13503
13987
13611
13762
13491
13649
14058
13707
13328
13399
13048
13369
13365
13452
13533
13426
13509
13725
13347
13488
13650
13694
13547
13649
14026
13354
13450
13648
13306
13111
13641
13317
13545
13023
13495
13219
13499
13340
13095
13547
13066
13029
13548
13157
17344
17594
13519
13458
13516
13802
13460
13298
13784
14086
13840
14119
14016
13963
14154
14058
13938
13861
14445
14275
14021
14284
14451
14163
14259
14276
14447
14125
14738
14085
14190
14286
13850
13643
13267
13427
13745
13374
13333
13292
13319
55920
141939
135828
135141
134881
134124
134562
133188
134661
134206
134760
134240
134457
135089
133208
132117
134636
130864
133976
133074
133493
133292
132364
134058
134987
132021
134722
135296
134971
132866
40484
13841
13788
13685
13855
13668
13923
14094
14040
13731
13790
14263
14036
13831
13972
13846
13993
14042
13918
14044
13511
14109
14161
13643
13942
13977
13968
14007
13616
13948
14101
13979
14744
14394
14317
14771
14388
14324
14690
14361
14213
14407
14770
14641
14345
14218
14376
14472
14154
14128
14319
13906
13727
14005
14193
13965
14261
13933
13753
13765
13666
13255
13095
13226
13112
13076
13053
13137
13362
13159
12802
13265
12631
12931
12829
13112
12943
14093
13370
13209
13529
13386
13107
13213
13405
13322
13404
13979
13665
13513
13614
13575
13856
13862
13759
13848
13758
13566
13942
13745
13383
13945
13614
14109
13490
13581
13423
13341
13407
13378
13360
13442
13581
15505
13831
13575
13504
12912
13322
13015
13403
13243
13859
13758
13571
13637
13961
13852
13474
13705
13534
13299
13176
13485
13304
13247
12966
13971
13150
13013
13154
13581
13344
13326
13557
13491
13386
13577
13343
13430
13384
13566
13735
13497
13685
13451
13491
13254
13301
13613
13553
13957
13633
13727
13981
13587
13301
13328
13804
13816
13436
13746
13534
13704
14328
13644
13662
13766
13661
13752
13727
13753
14194
14493
14706
14261
14159
14219
14497
14410
16209
14465
14443
14523
14071
13969
14362
14667
14225
14233
14141
14332
14315
14269
14188
14671
14473
14488
16318
18685
18721
18333
16505
13980
14118
14228
14133
14121
14268
14175
14438
14482
14047
14255
14206
14411
14383
14243
14322
14008
14164
14107
14201
14045
14037
13958
13864
14116
14296
14199
14118
14276
14235
13940
14003
14057
13847
14203
14096
13993
14052
14097
14292
14195
14226
14740
14231
14480
14662
14380
14440
14560
14545
14540
14250
14178
14695
13783
14023
13854
13542
13342
13726
13532
15964
16276
15777
15257
15160
15602
15962
15851
14398
13374
13659
13656
13571
13749
13552
13665
13611
13468
13301
13347
13457
13370
13327
13487
14029
13283
13202
13726
13497
13364
13364
13346
13196
13591
13291
13611
13533
13537
13244
13314
13389
13402
13616
13083
13320
13546
13234
13274
13077
13358
13124
13214
13611
13422
13193
13632
13735
14396
13174
13197
12812
12967
13081
13251
12862
13286
13126
13006
13016
13096
13197
13285
13252
13280
13214
13415
13732
13257
13444
13534
14972
13554
13609
13373
13185
12908
12896
12845
13041
12943
13180
12778
12600
12754
13033
12791
13540
13181
12981
13054
12763
13239
12989
15671
15542
15246
15111
14972
15581
15095
15304
14966
15324
15061
15633
15158
15254
15501
15550
15208
15398
15314
15500
15352
15425
13688
13077
13132
13370
13440
13232
13107
14096
13207
13289
13931
13951
14648
14327
13839
13683
13832
13935
13982
13562
13554
13634
12998
13951
13547
13802
13475
13241
14027
13553
13580
13679
14018
13923
14204
14432
14434
13968
14391
14217
14606
14128
14052
14384
14190
14166
14218
14177
14064
14688
14211
14318
14791
14451
14341
13894
14429
14110
13838
13807
13632
13648
13621
13762
13930
14093
13959
14624
14298
13927
14174
14059
14096
14024
14121
14138
13675
13840
13945
13891
14273
14116
14074
14186
13890
13985
13829
14017
14071
14476
14147
14541
14464
14075
14532
14785
14920
14784
14586
14657
14305
14454
14039
13955
14315
14374
14198
14249
14192
14200
13988
14134
13403
13082
12879
13069
15905
15149
17966
18547
12659
12646
12690
12883
12812
12842
12973
12563
12702
12821
12704
12781
12730
12788
12709
12640
13093
13165
12975
13307
13108
13429
12956
13349
13657
13374
13275
13516
13445
13497
13801
13565
13644
13319
13414
13026
13169
13217
13299
13392
13390
13372
13046
13029
13281
13155
12825
13287
13065
13046
12983
12897
13025
12934
12582
12814
12671
12713
13026
13173
12915
12943
14592
15411
15237
15350
15569
15495
15499
15560
15085
15380
15254
15629
15290
15426
15216
15404
14380
13403
13469
13322
13245
13380
13578
13466
13514
13851
13403
13526
13598
13423
13265
12875
12931
12788
12869
12726
13137
12566
12780
12694
12650
12537
12556
12020
12394
12379
12642
12614
14577
16467
16449
16499
15946
12801
12918
12860
12883
12890
13081
13018
13129
12996
13230
13243
13378
13238
13535
13489
13373
13351
13378
13438
13155
13613
13566
13569
13395
13205
13155
13612
13413
13562
13372
13556
13136
13409
13532
13316
13321
13032
13427
13996
13125
12939
13438
13449
13288
13111
13250
13279
13331
12989
13093
12947
13338
13316
13314
13064
12928
13085
13348
13187
13353
13022
12934
13096
13171
13098
13774
13467
13269
13517
13713
13632
13369
13733
13712
13692
13461
13512
14617
13789
13958
13951
13644
13980
13731
13981
13777
15850
14162
14173
13991
13774
13901
13876
13852
14236
13715
13836
13854
14023
13798
14069
13903
13923
13794
14062
13851
13597
13640
13905
13517
13501
13549
13542
13637
13384
13436
13624
13538
13515
13542
13841
13465
14017
14479
13658
13630
13750
14596
13977
13823
13532
13991
13762
13811
13489
13816
14143
14216
14251
14243
14261
14448
14076
14202
14629
14384
14402
15165
14392
13791
14884
14275
15065
14505
13984
13626
13614
13727
13802
13764
13960
14112
13878
14059
14321
14226
14139
14744
14571
14979
15522
14548
14402
14479
14731
14929
14635
14567
14586
14842
15010
14571
14924
14591
14396
14434
14359
13998
14257
13978
14057
14246
14640
14316
14177
14596
14433
14277
14657
14495
14261
14282
14246
14281
14698
14631
14718
15198
14590
14623
14466
14591
14049
14176
13892
13788
13833
13761
13739
13796
14384
14173
14410
14351
14309
14297
14276
14573
14405
14537
14400
14744
14436
14557
14521
14233
14523
14085
14670
14292
14040
14294
14102
14650
13910
13809
13755
13830
13881
13824
13408
13716
13562
13533
13417
13631
13288
13743
13734
13821
13775
13582
13980
13848
13801
13524
13930
13604
13649
13720
13870
13418
13879
13924
13686
14027
14055
14059
14169
14264
14472
14003
14324
14272
14033
14040
13971
14079
13756
13426
13760
13308
13605
13802
13675
13584
13459
13333
13379
13139
13555
14142
13454
13335
13517
13341
13177
13428
13493
13502
13503
13811
13695
13586
13661
14004
13560
13419
13558
13525
13708
13417
13700
13706
13691
13604
13816
13546
12923
12841
13160
12920
13122
12854
12896
12633
13565
12848
13280
12949
12586
12919
12902
12694
12639
13018
12550
12207
12424
12455
12306
14467
12703
12786
12775
12493
12676
12812
12778
13070
13395
12772
12548
12782
12551
13909
13163
13349
13008
12854
13143
13193
13026
13542
13124
13191
13037
13161
13129
13220
13131
13053
12995
12751
12992
13055
13236
13047
12860
13238
12775
12768
12982
13407
12964
13225
13128
13134
11997
12740
13388
13368
13309
13481
13056
13199
12927
13214
13032
13122
13443
12980
13078
12827
12670
13063
13143
12702
12637
12770
12566
12664
12624
12783
12177
12384
12174
12697
12248
12907
12803
12523
12817
13377
12972
12623
12924
13135
12586
13092
12976
12753
12713
13185
13339
13041
12927
13119
13569
13129
13022
12852
12762
17037
17031
13069
12960
13023
13345
13384
12820
12893
12894
12613
12594
12773
12663
13813
13118
12449
12544
12459
12480
12060
12287
12281
12700
12464
12659
12183
12333
12640
12519
12279
12026
12495
12391
12388
12274
12506
12538
12584
12459
12587
12418
12254
12498
12980
12835
12667
13925
12556
12658
12846
12320
12521
12651
12876
12423
12701
12753
12541
12468
13097
12753
12773
12824
12619
12685
12402
12507
12564
12775
12663
12666
12795
12838
12809
12976
12743
12885
12828
13126
13674
13886
13141
13282
13119
12752
13010
12781
13107
12853
13123
13685
13322
13137
13469
13204
13668
13909
17647
16572
13655
13505
13592
14172
13584
13745
14071
13701
13669
13704
13801
13550
14305
13897
13655
13701
13624
13863
13366
13857
13717
13618
13706
13717
13810
13726
13484
13795
13724
13561
13434
13612
13300
13635
13864
13928
13600
13601
13709
13351
13676
13771
13384
13110
13533
13803
13409
13537
13944
13549
13750
13252
13145
13630
13724
13463
13611
14034
13565
13323
13209
13256
13299
13219
13245
13646
13254
13431
18242
18231
18338
18132
18203
18081
17592
13536
13526
14568
13823
13717
13626
13301
12896
12928
12812
13196
12932
13666
13888
13155
13299
13213
13260
13294
13350
12772
12675
12396
12722
12858
12694
12480
12667
12460
12386
13127
12653
12767
12739
12397
12221
12342
12673
12450
12446
12422
12407
12820
12567
12489
12598
12805
12673
13003
12893
12657
12226
12609
12606
12559
12275
12459
12525
12318
12315
12748
12705
12678
12772
12981
12748
12594
12671
12599
12612
12683
12674
14041
12649
12741
12678
12693
12745
12555
12672
12427
12781
12940
12349
12550
12859
13059
12427
12330
12269
11991
12013
12393
12401
12157
12446
12462
12396
12646
12424
12223
16425
16620
12060
12067
12032
12406
12016
12155
12307
12410
12098
12031
11993
12336
11737
11896
11939
11876
12365
12133
11826
12074
12110
12238
12237
11955
11984
11971
11993
12188
11964
11866
11940
11986
11706
11776
12169
12008
12233
12536
12320
11846
12234
12361
12474
12461
12532
12291
12916
12758
12435
12668
12580
12292
12549
12260
12602
12052
12475
12253
12365
12396
12544
12552
12449
12377
12331
12413
12212
12296
12329
12464
12365
12733
12353
13460
12168
12251
12368
12427
12367
12066
12074
11981
12432
12527
12799
12299
12429
12202
12119
12424
12311
12427
12356
12241
12253
12150
12334
12661
12341
12375
12364
12637
12282
12281
12548
12485
12314
12630
12550
12609
12236
13194
12725
12449
12444
12550
12567
12352
13091
12334
12577
12512
12548
12670
12329
12818
12922
12663
12804
12670
12327
12496
12651
12345
12512
12403
12630
12645
12410
12266
12620
16318
13095
12543
12339
12067
12410
11877
12217
12574
12155
12225
12202
12145
11916
11885
12160
11599
11859
11621
11596
11359
11540
11736
12304
11360
11505
12358
11591
12036
12148
11665
11826
12213
11726
12407
11767
12303
11861
12125
11961
12010
12457
12428
12461
12544
12406
12346
12418
12493
12292
12423
12141
12169
12123
11885
11970
12211
12318
12146
12151
12425
12537
12400
12559
12657
12640
13330
12837
12430
12680
12407
12562
12659
12588
12671
12584
12677
12538
12849
12669
12482
12322
12385
12233
12027
11777
12313
11876
12006
12172
11816
11774
12237
12282
12160
12446
12369
12240
11875
12396
12120
11910
12010
12072
12100
11916
12334
12682
12659
12677
12777
12558
12768
12674
12633
12349
12523
12490
12524
12332
12806
13043
12933
12941
13044
12901
13354
14278
14033
14248
14115
14235
14263
14012
14433
14479
14427
14235
14626
14184
14034
13198
13326
13050
13165
13196
13112
12646
13232
12782
12763
12466
12588
12416
12388
12474
12331
12409
12369
12392
12700
12833
12727
13310
12554
15383
16508
16486
16560
16732
16450
16277
16363
13972
12026
12026
12314
12222
11941
11884
12082
12315
12019
12136
12193
11723
12103
12201
12008
11780
12007
11929
12209
11905
11993
12714
11892
11968
12053
11915
11871
11822
11976
11852
11686
11694
12005
12017
11967
11966
11769
12463
12196
11802
12100
12021
11501
11735
11524
11792
11647
11851
11733
11690
11442
11666
11716
11725
11735
11769
11960
11850
12155
11763
11391
11669
11797
11648
11574
11291
11881
11929
11874
11777
11801
11745
11806
11490
11807
11534
11729
11772
11900
12074
14957
14916
15147
15567
14986
15160
15195
14973
15688
14626
14779
14856
14962
14290
14935
14931
15208
15286
15012
14537
15183
13748
12086
12453
11744
12065
11853
11975
12733
12013
12225
11997
12020
11803
11961
11884
12225
11841
12059
12206
11793
11906
12955
11898
11702
12128
12000
12082
12529
12857
13231
12670
12915
12756
12552
12468
12382
12124
11892
12228
12398
11890
12343
12388
13049
12387
12563
12293
12579
13330
12739
12658
13081
12633
12504
13020
12491
12964
12711
12842
13005
12714
12634
13160
12974
13061
12869
13058
12795
12593
12646
12616
12140
12322
12501
12534
12556
12441
12587
12525
12509
12855
13143
13183
12868
12987
12778
12541
12794
15016
16167
16375
16321
16227
16262
16630
16573
16298
16696
16247
16369
16658
16277
16293
16283
16411
16681
16337
15101
16443
16340
16211
16295
16338
16448
16762
16377
16048
15808
16348
16279
16291
16475
16638
15843
15230
15215
15214
14813
15072
13889
12706
12998
13190
13096
12877
13245
13137
13157
12954
12875
13399
13639
12842
13125
13102
12872
13105
13302
13144
13235
13321
13492
13753
14004
13992
14583
14142
15909
16055
16719
16060
14522
14739
14764
14532
14641
14653
14648
14859
14200
14619
14911
14421
14303
14565
14831
14610
14705
14796
14424
15126
14670
14283
14784
14666
14821
14328
14857
14795
14566
14394
14678
14491
15077
15149
14456
14833
14568
14604
14869
14267
14450
14589
14452
14413
14425
14605
14269
14128
14447
14228
14560
14896
14057
14059
14463
14172
14261
14192
14093
14574
14087
13738
14137
14460
14485
14217
14836
14312
14192
14515
14680
14134
14339
14498
14417
14357
14504
14345
15005
14925
15542
15084
15086
15054
14842
14797
15017
14897
14830
14873
14723
15275
14548
14710
14574
15402
14865
15339
15478
15328
14888
15000
15275
15098
15085
14748
15796
14903
14956
14770
14905
15028
14741
14901
14753
15288
15683
15369
15485
15297
15442
15116
15531
15413
15794
15359
15734
15634
15367
15093
15148
15025
15170
15447
15223
15023
15506
15807
15853
15016
15244
15102
15148
16165
15530
15283
14372
14107
14262
15664
15105
15575
15219
13975
14175
15590
17462
18394
17884
17303
16103
14412
14005
14278
14803
16261
18164
17887
18329
18229
14869
14202
14492
14424
14433
14505
14603
14956
14237
14345
14755
14950
14676
14902
14567
14674
14504
14383
15164
15352
15116
14960
14907
15016
14822
15051
14889
14857
15207
15065
14822
14705
14312
14663
14682
14472
14477
14741
14394
14670
14870
14855
14574
14955
14890
14739
15066
14424
14220
14685
14372
14964
14564
14236
14784
14471
14861
14607
14287
14662
14863
14923
14720
14465
14892
14590
14516
14697
14694
14326
14503
14540
14610
14595
14245
14550
14217
14631
14370
14587
14632
14364
14456
14415
14046
14154
14151
14208
14027
14321
14049
14698
14647
14218
14529
14040
14527
14470
14263
13868
13788
14448
14552
14799
14797
14586
14464
14342
13872
11194
14553
13920
13684
13992
13777
14124
14174
13933
14171
13907
13806
14255
14411
14498
14310
14181
13957
14156
14432
14704
14909
14434
13900
14092
14203
14122
14181
14273
14180
14791
14624
14212
14769
14522
15751
17383
16748
16531
16884
16432
15635
16040
16345
16585
16306
16304
16434
15890
16345
16892
16109
16244
16007
16047
16673
16583
15791
16101
16222
16359
16270
15516
15524
14720
13766
13626
14083
14168
14244
14865
14622
14247
14671
14639
14254
14551
14814
14515
14130
14042
14175
14397
14151
14499
14625
14641
14749
14732
14557
14431
14494
15104
14507
14227
14401
14483
14476
14220
14385
13975
14335
14333
14075
14457
14239
14079
14454
14165
14131
13878
14615
15136
14202
14051
13906
13833
13873
14128
14195
14007
13826
14222
13949
13901
13992
14036
14026
13534
13914
13657
13944
14276
13978
14395
13943
14379
13982
14258
13988
13888
13844
14091
14221
14005
14102
13967
13985
15536
14096
14054
14204
14977
14282
14366
13943
16043
16033
15767
15584
16239
15811
15680
15306
15716
15586
15315
15509
15373
15770
15631
15511
15796
15638
16049
15828
15630
15420
16230
16202
15264
15181
15585
15482
15224
15514
15231
15395
15551
16183
17079
15580
15202
15385
15918
15280
15549
15569
15488
15682
16535
15581
15484
16311
16216
15695
15248
15431
14970
15294
16150
15140
15107
14936
14555
14674
15533
15219
15383
15151
15015
15298
15392
15442
15361
15695
15296
15149
15883
16068
16051
15976
16059
15903
15889
16248
16109
16208
16744
16315
15594
16363
16011
15769
16024
15672
15481
15587
15609
16204
15994
15780
15316
15919
15434
16150
16685
16140
16119
16345
16472
16303
16680
16178
16240
15801
16312
16378
15713
16092
16093
16263
15995
16700
15699
16190
15381
15645
15416
15016
15450
15411
15398
15311
15498
15689
15382
15364
15240
15440
15384
15501
15482
15422
16292
15532
15003
15081
14926
15121
14893
15192
15376
15158
15157
15677
16078
15770
16116
16094
15621
15963
15808
16177
16170
16274
15532
16259
16123
15884
16169
16198
16392
16134
16119
16671
17365
17497
18036
18111
17297
16317
16452
16058
15618
15596
15738
15693
15398
15506
15785
15591
16267
16804
16288
16423
16647
16249
16719
16383
16089
15749
15896
16196
16127
16135
16353
16587
16494
16053
15974
16010
15680
16284
16048
17204
16230
16079
16274
16512
16315
15977
16485
16290
16106
16167
16232
15985
16062
15767
15856
15980
16086
16037
15875
15912
16436
16534
16412
16394
16403
16405
19063
20280
20061
20240
17115
15641
15718
16430
15936
15831
16420
16445
16261
16522
16755
16994
16863
17120
16888
16491
16768
16381
16476
17198
16927
17554
17047
16849
16890
17086
16440
16800
16677
16642
17098
16843
16387
15915
15983
16194
16721
17399
17304
16675
16910
16931
16143
15971
15806
15829
15882
15483
15567
15851
16421
16609
17039
16962
16345
16679
16568
16100
16210
16273
16458
16321
17628
16997
17235
17243
17279
17621
17569
17362
17217
17008
16747
17190
17003
17208
17543
16929
17048
16471
16562
16451
17030
17063
17008
16936
17491
18008
16732
14503
15400
14980
14785
15172
14983
14684
14764
14834
14748
15040
14681
14182
14154
13518
13397
13622
13183
13527
13347
13386
13382
13513
14003
13753
13606
13605
13479
13400
13342
13976
13859
13700
14016
14042
13434
13832
13780
13869
14060
13974
13987
13788
13909
13705
13841
13659
13748
13481
13671
13313
16170
13104
12948
13160
12995
12877
12650
12580
12487
12741
13134
13681
13319
13530
13549
13193
13305
13530
13654
13183
13467
13933
13791
13701
13305
13344
13520
13247
13378
13549
13538
13204
13188
13314
13206
13545
13557
13067
13423
13330
13578
13647
13819
13580
13427
13480
13560
14685
14099
14419
14751
14206
13954
14350
14782
14953
14496
14618
14964
14707
14343
14340
14697
14639
14385
14324
14424
14308
14007
14116
14666
14642
14683
15009
14865
14956
15045
15402
15107
15449
15605
15377
15277
14932
15125
15656
15144
15692
15218
15378
15224
14935
14917
14991
15007
14707
15851
15537
15083
15205
15057
15221
15249
15282
14953
15668
15471
15524
15445
15524
14910
14843
15028
15317
15423
15486
15205
14940
15327
14939
15121
15127
14494
14673
14553
14719
14831
14844
15414
15267
14966
15176
15179
15006
15581
15822
15584
15944
15261
15110
14921
15076
14869
14571
14934
14784
14824
15176
15182
14955
14678
14922
15217
14894
14949
15062
15340
14995
14623
14746
15322
15226
15210
15535
15418
15280
14804
15267
15195
14960
14807
15668
14949
14937
14993
15190
15118
15012
15116
15326
15046
15259
15428
15225
15371
14936
15077
15012
15008
15370
15109
15088
15118
15072
14974
15343
15095
15024
15003
15063
14892
15078
15116
14949
14819
16199
14728
14817
15024
15230
15421
15208
14851
14942
14719
14866
14937
14488
14704
14420
14813
14498
15017
15245
15354
15514
15295
15092
15294
15092
15392
14834
15142
15166
15338
15103
14904
14873
14845
14918
14854
15017
15448
15098
15259
15425
15223
15459
14923
15690
15685
15878
15768
15905
15983
16291
15671
15531
15955
15589
15277
15165
15342
14981
15680
15886
15431
15481
15409
15661
15668
15435
15427
15401
15618
15251
16040
15874
15750
16094
15750
15899
16618
16057
15612
15509
15339
15396
15602
15810
16370
16196
16722
17305
17174
17070
16441
16415
17081
16751
16759
16606
16720
16203
16438
16642
16788
15906
16154
15768
15883
15759
15919
15794
15731
15808
15149
15738
16107
16094
16207
16246
16545
16887
16502
16301
16619
16260
16380
15722
15975
16725
16710
15994
16524
17087
16752
16350
16787
16103
15795
15755
15519
15633
15980
16150
16359
16442
16519
16423
16809
16747
16587
16587
16331
16655
16564
16394
16361
16066
16126
15705
15954
16254
15664
15974
15803
15677
15784
15882
16386
16537
16441
16485
16206
16232
15728
15659
15670
15676
15881
15974
15559
15233
15452
15456
15609
16012
15815
15620
15376
15000
15371
15263
15538
15416
15111
15623
14916
14822
14829
15019
15131
15586
15912
15383
15061
15303
15408
15567
16042
15760
15652
15466
15049
14880
15460
15302
15333
15106
14602
14823
14991
14163
13922
14179
14436
14201
14211
14021
14218
14311
14186
14333
14076
14385
14490
14314
13914
13606
13347
13824
14088
13439
13506
13372
13360
13273
14224
13617
13158
12897
13288
13276
13233
13196
13474
13224
13381
13127
13289
13451
13257
13514
13689
13584
13346
13521
13802
13620
13299
13419
13527
13661
13931
13644
13866
13956
14050
13846
13919
13834
14002
14698
14051
13963
13973
13708
13808
14128
14032
13645
14023
14141
13786
14000
14009
13853
13849
13802
14612
13692
13671
13838
13799
13185
13025
13149
12883
12985
13030
13179
13089
13175
13039
12873
13239
13887
12868
13132
12965
13260
12830
12892
13179
12911
13327
13903
13013
12815
12689
12765
13080
12769
12882
13748
13025
13029
13101
13840
12945
13239
13161
13201
13342
13021
13173
12776
13063
13043
13188
13161
12966
13161
13198
13113
13150
13019
12956
13023
13179
12910
13249
12955
13746
13463
13573
13502
13626
13681
13366
13153
12863
13043
13212
12933
13133
13957
14153
14287
13875
13665
14193
13908
13868
13813
13565
13379
13017
12982
13306
13036
13442
13359
13415
13524
13879
13851
13774
13852
14215
14628
14188
14128
14143
14349
14322
14247
13297
13788
13046
12961
12776
12680
13002
13241
12914
13276
13195
13258
13147
13090
13325
13206
13180
13290
13046
12769
13110
12954
12891
13281
13352
13757
13308
13093
13141
13154
13360
13327
12954
12794
13000
12892
13007
12920
13061
12585
13137
12985
13107
13091
13208
13152
12865
12969
13237
13246
13153
17067
13009
13020
12759
13068
12997
13453
13278
13242
13407
13374
13140
13461
13701
13172
13398
13660
13204
13174
13596
13364
13793
13554
14449
13915
13606
13885
13641
13767
13730
14139
13919
14267
14034
14132
13424
13515
13470
13520
13616
13611
13604
15004
14912
13810
13588
13894
13784
13792
13596
13720
13731
13457
13634
15465
13363
13660
13589
13706
13435
13706
13845
13803
13500
13665
13512
13120
13160
13461
13369
13437
13107
13378
13272
13552
13182
13045
12934
13990
13038
13513
13127
13170
13431
13236
13260
13028
13365
13238
13095
13340
13203
13196
13528
13865
13441
13721
13537
13261
13421
13568
13174
13479
13446
13055
12873
12911
12972
12812
12866
12860
12844
12955
12931
13211
12999
12881
12812
12815
12656
13112
13021
13085
13142
12742
12743
12821
12816
12893
12873
12933
12889
13140
12886
12740
12671
12641
12652
12608
12551
12448
12515
12659
12384
12281
12664
12529
12587
12427
12677
12692
12830
13048
13793
12977
12967
12911
12347
12520
12706
12576
12648
12625
12271
12092
12421
12112
12232
12132
12188
12643
12617
13083
12843
12547
12637
12584
12611
12616
12347
12690
12421
12716
12559
12492
12912
12795
12934
12895
12733
12970
13234
13066
13556
13281
13181
13295
13255
13268
13471
17442
17064
16675
17459
14361
12971
13265
12883
13063
13021
13194
13296
13022
13008
13103
12795
12957
12817
13073
12922
12709
12930
12769
13468
12831
13047
13062
13091
13169
13227
13294
13354
14121
13544
13475
13466
13626
13308
13333
13311
13311
13303
13688
13413
13519
13426
13376
13256
13900
13787
13144
13654
13431
13719
13468
13374
13468
13553
13426
13463
13649
13832
13442
13729
13999
13542
13811
13440
13715
13693
13522
13524
13312
13241
13450
13495
15264
15197
15103
14122
14795
15167
15347
15372
15068
15304
15388
15314
15406
15394
14806
13901
13943
13941
13930
14163
14477
13874
13902
13932
13926
13584
13908
13762
13903
13743
13511
13310
12988
13344
13385
13680
13735
14123
13578
13848
14064
13850
13633
13909
13907
13856
13906
14100
14801
14311
13447
15224
13439
13735
14139
14118
13704
13817
13731
13568
13329
13021
13195
13161
13138
13104
13144
13176
13049
13319
12973
13152
13724
13576
13453
13979
13620
13744
13303
13770
13321
13632
13599
13677
13462
13531
13523
13758
13419
13477
13584
13163
13366
13489
13629
13788
14005
13739
13766
14398
14387
14348
14368
14554
14416
14286
14514
14059
14376
14330
14689
15077
15156
15102
15000
15162
15164
15279
15190
15144
15481
15454
15384
15057
15164
15844
15267
15257
16289
16236
15580
16023
15421
15936
15651
15928
15431
15863
15635
15553
15762
15771
16025
16596
15968
16244
15673
15926
15474
15552
15408
15384
15660
15353
15113
14991
15406
15296
14903
15137
15009
14857
15165
15272
15316
14847
15442
15178
15089
14976
15060
15142
15116
15142
14918
14960
15045
15320
14880
14827
15468
14993
15294
15030
15035
14728
15402
15594
15447
15274
15307
15729
15327
15600
15594
15775
15671
16065
15636
15206
15327
15432
14988
15405
14886
14795
14692
14258
14287
14443
14204
14287
14476
14211
14612
14790
14569
14480
13810
14268
13721
14198
13967
13739
13680
13437
13028
13042
12746
12972
12789
12667
12634
12728
12820
12577
13087
12931
12910
12765
12752
12707
12921
12949
12781
12885
12549
12669
12422
12342
13008
13053
12975
13157
12845
13132
12908
13838
13105
12929
13351
13384
13148
13101
13136
13925
13330
13526
13648
13788
13782
14204
14052
13958
14921
14248
13926
14106
14278
14402
13784
14252
14265
14495
14370
14354
13901
13880
14321
14065
14174
14280
14222
14482
14368
14477
14719
14483
14488
14688
14418
14794
15441
14692
14918
15142
14934
15018
14909
15101
14438
14814
15643
14702
14451
14557
14462
14680
15282
14200
14480
14442
14401
14481
14509
14042
15002
14968
14903
14600
15089
15418
16010
15672
15507
15873
15585
15812
16232
16216
16168
16850
16705
16476
16224
16290
16680
16631
15849
15660
15177
15447
15420
15913
16250
15780
15786
15735
15989
15842
15108
14378
14944
14715
14605
14960
15037
14848
14730
15176
15260
14922
15299
14819
14940
14970
15045
14590
14813
14869
18716
30496
28535
14549
15598
14870
14858
15183
14868
15228
15003
15226
15157
15062
14994
14760
15308
15355
15256
14792
14831
15286
14721
15453
15175
14924
14780
14974
14969
14746
14620
15257
15170
14863
14818
14974
14774
14745
14404
14562
14468
14751
14712
14656
14646
14989
14711
14755
14804
18821
15032
15027
14966
15029
14917
14965
15005
14963
15024
15484
15311
14561
14820
15053
14500
14082
14254
14217
14033
14070
14446
13947
14322
14411
13961
14283
14377
14408
14218
14588
14619
14304
14424
14548
14289
14396
13993
14093
15068
13814
13921
13948
13710
14137
14362
13537
13918
13744
13991
13929
14483
13911
13558
13328
13579
13564
13670
13418
13483
13548
13345
13675
13645
13619
13570
13417
13571
13348
13449
13367
13263
13726
13663
13831
13351
13490
13493
13322
13844
13642
13495
13249
13608
13126
13383
13836
13996
13947
13842
13600
13898
13887
13791
14092
14028
14296
13901
13716
13783
14046
13593
13583
13906
14317
14471
15730
15727
15719
15653
14940
14668
14395
13846
13928
14557
14341
13844
14249
13901
13894
14246
14204
13319
13406
13603
13573
13353
13385
13572
13644
13567
13283
13533
13430
13095
13243
13203
13261
13429
13070
13373
13772
13520
13501
13631
13739
13971
13003
13170
13037
13386
13043
13105
13007
13683
13022
13732
13179
13708
12806
12771
12666
12864
12624
12861
12403
12501
12793
12677
13646
12892
12558
12533
12919
12756
12515
12276
12183
12227
12444
12594
12681
12539
12439
12910
12517
12373
12467
12330
12480
12241
12594
12402
12099
12381
12767
12265
13625
16370
16233
16230
16000
16152
15992
16116
15627
12015
12060
11922
12105
12283
12118
12212
12050
11911
12012
11886
11933
11801
12001
12306
12007
12246
11749
11968
12089
12183
11763
12112
11932
12311
12242
12102
12122
12048
12277
12131
12030
12129
12088
12065
12037
12054
12013
12263
11824
11955
11850
12169
12092
11975
11797
12071
11763
11756
11893
11975
11812
12135
11809
12060
12204
11993
11749
11821
12061
12248
12628
13333
12696
13956
14233
14694
14331
14333
14508
14452
14612
14907
14598
15685
15045
14825
14751
14884
15060
14869
14711
14790
15004
14880
14836
14729
14732
14757
14553
14853
14878
14803
15056
16660
14867
14785
15362
14719
14462
14541
14846
14870
14686
14897
14887
15077
14767
16638
14997
15217
15267
15228
15125
15238
15228
15332
15154
15137
15694
15069
14859
14471
14145
13771
13497
13091
13178
13120
12918
12902
13063
13069
12553
12874
12789
12819
12605
12942
12757
12550
12834
12775
12755
12642
12706
12758
12950
12371
12651
12561
12329
12647
12694
12604
12246
12198
12185
12224
12612
12342
12339
12308
12568
12229
12496
12273
12227
12496
12422
12457
12723
12883
12968
13196
13198
13050
13370
13479
13410
13550
13521
13671
13583
13687
13877
13776
14297
13584
13881
13517
13948
13688
13598
14561
13488
13513
13393
13428
13476
13312
13617
13509
13674
13421
13792
13711
13619
13935
13988
14243
13966
14380
13921
14191
14352
14459
14481
14651
14501
14457
14944
14485
14546
14660
14291
14195
14433
14098
14257
14300
14179
14345
13757
13862
13370
13997
13654
13613
13864
13857
13512
13898
13422
13512
13613
13950
13967
14119
13957
13734
14074
13782
13827
14005
14810
13807
14137
14244
14380
14464
14391
14736
14062
15267
14013
14259
14139
14222
14748
13837
13757
14048
13558
13630
13668
13752
13860
13612
13650
13606
13872
14030
14042
13921
13691
13869
14184
13866
15075
15064
14082
14149
14345
13946
14188
13900
14325
14101
14100
14213
14180
14705
14389
14301
14259
14209
14065
13906
14130
14405
14084
14176
13998
14021
14121
13876
14086
13923
13574
14009
13773
13766
13981
14241
14546
13788
13974
13970
13814
14106
14125
13777
13808
13878
14332
13885
14026
14233
14424
13765
14006
14028
14036
14253
14227
15855
16221
15949
14643
15069
14229
14709
17872
16949
14000
13747
13582
13873
14134
14077
14218
14265
14449
14215
14327
14236
14034
14524
14139
14201
13892
14346
14323
14121
14155
14041
14012
13832
14026
13976
13959
13678
13917
14061
13572
13751
14083
13919
13723
13774
13797
13705
14055
13806
14474
14151
14388
14248
14143
14036
13915
13949
13997
13869
14532
14012
14119
13939
13931
14419
14113
16382
14175
14228
14314
13982
13952
14238
14175
14022
13907
13794
13937
13904
14165
15117
14099
13782
14363
14043
13740
13823
13928
14123
14353
13895
13970
13777
13896
14087
13870
14311
14010
14079
13853
13829
14081
13906
14141
13849
13975
13916
13887
14025
13726
13998
13950
14025
13836
14096
14124
13985
14215
14154
14639
14059
13994
14433
13958
14082
14128
14090
14193
14452
14214
14387
15099
14210
14223
14264
14435
14648
14519
14556
14381
14368
15540
14575
14757
14896
14890
15644
14374
14848
14965
14815
14400
14633
14676
14768
14520
14656
14595
14311
14768
14651
14296
14158
14279
14480
14554
14431
14216
14104
14258
14157
14052
15265
16542
16498
14088
13789
14112
14224
15058
14101
14012
14207
13942
13660
14096
13939
14013
13957
14306
14062
13974
13929
14497
14015
14080
13788
13639
14146
13981
13630
13641
14567
14303
13703
14336
13868
13996
13617
13971
14572
16043
15366
15319
15820
15633
16402
18975
20166
17818
17630
14559
14742
14670
13404
13580
13800
13897
13768
14011
13872
13507
13920
13826
13986
14131
14157
14222
14154
14474
16009
14127
14274
14148
14439
14583
14724
14341
14240
14387
14284
14352
14354
14261
14360
14196
14061
14094
14346
14393
14527
14476
14772
14195
14093
15134
14318
14798
13971
14099
14524
14593
15084
14211
14174
14495
14468
15232
14500
14244
14692
13709
14607
14308
14308
14789
14129
15175
13713
13965
14827
14306
13940
14330
14399
14033
14188
14295
14401
14320
14715
14220
14022
14103
14192
14055
14042
14269
14021
13780
14191
14181
13954
14133
14410
14139
13957
13939
13924
13664
13415
13644
13814
13946
14342
14214
13562
13915
13806
14054
13514
13806
14017
13604
13767
14027
13635
14210
13739
13646
13742
14659
13642
13646
13789
14042
13835
14063
13892
14366
14383
14008
13872
14255
13907
14161
14070
14386
14392
14500
15429
14287
14652
14156
14192
14194
14871
14324
14327
14300
13932
13987
13936
14325
14307
14131
14391
14332
14234
14206
14266
14448
14095
14406
14320
14348
14266
14444
14402
14204
14390
14339
14281
14052
14573
14295
14179
14609
14790
14234
14680
14669
14739
14023
14506
14618
14392
14223
14179
14270
14115
14275
14638
14407
13929
14336
13933
14356
14204
14170
14325
14050
14688
14409
14522
14502
14303
14528
14490
14428
14269
14167
14288
14574
14958
14724
14415
14834
15912
14402
14304
14830
14120
14496
14333
13897
14714
14690
14601
14687
14762
14841
14488
14581
14566
14735
14535
14528
14553
14698
14594
14431
14230
14574
14282
14513
14343
14169
14320
14592
14880
14694
14569
14376
14402
14013
13979
14322
14230
14134
13760
14333
14095
13972
14171
14270
14103
13747
14045
14104
14291
14123
14190
14418
14140
15057
14543
14641
14055
14216
14049
14581
14571
14411
14607
14755
14824
14544
14820
14886
14363
14426
14869
14351
14623
14186
14344
14336
14495
14118
14673
14459
14231
14417
14374
14256
14444
14600
14452
14398
14079
14309
14530
14167
14530
14412
14189
14386
14709
14207
14202
14009
14352
14515
13902
14575
14526
14324
14546
14576
14206
14709
14691
15097
14841
15133
14871
14935
14838
14915
16402
14316
14661
15052
14573
14797
14992
14626
14698
15057
14475
14827
14872
14982
15131
15139
15024
15044
15878
19050
19234
19255
18294
15287
14910
14951
15094
15611
15526
15120
15119
15435
14686
15358
14850
15340
15001
15037
15099
15057
14824
15236
16263
16973
17833
17041
16937
16074
16724
17521
15188
15200
16516
15657
14837
15095
14756
14779
15121
14868
15033
14886
15232
14943
15443
15282
14934
14969
15088
15141
14872
14830
15075
15122
14940
14827
15078
15138
15071
15102
14750
14963
15007
14737
14705
15045
14929
14838
14595
14624
14670
14778
14403
14110
14818
14595
14476
14353
14666
14416
14393
14862
14667
14546
14938
15141
14747
14446
14454
14635
14051
14314
14156
14538
14912
14904
14760
14111
14270
14624
14120
14492
14782
13375
13826
13779
13714
13482
14022
13821
13675
13731
14026
14121
13651
14159
13984
14239
13774
14205
14023
13768
13630
13693
14088
13768
13619
14204
13767
13638
13351
13785
13143
13384
13615
14022
13899
14179
14133
14945
14625
14092
15292
14097
13928
13850
14556
14052
13841
13781
13850
13757
13928
14009
14334
14373
14288
14441
14013
13425
13661
13869
13684
13223
13315
13721
13407
13621
14319
13714
13872
14100
13949
13917
13791
13888
13973
14136
14285
14446
13943
14318
14215
14007
13715
13884
13973
14020
14180
13758
13561
13789
13583
13329
13587
13531
13579
13588
13441
13542
13562
13460
13572
13607
13513
13026
13266
13502
13347
14050
14808
15521
15245
15390
15481
15449
15557
15600
14748
13386
13581
13151
13197
13235
13545
13533
13202
13777
13560
14460
13372
13772
13626
13526
13528
13694
13840
13736
14208
14053
13500
14089
13984
13681
13826
13758
13665
13403
13633
14205
13829
13769
13910
13567
14023
13869
13866
13963
13953
13940
13868
14391
14428
14297
14309
13845
14074
14007
13907
13943
13972
13969
14021
13968
14350
13879
13934
14630
14244
14290
14389
14388
13969
13942
14342
14097
14291
14257
14049
14269
14104
14455
13984
14259
14180
13783
14436
14574
14610
14212
14853
14499
14272
14325
14160
14319
14003
14349
13963
14035
14440
14270
14519
14101
14374
14822
14100
14339
14090
14357
13941
14432
14085
14275
14833
13891
14151
16539
17746
17149
16958
17660
17802
17645
17582
17893
18132
17531
18119
17374
16774
17922
17118
17484
17387
17260
17195
16513
15499
14172
14629
14346
14490
15535
15653
15417
15786
15744
15555
15196
15608
15450
15533
15343
15414
15524
15614
15532
15829
15426
15812
15447
15904
16013
15595
16179
15095
14215
14149
14315
14846
14109
14288
14361
14205
14558
14190
14429
14455
14186
14233
14218
14173
14240
14026
14519
13987
14218
13983
14349
14088
13863
14314
14279
14122
14172
14166
14896
14522
14237
14747
14678
14483
14550
15003
14585
14624
14762
14449
14322
14593
14629
14371
14210
13903
14169
14194
14184
14330
14217
14109
14287
15112
14107
14388
14194
13901
14132
14158
13861
14006
13829
13686
13658
13987
14153
13795
14165
13853
14091
13854
14026
14162
13969
14286
14383
14124
14363
14342
14134
14085
13739
13905
13678
13588
13779
13692
13808
13917
15369
17359
17574
17629
17597
17442
17651
17846
16779
13659
13542
13552
13642
14140
14037
13906
14212
13846
13620
13732
13781
13728
13803
13619
13873
13720
13303
13722
13958
14321
13577
13773
13624
13546
13584
13544
13321
13184
13527
13226
13370
13617
13341
13422
13621
13598
13477
13296
13550
21522
14773
14234
13501
13724
13685
13599
14122
13883
13224
13494
13465
14635
13698
13922
14058
14087
14099
13750
14101
13983
14022
14080
13972
13917
13897
13904
13692
13915
14077
13819
14019
14139
14021
14320
14483
13953
14831
14603
14604
14118
14701
14165
14173
14447
14360
14628
14161
14457
12699
14330
14730
14287
14244
14087
14098
14211
14283
13913
13903
13657
14107
14062
13848
13728
14115
13883
13994
14008
14034
13953
13755
13803
14085
13867
13792
14275
14241
14024
14540
13678
13579
13908
14240
13808
14118
13976
14050
13762
13679
13771
13983
13871
13821
13840
13889
13693
13587
13645
14009
13533
13654
13647
13660
14790
14859
13920
13821
13886
13854
13826
13444
13652
14098
14037
13602
14104
13687
13940
13673
13800
13964
13659
13758
14023
13648
13780
13831
13681
13614
13455
13806
13486
13453
13329
13457
13777
14386
13869
13833
14042
13741
13714
13530
13732
13668
13506
13388
13603
13406
13905
13905
13651
13788
14191
14318
14177
13843
14466
13593
13867
14518
14451
14020
14260
14146
14398
14009
14618
15125
14336
14123
14085
14086
13881
14078
13877
14260
14409
14234
13791
13723
14081
14113
14083
14421
14276
14312
14156
13947
13927
14082
13913
13723
13820
14114
14374
14295
14124
14295
14274
14451
14331
14583
14474
14002
14436
14405
14272
14417
14411
14330
14729
14293
15399
15056
14207
14173
14198
13842
14187
13737
13608
13713
13821
13182
13450
13549
13862
13928
13792
14313
13944
14073
13635
14155
13811
13658
13723
13592
13588
13910
13910
13652
13852
15794
14417
14092
14554
14473
14408
14340
14321
14076
14318
14066
14720
14140
14475
14475
14352
15206
14874
15025
14887
14768
15003
14669
14770
14426
14544
14775
14744
14670
14739
14794
15205
14966
14872
15448
15207
14960
14792
15224
15342
15258
15258
15264
15363
15178
14772
14870
15194
14683
14904
15243
15152
15338
15122
15227
14959
14677
14572
14543
14546
14389
14528
14492
14706
14739
15359
14949
14943
14980
15253
15547
15986
15612
15463
15289
15666
15663
15825
15974
15619
15543
15450
15262
15316
15789
14884
15146
15182
14574
14665
15107
15327
14629
14843
14462
14538
14946
15112
14740
15123
15462
16123
15142
15055
15372
14980
15014
14738
14627
15186
14815
14954
16005
14622
14604
14660
14827
14564
14683
15078
14869
14849
15161
14708
15248
14967
15140
14821
15140
14964
14845
14993
15181
15319
15236
15429
15151
15237
14934
15024
15023
15052
15171
15676
15280
15290
15459
15607
15283
15459
15430
15599
15845
16298
15788
15781
16103
16027
15965
15771
16861
15798
16341
15507
16046
15611
16229
15625
15920
15547
15770
15461
16380
15546
15689
15257
15368
15137
15467
14982
15631
15084
15610
14828
15328
15358
15521
15181
15168
15654
15249
15372
15407
15476
14929
15229
14929
14894
14925
14996
14963
15182
15138
15130
14850
14932
14757
14782
14925
15236
15294
15270
16065
15724
15433
15249
16530
15220
15652
15306
15547
15459
15488
15213
15429
16175
15484
15674
15780
15597
15272
15492
15708
15536
15966
15761
17368
19257
19287
18647
17555
15301
16169
16599
15953
16568
16509
16499
16585
16574
16392
16367
17282
16200
16045
16330
16159
15831
16443
16223
16042
16062
15981
16037
16129
15971
16156
15853
15661
15937
15912
16403
16136
15986
16297
16156
16481
16285
16320
16274
16297
16233
16445
16260
16347
16821
16485
16363
16103
16427
16277
16636
16650
16495
16980
17266
17083
16949
16630
16639
16900
16798
16490
16519
16745
16740
16774
16804
16770
16585
16878
17187
16591
16802
16767
16977
16765
16445
16745
17298
18900
17829
19235
16320
16116
16413
16487
16637
16517
16526
16997
16636
17019
16761
16685
16672
16381
15424
19913
19880
20218
19121
16926
15926
16236
15952
16494
16841
16746
16911
16854
16786
20074
20165
20758
21882
24537
23781
23991
23574
23585
23396
23702
22884
19244
18557
18985
18339
18862
18700
19540
18478
17033
15460
15667
15697
15646
16185
16441
15957
15781
15984
15331
15555
15695
15611
15660
15191
15700
15403
15452
15628
14801
14950
15224
15375
14908
14772
15022
15014
15542
14845
15527
14974
14880
14919
15309
15000
15240
15429
15345
15625
15295
15594
15341
17728
18028
17516
17578
17647
17345
17111
17158
16532
16825
15591
16402
15521
15811
15808
16715
17330
18459
18318
18068
18032
18339
18835
18152
17106
16205
16267
15893
16002
16088
15811
16361
16271
16214
15854
16079
15936
16058
15957
15630
16470
15780
15698
15791
16221
16286
16482
16605
16254
16497
16237
15565
15976
15804
15858
15610
15553
15350
14663
15215
15015
14752
14937
14874
14800
15020
14755
15502
14982
14820
14650
14572
14934
14711
14698
15150
15045
15049
14883
15153
15298
15036
15206
14799
14826
15088
14700
14797
14782
14740
14724
14777
14830
14594
14485
14565
14827
14391
14624
14839
14928
14540
14464
14256
14625
14456
14511
14200
14662
14701
14501
14866
15333
15718
15697
16154
16045
15752
15753
15916
15894
16000
15569
15879
15743
15973
16135
16180
15783
15767
16717
16282
16356
16928
16122
15894
15549
14674
14996
15215
14671
14681
14368
14962
14779
15087
14809
14817
14896
14817
14880
14927
14927
14777
14729
14649
14693
14531
14575
14587
14388
14874
14580
14482
14666
14460
14880
14646
15034
14933
15056
14686
14701
15383
14516
15023
15305
14629
14863
14484
14948
14420
14757
14652
14267
14475
14740
14482
14555
14606
14641
14427
14173
14066
14302
14068
14454
14412
14394
14482
14678
14632
13953
14356
14534
14101
14431
14266
14360
14411
14054
13922
13936
14043
14310
14114
14235
14175
13963
14143
14303
14118
14399
14064
14323
14578
14152
14042
14063
14342
13967
14053
14546
14131
14129
14211
14399
14248
14197
14561
14142
15241
14043
14124
14011
14032
14529
14067
14058
14330
13821
13945
14029
14008
13872
14083
13952
13886
13789
13861
13923
13676
13669
14061
13862
13527
14349
14011
13922
14044
13729
13862
14218
13551
13770
13622
13780
14072
14061
13662
13933
13976
13981
13925
13778
13835
13769
14229
13877
13678
13900
14019
15060
14984
13657
14042
14220
13979
13692
14043
13831
14399
14054
14063
13851
14153
13866
13951
13700
14381
13655
14596
13594
13991
13565
13898
13421
13610
13660
13860
13749
13459
13814
13386
13533
13485
13736
13601
13676
13817
13752
13605
13521
13641
13430
13678
13319
13769
13754
13723
13888
13768
13690
13888
13984
13950
14203
13931
13824
13729
13753
14069
14213
14084
14242
14203
13586
14259
14276
13732
14108
14018
14415
13785
14029
14218
15181
14190
14150
14163
13752
14180
14040
14984
14049
14390
14071
14101
14039
14244
13966
14099
14097
13945
14021
13835
13998
13512
13827
13672
13959
13842
14301
13900
13893
13928
14096
13893
13980
13736
13844
13790
14070
13906
13967
13865
14123
14084
14112
14083
14231
14171
14359
14163
14147
14041
14347
13933
14088
13890
14528
13919
14021
13886
13948
14036
14015
13828
14264
14047
14757
14225
14497
13816
14140
14094
14300
14397
14463
14290
13862
14141
14189
14128
14377
13857
13693
14016
14017
14174
14028
14386
14162
14110
13995
13872
14367
13817
14460
14013
13737
13513
14035
13708
13429
13585
14066
13659
13871
13783
13974
13504
14050
14728
14062
13452
14664
13846
14521
13682
13751
13743
13944
14046
13965
14021
13753
13829
13679
13731
14115
13539
13422
13628
13717
13547
13736
13675
14005
13545
13857
14003
13730
14177
13952
13468
13993
15096
13734
13695
13938
13696
13744
13573
13706
13485
13531
13570
13522
13541
13917
14075
14092
13974
14485
13690
13794
13971
16885
24316
17716
14198
13929
13670
13624
13965
14182
14009
14105
14198
13913
14084
13973
14162
14099
13867
14247
13774
13931
14141
14299
13936
13777
14046
13878
14017
13946
14252
14505
14103
14130
13935
13892
15498
14336
14690
14155
14468
14491
14394
14447
14559
14359
14214
14455
14465
14581
14312
14686
14165
14491
14126
14415
14325
14443
14334
14363
14335
14426
14393
14410
14518
14489
14664
14378
14644
15025
14430
14268
14916
14276
14195
14277
14088
14253
14318
14413
14171
14002
14049
14410
14279
14305
14245
14517
14143
14538
14224
14460
14207
14254
13911
13925
14498
14573
14011
14013
15242
13859
14432
14432
14561
14115
14291
14663
14336
14538
14289
14410
14377
14240
14186
14338
14364
14291
14062
14057
14026
14195
14244
14113
15243
14157
13991
14445
14142
14817
14350
14536
14693
14405
14514
14416
14566
14440
14691
14469
14251
14221
13951
13734
13877
13695
13670
14313
13865
13809
29713
32214
24603
28233
31979
25201
14116
13833
13842
25674
29436
26324
13641
13720
14052
13525
13322
13537
13754
13721
14985
13649
13371
14944
14076
13639
13530
13533
13777
13672
13300
13294
13125
13027
13262
13331
13621
13276
13649
13128
13613
13642
13574
13576
13192
13855
13197
13485
13421
13418
13893
14194
13985
13592
13798
13664
13455
13490
13479
13847
13895
13806
13990
13443
13297
13840
14039
13626
13706
13406
12966
13166
13011
13298
13807
13235
13683
13287
13241
13111
13493
13139
13458
13263
13083
13083
13676
13553
13253
13519
13538
13778
13445
13797
13167
13600
13711
13357
13362
13806
13637
13727
13408
13493
13618
13457
13461
13550
13612
14217
13312
13468
13306
13294
13415
13100
13225
13555
13291
13101
12925
13339
13315
13078
13966
14322
12938
13303
13165
13303
13660
13359
13637
13304
13395
13322
13320
14327
13198
13213
12905
13257
13228
13373
13469
13283
13543
13225
13631
13240
13171
13278
13235
13394
13183
13029
13425
13668
12978
13254
12958
12908
12953
13388
12920
13032
13355
13029
13273
13175
13194
13348
13237
13051
13412
13261
15168
17782
18488
17573
15349
13646
13473
13652
13681
14067
13679
13504
13469
13376
13225
13301
13344
13203
13439
13332
13571
13209
13658
13277
13474
13543
13370
13398
13269
13350
13543
13234
13648
13396
13388
13067
13136
13353
13188
13030
13270
13360
13080
15700
16934
17090
17171
17408
17911
17730
17382
15764
13350
13494
13441
13726
13347
13603
13456
13342
13131
13944
13428
13273
12927
13376
13128
13064
13112
13189
13162
13067
13350
13339
13845
13625
13649
13727
13826
13668
13789
13367
13647
13521
13765
13702
13622
13706
13822
13952
13937
14155
13964
13759
13726
13921
13845
14071
13916
13833
13781
13976
13967
14232
13861
13837
13916
13769
13710
14310
14334
14171
14242
14132
14189
14106
14171
14397
14199
13943
14091
13928
14240
13887
14483
13886
14002
14015
14004
13822
13931
13936
13742
13505
13643
14131
13964
13805
13665
13601
13619
13762
13652
13739
14060
13788
13867
14029
13925
13891
13662
13871
13881
13863
14002
13904
13971
14207
13879
13946
13997
14546
14039
14090
13959
14167
14195
14378
14035
14294
13954
14223
13838
14067
14206
14283
14536
14657
16013
14441
14716
15038
15581
15694
15661
16285
15338
15571
15278
15854
16074
15781
15373
15141
14806
14671
14657
15020
14855
14759
15017
15149
14832
15054
16135
15221
15172
15233
15655
14960
15238
15430
15451
15194
15494
15673
15323
15694
15659
15565
15435
15476
15191
15310
15129
15766
15185
15883
15322
15521
15491
15473
15847
15666
15251
15471
15691
15876
15658
15529
15853
15623
16325
15918
15629
15579
15843
15558
15864
15583
15391
14687
14995
14960
15283
15159
15033
15191
16432
15383
15465
15227
15767
15776
15752
15403
15588
15413
15530
15156
14987
15173
15034
15061
15042
15236
14383
14582
14762
14455
14534
14398
14544
14480
14171
14369
14457
14417
14806
14828
14812
14586
14911
15210
15149
15578
15082
14627
14213
14611
14668
14630
14488
14420
14151
14250
14589
14072
14367
14609
17017
13130
13427
13171
13096
13298
13554
13497
13650
13715
14008
13865
13727
14262
14247
14099
13769
13706
13890
13735
14113
13943
13733
14017
13860
13725
13652
14042
14469
13924
13603
13784
13974
13902
13914
13903
14021
13742
13943
14348
14106
14265
14018
14035
14152
14070
13892
14234
14316
14038
14217
15409
15777
15676
15706
16117
16129
15571
15562
15847
15487
15789
15629
15484
15553
15782
15831
15799
15670
15737
15541
15857
15349
17745
19018
17933
18218
17226
13934
13874
13789
13483
13808
14084
13528
13491
13518
13615
13710
14130
14183
13860
13645
13907
14197
14257
14500
14004
14417
14267
14128
14269
14223
14542
13978
14181
13919
13970
13950
13814
13692
13923
13823
13763
13737
13637
13775
13834
13913
13836
13818
13977
13921
14038
14373
14503
14479
14591
14292
14352
14287
14408
14847
14375
14332
14491
14435
14451
14265
14393
14500
14208
14471
14337
14371
14206
14402
14171
14481
14932
14737
14408
14441
14193
14275
14057
14050
14355
14269
14537
15067
13991
13855
14113
14100
13850
14022
13967
14478
14160
14014
14586
14245
14252
14268
14130
14262
14352
13971
14072
14104
14399
14583
14473
14572
14644
14286
14592
14469
14576
14452
14723
14886
14457
14446
14218
14716
14285
14559
14496
14204
14381
14587
14831
15208
15540
15438
14727
15353
14921
15249
15106
15139
15078
14764
14884
14793
15005
15169
15283
15137
14559
14702
14545
14558
14385
14572
14641
14260
14593
14530
14986
15212
15343
15463
15475
15389
15232
15113
15287
15164
15125
14994
15108
14862
14941
14933
14838
15100
14663
15030
15331
14987
15054
14959
15161
15269
15112
15544
15121
15195
15486
15581
15205
15480
15292
15483
15329
15394
15686
15754
15328
15610
15486
15402
15269
15620
15525
15509
15454
15747
15804
15653
15612
15361
15518
15505
15254
15593
15537
15594
15300
15578
15681
15520
15295
15490
15406
15130
15282
15922
15423
15373
15527
15638
15829
15706
15910
15763
15490
15592
15723
15379
15734
15749
15653
15477
15422
15847
15539
15654
15817
15500
15444
15333
15176
15101
15584
15433
15341
15621
15518
15582
15660
15335
15677
15356
15279
15243
15524
15748
15617
15787
15883
15554
15667
15711
15666
15999
15765
15729
15568
15177
15367
15032
15442
15127
14730
15121
14943
14793
14907
14595
14966
14475
14489
14393
14518
14445
14421
14596
14635
14385
14398
15125
14211
14372
14383
14350
14252
14447
14337
14476
14330
14568
14258
14331
14369
14403
14248
13978
13953
13909
14001
14101
14205
14226
14204
13964
14199
14114
15073
14241
13818
13962
13953
13996
13827
14103
14026
13674
14231
14155
14590
14541
14812
14388
14525
14596
14628
14851
14692
15182
15073
15147
19012
19032
18799
19253
19141
19163
18700
18808
15654
14734
14819
14665
14766
14827
14862
15291
14596
14655
15097
14785
15191
14728
14559
15043
14439
14717
14602
14743
15038
15247
15141
14735
14868
14743
14680
14787
15414
14854
14562
15470
14902
14949
15019
15083
14885
14480
14881
15015
14739
14567
14764
14663
14758
15155
14610
14591
14928
14951
15391
15433
15370
15194
15464
15634
15356
15140
15205
15300
15530
15204
15186
15131
16071
15357
15045
15424
15246
15584
15451
15600
15271
15503
15230
15264
15204
15785
15599
15447
15428
15192
15088
15442
15233
15417
15274
15119
15161
15321
15472
15157
15206
15266
15441
15407
15040
15343
14988
14969
15588
15287
15182
14910
15202
15273
15441
15216
15213
15323
15626
15390
15316
14837
15084
15019
14878
15028
15638
14910
14744
14976
15195
14633
14688
14722
14876
14939
14562
14883
16046
15163
15077
15386
15269
15167
15341
15247
15517
15267
14900
15149
15351
15574
15288
15357
15301
15016
15103
15609
15274
15478
15328
15298
15384
15859
15300
15838
16367
17939
18155
17469
17497
17848
17681
16641
15079
15168
15563
14953
15061
16004
16203
15448
16362
16838
15857
15388
14384
14939
14524
14752
14877
14554
14909
15275
15884
15280
15105
15308
15504
15439
15103
15029
15476
15509
16837
14645
15128
15007
14735
14700
14556
14522
14624
14914
14603
14806
14722
14577
14677
14543
14569
14974
14899
14543
14649
14750
14452
14605
14528
14734
14446
14689
14782
14989
15155
14910
15532
15438
14784
15351
14790
14657
14961
14904
14713
14626
14601
14502
14452
14745
14818
14774
14708
14670
14485
14403
13899
14063
14695
14069
14114
14268
14070
14172
14075
14121
14120
14206
14421
13955
14300
14715
14988
15124
15032
14598
14784
14914
15058
14909
15328
14927
14990
14915
14992
14732
14420
14647
14827
15031
14903
14784
14934
14734
15006
15350
15587
16094
15804
15634
15719
16126
16980
15960
15641
15885
15472
15457
15486
15566
15754
15389
15852
15782
15701
16215
15960
16106
16306
16071
16167
15790
16714
15651
15612
15599
15686
15779
15652
15384
15097
15286
15294
17372
18629
18001
17962
18004
18061
18413
17752
17548
17541
17410
17740
17920
17742
17660
18071
17436
18092
18078
18137
17702
16233
15052
14977
15018
14938
14958
15131
15267
15670
15483
15485
15508
15607
15130
15507
15116
15161
15304
15209
14974
15444
16026
15197
15239
16036
16280
15970
15598
16473
16328
16251
15806
16319
15932
15788
15411
15666
15786
15686
16768
15991
15781
16499
16074
16265
15968
15682
15246
15446
16151
15589
16010
16101
16482
16445
16340
16397
16636
17159
16837
16778
16380
16124
15907
15998
16094
15980
16092
15589
16426
16115
16133
16811
16361
16312
15989
16341
16524
16214
18015
16337
16770
16479
16449
16238
16769
16517
17472
17001
16949
16578
16328
16488
16364
16722
16803
16702
16066
16466
16057
16076
18443
20157
20158
20059
20146
20164
19923
19864
18523
15964
16481
15843
16204
15997
17013
16189
16128
16165
16162
16056
16141
16062
15951
15641
15557
15760
15784
15813
15625
16559
15502
15456
15621
15592
17629
15254
15619
15466
15399
15590
15079
15211
15464
15514
15257
15641
15373
15264
15369
15359
15421
15426
15252
15391
15516
15384
15560
15688
15741
15324
15050
15073
15111
15337
15058
15069
15051
14823
14960
14232
14534
14206
14474
14581
14273
14397
14356
14388
14447
14556
14788
15523
15176
15945
15849
15802
18530
16773
15741
17720
16653
15411
16144
16339
16470
17685
16156
16210
15707
15879
15797
15008
14891
15362
14989
14349
14560
14411
14603
15032
15059
14773
15456
15505
15521
15127
15344
15119
15171
15174
14794
14698
14499
14790
14533
14830
14641
14891
14740
14683
14893
15021
14795
15077
15174
15226
15087
15128
15106
14962
15201
15779
15333
15324
15202
15260
15607
15631
15550
16181
15232
15598
14954
15130
15951
15340
15281
15517
15465
15924
15637
15594
15882
15628
15406
15635
15498
15670
15093
15582
15072
15167
15514
15932
17913
19945
22042
23726
23716
26417
25454
19671
29426
25399
20179
33326
24269
19183
24991
20064
15077
22687
17638
14420
18816
14840
14463
14368
14641
14668
14953
15243
15130
15694
15459
15398
15197
15487
15478
15387
15358
14851
14324
14855
14665
14754
14442
14413
14526
14576
14238
14241
14552
14018
13793
13924
13520
13842
14080
13800
13919
13874
13896
13600
13737
13960
13705
13744
13832
13742
13847
13729
13849
13378
13861
13812
13430
13695
18351
22567
15539
13712
13169
13776
13855
13645
13799
13613
13580
13579
13757
13684
13689
13928
13967
13531
13652
13636
13958
13827
14197
14237
14103
14467
14245
14686
14431
14662
15304
15307
15005
15082
14585
15006
14770
14910
14646
15472
15848
14784
14733
15165
14574
14477
14382
14545
14324
14528
14814
14749
14579
14553
14627
14566
14554
14514
14801
14355
14777
14698
14656
14277
14535
14275
14500
14535
14109
13661
13922
13809
14039
13619
13711
14123
13896
13745
14066
13892
13980
13759
13864
13191
13432
13200
13706
13352
13756
13323
13397
12685
13744
13438
13154
13370
13531
13144
12992
13244
13229
13326
13260
13263
13205
13488
13229
12993
13434
13698
13530
13678
13541
13851
13722
13729
13576
13566
13728
13712
13917
13851
13787
13636
13746
13410
14039
13724
13575
13486
13465
13783
13476
13235
13733
13709
13419
13607
13755
13168
13855
13733
14125
13928
13961
13377
13523
13251
13601
13607
13656
13924
13708
14082
13731
13483
14615
13924
13757
13700
13974
14117
14315
14119
14121
14284
14227
13971
14096
14065
14910
13973
14241
14134
15589
15988
16295
16396
15764
15822
16309
16135
15961
16065
15881
16249
16105
16404
15949
15923
15220
13864
14440
13720
13919
13936
13905
14385
14138
13928
13997
14323
14455
15154
14346
14179
14230
14130
14021
14041
13916
14421
13947
13930
13807
14146
14098
14279
14074
13885
14044
14041
14102
14203
14191
14141
13841
13694
13639
14110
14065
14052
14471
14466
14498
14363
14177
13976
14106
14251
14901
15091
15629
15523
15689
15042
15149
15622
15113
15338
15082
14668
15493
15045
14914
14770
15140
15139
14579
14809
15373
15080
15261
14701
15175
15021
15301
14908
15432
15245
15331
15630
15914
15578
15821
16101
15937
16231
15904
16637
15977
15945
15598
16098
17528
15791
15474
15918
16084
16135
16478
16013
16063
16143
15747
15766
16212
16052
15309
16002
15904
16017
16285
15909
15841
16146
15947
16408
16411
16882
16599
16306
16476
16244
16462
16627
16151
16002
16646
16612
17508
18130
17624
17261
17280
17341
17316
16606
16892
17036
17265
16385
16331
16082
15839
15937
16768
16001
16102
16102
16253
16457
16148
15974
15933
16350
15992
16194
16002
16377
16205
16355
16254
17104
16924
16706
16801
16452
16499
16193
16035
16220
16456
16603
16411
16044
16607
16592
16385
16599
16335
16204
16368
16224
15967
16643
16604
18061
16649
16684
17425
16457
16181
16744
16456
16413
16354
16483
16172
24447
25344
16315
16488
15425
15513
15659
15494
15409
15426
15587
15510
15665
15361
15403
15944
16166
16224
15859
15682
16130
16227
16038
15455
15412
15193
15259
15245
15305
15199
15426
15499
15511
15720
15487
15719
15316
15605
15796
16218
16215
16813
17230
16780
17074
17559
16810
16797
16787
16904
16795
17251
17087
16391
16551
16432
16821
16549
17010
17351
17549
17207
17237
17170
16316
15611
15388
15782
15556
15648
15840
15658
15161
15318
15384
15117
15442
15379
15437
15381
15363
15073
14974
15052
14762
15299
15247
14991
15035
15132
14998
15044
15066
15265
15659
15415
15585
15410
16261
15457
15461
15473
15466
15516
15290
15075
15490
15518
15774
15688
16755
15836
15938
15578
15580
15743
15928
16069
16108
15547
15460
15630
15298
15323
15406
15335
15208
14667
15290
15024
15130
15227
14804
15310
15152
15301
15546
15686
15306
15060
15289
15030
14935
15257
14690
15063
15135
15257
15334
15055
15063
15007
14946
14822
15285
15415
15542
15280
15382
14795
15154
15307
15439
15327
15081
14904
14854
15031
15107
15156
14968
14947
14645
15091
15135
15508
15672
16127
15518
15547
15046
15427
15385
15972
15229
15232
14800
15036
14935
15129
15657
15334
15564
15378
15044
14934
15120
15036
15493
15123
15043
15063
14977
15531
15706
14789
22913
23759
15466
15669
15553
15495
15313
15614
15630
15279
15205
15273
15450
15250
15234
15673
15244
15648
16033
15684
15841
15336
15267
15462
15316
15908
15678
15587
15526
15205
15480
15098
15230
15149
15306
15399
15079
15175
15581
14905
15490
15223
15665
15456
15410
15518
15761
15572
15677
15847
15721
15183
15431
15127
15218
15307
15096
15367
15161
15607
16093
15855
37808
27103
15844
15452
15326
15407
15481
15550
15424
15339
15151
15737
15845
15968
15870
15692
15619
15578
15735
15662
15599
15636
15586
15357
15360
15693
16464
16047
16265
16412
16516
16146
16569
16759
16909
16385
15867
16397
16354
16115
16004
15939
16775
17388
16804
16630
16565
16918
17033
17640
17820
18794
18336
18816
18530
18310
18034
18334
19019
18347
18318
17587
18276
18319
18533
19215
18509
19330
18845
19057
19306
19970
19792
19819
19129
19533
19764
19166
19591
19612
19552
19813
19132
19323
19848
19787
19737
19778
19538
20235
20048
19439
20044
20077
19896
19623
19845
19655
19015
19328
19403
19366
19239
20260
18961
18969
19155
19575
19254
19750
19436
19249
18875
19926
19141
19391
19369
19809
19093
19418
19971
19605
19818
20189
20315
19995
19812
19525
19825
20127
19627
19484
18981
19036
19644
19839
19219
19376
19779
19120
19526
19425
19585
19274
18723
18681
18940
19012
19740
18780
18943
18437
18653
18672
18936
19512
19787
20166
20126
20235
20597
19955
20015
21005
20210
19342
19463
18719
18664
18385
18708
18584
18739
18519
18616
18643
18233
18159
17831
17621
19159
22110
22220
21936
22400
21968
21384
21792
22599
22241
21901
22257
24562
26113
26902
26391
25043
22908
22765
22935
22177
24565
22828
22447
22608
22245
22345
19039
17203
17619
17407
17042
17206
17641
17472
17779
17679
17362
17875
17291
17311
17227
17462
17553
17581
17296
17703
22091
31153
24436
21293
20240
17011
17297
17306
17177
17323
20391
21856
21342
23678
22488
22623
23540
26054
25728
22211
22110
19072
19581
18426
20869
18449
17773
20301
21903
21263
25665
24822
24126
25212
25100
21856
21871
21358
19401
19611
19597
17836
16701
16958
17248
17036
16955
17185
16922
17452
16981
16996
17117
17028
16951
16859
17030
17271
17081
17203
17300
17539
17004
16985
16924
16925
16547
17007
16631
17128
16845
17156
16974
17170
17180
16940
16808
16979
16457
16431
16531
16617
16551
16439
16257
16610
17334
16526
16540
16405
16445
15936
16420
16659
16192
16235
16065
16191
15881
15871
16433
16396
16390
16111
16205
16696
16357
16419
16305
16207
16168
16485
16041
16115
16966
16742
17171
17081
17036
16915
17474
17359
17730
18311
20851
22364
23245
23459
21710
19786
19825
19642
19421
19561
19790
19978
20312
20338
20373
19461
20860
25203
25148
24891
24837
25059
25119
20058
20027
20216
19962
20714
20339
19919
19854
19676
19745
20187
19988
20718
20269
19925
20046
19928
19988
19824
20231
20312
20028
19922
19970
19646
19884
19563
20174
20299
20167
20047
20364
20494
20456
20075
20520
20911
20085
20365
20834
19881
20555
20440
20503
20310
20271
20511
20187
20918
19600
20791
19602
19858
19427
19926
19924
19944
19819
19793
19616
19583
20647
20259
20221
20317
19662
20117
20037
19601
20262
19986
20125
19447
19630
19444
19806
19794
20314
20160
20188
19696
20056
20370
20070
20041
20100
20094
19812
20467
20486
19935
20471
20479
20696
20696
21014
21141
21215
20780
20854
21268
20646
20987
21144
21070
21284
21191
20655
19923
20411
20115
19455
19273
19051
19432
17894
17921
18354
18298
17849
17966
17784
17589
17869
17867
17620
17540
17693
18155
17925
17170
17818
17668
17170
17704
17462
17405
17391
17126
17557
17361
17571
17929
18031
17890
17969
18076
18064
17904
17969
17870
17861
17689
17910
17854
17839
17462
17488
18209
17791
17570
17430
17237
17385
17655
17019
16941
17338
17643
17269
17346
16985
17371
17205
17614
17617
17653
17521
17501
17433
17737
17608
17510
17608
17864
17664
17675
17242
17717
17446
17729
17576
17289
18997
17776
18221
17429
17573
18004
17784
18023
18673
17856
17805
17737
17558
18149
18147
18044
17885
17068
16874
16633
17250
17025
16494
16270
16114
16023
16412
16178
16276
15932
15921
15781
15971
15861
15495
15438
15440
22062
24579
16185
16561
16087
16007
16528
16364
16122
15943
16098
15583
15679
15765
15731
15914
15173
15018
14497
14614
15083
14788
14871
14674
15039
14246
14246
14117
14379
14344
14283
14353
15104
14277
14391
14096
14224
14426
15589
15196
14768
14919
14406
14965
15115
14945
15097
15198
14989
15298
15533
15043
15908
15804
15880
15471
15533
15663
15872
15987
15456
15177
15327
15630
16018
16004
15795
15616
15697
15899
15713
17315
16525
19731
16351
16279
16395
16064
16745
16461
16245
16675
16458
16558
16802
16658
16402
16683
16514
16488
16240
16466
16427
16599
16219
15736
16488
15849
15652
16179
16385
17576
16393
16367
16525
15538
16263
15905
16050
15861
16331
16048
15675
15392
15925
15525
15389
15696
15962
15149
15806
15757
16086
16259
16136
16049
16321
16634
16851
16442
16504
17493
16403
16567
16731
16675
17409
20871
20610
16750
16669
16711
16508
16791
16447
16124
16161
16036
16124
16309
15967
15919
16272
16047
15967
16197
16296
16157
16628
16265
16452
16736
16373
16130
15871
15778
16034
15829
15977
15892
15865
15847
16170
15516
15830
16050
17159
18220
18295
14932
15190
15478
15109
15391
15207
15410
15289
15557
15826
15196
15578
16421
16037
15461
15735
15352
15450
15440
15365
15683
15552
15331
15439
16174
15377
15347
15810
15473
15293
15328
15517
15644
15369
15734
15695
15527
15524
15606
15362
15344
15659
15395
15293
15778
15446
15510
15115
15704
15183
15878
15390
15210
15583
15050
15487
15226
15100
15106
15191
15464
15328
15601
15891
15334
15479
15186
15583
15515
15613
15759
16044
15750
15495
15969
15854
16289
15769
16827
15784
16189
16421
15921
16101
16308
15720
15708
15617
15660
16177
15595
15599
15703
16043
15390
15585
15407
15814
15729
15686
16026
15809
15640
15796
15397
15529
15610
15734
15592
15923
15620
16016
15237
15917
15694
15756
15702
15495
15940
15825
15428
15412
15558
16100
15869
17021
17278
16486
16553
16329
16098
15876
15805
16238
15701
16912
15746
17218
20678
20311
20957
20008
20189
19436
20591
19987
16326
15676
16784
16738
16906
17512
17525
16810
17517
17544
17664
17537
15724
16997
17257
17742
16959
17430
17547
17199
17689
17430
17076
17547
16980
17138
16652
16676
16599
16725
16588
16598
16970
16421
16796
16915
16586
16403
17016
16470
17538
16864
16777
16936
17232
17020
16495
17003
16701
16188
17132
16921
17224
17223
17617
17234
17564
17143
17148
17735
17515
17512
17646
17367
17372
17459
17473
17754
17387
17241
17599
17391
17491
17506
17634
17345
18305
17908
17321
17534
17855
17449
17143
17809
18351
17191
17863
17400
17217
17682
16832
17161
17169
17280
17086
17134
16994
16822
17172
16520
16057
16700
17129
16575
17134
16754
16747
16928
16969
16829
16831
17299
16725
16593
16747
16661
16518
16622
15905
16381
17432
16386
16245
16749
15946
16620
17156
16477
16529
16461
16094
16216
16352
16094
15960
16480
15768
16372
15720
15591
15674
15799
15468
15602
16166
15632
16211
16512
18002
17982
18205
17935
18270
18491
18208
18551
18961
18619
18802
18690
18135
18427
16834
16104
15937
15738
16329
16136
16009
16178
15560
15840
16265
16138
15910
15981
15868
16505
16785
16242
16125
16207
16130
15868
16288
15950
15622
15988
16185
16145
16137
15843
16113
16210
15277
16105
15877
15224
15670
15690
17823
18500
19430
19322
19145
19399
18837
16990
15546
15469
15382
17375
18236
18020
17547
16299
15586
15364
15066
15788
15886
15381
15734
15854
17618
15476
15673
15202
15387
15587
15497
15698
15912
16420
16090
15899
16408
16113
16433
15493
16097
15817
15342
15950
15979
15589
15529
16744
16753
16201
16029
15829
15868
15402
15883
15732
16108
16036
16357
16699
16271
16232
16428
16342
16777
19136
17642
16007
16975
16346
16682
16347
16690
16363
15935
16127
16251
16064
15783
16178
16297
16004
15453
15817
15878
16164
16109
15848
15983
15975
16109
16604
16684
17363
17128
16777
17250
17286
16849
17109
17319
17502
17166
17226
17332
17300
16685
17162
16564
17105
16701
16752
16281
16809
16812
16861
16595
16727
16792
16807
16145
16799
17074
16385
16287
16062
15987
16756
16433
16053
15733
16482
16261
16354
16379
16267
16343
16372
16325
16262
16809
17340
17667
17594
16971
16494
16769
16218
15951
16293
15810
16241
16100
16187
15517
16334
17221
17122
16565
16603
16634
16547
16619
16620
16838
16645
16850
16864
16628
17160
17508
16830
16735
17145
16929
18849
16414
16514
16389
16886
16177
16373
17012
16848
16696
16324
16196
17037
16925
16893
16520
16485
16430
16232
16587
16600
16489
16569
16913
16866
16804
16583
17089
17616
16974
16075
15718
15875
15670
15939
16058
15799
16214
15795
15841
16118
16295
15778
16088
16841
16490
15811
16442
16206
15855
15943
16286
16170
15919
15852
15922
16129
15491
15868
17008
19393
19514
20131
18805
15638
16232
15998
15585
15937
15712
16423
15222
15712
15781
15986
15282
15310
16221
16240
16397
16955
16022
16099
16572
16166
16287
16726
16378
16162
16360
16254
16540
16767
16742
16834
16953
16439
17409
17309
18058
17532
18353
17127
17515
17739
17710
17505
17601
17971
17855
17540
18059
17615
17450
18084
17498
17798
17906
17647
17187
17530
23696
25099
19912
17280
17510
17179
17375
17736
17947
17334
17159
17077
16621
16945
17377
16894
17270
16922
18313
16983
16836
16225
17912
17516
17587
17264
17198
17452
17197
17282
17365
17472
17402
17623
17257
17321
17562
17704
17648
17680
18013
18610
18421
18413
17991
17951
18130
17896
18218
18094
17848
18232
18247
17637
18943
18262
18215
18389
18003
18361
18135
18534
18402
18350
18553
18499
18910
18995
18848
18570
20290
17985
17815
17547
17907
17430
17594
17443
17454
17438
18257
18143
18229
18401
18332
18413
17208
17151
17357
17188
17413
17647
17851
17142
17773
17695
17565
17876
18171
18150
17706
18018
18196
18046
18177
18122
18535
17824
17987
17706
17630
16907
17249
17440
16798
16753
17080
16548
16423
17102
16731
16141
16909
17248
16302
16763
16591
16767
16810
16970
16784
16624
16822
16573
16870
17188
16967
17458
17129
16874
16833
16901
16793
16890
17245
17269
17419
17934
18226
17945
17469
17143
17272
16785
17776
16993
17303
17044
19809
20827
20738
20698
21149
20808
20515
20492
18115
16491
16710
16281
16410
16475
16377
16532
16260
16218
16297
16029
16418
16467
16375
16526
16589
16827
16760
16940
16872
16890
16533
16769
16802
16765
17021
17316
17528
17606
17372
17134
18087
17303
17138
16678
17092
17419
16540
16921
16668
16448
16192
16472
16640
16590
16383
16583
16478
16746
16614
16776
16905
16822
17362
16904
16994
16487
17736
16624
16620
16794
16696
16305
16621
16581
16623
16619
16767
16603
16730
16934
17106
16718
16592
17131
17180
17242
17068
17643
17704
17306
17675
17405
16748
17324
17954
18069
18459
17545
17758
17226
17742
17159
17295
17297
17169
18098
17562
17619
17298
17604
17424
17717
18072
18286
18433
18263
18425
18544
19601
19836
18792
18176
17884
18074
18544
18801
18331
17407
17564
17546
17901
17954
18496
17952
17836
17550
18458
17723
17858
17716
17965
17596
17987
17658
17950
17702
18276
17896
17958
18155
18062
17933
17901
18025
17989
18257
17800
18439
18304
18200
18483
18353
18633
18245
18122
18535
18472
18450
18224
17953
17993
18479
18042
18026
18038
18212
17744
17297
17137
17609
16837
17081
17299
16897
16989
17440
17755
17856
18227
18107
17916
17908
17894
17689
17466
18031
17636
18167
17880
17713
17660
17518
17043
17003
16552
16638
16643
16362
16596
16218
16860
16427
16290
16806
16652
16552
16740
16938
16527
16688
17241
16610
16768
16722
16240
16892
17297
16831
16851
16875
17102
17214
17011
16857
16488
17332
17067
16836
16692
16951
19628
20562
20915
21206
17764
16637
16722
16572
16602
16829
16625
16544
16348
16027
15210
15713
16253
16210
16665
16568
16217
15751
16518
16125
15799
15656
16040
15866
16065
15817
15859
15644
15795
16076
15368
16072
15811
15647
15414
16158
16840
15866
15380
15575
15195
15733
15300
15230
15248
15712
15703
15136
15346
15501
15431
15591
15573
15718
16242
16808
17024
17370
17067
17246
17562
17525
17448
18092
16816
17220
17739
17326
17106
17507
17507
17689
17420
16911
17287
17141
17348
16879
17203
16940
17388
17289
17269
17076
17393
17657
17594
17952
17564
17839
17755
17777
17732
17367
17469
17477
17481
16747
16876
20035
21290
21332
20787
17747
16771
16985
17067
16721
17023
17303
17086
16664
16947
16802
16771
16653
16730
16826
16835
17197
17000
17218
17282
16954
17349
17522
17465
17583
17369
17204
17440
17185
17701
17579
17279
17074
17271
17894
17909
17378
17466
17849
17906
17724
17809
17505
17701
17804
20825
22540
21829
21656
22326
21373
21817
21301
19122
17524
17930
17898
17792
17790
17876
17747
17942
17625
18014
18036
18090
18011
18152
18642
18603
18408
18207
18660
18253
18624
18157
18308
18113
18388
18177
18434
18004
17954
18021
18221
18359
17867
18551
18290
18785
18756
18895
18680
18750
19249
18472
18486
18664
18119
18269
18172
19004
18180
18632
18646
18578
18544
18783
18204
16979
20891
21452
21831
21607
18348
17530
17647
17620
17611
17453
18082
19026
19170
18831
18931
18669
18461
18356
18932
18813
18409
18755
18781
18610
18565
18473
18378
18687
18487
18632
18216
18564
17812
17744
17347
17439
17239
17512
17141
17363
17324
17590
17364
17630
17241
17441
17299
17669
17480
17219
17750
17173
16750
16919
17341
16918
17438
17412
17085
17390
17345
17561
17912
17524
17470
17951
17919
18018
17743
17994
18089
17843
18285
17861
17876
17955
17851
17740
17988
17769
17735
17907
17776
17733
17901
18380
18007
17979
18028
18606
18580
17739
17927
18049
17642
18035
17919
17400
17929
17706
17285
17150
16705
16872
16667
16957
16407
16139
16645
16404
16126
16477
16278
16539
16514
15973
16481
16453
16378
16158
16186
16657
15872
15978
15891
16190
16387
16243
16264
16443
16614
17681
18408
18311
18392
18497
18180
18134
18735
18444
18270
18316
18473
18484
18240
18523
18337
17564
16737
16709
16497
16990
16861
16606
16616
16420
16163
16414
16492
16470
16254
15442
15229
15496
15596
15457
15320
15151
15565
15412
15201
15305
15238
15093
15115
15034
15588
15522
14746
14931
14832
14713
14360
14715
14101
14443
14463
14649
14246
14447
14227
14483
14244
14585
14575
14503
14848
14761
13865
14467
13991
14213
13891
13997
14397
13970
14015
14487
14053
14055
14050
14054
13989
14066
14302
14032
14034
14286
14016
13968
14323
14225
14445
14193
14144
14297
14452
14077
14302
14409
14268
14630
14674
14471
14204
14759
14478
14240
14346
14584
14230
14008
14658
14014
14466
14537
14205
14567
14444
14446
14367
14382
14567
14855
14891
15558
15743
15755
16023
15258
15516
15276
15498
15678
15493
15054
15580
15708
15569
15959
15748
15991
15555
16849
16495
16209
15889
15911
15850
16003
16313
16220
15836
15603
15493
15760
15034
15693
16061
15833
16259
16435
16002
15994
16041
16225
16174
16416
16203
16217
16225
16474
16231
16187
16674
16168
16094
16342
16095
15973
15671
16120
16236
16150
15845
16302
16300
16107
16095
16281
16776
16623
16760
16959
16747
15890
15866
15845
16142
16926
16412
17115
16137
16209
16103
15907
16250
16697
16046
17171
16569
17901
15826
15681
16163
16177
16346
16710
16528
16020
16344
28325
37490
15853
16299
16512
16305
16672
17733
17708
16929
17377
17052
16995
16884
18848
17793
17120
16707
16746
16727
16730
17424
17017
16596
17087
17424
17011
17324
17123
16973
17298
17250
17215
17508
17677
20947
21049
21187
20965
21332
21390
20406
20739
16692
16975
16922
16936
16612
16955
16611
16505
16714
17262
17024
16878
16891
16788
16528
16638
16431
16902
16725
16698
17011
18169
16450
16029
16586
16665
16853
16981
16499
16650
17044
16838
16766
16315
16881
16511
16074
16451
16542
16149
16320
16491
16109
16432
16392
16685
16586
16957
16845
16615
16672
16888
16941
17031
17007
16999
16988
16178
16705
16652
16755
17006
16764
16527
16520
16628
16721
16505
16419
16755
16735
16875
16526
16694
16911
16656
16716
16780
16570
16475
16165
16796
16745
16374
16970
16083
16471
16651
16484
16169
16817
16998
16843
17391
17268
16949
16922
16513
16039
15920
16017
15740
15506
15553
15750
16035
15617
15489
15836
15922
15848
15585
15924
15434
15018
15977
15630
15558
15599
15669
15438
15449
15335
15224
15863
15412
15695
15537
15191
14769
14831
14739
14770
14610
14976
14678
14688
14769
14587
14897
14746
14676
14910
14854
14803
14684
14627
14774
14480
14717
14618
14644
14393
14709
14789
14637
14923
14458
14979
14310
14366
14326
14288
14522
14125
14433
14389
14458
14512
14405
14501
14678
14449
14551
14582
14356
14130
14169
13843
14167
14085
14390
14243
14121
14154
14232
14330
14501
14051
14013
14131
14204
14179
14349
14517
14650
14567
14590
14470
15251
14216
15147
14496
14633
14323
15239
14000
14249
14111
14557
14546
14484
16852
16807
16340
16327
16194
16300
16210
15972
14434
14187
15477
14360
13916
13845
14126
14040
14290
14029
14163
13919
14032
15183
13973
14033
13859
13934
14128
14187
14676
14250
14306
13913
14213
14295
13934
14399
13942
14085
14142
13961
13951
14205
14144
14338
13795
13926
14103
13972
13620
13870
13613
13679
14012
13800
13669
13557
13808
13981
13958
14025
14271
14229
14015
14098
13895
14271
14419
14058
14027
14247
14344
14211
14135
14257
13926
13787
13882
14282
14359
14243
14603
14475
14311
14677
14881
14591
14532
14793
14757
14184
14584
14576
14584
14724
14646
14436
14294
14552
14625
14743
14427
14520
14913
14263
14759
15823
14064
14841
14919
14861
15169
14739
15080
15144
15068
15073
15048
14740
14729
15116
14692
14801
14674
14830
14709
14753
14975
14745
14867
14921
14981
14997
15241
15235
15374
15345
15386
15376
15205
15199
15653
15210
15223
15384
15203
15143
15648
15243
15803
15434
15156
15462
15239
14966
14976
15169
15090
15096
15496
14999
15427
14965
15200
15975
15849
15884
16014
15557
15671
15875
15889
15756
15946
15496
15918
16124
15648
16154
15717
15841
15589
15535
15925
16921
15701
15678
15920
15605
15780
15406
15955
18004
16219
15279
15783
16174
15970
15747
15903
15361
15670
15722
15926
15584
16048
15917
15590
15927
15891
15906
16135
15522
15732
16004
15844
16008
16358
15807
17246
16072
16170
15929
15733
16273
15814
15976
16199
16094
15585
15616
15848
16169
16469
16055
16667
16935
16783
16790
16940
16829
16313
16903
16440
16974
16654
16925
16855
16728
16658
17008
16900
16930
16919
16884
16517
17006
16598
16719
16401
16726
18144
16589
16738
16699
16316
16893
16746
17127
17186
16801
16985
16893
16866
16917
17118
16480
15962
16163
16195
16217
16236
16029
16207
16017
16457
15949
16189
16179
16272
15889
16117
15936
16331
15937
15702
15796
15847
15810
16109
16314
16026
16134
16206
15885
16501
16060
16377
16485
16169
15966
15860
16147
16370
16082
15793
16290
16543
17169
17013
16074
15982
15209
17242
15821
16210
15245
14723
17143
16576
16087
15622
15098
17356
17095
15827
16094
14743
17080
16188
16185
15722
15276
16370
17089
15311
15977
15898
16296
16822
15686
15957
15711
16613
17035
16072
16166
15820
16886
16639
16105
16044
16103
17016
16652
15549
16030
15698
16436
16313
14544
14390
14518
14200
14364
14426
14689
14476
15916
18617
18704
18787
17775
15010
14647
14707
14743
14783
14630
14909
14892
15087
14883
14718
14923
14636
15270
15194
14408
14888
14893
14747
15021
15126
14729
14752
14936
15240
14718
14603
15004
15152
14868
15002
15189
14957
14958
14480
15183
14855
14497
14846
14765
14510
14788
14976
14740
14903
14953
14690
15036
14877
14612
14751
14877
14990
14997
15317
15472
15358
15087
15414
15142
15462
15839
15602
15544
15390
15575
15884
15267
15778
15300
15491
15584
15767
15506
15779
15412
15626
16112
15904
16156
16208
15863
16196
16477
16155
15777
15759
15758
16126
16334
16326
16537
16167
16815
16497
16333
16677
16509
16463
16366
16500
16526
16045
16699
16544
16752
16874
16527
17043
16461
16859
16424
16636
17139
16469
16890
16422
16312
16677
16314
16648
16681
16724
16185
16257
16667
16320
16180
16505
16486
16348
16127
16744
16741
16549
16622
16660
16298
16772
16665
16948
16707
16567
16602
16675
15680
15771
15877
15605
15721
16437
16248
17535
17178
17508
16860
17321
15430
15147
14970
15714
15208
15075
15269
15195
15305
15205
15259
15796
15975
15770
15813
15833
15547
15690
15607
16161
15435
15883
15457
15523
16025
15551
15073
15305
15411
15146
15260
15531
15268
15354
15420
15125
15193
15539
15431
15391
15564
15298
15846
15597
15064
15316
15463
15403
15510
15414
15169
15290
14817
15146
15399
18912
19558
18641
15481
15701
15248
15675
15514
15427
15500
15400
15452
15640
15547
15216
15384
15049
15343
15344
15259
15486
15442
15036
15581
15278
15359
15572
15667
15495
15465
15332
15323
15350
14987
15022
15200
15024
15261
14963
15318
15443
15297
15426
15191
15261
15454
15673
18865
19387
19497
19589
19297
19560
19537
19713
16473
15108
15751
15289
15204
15312
15579
15522
15207
15263
15427
15338
15187
15352
15152
15615
15286
15288
15962
15093
15247
15431
15889
15418
15006
14949
15424
15188
15253
15446
15521
14499
14606
14362
14517
14708
14426
14675
14539
16209
14995
14609
14614
14971
14976
14829
14904
14784
15129
14491
14574
14929
14841
14575
15126
14796
15111
14732
14950
14841
14784
14536
15266
14488
14996
14432
14581
15000
15273
14623
14810
15274
15124
14760
15338
15139
15072
14921
15087
15056
14922
14936
15146
14807
15158
15028
15145
14725
15227
14775
15026
14848
14766
14750
14555
14722
14697
14375
14871
15088
14925
14800
14617
14805
14331
14155
14223
14222
13508
14265
13841
13410
13881
14142
14426
14420
14055
14211
14362
14200
15129
14750
14816
14747
14635
14660
14920
15081
14717
14781
14433
15084
15031
14454
14480
14407
14762
14825
14806
14812
14570
14931
15319
15193
14877
14775
14569
14469
14950
14573
14104
14688
14439
14513
14290
13915
14317
14058
13791
13793
13938
13847
14107
14269
13714
14058
13822
14141
13999
14098
13965
13992
14203
13905
13879
14122
14362
14037
14364
14833
13949
14636
14900
14753
15316
14685
14624
15082
14969
15107
14919
14864
14843
14486
14839
15001
14948
14844
14816
14523
14902
14758
14600
15029
14880
14692
15076
14820
15198
14801
14540
14577
15172
14552
14920
14855
14795
14567
14981
14750
14744
14817
14590
14622
14501
14638
15506
15333
15470
15388
15240
14932
15191
15180
15314
15420
15259
15038
14975
14958
15176
15082
15237
15805
15598
15789
16154
15902
15666
15784
15927
15703
15651
15869
15895
15873
15996
16219
15568
16062
15641
15779
16078
15754
15587
15924
15590
15970
15755
15753
15981
16328
15876
15903
15872
15795
16573
16575
16328
16672
16547
16566
16611
16336
16371
16446
16313
16697
16719
20915
17412
16939
16680
16726
16669
16823
16696
16609
16933
16926
16790
17062
16672
17201
16580
16606
16682
16894
17036
17120
17132
17137
17362
17282
17213
17299
17375
18098
18179
18660
17971
18530
19188
19331
19926
20188
20328
19926
19636
19918
20085
19810
19513
19696
19615
19849
19895
19628
19980
19772
19694
19711
19763
19935
19642
19845
19251
19904
19582
19136
19632
20203
20087
20006
19866
19969
19877
20184
20032
19873
18895
20405
19787
20097
19576
20050
19362
18515
18399
18896
18493
18535
18966
19013
19134
19281
19565
19576
19434
19779
19535
19631
20687
20502
19833
19756
19483
19672
19277
19571
19412
18893
19463
19390
19288
18983
19143
18900
19020
18847
19364
19190
18982
19036
19015
19936
20628
20704
20537
20260
20330
20466
20629
20741
20659
20704
21303
21855
21218
21669
21626
21359
21726
21641
21449
21635
21300
21434
21325
20817
20618
20587
20446
20404
20455
19495
19984
19875
19800
19462
19875
19435
19786
19728
19222
19653
19661
19812
19513
19504
19768
19274
19508
19410
19587
19431
19539
19049
19596
19711
19128
19437
19812
19635
19766
19927
20080
19536
19419
19706
20007
19922
19841
19779
20067
20080
19694
19703
19613
19481
19407
19944
19467
19786
19614
19896
19691
20013
19686
18973
18966
19204
19076
18583
18231
18248
17830
17897
17760
17776
17620
17778
18197
17698
17857
20918
21557
21646
21594
18985
17574
17780
17723
17712
16989
17157
16821
17031
16584
15359
15471
14985
14855
15469
14762
15444
15088
15120
15141
14848
14979
14557
14066
14957
14510
14518
14342
14489
14770
14256
14274
14280
14308
14250
14315
14348
14331
14227
14078
14097
13982
14019
14335
14107
13819
13748
14077
14284
14368
14705
15036
15042
15135
14734
15009
14974
15048
14769
14972
15274
15058
15402
15979
14779
15057
14930
15090
15077
15272
15006
14959
15094
15042
15112
15414
15343
15191
14816
14960
14488
14742
14807
14853
15127
14623
15011
15198
15039
14854
15125
15094
15197
15278
15049
15037
15186
15247
15244
14945
15055
15384
14981
15101
14887
15369
15473
15171
15258
15513
14992
15112
14963
14748
15122
14832
14924
14884
15100
15140
16123
18931
19556
19333
18349
15463
15550
15599
15209
15705
15165
14949
15671
15426
15183
15276
15622
15420
15168
15615
16048
16653
16490
16342
15391
14801
14697
14367
14182
14367
14399
14649
14554
14688
14225
14461
14255
14345
14103
13987
14117
14167
14348
14181
14267
14307
14062
14131
14273
14295
14589
14612
15044
14619
15051
15094
15402
15788
14462
14931
14859
15198
15091
15283
15038
15441
15380
14491
14839
14440
14551
14485
14505
14459
14538
14786
14793
14909
14896
14935
16463
14832
14902
14981
14928
14785
14652
14809
14164
14174
14498
14520
14015
14750
14707
14787
14557
14970
14404
14739
14782
14618
14653
14469
14547
14419
14616
14841
14512
14554
14764
14483
14222
14384
14356
14515
14580
14505
14676
14628
14702
14576
14315
14299
14427
14434
14332
14490
14289
14422
14454
14522
14727
14313
14516
14532
14724
14537
14670
14603
15026
14648
14730
15849
16169
14567
14545
14687
14314
14402
14621
14382
16625
14495
14235
14634
14500
14616
14647
14520
16083
15891
16252
15822
16263
15915
15635
16374
16546
16649
17917
17788
17514
18091
17848
17333
17076
17520
16845
16708
17006
16617
16652
16384
17791
16253
16624
16394
16945
17004
16618
17352
17092
17484
18025
18053
18140
18057
18451
18441
18687
18459
18659
18880
18853
18658
17801
17845
18262
18512
18852
18497
18116
18200
18224
18255
18354
18857
18823
18105
17872
18103
18386
18271
18309
18290
18735
18480
18185
17759
17941
18620
18446
18235
18383
18527
18210
18505
18649
18746
18402
18931
18945
18614
18516
18038
18082
18133
18403
18225
18399
18630
18451
18349
18676
18586
18470
18745
18987
18538
18872
18971
18826
18323
18908
19329
18986
18870
19041
18782
18859
18533
17713
18013
18606
18494
18577
18234
17875
17780
18075
18194
18314
17790
17275
17651
17382
17838
17198
17294
17065
17137
17372
16573
17368
17406
17708
17668
17918
17668
17317
18020
17358
17791
17134
17382
18061
18374
14325
13963
14394
14249
13828
14118
14331
14012
13878
14206
14183
14164
14305
14211
13996
14029
14460
14281
14068
14214
14240
13933
13859
13814
13554
13538
13978
13881
13848
13946
13983
13706
13778
13739
14283
13677
13799
14140
14192
13851
14018
14108
13973
13957
14105
13954
13973
14125
14003
13906
14052
14094
13892
14250
14237
14041
14019
14072
14277
13960
14289
14397
14228
14158
14232
14166
13786
13899
13905
14103
13840
13931
13958
13459
13378
13901
13882
13819
13830
13527
13563
13813
13824
14386
14457
14197
14071
14098
14243
14197
14329
14296
14458
14594
14463
14520
14965
14630
15094
14501
14733
14681
14748
14617
14644
15524
14985
15032
15250
15047
15248
15243
15303
15258
15873
15830
15655
15494
15758
15494
15542
15879
15686
15994
18406
18176
17631
17616
17469
17885
17991
17603
17705
17898
18346
18044
18019
18267
18150
18228
18029
18344
17802
17716
18031
18073
17683
17664
17245
17727
17922
17778
17931
17919
17635
17633
16428
15796
15437
15423
16155
16108
15940
16328
16013
15800
16128
16197
16098
16651
16228
16242
16452
16342
16166
16048
16302
16076
15876
15694
15447
15445
15238
15144
15442
15559
15361
15433
15792
15090
15530
15882
15361
15142
15316
15673
15656
15634
15520
15392
15410
15347
15306
15448
15227
14881
15379
15244
15078
15363
14854
15042
14946
14678
14920
14816
14681
14650
14775
15088
14918
15014
15112
15136
14780
15238
14901
15025
14865
14946
15424
15030
16690
15086
16568
15234
15379
15236
15152
15337
15075
15376
15455
15400
15751
16007
17715
17946
18094
18008
15525
14647
14657
14922
14931
14704
14878
14677
14818
14672
14636
14874
14490
14660
14532
14788
14498
14408
14571
14567
14333
14424
15438
14239
14218
14373
14268
14554
14119
14078
13920
13848
13852
13694
13824
13977
13862
14130
13698
14113
13537
13743
13919
14091
13638
13890
13886
13590
13595
13600
13567
13320
13415
13736
13747
13471
13992
13707
13528
13678
13676
13800
13525
13765
13868
13824
13882
13873
13759
13974
13976
14299
14101
14023
14330
14173
14199
14366
14385
14638
14419
14485
14448
14204
14236
14376
14356
14510
14584
14314
14259
14330
14324
13791
14006
14803
14035
14166
14099
14229
14027
14006
13890
13766
14039
14435
14360
14208
14870
14628
14501
14435
14279
14401
14209
14224
14236
14430
14398
14094
14337
14675
14362
14563
14442
14509
14817
14410
14372
13976
13986
14125
13790
13906
13674
13786
14211
14004
14404
14711
14545
14598
14511
14332
14579
14923
14555
14385
14513
14403
14257
14311
14228
14671
15234
15008
15443
16350
16295
17656
18723
19809
20273
22584
23530
24273
22103
21506
21959
19654
20774
20345
22548
21200
21025
16803
16287
16323
17199
16284
16817
16832
16928
16500
18179
17819
17918
17950
17686
18010
17640
17726
17919
17210
17279
17269
16475
15888
16305
16220
16291
17129
15819
18329
19035
18702
19094
18909
19009
19069
18804
16303
14616
14616
14497
14622
14619
14610
14659
14300
14397
14680
14586
14392
14702
15098
14974
15089
15360
15056
15141
15284
15179
15362
15119
15474
15020
14523
14628
14675
15317
15622
16194
15797
15178
15130
15310
15017
14920
15031
15226
15053
15121
14948
15204
15420
15558
15877
15739
15717
15341
15629
15716
15765
15756
15431
15654
15799
15285
15566
15752
15538
15242
15651
17105
19348
19462
19504
19131
19428
19548
19482
18880
15902
16169
15579
16070
15894
15811
16143
15809
15922
15467
15495
15716
15724
15644
15628
15912
15909
15794
15709
15981
15833
16570
16855
17211
17412
16976
17231
17036
17282
17339
16890
16987
16962
17371
16176
16656
17292
17058
16783
17266
17489
17281
17099
17368
16797
17481
17630
17298
17166
16949
17165
16645
16941
17386
17098
17156
17399
17017
17407
16981
17326
16929
17003
17207
17313
16662
16886
16913
16783
16651
16884
17182
17040
16778
17079
16985
16798
16669
16854
16464
16675
16789
16385
17353
17277
17166
17190
17373
17100
17098
17186
17190
17150
16915
16721
16795
16757
16604
16559
16849
16437
16398
16578
16734
16372
17241
16268
16968
16884
15860
16503
16210
16132
17257
17179
16434
16035
16368
16457
16740
16660
16751
16758
17118
16849
16428
16909
16714
16613
16732
17085
16957
16660
16791
17017
16795
16791
17036
17097
17098
17003
17189
16859
17397
16764
17067
17045
16856
16707
16612
16635
17230
16976
17157
17208
16531
16064
16608
16722
16310
16154
16477
16272
16508
16049
16366
16315
16457
16530
16273
16496
16875
16482
17067
16799
16380
16489
16251
16153
16568
16009
15790
15872
15998
15881
16068
16443
16224
15706
16377
16237
16428
15862
16213
15979
16298
16011
16028
16336
16317
16285
17031
17048
16721
16890
16187
16633
16456
16148
16346
16597
16767
16385
16626
16373
16304
16039
15718
16239
16310
16258
16124
16217
15949
16026
16312
16341
16387
16416
16305
16138
16726
16434
16312
16490
16317
16706
16372
21047
25826
18779
16242
16601
16666
16472
16331
16280
16423
16637
16914
17669
17505
17391
17095
17255
17067
17356
16920
17085
16971
17255
17341
16986
18243
17295
17452
17629
17390
17254
17469
17112
17218
17781
17546
17642
17372
17519
17000
17369
16948
17291
17365
17264
16723
16884
16747
16629
16578
16420
16630
16175
17193
17518
18081
19035
18659
18191
19069
18800
18608
18728
19360
19116
18660
19311
19237
19352
19506
19743
19441
19159
16731
16304
16765
16768
16661
17204
16657
16819
16654
16563
16807
16776
16900
19360
18267
21818
17449
16904
17104
17188
16890
16876
17423
16856
17393
17547
17354
17232
17193
17194
16995
16980
17052
17688
17937
17785
17975
17908
17310
17572
17831
17507
17497
17440
17409
17687
17545
17089
17105
16751
16589
16803
16948
16821
16992
17257
17342
16947
18154
18253
17921
17479
17951
17845
18018
17567
16746
17617
17350
17531
18124
18145
18399
18104
18364
18446
18047
17745
18307
17920
17871
17871
17794
17785
17701
17576
17085
17474
17454
17228
16811
16431
16477
16437
16236
16182
16603
19488
20363
21103
20439
16695
16119
15702
14948
14998
15380
15627
15300
14941
15248
15310
14989
15055
15478
14931
15066
16248
15426
15495
15326
15311
15572
15737
15331
15790
16091
15501
15349
15373
16218
15417
16100
15592
15636
16234
15539
15565
15946
15385
15435
15299
15483
15135
15078
15462
15591
15583
15660
15972
15977
16337
16266
16196
15882
16494
15755
15902
16156
15541
15828
16067
16200
15619
15328
15914
15976
15507
15526
15767
15889
15522
15780
15421
15152
15020
15345
15776
15788
15506
15278
15478
15206
15572
15648
16118
15514
16269
15926
15407
15593
15775
15721
15689
15590
15786
15743
15896
16062
15740
15803
15739
16139
16231
16307
16098
16517
15957
16365
16477
16521
16210
16366
16643
16484
16533
16551
18595
16522
16649
16015
16082
15802
16031
15913
15943
16801
16464
16427
17598
20230
20637
20485
20254
20431
20158
19988
18654
15922
16078
16401
17027
16877
16893
17185
17072
17362
17137
16947
17101
16550
17015
16883
16893
16275
16483
16490
16276
16220
16150
16319
15947
15605
16295
15414
15870
15201
15518
14765
15687
15072
15288
15617
15419
15828
15275
15406
15279
16676
16537
15909
15503
15620
15597
14985
15565
15518
15397
15918
15566
15518
15446
15874
15743
15984
15861
15447
15400
15154
14567
14846
15550
15711
15311
14843
15224
14475
14970
15888
15620
15621
15319
15795
15633
15241
15838
16323
16304
15904
16212
15853
15801
15852
15971
16080
16029
15536
15538
15914
15480
15737
15661
15405
15589
15372
15539
15834
16078
15787
15410
15191
15348
15907
15576
15242
15662
15446
15702
15242
17612
17757
17560
17480
18063
18205
17557
17614
16066
16073
15886
15821
15553
15890
15350
15412
17708
17555
17281
17385
17683
17610
18174
17926
16273
15512
15633
16037
16584
17229
19132
20258
20506
20454
20064
18668
16997
17250
16956
17005
17374
17626
17009
17280
17312
15335
15230
15228
15221
15358
15566
15208
15246
15731
15496
15902
15950
16059
15777
15811
15944
15887
15872
16504
16165
16277
16050
16015
16170
15611
16040
16039
16313
16524
16194
16513
16751
16094
16540
16263
16356
16282
16528
16605
16791
16457
17002
16638
16474
16878
17998
18101
18490
17849
18157
17554
18451
20835
20451
20694
20425
20868
20490
19272
19766
19463
19365
19582
19344
17822
16194
16475
16466
16579
16942
16856
15797
16865
16840
17596
16922
16801
17036
17040
16974
17437
18105
18515
17500
17207
17341
17758
17404
18062
18428
17899
17391
17097
17696
17741
17907
17840
18147
17823
17983
17963
18068
18008
18696
18870
18652
18154
18978
18558
18642
18467
18353
18142
18432
18666
18626
18270
18489
18146
17677
18047
18043
17630
17857
17710
17825
17833
18373
18158
20252
18386
18024
17889
17484
17173
17190
17384
17354
17920
17492
17685
17848
20033
21071
21064
20652
17734
17227
16781
16512
16803
16554
16374
16665
16558
16750
16436
16796
16713
16594
16276
16253
16759
16850
16470
16321
16383
16312
16760
16662
17008
16358
16599
16501
16503
16276
16549
16961
16670
16859
16970
17062
16975
17255
17384
17211
16984
16630
17372
17200
17191
16913
16791
16533
16920
17298
17276
17084
17124
17370
17012
21102
21255
16810
16760
16838
16808
16519
16746
16543
16553
16935
16621
16679
16461
16411
16702
16210
16110
16018
16003
15928
16218
16365
15897
16376
16336
16098
16428
15971
16177
16402
16232
15940
15607
15971
15842
16150
16012
16025
16128
15931
15887
15781
16155
15742
15969
15938
15867
15924
16308
16278
16083
16387
16195
16129
16091
16406
16782
16287
16182
16413
16333
16496
16375
17058
16417
16159
16283
15996
16073
16354
16525
16388
16975
16780
16655
16703
16619
16360
17336
17012
16758
17162
16476
16594
16789
16788
17251
17084
17096
16846
16954
17205
16447
16820
16813
16311
16069
16191
16181
15975
16213
16438
16487
16609
16804
16681
16249
18337
16659
16417
16377
16542
16784
20651
16470
15862
15536
15359
15489
15318
15474
15556
15097
15159
16013
15749
15608
15875
16093
15759
15599
15731
15400
15594
15552
15787
15725
15643
15585
15672
15790
15339
15458
15623
15488
15659
15128
15535
15111
15465
15234
15517
15438
15453
15617
14789
15185
15428
15300
15118
15303
15130
15123
15356
15541
15237
15243
15314
15529
15136
15304
15561
15378
14962
15198
16084
15535
17071
15709
15180
15615
15320
15523
15692
15525
15678
15533
15291
15406
15538
15421
15208
15453
15756
15256
15766
15340
15418
15514
15508
15182
15503
15329
15444
15298
15469
15036
15730
15385
15750
15371
15518
15662
15648
15298
15357
15209
15348
15601
15747
15159
15309
14858
15570
15449
15181
15260
15475
15081
15597
15385
15910
14934
15184
15163
15102
15011
15180
15020
15212
15038
14822
14941
14858
15034
15016
15013
15132
14946
15138
15054
15183
15350
15501
15346
19638
15582
15328
15521
15687
15788
15417
15429
15697
15757
15544
15052
15188
15246
15289
15229
14962
15093
15186
14728
14995
15060
15209
14957
15426
15390
15153
15021
15847
16052
15506
15556
15310
15329
15094
15198
14865
15011
15458
15170
15390
15271
15426
15158
15491
15614
15233
15504
15731
15535
17597
15530
15481
15478
15428
15443
15530
15333
15449
15237
15529
15369
15545
15591
15462
15417
15683
15507
15424
15424
15847
15502
15599
15596
15692
15642
15263
15830
15509
15631
15921
15716
15748
15501
15509
15633
15602
16226
15167
14816
14809
14855
14976
15024
14767
14649
14849
14672
14842
14933
14968
15360
14864
15039
14871
15300
15173
15097
15432
15463
15436
15130
15556
15234
15142
15822
15481
15496
15552
15217
15201
15519
15237
15099
14946
15134
15273
15533
15195
15213
15216
15225
14594
14569
14288
14410
14452
14476
13998
14597
14540
14504
14331
14599
14393
14356
14823
14785
14291
14658
14449
14249
14311
14137
14413
14396
14482
14785
14739
14434
14420
14549
14437
14356
14343
14061
14515
14454
14440
14178
14108
13841
14050
14088
14121
14327
14072
14657
14258
14381
14467
14476
14474
14425
14341
14579
14379
14524
13908
14664
14148
14472
15000
14744
14319
14600
14836
14529
14757
14621
14560
14532
14448
14287
14286
14326
14338
14322
14408
14263
14387
14173
14486
14255
14289
14266
14199
14744
14197
14564
14597
14447
14342
14433
14349
14358
14667
14303
14349
14283
14300
14063
14239
14286
14481
14566
13938
14217
14393
14522
14426
14377
14460
14621
14963
14331
14488
14855
15030
14748
14716
14833
14713
14852
15010
14806
14709
14567
14722
14600
14368
14778
14610
14728
14676
14354
14843
14660
14826
14856
14662
14902
15382
15124
14893
15070
20021
19216
19906
19255
19482
19245
19213
19466
18992
19232
19066
20006
19527
19080
19352
19861
15830
15616
15967
15719
15850
15965
15208
15434
15626
15523
15223
15243
15528
15275
15617
15380
15494
16426
15586
15419
15528
15651
15575
15427
15545
15395
15618
15512
15125
15301
15397
15321
15190
15200
15387
15398
15664
15413
15358
15218
15255
15180
15322
15309
15035
15146
15385
15410
15492
15162
15549
15389
15350
15477
15109
15247
15296
15435
15590
15251
15136
15453
15146
15153
15436
15288
15083
15201
15590
15292
14981
15314
15827
15590
16064
16200
15879
16139
16370
16224
15966
16039
16322
16210
16256
16099
16243
16470
16046
16119
16278
16345
16478
16197
16225
16308
16105
16147
15642
15596
16080
15518
16056
15799
15958
15612
15726
15667
15507
15786
15344
15344
15167
15144
15186
15089
14995
15057
15039
14894
14742
14778
14538
14894
15269
14837
15152
14566
14857
14828
14878
14605
14572
14100
14238
13878
14113
13787
14023
13936
14096
13939
14157
14388
14592
14103
14553
14336
14782
14558
14471
14238
14909
14426
14672
14771
14628
14097
14775
14589
15000
14904
14731
14918
14754
14549
14889
15045
15203
14849
14864
14723
14866
14456
14901
14572
14603
14496
14422
14478
14438
14563
14311
14453
14366
14194
14213
14450
13564
14010
13966
13631
13868
13627
13765
13587
13887
13874
14412
14601
14436
14685
14754
14984
15217
15216
15258
15301
15390
15126
15233
15313
15445
15057
14963
14944
15095
15041
15110
15345
14833
14908
14341
14106
13960
14127
14097
13716
13985
14017
13819
13913
14155
14175
13920
13917
14074
13898
13982
13897
14063
13940
13944
14052
14562
14574
14545
14672
14410
14694
14780
14327
14400
14408
14367
14088
14588
14381
14502
14697
14493
14948
14622
14245
14577
14376
14350
14507
14673
14686
14166
14196
14512
14649
14935
14743
14724
14661
14900
14562
14578
14681
14742
14414
14498
14698
14292
14500
14038
14594
15081
14586
14730
14378
14249
14317
14198
14176
14208
14579
14427
14595
14467
14788
14511
14621
14749
14784
14486
15130
14474
14566
14547
14831
14679
14673
14496
14668
14322
14610
14571
14560
14545
14614
14812
14799
14748
14880
14913
14378
15340
14809
14961
15096
15036
14875
15460
14791
15158
14974
14827
14788
14967
15046
14625
14916
14868
14958
14886
14839
14844
15135
15312
15019
15163
15763
16193
16623
16415
16745
16368
15971
16543
15982
16149
15928
15931
16286
16319
16070
16345
16364
16070
16462
16643
16650
15978
16201
16202
16217
16158
16285
15958
16157
15881
15769
15703
16416
16296
16803
16747
16409
16600
16571
16409
16679
16533
16757
16212
16488
16462
16861
16752
16862
16860
17388
17780
17306
17147
17283
16591
17738
17291
17553
17287
17219
17065
17011
17361
17710
17773
17337
17154
17232
16737
16917
17165
16986
17213
17359
17248
17549
17560
17518
17963
18227
17690
17915
17828
17583
17278
17242
17384
17384
17228
17656
17110
17049
16772
16880
16888
17532
17443
17212
16693
16651
16960
17321
17617
17439
17317
17361
17397
17374
16983
16742
16958
17138
17135
16757
17065
16853
16601
16792
16307
16380
17099
17125
16754
16639
16619
16319
16507
16446
16567
16439
15820
16043
16253
16227
16378
16721
16406
16238
16021
16158
16179
16344
16356
16387
16174
16173
16416
16563
16392
16826
16764
16833
16936
16757
16911
16592
16576
16777
16986
17152
17117
16972
16337
16673
16552
15850
16116
16431
16032
15992
16093
16474
16029
15782
16936
16538
16413
15998
16150
16410
16308
16446
16110
16264
16106
16661
15918
16361
16730
16436
16187
16513
15818
16111
16075
15885
15488
15884
15565
15812
15486
15957
15993
16304
15741
16188
16154
16054
15472
16329
16115
16891
16478
17227
16341
17112
17011
16743
16302
16760
16233
15988
16303
15575
15574
16439
15931
16287
16519
15894
16156
16604
16978
16576
16458
16668
16220
16568
16224
16375
16444
16006
15672
15831
16413
15878
16151
15762
16020
15702
16082
15938
16225
16009
16518
16356
16657
16826
15874
16211
16084
16208
16282
16890
16547
16674
16588
16568
16740
16639
16094
16374
16138
16244
16020
16389
16360
16417
18574
20999
20828
21004
20940
20577
20181
20444
19979
16499
16783
17160
16905
16892
17279
17027
16646
16923
16888
17174
16981
17744
17387
17499
17550
17010
16544
16943
16827
16815
16251
16443
16761
16910
17179
17476
17675
18066
17498
17425
16887
17378
17145
18306
17279
17324
17308
17625
17280
17662
17828
17142
17203
17234
17786
17181
17380
17854
18595
18308
18620
18515
19234
19329
18854
18962
18691
19012
19420
18363
18532
18651
17835
17686
18165
18328
18262
18013
17751
17721
18228
16845
16729
16956
16505
16252
17130
17239
18012
17956
17819
18123
17913
17804
18304
20846
20950
20885
20590
21039
20770
21360
21483
21474
21492
20099
20281
19293
18940
18160
18754
18404
17930
17652
17532
17402
17580
17053
17701
17432
17456
17271
17631
17744
17453
16729
17544
17102
17253
17319
17012
16931
16952
17609
17420
17640
17490
17023
17635
17153
17311
17109
16512
16977
17211
17012
17046
16546
16596
16862
16797
16872
16786
17417
17315
17484
17274
17161
17481
17141
17046
17522
17167
17259
17197
17210
17195
17003
17744
17505
17315
16947
17525
17396
16852
17236
17216
17454
17065
17302
17922
17252
18444
17362
17552
17311
17407
17229
16878
16766
16721
16614
16605
16813
16607
16700
17191
16923
16906
17385
17243
17598
17186
17319
17575
17391
17534
17811
17909
17750
18173
18388
17894
17718
18120
18259
18285
18226
18464
18514
18254
18164
18645
18281
17592
18085
21182
21256
21834
21846
18866
17784
18376
17792
18639
17777
17886
17774
18320
18504
18071
18884
18974
17877
17957
17974
18302
18674
18085
18285
18830
18097
18176
18356
17975
18322
17904
17654
17777
17613
17617
18057
17880
18253
17730
17908
18179
18232
18125
17989
17947
17671
18021
17939
18162
17947
17623
17481
17646
17333
17246
17074
16880
17044
16886
17068
17087
16800
17167
16662
16724
16223
16057
16478
16388
16868
16412
16545
16612
16914
16928
16850
17295
16967
17238
17233
17365
16867
17100
17443
17048
17182
17253
17482
17259
17151
17192
17296
16882
16752
16611
16732
16748
16513
16992
16967
16608
16783
17151
17316
17371
17104
16668
16479
16296
16326
16451
16127
16036
15981
15746
16039
15837
16474
16187
15724
15646
15873
15754
15147
14602
15096
15009
14606
15089
14899
15041
14910
14988
14952
14911
15580
15360
15360
15223
15167
15450
14941
14990
15242
14879
14932
15269
15008
14923
15462
15278
14743
15203
14949
15191
14740
15130
14961
15069
15170
15121
14957
13935
15273
14997
15110
15200
15516
15286
15147
15821
15456
15634
15078
19314
19603
14957
15467
15170
15123
15605
15408
15804
15193
15145
15693
14872
15893
15278
14885
15462
15155
15354
14926
14789
14934
14733
14654
14638
14651
14230
14613
15028
14769
15158
14949
14367
14499
14618
15005
14593
14609
14825
14820
15214
15585
15281
15272
15132
15548
14974
14877
14887
14972
15073
14139
14722
14521
14454
14815
14462
14319
14187
14140
14130
13949
14233
14021
14349
14388
14528
14486
14990
14717
14498
14562
14911
14872
14994
14635
15060
14882
15446
16308
15852
15050
15456
15492
15619
16171
16392
16796
16327
15493
14968
15016
15172
16175
16387
15915
15253
15691
15600
15657
15349
16104
16635
16247
16054
16292
15953
15605
16198
16106
16231
16385
16525
17012
17150
17173
17006
17505
16985
17082
17495
16824
17113
16764
16514
17143
17102
15896
16329
16275
16363
16633
17029
16963
16730
16756
17292
16293
16689
17113
16770
16795
16757
16360
17442
16175
16251
16342
16109
16164
16595
17197
16523
16560
16908
16831
16772
16243
15427
15869
15585
15676
15061
15287
15295
15505
15446
15421
15517
15021
15343
15261
15326
15453
15768
15985
15227
15135
19264
19821
19630
18757
18660
18850
18924
18570
15589
14815
14978
14774
14756
14999
14752
14858
14942
15212
15302
15044
15174
15388
15268
15107
15310
15153
15046
15663
15383
15370
15162
15199
15542
15644
15858
15882
15664
15462
15466
15789
16039
36058
28534
15722
15928
15554
15651
15511
15712
15843
16210
15624
15858
16021
16012
15855
15758
15645
15933
15837
16356
16488
16459
16538
16617
16719
16499
16555
16470
16510
16654
16483
16251
16258
16597
16406
16533
16602
16448
16896
16809
16872
15910
16422
16655
16278
16789
17027
16685
16583
16486
16879
16039
16505
16760
16520
16143
16675
16431
16207
15977
16564
16409
16549
16374
16772
16323
16312
16302
16575
15848
15928
15939
16123
16656
18895
19089
19443
19416
19555
19500
19067
19188
16108
16028
15713
16018
15925
16272
16509
16427
16697
16304
16808
16693
16505
16744
16695
15251
15556
15914
15899
15843
15960
16034
16323
16030
16066
16009
15952
16544
16903
16792
18032
17145
15415
15502
15577
15544
18980
18916
19177
19324
18767
19010
18714
19091
16171
15365
15519
15200
15264
15657
15188
15080
15035
14665
14817
14755
14938
14661
14520
14763
14701
14352
14855
14826
14631
14595
14540
14357
14387
14305
14211
14496
14214
14533
14595
14600
14381
14678
14492
14579
14444
14360
14674
14850
14842
14593
14878
14729
14811
14761
14639
14641
14739
14976
14660
14750
14628
14656
14808
15057
14465
15023
14704
14885
14925
14869
15058
15044
15191
14948
14591
14653
14453
14929
14849
14956
14785
14740
14796
14973
14613
14638
14914
14790
15051
15269
14915
14683
14807
15393
15146
14831
15290
14619
14876
14835
14865
14755
14365
14413
14118
14332
14217
14002
14199
13737
14791
15344
15258
15191
14700
14808
14937
14893
14799
14637
14452
14544
14561
14351
14394
14548
14383
14651
14579
14766
14734
14551
14739
14820
14462
14917
14589
14972
14869
14629
14254
14507
14504
14560
14550
14897
14955
14914
15044
15054
14854
14685
14572
15131
14622
14643
14777
14565
14589
14055
14707
14284
14535
14558
14147
14234
14344
14446
14413
14458
14585
14440
14592
14256
14386
14531
14468
14216
14342
14279
14197
15123
15500
15637
15800
15897
15746
15968
15734
15783
15442
15559
15441
15750
15790
15612
15266
15848
15957
15704
15960
15926
15687
15683
15628
14608
14353
14333
14331
14526
14444
14591
14669
14611
14250
15047
14563
14710
14716
14337
14679
14633
14679
14345
14348
14072
14101
13872
14058
14008
14062
14374
14363
14332
14466
14586
16684
16376
16314
16163
16436
16250
16223
16228
16730
16284
16651
16616
16425
16168
16508
16257
14673
14552
14474
14348
14653
14138
14702
13981
14504
14155
14345
13892
14004
13828
14051
14002
14151
13955
14027
13932
14466
14257
15370
15025
14915
14946
15061
15009
15210
15114
15273
14941
13986
14735
15286
15253
15602
15678
15817
15624
15544
15505
15208
15207
15553
15090
15296
15171
15418
14753
14356
13785
14358
14183
13968
14247
13984
13802
13959
13986
14156
14496
13949
14002
14286
14073
14248
13813
13945
13893
13747
13924
13846
13861
14124
13911
13774
14040
14016
14201
13938
14104
13881
14003
13577
13831
14127
13964
13850
13857
14115
13989
14496
14251
13613
14115
14171
13941
14082
13875
13900
13965
13987
13623
13905
14125
13994
13819
14025
13836
13962
14286
14010
14305
14108
13998
13890
13982
13790
13731
14255
14043
13878
14012
14127
14052
13828
14097
13975
13854
13757
14224
14082
13884
13435
13906
14223
13858
13632
13826
13764
13884
13809
14045
13750
14278
13892
13577
13989
13867
13837
13649
14014
13677
13903
13941
13998
13828
13930
14067
13644
13703
13673
13635
13691
13860
14046
13776
13727
13737
13765
13892
13890
13648
13780
13719
13884
13849
13733
13738
13903
14114
13781
14250
14726
14537
14766
14459
15003
14763
15000
14909
15040
15058
15062
14504
15058
15056
14834
14609
14138
14351
14151
14173
14262
14357
14089
13998
14121
14334
14363
14521
14240
14600
14672
14688
14694
14901
14394
14661
14456
14310
14638
14845
14765
14426
14775
14471
15378
15232
15076
15132
15353
15245
15350
15155
15180
15516
15478
15594
15904
15596
15762
15909
16080
16029
15874
16152
15931
15574
15966
16411
16096
15800
15816
16177
15621
15775
15703
15587
15627
15751
15301
15327
15133
15169
15622
15405
15688
15526
15754
15756
15661
15435
15612
15843
15582
15889
16039
15871
15593
16015
16000
15766
16009
15763
16100
15596
15490
15506
15553
15438
15811
15400
15435
16039
15635
15919
15620
15591
15891
15608
15817
15463
15290
15417
15557
15551
15290
15343
15719
15435
15537
15419
15591
15887
15617
15535
15612
15163
15871
15914
15799
15715
15803
15810
15855
15770
15574
15899
15743
16016
15706
15324
15491
15611
15190
15233
15537
15489
15781
15461
15612
15810
15790
15561
15203
15404
15688
15698
15513
15458
15497
15166
15279
15513
14819
14769
15100
14844
14621
15244
14619
14985
15047
14727
14872
14501
14649
14855
14731
14443
14591
14663
14780
14698
15050
14724
14946
14946
15359
14614
14893
15208
15333
15489
15400
15955
15530
15985
15741
15609
15798
15751
16046
15382
15585
15682
15790
15788
15626
15948
15769
15777
16237
15729
15935
16310
16191
15838
16235
16169
15731
16351
15875
15842
16268
16322
16280
16353
16376
16391
16358
16031
16092
16312
16281
16405
17036
16364
15981
16193
16116
15911
15503
15664
16285
15774
15588
15854
15947
15830
15521
15901
15893
15810
15843
15777
15818
15800
15625
15478
15078
15482
15519
15114
15435
15614
15283
15672
15647
15187
15536
15346
15238
14753
14847
15079
14888
15006
15101
15080
14887
14877
14867
14895
15149
15508
15313
14825
15060
14999
14853
14816
14999
15164
14906
15179
14900
15066
14483
14316
14544
14277
14343
14415
14688
14398
14557
14700
14613
14010
14082
14163
13962
13985
14346
14125
13977
14522
14133
13855
14333
14078
13998
14443
14506
13958
14063
14175
14237
14360
14044
14157
14165
14167
14093
14425
14437
14375
14437
14520
14335
14154
14684
14428
14317
14499
14384
14547
14719
14791
14391
14542
14523
14509
14696
14892
14578
14484
14557
14468
14425
14648
14445
15035
15018
14655
14856
15056
14789
14650
14676
14550
14757
14532
14455
14548
14333
14630
14485
14521
14318
15733
14762
14408
14580
14605
14549
14701
14871
14693
14705
14750
14350
14763
14923
14548
14895
14560
14673
14492
14754
14645
14498
14459
14546
14508
14428
14390
14657
14623
14405
14914
15227
14948
14811
15047
14974
14915
15259
15135
15253
15094
15309
14849
15161
15213
14964
15096
15102
15633
15484
15870
16349
15930
16065
15692
16228
16218
16291
16169
15779
15786
15819
15748
16409
16256
16152
15897
15462
15282
15315
15378
15423
15765
15595
15559
15329
15873
15439
15910
15650
15828
15821
15788
15922
15571
15622
15835
15827
15858
15805
15628
15856
15738
15860
15620
16132
15509
15438
15768
15713
15492
15458
15682
15468
15786
15983
15677
15657
15767
15902
15922
15569
15636
15682
15524
15771
15576
15981
15931
15660
15521
15755
15828
15859
16040
15726
15731
16063
15884
16508
16553
16610
16369
16219
16111
15969
16065
16002
16371
16236
15968
16168
16253
16241
15969
16484
16349
16603
16072
16260
16241
16150
15970
16374
16083
15979
15865
15913
15793
16045
16410
16490
16535
16259
16312
16122
15934
16158
16298
16081
16203
16164
16558
16215
16626
16356
16194
16681
16579
16252
16024
16630
16205
15870
15548
15987
15847
15459
15830
15551
15784
16056
15994
15714
15814
16196
15541
15988
16234
15725
15698
16288
16056
15991
16068
15840
15558
15572
15470
15261
15035
15099
15189
15406
15494
15330
15040
15692
15109
15315
15120
15090
14834
15039
15363
15436
15572
15425
14894
15316
14920
15526
15516
15673
15410
15500
15581
15212
15234
15527
15449
15117
15066
15332
15308
15082
15053
15158
15084
14860
15043
14765
14912
14772
14947
14724
14432
14828
14855
14524
14584
14430
14973
14567
14608
14580
14923
14562
14990
14926
14840
14496
14812
14697
14464
14401
14527
14394
14291
14370
14553
14268
14440
14553
14684
14949
15086
14949
14613
14877
14455
14615
14807
14785
14075
14323
14379
14106
14214
14055
14310
14273
14169
14051
14393
14213
14397
14422
14389
14211
13939
14397
14320
14139
14230
13938
14277
14317
14522
14168
14263
14013
13737
13922
14340
14295
13815
14205
14197
13928
14044
14412
14396
14176
14196
14229
13969
13927
13829
14235
14053
13907
14288
13899
14349
14000
14118
13946
14037
14222
13804
13988
14138
14080
14211
14043
13884
13860
13782
14099
13749
13931
14045
13966
14412
13952
14133
14215
14319
14294
14130
14398
14485
14545
14410
14427
14774
14704
14493
14463
14767
14736
14386
14386
14349
14450
14556
14424
14721
14541
14296
14509
14241
14388
14848
14791
14882
14689
15242
14989
15111
15611
15081
15095
15242
15103
15310
14924
14824
15152
15210
15019
15326
15549
15509
15157
15472
15219
15354
15457
15172
15151
15334
15317
15387
15367
15253
15263
14817
15142
15095
14988
15111
15611
14974
14710
14765
14970
14849
15045
14932
15092
15098
15348
15339
15479
15140
15247
15708
15542
15084
14861
14772
15172
15492
15023
14925
15085
14939
15089
14823
15017
14695
14742
14936
14925
15017
14854
15194
14914
15027
14945
14963
14747
15208
14682
14804
14913
14792
15029
14944
15121
14979
14923
15100
14928
15261
15270
15171
15176
14644
14924
15666
15564
15344
15727
15424
14795
14977
14979
14723
14613
14665
14967
15095
14734
15330
14633
14617
14664
14664
14183
13964
14161
14013
13890
13865
14064
13857
14028
13799
13765
13693
14055
14161
13879
13706
13783
13857
13413
13992
13728
13554
14321
13972
13808
13597
13667
13854
13623
13851
13830
13649
13553
13690
13805
13651
13776
13749
13883
13832
13971
14122
14107
14084
14178
14152
14714
14863
14520
14503
14391
14545
14643
14554
14225
14459
14146
14299
13825
14283
14313
14591
14405
13826
13991
14473
14210
14235
14304
14387
14063
14542
15073
14807
14721
14884
14605
15077
14698
15039
14645
14707
14716
14712
14271
14673
14842
14752
14328
14897
14583
14192
14192
14602
14517
14721
14275
14615
14653
14605
14495
14930
15046
15089
15080
14783
14305
14413
14354
14367
14406
14806
14413
14634
14643
14102
14163
14617
14626
14433
14401
14530
14367
14368
14376
14594
14299
14240
13727
14033
14008
14254
14196
14075
14139
14351
14172
13904
14031
14009
13716
13954
13946
13891
13941
14217
13938
13891
13687
13961
14056
14003
14021
14088
14013
14350
14330
14428
14085
14533
14462
13927
14597
14217
14101
14215
14196
13676
14078
14026
14002
13883
13549
13710
13705
13585
13969
13727
13544
13808
13886
13748
13627
14127
15133
14692
14778
14814
13670
13854
13743
13402
13773
13546
13515
13543
13816
13373
13791
14212
13574
14036
13884
13705
14003
14161
14211
14147
14360
14250
14001
13787
13766
13477
13542
13863
13848
13866
13735
13778
13931
14129
14257
14422
14006
14335
14325
14203
13886
13879
13802
13656
13595
13880
13565
14027
14273
14491
14305
14415
14704
14308
14546
14574
14813
14614
14750
15174
14602
15087
14747
15047
15338
15269
14890
14881
14494
15098
14785
14815
14547
14708
14779
14543
15122
14763
14735
15090
14673
14786
14750
14946
14864
15035
15610
15262
15163
15335
15390
15365
15421
15397
15361
15309
15507
15265
15543
15504
15676
15228
15543
15359
15385
15624
15718
15381
15533
15259
15205
15291
15314
15143
15213
15552
14914
14806
15185
15411
14931
15324
15362
16016
15377
15589
15218
15233
15743
15770
16137
15662
15404
15942
15645
15849
15974
15548
15913
15891
15600
15933
15352
15493
15947
15927
15913
16001
16107
16294
15997
16062
16679
15554
15352
15129
15450
15095
15560
15238
15397
15519
15696
15796
15926
15650
15719
15625
15762
15389
15844
15614
15699
15831
16938
16642
16062
16229
16981
16717
16082
15796
15710
15495
15551
15775
16040
15414
15533
15636
15201
14881
15285
15515
15091
15183
15275
15248
15268
15358
15480
15146
15850
15756
15369
15582
15602
15804
15449
15618
15539
15300
15395
15543
15278
14935
15148
15094
15458
15586
15294
15437
14974
15381
15424
15122
14993
15466
15043
14939
15378
14896
14932
15250
15927
16142
16382
17820
16898
16572
16189
16297
15995
16133
16111
15862
15881
15924
15941
15954
15840
15814
15835
15730
15589
15341
15086
15594
15628
15727
15355
15626
15889
15941
15674
16287
16036
16295
16418
16356
16156
16043
16027
16532
16222
15785
15730
15444
15301
15175
15495
15271
15099
14898
14972
14695
14977
14790
14791
15140
15163
15068
15360
15295
15428
15253
15227
15307
15404
15067
15365
15134
15055
15293
15400
15193
15099
15179
15025
15331
15109
15298
15361
15430
15370
15611
15729
15844
15762
15421
15838
15587
15724
15811
15888
15764
15881
15759
15822
15648
15854
15681
15938
15708
15444
15312
15645
15583
15734
15627
15608
15597
15393
15692
15631
15461
15451
15501
15143
14973
15182
15110
14908
14877
14882
14534
14723
14846
14652
14829
14631
14756
14674
14645
14337
14147
14190
14288
14352
14119
14068
14144
14057
14330
14480
14191
14551
14493
14647
14453
13864
14100
13883
13867
13622
14088
13962
14167
14100
14078
14092
14248
14198
13815
13712
13825
13822
13775
13868
14145
13551
13600
13522
13814
13720
13712
13924
13780
13959
14541
13680
13453
13757
13868
13418
13674
14142
13638
13693
13600
13138
13205
13064
13601
13464
13310
13391
13384
12841
13247
13160
13062
13026
13088
12876
13089
13069
13188
12852
12800
13077
13079
12753
13100
13391
13035
13215
13053
13313
13326
13421
13437
13339
12887
13465
13366
13700
13609
13521
13113
13053
13420
13248
13321
13347
13393
13398
13334
13377
13506
13463
13401
13154
13155
13555
13380
13573
13412
13873
13771
13454
13460
13995
13866
13563
13524
13737
13472
15593
13655
13273
13386
13608
13627
13625
13658
15093
14368
13706
13637
15838
13485
13708
13452
13436
13345
13554
13464
13381
13435
13567
13744
13399
13435
13774
13680
13514
14016
13832
13641
13855
14306
14424
14464
14414
14355
14208
14235
14530
14315
14383
14377
14192
14594
14613
14455
15101
14434
14881
14581
14323
14196
14491
14238
14149
14243
14272
13762
14462
14405
14056
14129
14395
14315
14318
14524
14426
14345
14528
14449
14564
14249
14637
14463
14427
14078
14377
14373
13868
14609
13983
14067
14326
14094
14440
14249
14214
14594
14507
14455
14942
15128
14541
14530
14969
14673
14752
14583
14632
14556
18660
18519
14438
14175
14133
14356
14001
14176
14176
14153
13801
14115
14192
14306
14019
14383
14120
14358
14311
14737
14491
14413
14448
14872
14558
14452
14762
14670
14664
14810
14257
14525
14588
14426
14326
14058
14161
14257
14297
14265
14419
14316
14194
14250
13968
14211
14564
14689
13947
14143
14635
13970
14095
14373
14160
13832
13774
14024
13393
13590
14259
13815
13338
13860
14224
14308
13857
14000
14021
14276
14676
14178
14218
14337
14031
13799
13955
13794
13823
13680
13524
13590
13456
13377
13585
13310
13386
13432
13461
13443
13592
13902
13899
13862
13617
13789
13626
13410
13412
13599
13514
13414
13518
13398
13465
13584
13610
13504
13518
13739
13710
13608
13642
13815
13518
13221
13912
13699
13400
13694
13686
13379
13628
13861
13481
13772
13568
13309
13733
13854
13567
13690
13798
13813
14035
13883
13556
14145
13974
13464
13844
13998
13401
13756
13487
13541
13950
13787
13531
13564
13565
13569
13991
13619
13368
13811
13970
13623
13756
13963
13511
13794
13755
13471
13381
13633
13529
13638
13906
13187
13643
13702
13653
13582
13536
13320
13866
13638
14193
14129
13917
13758
13558
13749
14098
14075
14092
13852
13772
14053
13629
13771
13529
13667
13603
13424
13872
13615
13337
13324
13278
13551
13031
13251
13739
13079
13063
13752
13493
13309
13283
13577
13449
13683
13382
13319
13864
13675
13680
13511
13580
13593
13625
13397
13505
13230
13453
13549
13797
13468
13076
13354
13342
13293
13294
13146
13552
13006
12896
12922
12896
12723
12837
13281
12876
12720
13006
13089
13251
13615
13226
13130
13386
13081
12771
12721
12707
13120
13297
13284
13261
13022
12963
13443
13204
13275
13372
13362
13033
13359
13355
13094
13123
13382
13255
13424
13352
13214
13424
12893
13508
13466
13056
13411
13674
13088
12949
13157
13819
13406
13370
13437
13372
12942
13141
13664
13205
13262
13402
13164
13273
13455
13092
13742
13178
13498
13678
14096
14175
13503
13270
13676
13462
13359
13361
13652
13490
12940
13596
13761
13420
13437
13773
13713
13665
13471
13664
13979
13584
13831
13760
13557
13502
13672
13508
13651
13937
13853
13940
13920
14549
14276
14223
14440
14428
13946
14280
13696
13639
13871
13835
13606
13808
13737
13847
14324
13685
14163
14069
13871
14268
14095
13805
13877
13998
13916
14077
13682
13670
13914
13672
13696
13686
13838
13427
13753
13864
13586
13719
13810
13731
13614
13621
13509
13537
13505
13512
13878
13539
13902
13405
13801
13511
13621
13633
13530
13418
13467
13471
13614
13967
13438
14056
13915
13419
13506
13760
13674
13549
13497
13633
13680
13737
13502
13527
13373
13599
13295
13776
13420
13773
13776
13385
13729
13611
13439
13530
13592
13680
13334
13383
13238
13448
13528
13265
13531
13339
13347
13344
13157
13298
13189
13579
13279
16011
16442
16751
16357
14216
13581
13702
13482
13687
13764
13489
13816
13490
13484
13598
13477
13579
13590
13456
13405
13075
13142
13454
13580
13432
13306
13519
13138
13324
13389
13111
13277
13474
13027
13400
13211
13710
13602
13223
13476
13589
13717
13294
13765
13700
13717
13610
13741
13469
13587
13854
13740
13732
13994
13252
13496
13296
13337
13455
13503
13187
13612
13375
13136
13355
13230
13302
13137
13436
13075
13377
13293
13313
13296
13421
13592
13571
13668
13517
13704
13923
16469
17674
18169
18048
15797
13907
14139
14169
13958
13892
13748
13751
13593
13726
13964
14209
13997
13678
14744
14348
14126
13652
14108
13716
13842
13984
13752
13680
13798
13905
14173
14406
14549
14469
14351
14619
14728
14419
14343
14507
14411
14399
14443
14759
14134
14332
14401
14184
14181
14298
14394
14050
14539
14518
14347
14289
14787
14432
14041
14463
14492
13444
14029
13885
14165
13871
14242
14158
13730
13748
13742
14176
13595
13766
13849
13690
13227
13203
13552
13434
13419
13574
13532
13686
13544
13452
13813
13781
13600
13697
13846
13894
13652
13514
13225
13176
13357
13388
13795
13486
13390
13754
13682
13628
14159
14206
14202
14191
14228
14434
14228
14122
14181
14219
13972
14241
13961
14216
13632
13873
14253
13896
14001
13913
14081
13960
14300
14174
14080
14402
13849
13852
13603
14147
13757
13717
13556
13918
13697
13844
14018
13596
13687
13476
13532
13702
13570
13763
13539
13861
14470
14619
14810
14412
14037
14226
14164
14525
14453
14063
14161
14320
13897
14244
14367
21641
22495
14173
13908
13610
13710
13754
13949
14144
14211
14258
14585
14364
14253
14710
14895
14716
14684
14948
14221
14577
14571
14418
14466
14647
14689
14770
14460
14439
14774
14624
14679
14759
14147
14539
14722
14327
14739
14549
14822
14480
14606
14805
14494
14621
14336
14527
14251
14293
14479
14238
14025
14236
14301
14193
14106
14359
14630
14280
14085
14577
14563
14398
14462
14585
14304
14347
14437
14302
14089
14641
14508
14882
14505
14608
14436
14407
14764
14460
14494
14869
14329
14453
14557
14086
14164
14236
14471
14165
14729
14430
14848
14625
14835
14960
15047
14863
15289
14989
15061
14996
15255
15135
15136
14880
14897
14802
14643
14659
15201
14955
14791
14588
14693
14401
14784
14884
14617
14682
14744
14385
14234
14174
14004
14225
14719
14302
14610
14368
14521
14462
14184
14338
14687
14429
14732
14630
13927
14335
14652
14581
14286
14521
14729
14229
14473
14340
14149
14470
14515
14346
14415
14355
14723
14758
14806
14302
14632
14966
14739
14940
14580
14676
14604
14750
14420
14623
14613
14652
14272
14372
14210
14746
14506
14821
14842
14600
14769
14776
14603
14370
14706
14953
14701
14472
14948
14605
14211
16375
14614
13949
14243
14363
14276
14410
14286
14513
14164
14059
14224
14066
13920
13599
13760
13900
13808
13684
13740
13931
13948
14087
13680
13665
13870
13871
18034
13986
14177
13858
14167
14205
13972
14427
14331
14477
14456
14513
14343
14802
14803
14684
15136
14916
14594
14675
14510
14694
15375
15433
14748
15067
15173
14632
14762
15059
14590
14527
14141
13933
14168
13995
14653
14468
14927
14066
14311
14643
14325
14697
15113
14818
14636
14939
14325
14311
14235
14419
14621
14485
14515
14550
14637
14551
14451
14419
14594
14652
14559
14526
14525
14346
14566
16759
16844
16811
16787
17486
17163
17308
17373
15401
14894
15106
15286
15415
15566
15356
15453
15176
14826
15289
15502
15561
15047
15266
15110
15041
14911
15240
15236
15009
14812
14761
15253
15147
15006
15140
15112
14925
15445
14731
14958
14831
14854
15012
14926
14953
15681
14943
15145
14677
14988
14419
14620
14594
14715
14671
14576
14789
14532
14576
15045
14929
14942
15011
15230
15245
15053
14923
14657
14899
14285
14166
13982
14100
13789
14264
14413
14266
14174
14061
14187
14267
14204
14183
14014
14205
14436
14391
14100
14144
14086
14056
14260
14133
14244
14234
14380
13912
13778
13620
14076
13992
13962
13971
14194
13484
13524
14629
13839
13928
13833
13916
13825
13719
13772
13921
14042
14027
13702
13184
13608
13556
13635
13412
13261
13331
13590
14336
13750
13698
13602
13636
13773
13582
13681
13586
13575
13801
13750
13785
13592
13381
13837
13547
13583
13503
13556
13452
13680
13182
13319
13354
13486
13382
13866
13508
13621
14046
14006
14211
14401
14566
14518
14096
14132
15247
14191
14506
14028
14273
14622
14180
14556
14533
14143
14078
14545
14269
13909
14297
13972
14299
14058
14448
14204
14742
14582
14390
14740
14667
14461
14612
14031
14309
14620
14410
14263
14799
14771
14746
14689
14666
15063
15112
14872
14971
14991
14702
20267
21175
19585
15018
14559
14851
14711
14536
14627
14506
14477
14614
16016
13693
13984
13759
13898
13916
14059
13622
13850
13780
13704
13625
13904
13734
13977
13895
14037
14183
14053
14155
14061
14325
14352
14149
14345
14305
14477
14497
14368
14125
14285
14244
15128
16648
16713
17371
16976
13946
14162
14967
14100
14086
14661
13984
15178
15123
14359
14825
14372
14526
14346
14168
13948
14230
14047
14214
13981
13886
14438
14334
14143
14053
14047
13906
13976
13852
13759
13630
13625
13880
13599
13685
13873
13960
13843
13535
13481
13502
13717
13433
13838
13675
13541
13675
13425
13848
13827
13687
13730
13779
13839
13957
14292
14447
14128
13885
14270
14115
13928
13743
14064
14007
13965
13996
13889
13663
14212
14322
14069
14520
14599
14914
14377
14048
14345
14307
14580
14897
14766
14347
14762
14716
14813
14856
14743
14891
14958
14410
15206
14868
15749
15622
15344
16069
16333
16310
16667
17406
18137
18618
17061
17914
17833
19553
18980
18757
20799
21305
20083
20159
19009
18921
20172
19978
19386
19925
21241
20099
18734
18421
17175
17095
18379
19069
18452
19052
17888
18665
17149
17746
16691
17721
17139
16352
16467
16119
15630
16620
16912
15887
16234
15809
15350
14881
15390
15592
15958
15429
15684
15807
15237
16255
15726
15464
15981
15797
16127
16012
15946
16070
15714
15706
15709
15613
15676
15645
15873
15725
15705
15697
15468
16548
15748
15540
15858
15708
15864
15724
15283
15805
16034
15546
15339
15390
15248
15577
15542
15632
15340
15782
15817
15738
15360
15586
15437
15482
15248
15507
15553
15264
15512
15284
15358
15083
14954
14986
14862
14953
14844
14952
15389
15236
14879
15079
14976
15475
14837
15269
15033
14856
14861
14797
14928
14619
14386
14851
14648
14397
14547
14491
14445
14453
14478
14583
14487
14335
14562
14507
14461
14295
14409
13950
14183
14159
14136
13984
14388
14289
14235
14533
14081
14128
14018
14385
13688
14300
13971
14613
14103
14178
14152
14026
13907
13836
13683
13804
14551
14063
13782
14105
13855
14213
13673
13983
14034
14310
13862
14300
13964
13719
13841
13906
14051
14077
13950
13955
13855
14006
14582
13954
13806
13987
13812
13960
14350
14269
13796
13981
13809
13610
13377
13429
13874
13788
13719
13809
13781
13533
13664
14127
14302
14322
14443
14384
14704
14333
15142
14869
15440
14873
15288
14866
15024
15152
15159
15131
15575
14759
15016
14997
15067
15515
15454
15382
15187
15822
15985
16036
16113
16313
16633
17029
17325
17798
17584
17418
17967
17176
17167
17352
17876
17402
17002
17336
16857
16634
16753
16680
16897
16540
16365
16848
17138
17678
17264
17139
17401
17528
17570
17425
17303
17490
17164
17427
17396
17104
17141
17058
17074
17341
16974
16979
17132
16800
16861
17012
16843
17103
17262
17324
17345
17342
17230
17425
17532
17870
17537
17175
17084
17416
16979
16889
16490
16527
16513
16994
17254
17320
17019
17281
17391
17211
16930
17148
17025
16864
17161
17262
17065
17742
17051
17508
17467
17384
17569
17890
17218
17203
16719
16431
16959
16654
16946
16551
17050
16614
16582
16624
16472
17905
17126
16578
16329
16486
16289
15632
15004
15204
15041
15724
15198
15004
15022
15122
14942
16208
16188
16265
16228
16161
14345
14117
14183
14512
14314
14181
14621
14061
15030
14370
14497
14429
14006
14689
14254
14276
14147
14438
14199
14254
14289
14457
14506
14243
14449
14458
14264
14919
14065
14451
14624
14305
14172
14254
14222
14412
14313
13668
13706
13885
13735
14417
14434
13784
13692
13759
13670
13745
13873
13511
13919
14010
14715
13979
13786
13858
13921
13798
13990
13700
13479
13628
14026
13828
13984
14354
14208
13732
14271
13999
14183
14050
13754
13814
13784
13818
13675
13941
13521
13669
13483
13877
13341
13560
13364
13504
13601
13689
13284
13854
13731
13738
13928
13644
13971
13593
13838
13973
14000
14222
14333
14317
14366
14158
14492
14366
14421
14313
14302
13987
14688
14383
14514
14395
14156
14344
14474
15222
14959
14805
15138
14726
15362
15016
14879
14868
14963
15071
14868
14772
15271
15167
15333
15023
15036
15238
15286
15296
15039
15121
15332
15240
14910
14994
14501
14792
15083
15414
14955
15111
16474
15398
15094
15305
15409
14830
15114
15250
15337
15177
15552
15867
15141
15247
14866
15063
14858
15530
15156
15324
15170
15558
15897
15755
15535
15558
15644
16090
15633
15861
16195
16234
17165
15470
15399
15921
15385
15092
15991
15640
15534
15804
15663
19437
19666
15699
15573
15726
15278
15423
15680
15672
16823
15844
15733
15971
15577
16237
16016
15690
15809
16006
16063
16174
15929
15758
15860
15067
15298
14527
14792
15732
14769
15459
14599
14615
15790
16947
15962
15920
16012
16677
15859
15709
16445
16140
16452
16314
16369
16016
16001
16535
16003
15907
19941
19678
18385
18373
14540
14668
14540
15397
15066
15486
15995
14689
14654
14732
16232
15201
15262
15925
15352
15122
15392
15351
14900
15644
15344
14863
14923
15445
15265
14890
14926
14757
14941
14765
14646
14407
14504
14365
14421
14559
14789
14918
15479
14578
14618
14546
14563
14748
14523
14939
14761
14697
14537
14670
14202
14465
14753
14341
14716
14590
14139
14300
14439
14587
14367
14211
14707
14425
14205
14451
14678
14760
14540
14795
14662
14403
14330
14409
14417
14280
14581
14446
14396
14736
14765
14414
14140
13717
14230
14312
14672
14407
14621
14420
14245
14274
14285
14037
14248
14293
14172
14817
14450
14624
14215
14552
14607
14594
14489
14821
15058
15302
15358
15717
15721
15374
15590
16171
15771
16196
15919
15655
15973
15549
15647
15854
15865
15747
15590
15450
15404
15036
15296
15506
15608
15707
15578
15290
15534
15771
16171
16182
16075
15686
15922
15679
15805
15715
15693
15718
15658
15694
15719
15683
15700
15241
15416
15589
15146
15660
15597
15352
15446
15607
15637
15841
16330
16226
15773
16321
16224
16330
15987
16085
16218
15865
15807
16170
15931
16724
15885
15529
16432
15895
15633
15583
15859
16245
15982
16210
16467
16735
16538
16844
16905
16705
16826
16879
17013
17158
17120
17138
17059
17211
17134
17285
17335
17315
17212
17325
17366
17030
17368
17368
17266
17167
17014
17223
17014
16831
17525
17369
17258
17370
17880
17717
17978
17747
17251
17399
16976
17500
16574
16643
16845
16456
16828
16875
16366
16364
16457
16326
15537
15660
15620
15554
15916
15729
17655
15862
15386
15383
15591
15502
15711
15773
15359
15740
15597
15517
16446
15481
15538
15591
15313
15604
15170
15398
15560
15800
15600
15447
15292
15337
15438
15626
15530
15490
15940
16048
15557
15936
15942
16027
15820
15661
15765
15800
15741
15731
15436
15606
16444
18826
18994
19494
19259
15349
15581
15293
15240
15380
15562
15484
16011
15648
15623
15662
15510
15818
14797
14822
14800
14758
14983
14375
14728
14274
14366
14517
14235
14296
14205
14174
13887
13851
13837
13950
14217
14032
13876
13957
13975
13940
13748
13995
13512
13947
13643
13976
13489
13580
13960
13922
14266
13728
13689
13529
14040
13969
13796
14089
13870
13837
14015
13729
13819
14132
13743
13911
14037
13936
14192
14622
14332
14428
14084
14519
14329
14669
14608
14716
14756
14909
15080
14848
14859
14822
14740
15504
14808
15005
15172
15526
15077
15176
15219
15466
15829
15188
15274
15379
15206
15255
15751
15517
15251
15353
15095
15033
15021
15214
15611
15033
15102
15151
15334
15638
15516
15678
15646
15595
15670
15654
15310
15274
15299
15656
15833
15868
15739
15582
16123
16016
16282
19938
19824
15519
15181
15290
15643
15192
15899
14840
15340
15051
15281
15197
15539
15066
15539
15300
15750
15485
15435
15719
16072
16143
16223
16357
17106
16395
16991
16797
16731
16549
16556
17022
16536
17436
17078
16853
17203
16963
16852
16518
16602
16435
17310
23679
25201
16380
16289
16524
16146
16194
16362
16167
16294
16472
16297
15934
16451
16492
16327
16359
16846
16652
16528
16769
16857
16972
16656
16631
16773
16521
16708
16496
16676
16503
16480
16661
16669
16683
16538
16421
16471
16725
16446
17041
17916
17941
18458
17923
18547
18201
18577
18441
18236
18373
18309
18958
18250
18397
18431
18553
18671
19156
18813
18947
18652
17798
17450
17869
17784
17903
18298
18180
17376
17155
17089
17213
17563
17143
17727
17384
17577
17701
17663
17696
17753
17599
17665
17379
16843
16661
17228
16909
17279
16895
16959
17188
18128
17897
18202
17757
16685
16532
16614
16771
17091
16468
17249
17372
17672
15621
15779
15219
16047
15900
16017
16312
15890
16255
15956
15908
16140
16122
16110
16468
16615
16621
16393
16248
16235
16290
15956
16435
16187
15987
15529
15697
15296
15449
14855
15424
16217
16006
15143
15170
15044
15119
15595
15311
15663
15210
15601
15817
16740
15784
15348
15655
15684
15179
15066
15560
14863
15063
14937
14706
14719
15055
14821
16805
14781
15098
14603
14744
15477
14948
15396
15064
15157
14903
14861
15058
15181
14972
14818
14866
15026
14723
14728
14932
14695
14682
14408
14920
14537
14913
15175
14401
23183
21462
15075
14852
14982
14610
14539
14426
14558
15175
14621
14929
15460
14614
15090
14929
14956
14722
15015
14879
15035
14558
15203
15773
16137
16768
15591
14779
14602
14376
14571
14648
14551
14506
14964
14571
14445
14538
15560
14869
14521
14714
14630
14625
14710
14590
14901
14770
14593
14553
14747
14769
15415
15115
14818
14640
15172
15869
14805
14752
14903
15205
18830
14677
15117
15066
14820
14785
14661
15095
15525
15016
14826
15172
14956
15201
15111
14833
14876
14977
15506
16244
15164
17270
15939
16652
16879
16498
15975
15629
16058
17016
16410
16271
15983
15999
15744
15710
15915
16267
16317
15950
15395
16201
16436
16039
15264
15614
15477
15245
15466
15943
15644
15796
15732
16127
16936
16984
15719
15804
15295
15684
15606
15626
15666
15935
15404
15562
15634
15325
15720
17530
15027
14701
14890
15168
14558
15299
15195
15863
15608
15805
16725
17122
16197
16143
15687
15693
15972
15793
15603
15618
15713
15337
16301
19241
18774
19138
18124
16256
14307
14454
14614
14666
14663
14692
15624
15177
14589
14611
15069
15447
14937
15138
15061
14882
14979
14822
15781
15963
14856
15026
15269
15112
15351
15403
15545
15335
15434
15454
15183
15345
16130
16125
15501
15181
15452
14982
15405
15405
15360
15788
15465
15393
15133
14834
15840
15117
15369
15258
15100
14638
15162
15140
14754
15027
15083
15118
14920
14871
14679
14592
15222
15276
14958
15007
15236
15402
15159
15506
15643
15478
15303
15022
15342
15027
15129
15107
14811
15250
14886
14941
15049
14729
14885
14659
14919
15379
14956
15044
14875
14563
14958
14689
14998
14818
14066
14400
14421
14566
14400
14554
14723
14678
14395
14525
14493
14389
14555
14477
14384
14477
14403
15162
14548
14406
14110
14145
14359
14391
14379
33704
53883
57005
60455
62003
59572
63309
81945
60588
79172
122082
139816
132948
124526
103114
103681
131357
106409
108778
148796
174798
136299
127606
122058
104937
99904
105509
100215
101154
102273
111952
102338
95645
116655
137616
138172
138767
141470
149743
144752
139760
139049
146661
136360
142634
150766
142671
150164
142369
144020
153556
183893
192699
208346
209496
156233
134658
129501
95703
88349
101857
97576
95146
99940
99343
94401
97344
101441
102585
104891
100576
93228
59244
62017
57960
58102
61361
61060
61757
56218
56690
56430
59029
55077
57521
53392
16941
16899
16959
17121
16596
21866
58683
54287
58561
60288
55165
55082
58270
55192
55314
55850
58688
56998
58673
19542
18046
17864
17479
17368
17565
17273
17259
17476
17325
17394
17299
17224
17072
17436
17388
17152
17338
17219
17432
17491
17433
17547
17312
17412
17275
17176
17643
16972
17036
17721
17061
16767
16951
16700
16995
16928
16201
15979
16386
15988
16027
16359
15861
16343
16929
16074
16309
16254
15944
15732
15875
15725
15923
15907
15785
15579
15408
15726
15200
15490
15598
15096
15441
15203
15434
15753
15549
15512
15612
15809
15500
15579
15975
16071
15981
17044
15333
15101
15985
15127
15552
15366
15742
15163
15177
15162
16010
14845
15212
15330
15220
15287
15204
15226
15684
15469
15252
14932
15231
15077
14830
15401
15343
15105
15178
15298
15042
15345
15169
25561
25746
24818
24541
24386
24835
25392
26130
24216
24302
24256
24575
24561
24715
24834
24942
24922
25478
26306
26482
25798
25168
24936
25157
25364
26766
27114
26026
29468
29584
29388
40608
67100
68560
69135
68612
64532
65401
68978
66316
65616
64998
69270
64840
70323
72546
65546
66970
69015
68827
66690
64433
56253
54097
54339
58487
60092
53939
53353
53729
53388
53977
54641
56234
54194
53374
52786
53691
53034
53255
53217
53628
56235
55091
54101
52645
52770
52982
52217
53170
53469
85204
92966
96475
95790
97219
63213
62609
58075
56417
56083
56409
55829
57305
60600
58648
56871
56284
55501
56238
58704
56836
56082
56697
59668
57570
56359
56330
56235
57055
60512
56633
60423
57568
55924
55882
55843
55818
56294
56468
56362
56952
56998
56245
56440
56647
55977
55723
55765
55890
56646
59749
34944
15550
15736
15743
15599
15894
15707
15824
15966
15967
15793
15972
16063
15563
15875
15454
15390
15510
16247
15933
16041
15905
15872
15776
15766
15743
15283
15814
15050
15137
14786
15119
15185
15160
15442
15083
14928
15002
15078
15313
15429
15398
17349
15281
14765
15499
15525
15513
15753
15055
15425
16007
16058
15868
16182
16117
16094
16069
16022
16246
16396
16240
16130
15968
15954
15957
16142
16511
16128
16598
15996
16519
16301
16080
16164
16306
16211
16382
16076
16981
16394
15720
15664
15838
16613
16026
16149
16080
16176
16257
16117
16608
16298
16162
16487
16498
16600
16660
17012
16957
18151
16660
16735
16390
16544
16864
16984
16426
16585
16962
16524
16356
17235
16583
16471
16462
16970
16750
16698
16670
16419
16572
16652
18414
16889
16470
16668
16646
16495
17996
16551
16575
16542
16461
16351
16616
16182
16402
16103
16525
16451
16122
15992
16231
16308
16451
16088
16096
16254
16160
15903
16077
16243
15966
16328
16408
15946
16168
16261
16228
16384
16418
16624
16035
16050
16496
16334
16022
15940
15954
15486
15835
15837
15518
15521
16061
16002
16147
15802
16141
16221
15673
15833
15844
15907
16056
16134
16539
15739
15357
15681
15642
15848
15709
15952
16092
15624
16234
15447
15397
15447
15210
15467
15340
15512
16898
16207
16181
15779
15120
15501
15686
15195
15328
15641
15638
15343
15448
15627
15533
15627
15358
16301
15801
15328
15592
15378
15491
15554
15691
15988
15815
15858
15504
15530
15410
15665
15367
15627
15584
16169
15856
15973
15589
15993
15826
15769
15506
15590
15969
15640
16102
15432
15761
14919
15772
15949
15722
15592
15497
15590
15211
15479
15169
15382
14941
15176
15112
14925
15141
15257
15082
15110
15235
15337
14827
16202
15281
15488
15051
15755
14769
14415
14830
14630
14152
14748
14435
14529
14284
14472
14490
14509
14238
14581
14741
14569
14822
14454
14435
14090
14190
14444
14121
14536
14471
14356
13987
14474
14051
14129
14264
13761
14245
14335
14126
14283
14262
14851
14566
14444
14179
14440
14404
14337
14421
14416
14418
14590
14578
14549
14466
14614
15054
14895
14931
14868
15049
15233
15391
15624
15476
15337
15462
15477
15501
15460
15646
15860
16119
15762
16481
16084
16037
16268
15657
15780
16214
16019
15795
15717
16518
17635
16786
16800
16673
16807
16812
16707
16477
16504
16924
16805
16722
17294
16649
16628
16862
16559
16976
16584
16659
16878
16693
17001
16985
16964
16780
16605
16510
16463
16541
16598
16676
16475
16435
16665
16438
16868
16731
16847
16372
16796
17217
17450
17093
17512
17676
17597
17591
21642
27050
27229
26844
25190
25282
25896
25693
25655
25299
25034
25059
26390
25367
25313
26555
26594
26501
27249
26628
27048
26681
27203
26636
27102
26504
27068
26862
27014
27318
26921
25447
25638
26583
25639
24384
24323
24166
24521
24377
24080
24160
24619
24243
24976
25010
25193
24961
24415
25316
25659
24295
17619
17481
17356
17442
17357
17046
17357
17490
15811
15585
15809
16221
16965
16617
15760
15943
15911
15294
15236
15109
15618
15069
14889
15171
15051
15545
14902
16110
14880
15556
15474
15586
15340
15210
15407
15251
15616
15677
15812
15878
16033
15895
15938
16549
15452
15547
15492
15495
15420
15884
15895
15652
15467
15504
15947
15866
15597
15696
15661
15749
15895
16020
15826
15846
15610
15850
15317
15823
16171
16561
16196
16651
16355
16502
17033
16435
16038
16470
17030
16459
16438
16253
16606
16473
16692
16544
16492
16544
20892
20738
16105
16625
16827
16404
16788
16765
16463
16579
16240
16527
16625
16073
16424
16387
16374
19003
18607
17045
16009
16407
16275
16439
16473
16254
16311
16122
20608
34729
35145
35280
19119
15512
15291
15213
15311
15195
15224
15334
15564
15363
15105
15158
15117
15242
15005
15216
15276
15449
15482
15756
15675
15737
15545
15289
15915
15450
15370
15457
15128
15056
12707
15134
14877
15227
15013
15135
14680
14797
15379
15165
14944
15154
15296
14951
15166
15689
15199
15471
15052
15579
15141
15330
15494
15337
15363
15272
15551
15836
15290
15251
15295
15353
15597
15323
15329
15551
15497
15788
15842
16308
16136
15478
15648
15845
15592
15637
15706
15612
15717
15847
16050
15888
15683
16035
16933
17282
16897
16758
16527
16538
16542
16469
16210
16457
16338
17563
16953
16800
17136
17196
16553
16696
16794
16628
16687
16566
16507
16402
16544
15778
15627
15873
15695
15504
15639
15735
14819
14788
14558
14452
14729
14845
14777
14620
14461
14776
15253
14703
14481
14617
14668
14711
15119
14926
14924
14814
15033
14727
14991
15061
14561
15094
15155
14869
14819
14808
14742
14809
15044
15540
15051
15359
15427
15006
14958
14299
14826
15247
15096
16140
15422
15162
14934
14596
14823
14867
14682
14488
14661
14056
14059
14451
14379
14323
14036
14293
14191
14160
14109
14482
14361
14820
14446
14069
14269
13974
14467
14189
13852
14160
13878
14147
14052
13979
13979
13919
14508
14246
14101
14175
14106
14133
14326
14203
13929
14126
14305
14339
14172
14538
14113
14079
14447
14400
14091
14556
14669
14742
14234
14497
14580
14235
14707
14174
14497
14344
14171
14250
14548
14479
15286
15449
14491
15492
15628
14909
14545
15012
14747
14709
14552
15642
14639
14986
14914
14859
14773
15073
14970
15106
15568
15223
15346
15200
15445
15391
15496
15826
15764
15808
15741
15784
14633
14527
14744
15314
14817
14743
16112
15416
15416
15489
15285
15732
15893
15214
15334
15546
15546
15416
15364
15428
15368
15282
15042
15126
17251
17213
16691
17376
17395
17347
17339
17554
16591
15335
15185
15530
15151
15596
15540
15702
16149
17654
17282
17258
17445
17960
16958
17095
17321
15387
15246
15012
15257
15289
15204
15329
15243
15049
15296
15181
15219
14970
15346
14807
15460
15345
15259
15578
15361
15231
15717
15837
19745
19800
19819
19861
15811
16153
15547
15454
15564
15798
15253
15443
15440
15657
15433
15756
15577
15449
16393
15550
15468
15484
15718
16387
15312
15499
15375
15075
15314
15509
15427
15507
15313
15359
15781
15348
16001
15452
15139
15204
14941
15026
15116
14996
15025
15455
15388
15226
14403
14628
14806
15101
14632
16019
15322
15404
15491
15417
15187
14939
15181
14925
14983
14996
14749
14698
14514
14569
14743
14708
14705
14742
15679
14565
14871
14818
14757
14680
14790
14709
14400
14584
14514
14640
14716
14689
14654
14734
14463
14661
14378
14849
14886
14921
14612
14882
14876
14938
15054
15071
14969
17186
17533
14802
14737
14561
15621
14703
14484
15504
14622
14687
15217
14624
14736
14786
15114
14924
14894
14784
14668
14764
14605
14796
15011
15340
14623
14919
14669
15696
15443
14900
14828
15091
15279
15119
14989
15512
15198
15035
15144
16094
15135
15019
14442
14600
14543
14772
14593
14485
14284
14310
14320
14402
14152
14802
14399
14207
14277
14628
13921
14327
14482
14312
14489
14152
14812
14426
14093
14777
14867
14417
14146
15627
14516
14851
14403
14314
14415
14437
14376
14540
14243
14591
14332
14503
14390
14604
14219
14120
14246
14459
14154
14507
14330
14340
14167
13983
14466
14173
14121
14254
14505
14095
14493
14319
14011
14212
14225
14569
14510
14704
14344
14237
14226
14295
14180
14363
14125
15263
13930
14322
14408
14045
14017
13821
14525
14397
14113
14329
14299
14811
14592
14393
14314
14499
14303
14468
14417
14324
14479
14126
14322
14414
14158
14365
14488
14169
14195
14087
14189
14253
14462
14087
14385
14416
14109
14639
14459
14482
13893
14612
14995
14986
15088
15090
15115
15585
15150
15240
15543
15390
15316
15653
15358
15334
15700
15869
15377
15306
15604
15405
15842
16587
15534
17080
15958
15835
15869
15655
15710
15915
15773
15662
15596
15560
15751
15368
15493
16044
15578
15202
15513
15577
15443
16164
15642
15396
16015
15268
15541
15054
15440
16191
16065
16555
16666
16257
16343
16117
16679
16365
17743
16727
16031
16093
16340
16184
16356
16559
16464
16395
15660
15930
15904
15706
16348
15666
16165
16187
15877
16416
16257
16459
16649
16623
16906
16862
16941
16609
16931
16703
16580
17150
16943
18067
16719
16494
16453
16089
15798
16376
17130
16239
16301
16335
16312
16275
16588
16744
16632
16762
16853
16962
16852
16705
16896
16525
16958
16523
16320
15729
15712
15442
15650
15441
15547
15290
15501
15171
15419
15476
15492
15255
15339
15528
15141
15304
15221
15064
15358
15422
15554
15572
15186
15256
15196
15115
15072
15235
15151
15061
14903
15144
15423
15824
15220
15211
15568
15401
15440
15432
15873
15686
15937
15397
15528
15547
15314
15275
15352
15757
15154
15308
15364
15292
15562
15569
14907
14808
14709
14731
14709
14536
14579
14351
14308
14521
14192
14563
14314
14199
14346
14604
14439
14370
14308
14395
14114
14519
14351
14505
14169
14340
14812
14379
14188
14369
14337
14047
13968
14479
13804
13878
13672
14449
14565
14051
13969
13821
13894
15273
14027
14026
13980
13738
13332
14010
14015
13928
15910
14010
22933
21526
14493
14255
14115
14316
14117
14165
14059
14315
14057
14240
14723
14439
14644
14289
14804
14400
14477
14543
14577
14786
14483
14902
14475
14514
14251
14431
14443
14032
14560
14577
14624
14300
14481
14357
14314
14460
14455
14515
14534
14570
14512
14462
14228
14422
13945
14080
14421
14292
14789
14364
14324
14421
14362
14796
14626
14398
14378
14216
14092
14000
14247
14397
14362
15096
14125
14493
18323
18593
14328
14297
14417
14517
13967
14250
14754
14344
14224
14637
14541
13901
13759
13861
13995
14729
14221
14047
14293
14077
13946
14161
14241
14147
14816
13925
14171
14181
14143
13999
14019
13942
13732
14266
14130
14316
13974
14386
14121
14041
14067
14901
14314
13757
13833
13954
13934
13834
14072
14148
14169
14147
13965
14321
13880
14421
14093
14139
13889
14187
13899
13979
13926
13853
13689
13932
14145
13788
13656
14129
13718
13640
13941
14366
14034
13981
14380
13740
14051
14151
14100
14185
14304
14467
14303
14036
14650
14605
14340
14315
14407
14349
14210
14454
14489
14241
14422
14207
13927
13993
14310
14684
14017
14437
14393
14562
14384
14377
14209
13938
14564
14251
13590
13628
13863
13896
14045
14202
14137
13808
14155
14637
14563
14407
13907
14257
13879
13868
13911
13702
14146
13876
14087
13771
13829
13786
13896
14058
13828
13920
14211
13730
13893
13992
13803
13998
13877
14262
14000
13899
13935
13588
13901
13834
13501
13613
13728
14272
13972
14182
13827
14135
14123
14225
14015
13783
14085
13895
14137
13562
13876
13750
14263
13744
14057
14158
13742
13936
13915
13823
14135
13810
14701
14316
14037
13980
14115
14139
14114
13654
13857
14508
13802
14014
14730
13843
14306
13970
14134
13837
13888
13922
13866
14325
14122
14268
14265
14224
14275
14365
14378
14308
14167
14612
14115
14221
14402
14200
14192
14241
14443
14323
14504
14380
14431
14692
14084
14138
14263
14544
14749
14150
14089
14124
14367
14239
14025
14615
14196
14316
14159
14400
14394
14254
14173
14335
14457
14209
14294
14169
14802
14433
14177
14582
14253
14392
14430
14697
14684
14403
14250
14270
14534
14355
14452
14452
14189
14433
14405
14229
14059
14427
14108
14226
14412
14618
15779
14345
14013
14508
14358
14389
14568
14509
14355
14200
14198
14412
14127
14453
14374
14384
14273
14196
14368
14389
14208
14181
14095
14303
14285
13977
14122
14480
14341
14643
14596
14315
13923
14346
14425
14389
14214
14609
14491
14202
14383
14409
14420
14459
14572
14556
14533
14453
14439
14377
14401
14160
14479
14241
14138
14445
14320
14204
14467
14889
14595
14237
14166
14080
14440
14519
14182
15641
15294
15778
15571
15497
15482
15514
15591
15429
15446
15714
15344
15446
15327
15646
15324
15457
15321
15213
15549
15644
15548
15324
14813
14441
14314
14534
15365
14231
14549
14130
14022
14300
14301
14593
14177
14419
14213
14149
14960
14380
14542
14246
14795
14367
14587
14267
14595
14421
14286
14373
14249
14230
14225
14073
14667
14175
14567
14314
14563
13946
14389
14238
14512
14425
14519
14456
14769
14320
14368
14598
14937
14638
14723
14459
14806
14469
14831
14547
14498
14340
14584
14443
14399
14568
14550
15091
14718
14961
14768
15116
14669
15051
14975
15473
15628
14911
15102
14972
14934
14983
15051
14714
15199
14680
15203
15976
14655
15111
16725
15588
15206
15273
15266
15443
15792
15215
14922
15423
15164
15436
15412
15338
15711
15478
15306
15253
15433
15606
15531
15539
15685
15461
14938
15642
15027
15422
15357
15497
15684
15784
15705
15313
15588
15456
16394
16047
15872
15704
15799
15742
15594
15925
15956
15792
16075
15875
15547
15877
15728
16013
15840
15451
15573
15459
15759
15588
15907
15670
16076
17433
16153
15775
15435
16171
15861
15701
16053
15843
15679
15897
15967
15618
15844
15823
15606
15692
15861
15703
15408
15299
15714
15740
15550
15961
16041
16138
16159
16611
15892
15674
15938
15961
15892
15935
15857
15601
15636
15757
15788
15595
15755
15976
15736
15646
15798
16354
16103
15979
16048
15781
15960
16587
16341
16818
16100
16269
15809
15703
16382
16563
15900
16491
16419
16467
16327
16129
15702
15438
15803
15781
15545
15916
15873
16094
15664
15962
15754
15766
15837
15906
15728
15911
15861
15870
15579
15773
16037
16046
15765
15605
15804
16318
16455
15981
15836
15657
15683
16318
16126
16297
16064
16150
16288
15724
20362
15910
15891
16042
15625
16144
15882
15859
15863
15835
16001
15779
15673
15529
16096
15567
15498
15956
15597
15481
15491
15681
15653
15769
15690
15705
15597
16438
16065
15500
15552
15858
15733
15818
16023
16122
16143
15698
16362
15925
16002
16355
16081
16161
16030
16149
15639
15893
15501
15992
15859
15625
16061
16187
15577
15981
15959
16083
15781
16144
15752
15933
15992
16358
16108
16175
16860
16375
16130
16509
16371
16677
16886
16618
16433
16904
16522
16595
16323
16338
16159
16373
16314
16412
17191
17053
16727
16835
16566
16750
16588
16900
17189
18084
17608
17148
17084
16430
15691
16351
15811
16168
15783
16726
16039
16190
15897
15383
16275
16303
15904
16184
15954
16157
15550
16057
16157
16059
15518
15310
15641
15768
15981
15277
15967
15710
15997
15346
15753
15909
15780
15438
15643
15422
15214
15131
15452
15862
15535
15338
15514
15391
15578
16103
17012
16814
17047
17703
18319
18415
18250
15567
15305
14991
15510
15126
15264
15563
15264
15110
15189
15265
15266
15182
15331
15226
15192
15002
14873
14877
14827
14785
14771
14794
14959
15192
15448
15117
15246
15082
14918
15134
15282
15123
14646
15093
15264
14818
14975
15197
15105
14958
15188
15216
14686
15249
15589
15193
15131
15603
15666
15130
15157
15204
15434
15665
15440
15359
15404
15428
15385
15368
15603
15389
15641
15190
15391
14775
14731
14610
14855
14831
14908
15073
14915
18458
18642
15054
14624
14577
14522
14857
15533
14908
14936
14996
14527
15401
15979
15465
15542
15918
15754
15658
15446
15839
16183
16042
15955
16066
16179
15676
16119
15472
16335
15916
16227
16216
16063
16075
15711
15949
16143
16116
16062
15983
15491
15545
15877
16012
15938
15691
15823
15964
15758
15896
16015
15932
15815
15971
15918
15799
16109
16512
16177
16083
16468
15918
15954
16890
15931
15929
16057
16102
15927
15855
15983
16338
16309
15843
15977
16105
16066
16866
17188
17451
16870
16741
17264
17107
17061
16849
16707
16861
17018
17181
16160
17034
16943
17292
17021
17603
17078
17693
17848
17613
17133
17092
17226
17094
16864
17415
18280
16898
17133
17027
17216
17436
17155
17464
17931
17624
17484
17366
17771
17464
18471
18425
17599
17851
17524
18124
17515
17566
17666
17210
17402
17632
17052
17331
17700
17423
17505
17097
17305
17397
17757
18394
17987
17150
18035
17821
18199
17300
17784
18375
18584
18887
19278
18746
18818
18488
19082
18890
19349
19789
18552
19280
19141
18687
19122
19835
18944
18488
19202
19568
19786
20362
20183
19838
20084
20466
20742
20806
20087
19421
19292
18593
18708
19318
18317
18028
18044
17910
17918
17633
18120
17976
17161
17808
18305
17763
17755
18150
18441
18074
17986
17959
17907
17655
17993
18259
17797
18012
17855
18001
18103
18269
18057
17805
17791
17534
18337
27036
23673
17591
17641
17688
17670
18683
18126
17821
17598
17728
18195
18101
17716
17224
17355
17511
17259
17491
17657
17527
17206
17512
17413
17297
17386
17621
17603
17304
17428
17701
17835
17816
17727
17753
17708
17477
17314
17266
16951
17163
16692
16753
17014
16231
16699
17418
16640
16098
16254
16721
16754
17041
17593
16314
16119
16132
16171
16348
16387
15958
16233
16106
16320
16246
15964
16318
16284
16077
15933
16241
16084
16211
16385
16509
16380
16174
16279
16407
15809
15796
15780
15935
15342
15220
15102
16448
20035
23846
24076
23640
23525
23822
23450
23118
19163
15661
15355
15470
15469
15379
15618
15422
15184
15435
15449
15648
15377
16058
15588
15234
15121
15400
15265
15039
14924
14777
15000
15130
14870
15129
14860
14969
15462
15494
15496
15398
19173
19032
19225
18511
16212
15148
15000
14975
14884
15115
15329
15100
15432
15041
14655
15031
14824
15793
15178
15534
15179
15962
15135
15386
15258
15820
15240
15411
15914
15425
15603
15473
15649
15434
15622
15567
15465
15754
15425
15418
15654
15624
16240
15670
15725
15910
16040
16434
16963
15659
16029
15783
15957
16107
15974
16098
16528
15877
20257
16012
16006
15888
16278
15963
16012
15408
16079
15979
15610
15830
15538
15741
15496
16062
16043
15877
15561
16020
16304
16120
15689
15432
15453
15704
15812
15719
15342
15834
15626
15500
15474
15348
15362
15550
15400
15388
15391
15102
15273
15915
15212
15508
15388
16054
15097
15682
15537
15456
15647
15292
15503
15311
16349
15731
15296
15398
15996
15795
15573
15527
15186
15592
15957
16563
15858
15435
15616
15757
15847
16086
15640
15686
15065
15575
14887
14695
15191
15319
14905
14676
14902
15690
14694
14952
15317
16579
20709
16619
16904
16300
16596
17012
16595
16092
15554
15878
15768
15760
15625
15363
15450
15599
15645
15923
16270
16061
15789
16167
16176
15688
16969
15954
15272
15148
15113
15166
15119
14902
15214
15233
14841
14680
14486
14885
14549
15465
14213
14611
14412
14328
14490
14557
14176
14665
14519
15124
14693
15137
15556
19162
18892
15146
15222
15347
15150
15066
15286
15092
15767
15101
15863
15583
15453
15602
15216
14745
14864
15058
14962
15411
15446
15139
14898
15181
15737
15740
15826
15996
15801
15711
15454
16058
16249
16023
15684
15927
16283
16345
16125
15432
15542
15524
15759
16212
15183
15287
15332
15214
15622
15623
15634
15683
15431
15355
15916
15699
15426
17423
17371
17072
17221
17374
17495
17954
17305
16970
17020
16597
17835
17195
15797
15030
14891
15333
15206
15130
15111
15391
15582
15269
15498
15173
15028
15325
15155
15028
15171
15044
15219
15116
15155
14859
15125
15127
15423
14908
14798
15397
15622
16146
15362
15511
15883
15513
15392
15688
15609
15732
16211
15538
15711
16086
15816
15817
15804
15607
15639
15363
15438
15134
15075
15707
15476
14871
14764
15216
15047
15831
15012
15134
14897
14988
15217
15347
15299
15739
15723
16361
20489
21181
21195
21770
21717
21013
20522
20508
20771
21019
21046
17723
15363
15583
16376
15601
15426
15299
14711
14867
14569
14990
15498
14801
14978
14614
14755
15155
14847
15020
14509
14783
15164
15056
15056
15139
15498
15687
15052
15189
15480
15972
15757
15525
15466
15208
15361
16621
15277
14942
15559
16106
16542
16022
16151
16034
16284
16554
16320
16338
16632
16571
16263
16933
16803
16588
16435
16694
16562
16410
16464
16810
16318
16140
16508
16861
16536
16258
16689
16343
16097
16376
16445
16280
16214
16245
16655
16001
16253
16960
17982
16071
15942
15779
15776
16013
15466
15315
15184
15491
15852
15441
15671
15342
15955
15484
15487
15299
15226
15170
15300
14888
15080
15120
14945
14928
14756
15295
16069
15184
14956
14993
14624
15395
15412
15150
15178
15238
15281
15518
15488
15119
15120
15325
15280
15637
15419
15879
15967
15998
16053
16458
15563
15576
15864
15758
15645
16052
15668
15608
15378
15532
16034
16480
15994
16480
21984
20911
20836
18126
16251
16159
16279
16212
15170
15853
15531
16030
15707
16151
16289
15554
15716
15472
15811
15552
15943
15664
15517
16246
16079
16078
16246
16198
16615
16255
16651
16488
16624
16359
16454
16358
16479
16199
16617
16454
16308
16460
16431
15633
16172
16296
17775
18377
18112
17943
17470
17288
18330
17619
17718
17865
17841
17981
18083
17909
17547
17468
16045
16017
15686
15375
16103
15424
15356
15558
15436
15261
15275
15252
15628
15462
15704
15641
15568
15776
15431
15472
16039
15920
16122
16197
15802
15867
15789
15950
16044
16049
15627
15602
15879
15850
15367
15651
15808
15659
15657
15721
15576
15933
15866
15904
15891
15545
15574
16049
15681
15842
15782
15551
16029
16156
16022
15565
15472
15337
15238
15519
15427
15783
15606
15319
15056
15090
14912
15083
14999
15131
15336
15032
14853
15111
14720
14606
14398
17659
18005
17081
18194
15938
14687
14991
14955
15184
15279
15714
15027
15202
14595
14808
15469
15542
15173
15441
15420
14830
15057
14860
15777
14646
14490
14144
13943
13862
14358
14324
14210
14702
13860
13857
14337
14448
14474
14934
14862
15095
14878
14774
14613
15166
14995
15312
15523
15289
15326
15420
15504
15481
15974
15152
15543
15655
15434
15092
15469
15518
15297
15231
15622
15517
15767
16045
16023
17207
16469
16682
16132
16070
16146
16466
16463
16387
16847
16593
16972
16965
16831
16920
16719
16811
16875
17033
16248
16623
16960
16765
17096
17021
17520
18427
17296
17068
16896
17065
17077
17340
17039
17107
17729
17183
17292
17296
17364
17719
17211
17079
16792
17454
17239
17350
20057
19931
19638
21991
18939
18601
18391
18693
18976
17750
17861
18042
19674
18142
18101
17965
18402
19062
18050
17631
17959
17591
18566
18464
17032
16738
16947
17169
16934
17111
17626
18595
18293
18097
18992
18375
18196
18489
18511
18388
17989
17892
17938
17787
18141
17920
18270
18396
18627
18227
18402
18207
18127
18230
18990
18264
18418
17711
17606
18394
18521
18569
18441
18376
18372
17962
17662
18077
17868
18116
17841
17569
17785
17758
17932
18525
18511
18887
18196
18303
18319
17981
17720
18001
18582
18278
18841
18872
18374
18214
18173
18674
18482
18261
18444
18621
18506
18679
18851
18818
18191
17735
18702
17688
17733
22088
24302
25569
19201
19194
19789
19359
19293
19294
19029
19055
19600
19834
19557
19173
19375
19066
19346
20112
19349
19898
19225
19430
18737
19175
19138
18403
18864
20055
19402
18755
19267
19286
19210
19243
19816
19372
19457
19648
19798
19138
19453
20601
20201
20447
20620
20363
20329
19609
20349
20050
20156
19985
19898
20113
20567
20256
20594
20480
20418
20265
20600
20691
21007
20462
20218
20598
20703
19903
20807
21088
20528
20219
20001
20040
19505
19371
19114
19591
19005
19309
19184
19344
19683
19496
20227
19808
20381
19922
19791
20038
19789
19274
19462
19406
19924
20006
20171
21959
23899
23843
23621
21603
20111
19493
19243
19972
19996
20026
19852
19938
19667
20353
20761
19836
19130
18867
18883
19515
19510
19172
18795
19079
18887
19278
19143
19770
20494
19708
19333
19739
19054
18694
19736
19421
19050
18774
19595
19313
19073
19809
19663
19656
19422
19460
18751
18933
18855
19047
19048
18473
18527
18560
18926
19527
19069
19210
18738
18786
18854
18223
18088
18138
18820
18949
18546
17793
18036
18890
18442
18437
18722
18385
19198
18648
19009
18639
18580
18070
18769
18778
18875
18892
19362
19771
19024
17612
18341
18472
18483
18511
19155
18499
18925
18784
18807
18727
18458
18767
18572
18478
18289
18319
20140
18535
17950
17953
18105
18171
17707
17255
18609
18677
17825
18388
17792
17454
17451
17777
17506
18080
18070
18170
19137
18473
18113
18699
18807
18355
18470
18254
18089
18142
18278
18365
18490
18308
18558
18450
17977
17735
17638
17941
18234
17870
17845
18052
17529
17374
17472
18224
17672
17983
17668
17698
18202
18205
17622
17480
18120
18104
17465
17787
17641
17661
18019
18598
18272
18587
18244
18504
18512
18929
19225
19097
19109
18994
19118
18256
19038
18662
18596
18150
18171
18364
19160
18450
20614
18787
18461
18630
18752
18692
19488
19489
20253
19828
19072
19015
19211
18979
18806
19013
19233
19251
20008
18996
18799
18703
19136
18991
19433
19705
19328
18753
18974
18306
18885
19171
19135
20214
18910
18759
18172
17973
18386
18398
18642
18869
18780
18644
18698
18908
19395
19303
18225
19120
18125
18051
18878
18594
18371
18799
18250
18194
19121
18651
18268
18593
17808
18259
18082
18216
18315
18427
18293
18145
18185
18231
18045
18362
18160
18818
19632
19722
18929
18444
18873
18213
18325
18282
18334
18677
19069
18362
18680
18712
18803
19084
18709
18970
18817
20071
20000
18248
18447
18660
18541
19011
18673
18836
18678
18967
18730
18187
19030
18996
18456
18798
19279
18610
18239
18088
18478
18209
18474
17853
18686
18226
18045
17513
17535
17709
17545
17515
17468
17729
17328
17375
17594
17050
17133
17435
17917
17121
18027
16742
17209
17663
17225
17050
16816
17084
17069
17438
17411
19324
17925
17654
17960
17810
17537
17743
19052
17537
17737
17026
17656
17494
17670
18079
18241
18050
18003
18391
18136
17880
18409
18388
18152
18205
17910
17462
17658
17961
18296
19095
18811
18057
18526
18390
17875
18355
18742
17811
18113
18012
18537
18300
17466
17662
17901
17690
18149
18955
17435
17328
17560
17232
17551
17498
16888
17083
17300
17199
17311
17035
17154
18009
17763
17836
17833
17513
17136
17162
17608
17244
17396
17299
16967
17593
17427
17767
18081
17500
18166
17246
17305
17015
17252
17180
16919
17487
16851
16725
16745
16959
17354
17149
17426
17412
17494
17846
19062
17651
17857
18166
17735
17464
17881
17788
17263
17525
17429
18135
18315
17120
18408
17499
17438
17857
17579
17993
17556
18560
17917
18338
17523
17522
17785
17780
17756
17457
17696
18266
17395
17601
18857
18432
17818
17801
17525
17956
17379
17774
18183
18104
17879
17663
18121
18760
18520
18493
18598
18274
19087
17842
18509
18907
18622
18667
18927
18409
18476
18473
18372
18026
18004
17856
17991
18000
17792
18149
17821
18583
17661
17904
18630
18588
18925
18978
18987
18757
18614
18460
18426
18470
18440
18454
18510
18292
18668
19046
18950
18822
18614
18567
18596
20645
22706
23641
22867
21175
18427
18849
19143
18536
19592
19926
19762
19503
19495
19244
19352
19300
20189
19752
19975
19975
19331
19410
20034
20354
19786
19592
19923
19685
19909
19743
19373
19754
19571
19694
19437
19606
19987
19511
19303
19527
19475
19247
18575
19281
18595
18630
18871
19463
18745
19502
19420
19358
19092
19627
19667
19094
19802
19362
19417
19765
19635
19408
19870
20123
20053
19678
19840
19487
19913
19684
19741
19514
18966
19562
20197
20239
19913
19640
19090
19347
19269
19855
19617
19497
19688
20224
19799
19151
19343
19750
19096
18770
18918
19007
18915
19092
19061
19655
18871
18972
18748
19294
19419
18429
18891
19256
20036
18947
18582
18481
18904
19131
18433
18470
18249
18899
18511
18079
18194
18119
18215
17878
17740
17728
17278
17936
18345
17972
18673
17918
18134
17812
17930
18230
18319
18335
18258
18467
18317
18728
18831
18210
18352
18943
18962
18781
18808
18654
19107
19727
19445
18992
18493
18761
18706
19670
19006
18577
19515
19292
19335
18938
18745
19087
19036
19057
19006
18333
18390
18565
18660
18474
18827
18739
18993
19331
18654
19520
19081
18895
19364
20201
19941
19935
19391
19386
19320
19538
19406
20027
20246
20457
20063
20530
19916
20031
20329
19947
19724
19727
19183
19901
19934
19858
20349
20349
19330
20094
19788
19364
19119
19271
19343
18842
19067
18968
19060
18987
19028
18892
19157
19108
19139
19226
19387
19496
19263
19830
19369
18867
19422
19230
19087
19007
19346
19901
18914
19138
19229
19889
19729
19928
19818
19667
20316
20493
20417
20440
20284
20312
20102
20502
19993
20134
20244
20620
21041
20870
20826
20611
21023
20678
20432
20459
21158
20402
20097
19813
19779
19495
20088
20233
20188
20522
20435
20952
21548
20887
20519
20917
21105
20795
21279
20456
21211
20992
20975
20670
20981
21259
20754
20315
20289
20185
20283
20725
20492
20252
20360
20584
20329
20157
20536
20345
20510
20409
20485
19625
19509
18895
18946
19040
18927
18948
18523
18467
18658
18656
18095
18484
18718
18962
18846
18132
18099
17865
18287
18082
18587
18350
18507
18987
18379
19666
18692
19117
18562
18716
18774
18428
18981
18936
18862
19276
18659
18964
18399
19276
19230
18207
18993
19372
18769
19010
18814
18616
18361
18641
18326
18448
18937
18820
19479
18865
18422
18860
18627
18340
18390
18466
17673
18052
18384
18399
18146
18461
18227
18161
16700
16629
16259
16511
16156
16478
16539
16586
17371
16634
16118
16862
16512
16415
16402
17565
17512
17998
17109
17895
16837
17488
17735
17014
17939
17045
17125
17617
17055
17116
17772
16781
17014
16780
16791
16666
17604
17511
17207
17261
17126
16895
16893
17476
17021
17466
17414
17685
17757
17291
17940
17399
17492
17614
17242
18482
17586
18031
17730
17758
17885
17932
17917
18115
17552
17825
18004
18224
17680
17350
17507
17197
17619
17253
17257
17788
17344
17627
17216
17279
17396
17296
18925
18246
20145
17581
17243
17514
17325
17549
16970
16796
16809
16910
16604
17249
17104
17169
17015
17375
17348
17531
17396
17541
17041
17453
17234
17230
17157
17145
17462
17861
18069
17613
17878
17456
18098
17414
17768
17900
18264
18126
17600
17480
17214
17299
17082
16776
16274
16685
16364
16431
16548
16291
16390
16289
16238
16486
16761
16645
16755
17936
17594
17849
16570
16539
16431
16990
17299
16890
16246
16401
16302
16195
16444
16816
16117
16479
16995
16619
16304
16936
17192
16544
16169
16229
16679
16308
16202
15585
15988
16265
16017
15816
15986
15768
16340
17507
16254
16775
17082
15946
16389
16116
16556
16019
16237
16375
16072
16023
16309
15865
15597
15846
15821
15602
15473
15704
15637
15308
16225
15590
15411
16530
16063
15470
15698
33266
30539
15928
16080
15896
15694
15506
15466
15633
16257
15721
15879
15538
15851
16125
15823
15752
15613
15384
14759
15180
15565
15507
15964
16124
17231
17469
16948
16486
16193
16088
16904
17685
16880
17048
16771
16373
16330
16335
17177
16636
16478
16299
16234
15533
15460
16372
15660
15935
15966
16330
16022
16092
16658
16372
16152
16041
16437
16203
16033
16940
15891
15807
16453
16570
16756
16551
16784
16222
17654
16422
16718
16725
16448
16606
16066
16387
21708
65314
60624
59856
59271
53229
53293
54102
62428
64239
62113
62590
61924
61598
60980
61312
61746
62470
63089
63349
63033
62962
61772
62228
62355
62503
63181
67036
63649
63831
63725
63230
63240
63823
63865
64201
97561
108881
102905
104211
113663
117223
115545
119512
125467
132654
143630
154663
181499
188487
191419
204464
191431
181634
186172
216631
223453
237815
242802
262556
16974
17853
17645
17131
17307
17436
17105
17074
17648
17467
16526
17106
17030
17171
16964
17296
16790
16759
16942
16832
17390
17327
16852
16831
16832
17150
17335
16429
16918
16642
17545
16915
17177
17381
16741
16968
17344
17098
16796
17747
16646
16636
17203
18515
16943
17221
17505
16691
16466
15964
16400
16155
16275
16318
16576
16894
16918
16822
16837
16232
16438
16429
16418
16091
16183
16640
17237
17205
16750
16730
16878
16764
16805
16400
16508
16768
16802
17121
16612
16648
16776
17134
16730
16749
17039
17375
17198
16761
17003
16771
16882
16893
16785
16764
16831
16751
16351
16548
16576
16133
15851
15934
15817
16091
15623
15603
15853
15600
15478
15686
15478
15724
15774
15765
15567
15567
15394
15555
15353
15353
15537
15283
15687
16103
16360
16303
16055
15969
15829
15724
16243
16108
16122
16147
16011
16224
15788
16028
15828
16006
15726
16131
15857
16062
15719
16607
16410
16224
16708
16284
16137
15839
16112
15829
16234
16014
16172
16038
15558
15997
16079
16196
15910
16198
15947
15957
16171
16114
16315
16723
16244
16377
16393
15882
16591
16185
16216
16262
16670
15661
15925
15862
16008
16606
16106
15732
16679
16411
16814
16707
16444
16259
16130
16439
16273
16554
16298
15505
16640
15836
15671
16075
16009
16098
16059
15848
15996
16238
15722
15385
16013
15568
15186
15194
15680
15438
15594
15441
15209
15372
15065
15403
15286
15112
15197
15722
15479
15699
16061
16411
16344
16304
16507
16136
16435
16547
16314
16564
16617
16364
16269
16413
16274
15990
15784
16020
16399
15597
16005
15898
16038
15831
15808
15970
16034
15555
16074
17163
15834
15633
15157
14785
15067
14877
14800
14847
15052
15061
15370
16263
15435
15678
15224
15802
15481
15416
15346
16462
15604
15944
15629
16082
16964
16834
16904
16835
16778
17070
16991
17025
16848
16732
16688
16810
16740
16741
16918
16844
16919
16817
16869
16380
16525
16829
16421
16724
16696
16275
17220
16311
16863
16696
16447
16665
15414
15577
15362
15611
15837
15677
15775
15659
16465
16213
16150
17010
16438
16322
16153
16345
16172
15959
15927
16115
16289
16144
16231
15943
16066
16024
16368
16437
16314
16310
16279
16315
16142
16575
16683
16683
16289
16776
16649
16446
16755
16986
16744
16741
16759
17051
17192
17136
17171
17204
17282
17341
17868
17163
17593
17177
18411
17430
16989
17260
16754
16937
16989
16944
17308
17020
17012
17082
16878
16950
16979
17263
17097
16899
16763
16733
16305
16476
16159
16330
16616
16147
16276
16284
16068
16502
16635
16722
16538
16217
16129
16211
16224
16037
16231
16288
16069
15834
15581
15979
15941
15943
16090
16091
16217
16201
16056
16194
15909
15999
15904
15985
15886
16063
15652
15911
15818
16239
15835
15466
16000
15719
15457
15091
15240
15571
15352
15118
15340
15366
14964
15235
15226
15005
15152
15158
15414
15063
15422
15529
15143
15296
14917
15279
14938
15226
15106
15115
15536
15097
15106
15472
15848
15412
15421
15200
15274
15159
15719
15804
15701
15642
16276
15745
15894
15503
15444
15728
15648
15977
16837
16129
15547
15688
15183
15208
14854
15594
15015
15055
15516
16398
16746
15997
15876
15709
15965
15803
15635
15711
15457
15746
16019
15699
15998
15791
15705
16044
15942
16170
15932
16070
16096
15854
16034
16128
16308
15954
16070
16075
16037
15833
16408
16236
15962
16060
16306
15727
16014
15784
16500
15988
15851
16571
15822
16196
15711
15716
15871
16044
15916
15919
15722
15977
15931
15841
15875
15887
15970
16316
16422
16240
16436
16645
17085
16673
16716
16901
16765
17206
17335
18118
17992
17764
18056
17673
17788
17868
17877
17409
17446
17549
17643
17238
17699
17298
17772
18051
18067
17778
17909
17697
17391
17747
17571
17392
17519
17915
17467
17657
17518
18272
18042
17645
17855
18321
17538
17454
17513
17306
16854
17391
17924
17658
17300
17443
17855
17798
17496
17285
17218
16893
17135
17121
17440
17259
17523
17035
17390
17168
17607
17791
17424
17926
17787
17503
18041
18276
18344
18276
18825
18018
17776
18327
18323
18181
18504
19846
18447
17019
17040
17181
16837
16811
16839
16678
16771
17019
17223
16676
16580
17035
16387
16429
17101
17468
16545
17264
16073
16717
17252
20751
20918
20901
20476
20477
21162
20581
20485
16344
15946
16184
15976
15716
17706
15792
16048
15759
15592
15655
15438
15365
15386
15670
15142
15506
15895
15752
15791
15570
15715
15753
15868
15972
15404
15766
15261
15688
15419
15834
15650
15391
15524
16055
15573
15833
15357
15770
15788
15417
15321
15276
15569
15836
15978
15854
15743
16377
15849
15913
16291
15782
15923
15905
16296
16182
15936
16068
15903
16226
16072
15804
15768
15899
15910
16146
15975
15961
15873
16045
15709
15261
15629
15556
15439
15522
15649
16129
16055
15132
15921
15652
15690
15563
15276
15522
15622
16214
15913
15358
15425
15146
15293
15672
15337
15512
16061
15624
15608
15321
15555
15762
15750
15469
15248
15499
15142
15208
15216
15041
15362
15480
15270
15465
15416
15289
15508
15770
15387
15303
15187
15414
15371
15285
15494
15825
15249
15243
15141
15119
14889
15770
15367
15843
15537
15765
16326
16473
16063
16725
16188
15924
15465
15915
16237
15866
16565
15959
15660
16321
15914
15756
16146
15720
15994
15512
15666
15831
15702
15661
16576
15956
15339
15951
15738
15729
15067
16053
15970
15731
15606
15802
16045
16120
15758
15458
15456
15443
15606
15703
15802
15917
15240
15447
15676
16088
15897
15602
15531
15901
15868
16133
15923
15790
15708
16024
15929
16008
15933
15875
16510
16420
16037
15607
15703
15730
16059
16022
15883
16071
15746
15734
16392
16157
15810
16000
15926
15638
16253
15851
16034
16405
15988
15896
16093
16286
16288
15720
15801
15832
15572
16102
16070
15903
16148
15674
15634
16370
15863
15853
16081
16147
15917
15845
15578
15937
16282
16324
16346
16515
16206
16395
15953
16346
16159
16555
16626
16311
16317
16298
15989
16797
16579
18400
18239
19101
20229
19781
19780
20407
19825
20229
19997
21246
20702
20878
20056
20527
19881
20271
20509
20082
19606
19778
20585
20614
20928
21248
20577
21052
21627
21011
21855
21431
21216
19501
19426
19118
19347
19086
19659
18760
19064
18952
19141
19383
19616
19342
20091
18987
19939
20705
20993
21860
24685
24644
21492
22081
21532
20590
20693
20862
21021
22558
20961
21203
20881
21829
21651
21079
21293
21247
20760
21245
21222
20397
20737
19999
20304
20896
20149
20355
19889
20357
20325
20726
20587
20500
20436
21224
20056
20785
21609
20347
20649
20146
19700
20526
20388
20211
20144
19054
19531
20477
20401
20310
20610
20694
19728
19675
19947
19946
20202
20359
20805
20025
19764
19919
19071
19387
18889
19698
19267
18909
18859
19527
18516
19105
18637
18604
19349
19004
19026
19438
19402
18779
18681
18645
17563
17457
17467
17496
17527
17607
17294
17466
17058
17348
17537
17950
17648
17384
17702
17510
17090
17373
17095
17291
17287
18525
17240
17682
18145
18073
18606
17563
17552
17010
16900
17464
17796
17249
16555
16947
17076
16770
17189
17067
16875
17364
17455
17285
17395
17412
17109
17271
16804
16682
16511
16518
16701
16456
17180
16852
16296
16404
16624
16646
16725
16468
16664
16955
16326
16821
16782
16861
17116
18062
17828
17144
18087
17162
17188
16721
17017
17255
16779
17292
16863
16992
16524
17961
17672
17428
17242
17383
17083
16950
17766
17915
17530
18048
17745
17818
18239
18542
18664
18527
18506
18758
18930
18582
18586
18298
18516
18013
18737
18361
18038
18698
18482
18693
19366
19043
18223
17759
17917
19433
18320
17984
18356
18437
18475
18706
18586
18327
19371
19185
19376
18577
19218
18867
19548
18518
18380
18496
18322
19114
18475
17836
18351
18316
17459
18410
17951
18242
17977
18289
17741
18089
17914
17851
17944
17996
18635
18012
18440
18353
18302
18466
18238
18099
18408
18677
18568
18069
18582
18480
18462
18596
18027
18349
18165
18123
18362
18068
17978
18521
18232
18455
18734
17938
17794
17968
18359
18043
18380
18826
18199
18021
18105
18691
18042
17847
17993
17148
19574
17519
17498
17514
17505
16901
17046
16700
17365
17015
16292
16910
16475
16429
17059
16769
16812
16526
16282
17139
17263
17137
17089
17140
16829
17051
17173
16870
16569
16797
16885
17057
17053
16659
16954
16946
17787
16619
16779
16323
17023
16969
16854
17222
17153
16554
16900
17122
16985
17100
17057
17152
16958
17329
16706
17024
17046
17291
17338
17343
18039
17601
17547
18191
17735
17332
18194
17821
18431
18368
17492
18200
18209
17909
17960
18929
18888
17798
17551
17688
18006
18466
18512
18346
18314
18461
18485
18434
19140
18615
18541
18786
18507
18641
18353
19232
19830
19152
23532
28437
20517
18083
18338
18166
18961
18636
18319
18482
18142
18362
18307
18384
18506
18870
18716
18429
18498
18500
18467
18195
17880
18693
18055
18513
18217
19207
18627
18708
18905
18715
18776
19045
18773
19122
18808
18330
18754
19098
18667
18812
18389
18269
17939
18743
19035
17850
18400
17914
18688
18515
18571
19006
19144
18379
18452
18240
17898
17844
17922
17386
17884
17396
17513
18073
17754
18204
18286
17586
17565
17342
18344
17887
17804
17987
21917
22610
23551
22950
22670
22289
21993
17493
17731
17992
18096
17365
17683
16644
17076
16849
16615
18044
18254
18416
18481
18260
18265
18335
18713
18562
18515
18325
18073
18860
18631
18777
18904
18241
18447
18320
18634
18787
18438
18770
19201
19334
18652
18521
19145
18602
18630
19076
18815
20028
19277
19289
20215
19708
19263
19731
20567
19411
19077
18602
19084
19348
19339
18942
18634
19600
19008
19174
18399
18299
18365
18355
18628
18820
18447
19077
18849
19245
20074
19343
20015
20074
19659
19092
19815
19486
18661
19496
18941
19286
18864
18598
19011
18998
19371
18849
19178
22656
23094
22706
23556
22717
22077
23196
23341
21404
19189
19845
19306
19029
19361
19264
19384
19727
22899
22515
22649
22121
19118
18876
18849
18425
18084
18213
17672
18201
18015
18032
17869
17810
17264
17466
17735
17616
17782
17179
17010
17200
17470
17434
17650
17646
17802
17592
17365
17677
18172
18276
18155
17876
17464
17685
18021
17909
17836
17731
18050
17807
17657
17914
17866
17809
17760
17926
17428
17227
17589
17658
17894
18046
18208
18348
18483
18864
18390
18660
17978
18120
17537
17557
18004
17474
17696
17625
17124
16867
16881
17034
16770
17202
17034
17361
17422
17199
17167
16774
17087
17142
16764
16478
16446
16424
17964
17495
17579
17112
17590
17517
17091
17281
17290
17629
17671
17420
16982
16785
16742
17062
16280
16810
17234
17322
17600
17087
17614
17818
17350
17502
17452
18159
17682
17884
17740
18387
17736
18467
18623
18759
18419
18078
18326
18885
18935
18713
19018
19052
18690
18409
18268
18736
18070
18854
18775
18937
19021
19049
18599
18294
17981
18564
18595
18280
18295
18486
19185
17957
17995
18556
17976
18472
18050
17762
18338
17712
17792
17813
17377
17083
17095
17653
17611
17576
17954
17151
17791
17537
17839
17741
17648
17767
17684
17273
17689
17518
17591
17491
17892
17380
17448
18355
18015
17848
17769
17595
17417
17521
17597
17922
17430
17425
17527
17696
17865
18223
17906
19411
19512
18025
17789
18226
18412
18345
17801
17777
17635
17796
17910
18015
17282
17295
17650
17575
17647
17842
17877
18334
18050
18196
17854
18065
17851
17974
18089
18021
18108
17991
18032
18293
18202
17602
17795
18024
17481
17585
17839
15777
18429
18280
18323
19210
17556
17731
18090
18247
17807
17310
17956
17776
18193
17861
17647
18122
18440
17712
18174
18030
18726
18084
17500
17432
17851
17857
18192
17781
18131
18418
18096
18300
18590
18201
18261
17939
17380
17653
17910
17379
17754
17686
17360
17436
17578
17652
18270
17813
17631
18185
17993
18187
18068
17989
17980
18579
17620
18257
18002
18383
18593
17797
17971
18328
17780
18227
18156
18383
18314
18827
18761
17542
17971
18997
19447
19057
19157
18648
18338
18964
19012
18927
19762
19428
19123
19409
19488
19185
19121
18174
17978
17494
17088
16743
16760
17276
16763
17386
17245
17146
17775
17655
17929
18790
18909
18548
18329
19069
18569
20678
17940
18621
19122
18721
18702
18591
18109
18769
18266
18614
18838
18130
18137
18503
18201
18690
18708
18539
18640
18804
19107
18672
18817
18630
18916
19045
19639
19980
19781
20486
20228
19715
20158
19608
19066
19525
19624
18352
18264
18588
18666
17850
17946
18537
18863
18609
18066
18624
18247
18306
18665
18490
18301
18585
18271
18242
18269
17778
17850
17519
17264
17163
17144
17152
16764
16537
16710
16520
16506
16301
16091
16307
16110
16040
16876
16985
17416
17068
16570
16504
16704
16455
16120
15933
16117
16487
15993
16575
16590
16646
15856
16763
16592
16413
16494
16638
16436
16624
15461
15866
15822
15933
15303
16436
15943
15842
16309
15833
15923
15817
16475
15837
16197
16300
16035
16983
16422
16580
16630
16746
17534
16806
16276
17709
16999
16472
16888
17138
17063
17149
16483
17213
16785
17137
17155
17551
17504
17795
17363
17287
16726
17241
16637
16785
16902
16510
16742
16825
16891
16762
16434
16664
16577
16318
16818
16267
16522
16409
16550
16471
16969
16432
16367
16188
16389
16801
16924
16200
16352
16252
16698
15723
16281
16307
16545
16044
16597
16293
16477
16983
16356
16919
16387
16241
16874
16602
16474
16628
17052
17042
16897
17046
17482
17442
17149
17013
17604
17740
17049
16892
17021
17304
17226
17098
16740
16501
16851
16912
17129
17259
20319
21121
20850
21071
19086
17180
17449
17288
17740
17465
17490
17326
17622
17463
17718
17625
17862
17172
17585
17157
16685
17054
16635
16642
16652
16740
16640
16308
16835
16841
16733
16731
16248
16940
16901
16263
16582
16263
15997
16173
16206
16208
17137
16200
16191
15674
16489
16992
15905
16219
15831
16316
15873
16020
15924
16094
15791
16198
14961
14824
15311
15685
15560
15603
15368
15414
15195
15736
15438
15975
15164
15445
15449
15181
15344
15358
15601
15167
15058
15575
14932
16744
15204
14804
16723
14919
14910
14568
14763
15272
15054
14890
14966
14817
15665
15120
15006
14934
14842
14859
14743
14894
14948
15352
15142
15774
16259
15387
15108
15517
14828
14906
14978
15080
14596
18142
18796
18649
18513
16665
15303
15262
14970
14607
15078
15240
14801
15245
15034
14739
15048
14742
14867
14941
15435
15405
15141
15297
15210
15212
15562
15257
15823
15606
17479
20192
19879
19376
19728
19403
18936
19058
18824
15175
15093
15376
15211
14996
15411
15877
15771
16269
16027
15728
15880
15944
16193
15949
16036
15805
15804
15533
16613
16246
16297
16242
16896
15954
15709
15809
16134
16150
16066
16007
16092
16061
16087
16698
16267
16195
16615
16584
16138
16061
16481
16583
17165
16365
16815
16286
16801
16609
16727
16559
16864
16501
16503
16666
16800
16297
16250
16724
16348
16490
16314
16337
16705
16746
16965
16934
16636
16629
16337
16462
16548
16712
16960
17020
16828
17168
16695
16569
16467
16540
16355
16335
16455
16546
16743
16470
16718
16564
16535
16955
17120
17154
16704
16735
16903
17146
17279
16799
17525
17550
17113
17392
18141
17746
17429
17544
17827
17782
17442
17194
17121
17996
17387
17817
17582
17195
17469
18245
17931
17847
18772
17987
17597
18290
18508
17945
17834
18109
18383
18587
18504
18413
18859
17568
17536
17815
18029
17413
16886
16924
17599
17505
17483
17672
17609
17381
17067
17058
17414
17323
17179
17361
17044
17678
17283
17503
17477
17512
17565
17618
17362
17457
18057
17321
17070
17280
17118
16558
17103
17261
17034
16943
16870
17640
17250
17327
17737
17279
17394
17331
17811
18666
17462
17856
17608
17296
17593
18019
17796
17176
17113
18328
21549
21369
21490
20632
16902
16930
17399
17240
17100
17499
16880
17174
17774
17329
17554
17694
17350
17038
17225
17329
17650
17008
16255
16606
16565
16654
16899
16974
16345
18046
16883
16141
16304
16429
16500
16345
16972
16741
16571
16504
16412
15996
16204
16133
16616
16223
16226
16324
16269
16019
16440
15908
16092
16019
16790
15567
16048
16130
16620
16680
16343
17203
16444
16859
16696
16462
16626
16330
17075
16865
16969
17287
17083
17320
17269
17452
16673
16883
16799
16631
16856
17015
20613
55288
55106
68943
66880
61985
56008
56696
60555
61563
59942
65099
68279
62538
64637
69940
65185
63402
63812
63137
62639
62644
62413
62308
63667
63356
64115
64437
63854
65221
68267
63045
68447
62901
64002
64071
67976
62424
63488
63149
61946
62506
61562
61766
63134
33853
16889
16662
17804
16528
16287
16319
17018
16816
17204
16650
17038
17109
16582
17141
16383
17325
16717
16602
17328
16683
16887
17591
41925
99096
102073
99527
95248
96676
96185
98313
144416
142348
145708
136536
134729
134737
135397
134518
134435
135216
142861
141282
134468
135142
136027
133983
136255
132796
128746
129557
130617
133493
143828
141992
144175
136489
137981
130047
126579
129593
135269
140931
143953
148896
150030
154693
142247
151045
142766
145262
160236
102664
86943
53429
54780
54734
61145
54654
54176
59333
61662
55725
54496
53699
24882
17609
17435
17623
17335
17414
17726
17815
17198
17467
18184
17775
17393
17539
16938
17009
17840
17369
17343
17186
17296
17003
16911
16759
16869
16596
16868
17099
17193
16394
16092
16297
16473
16442
16053
16082
16022
15662
16072
15931
16332
16195
15974
15930
16081
15832
16473
15712
15864
16066
15784
15993
16411
16159
16152
16053
16556
16127
16165
16633
16489
16563
16436
16071
16278
16619
16503
16509
16310
16013
16638
16028
16403
16279
15726
15568
15753
15412
15601
15404
15436
16717
15554
15372
15433
15533
15371
15515
15520
15471
15287
15679
15365
15588
15213
15597
15083
15726
15209
15191
15433
15627
15378
15205
15657
15419
15558
15381
16312
15707
15748
15562
16262
16395
16438
16715
16664
16859
17558
17274
17264
17037
17584
17523
17870
19073
17834
17799
17705
15409
15254
15556
15848
15598
14884
15483
16036
15615
15375
15326
14959
14974
15376
14918
14778
15228
15677
15592
17463
16482
15566
16059
15612
16468
16049
16530
16371
16143
15943
16123
16419
16591
16200
16104
16093
16060
16187
16130
16288
16055
16105
16539
16467
16080
15558
16820
16469
15897
15604
15201
15200
15182
15267
15137
14875
15135
15200
16005
15052
15270
15512
15403
15270
15203
15292
15365
15077
15364
15064
15226
14994
15519
15228
15898
15500
15491
15089
15403
15080
15531
15250
14838
15081
15690
14897
15195
14964
15411
15123
15006
15511
15079
15419
15428
15470
15049
15335
15229
15399
15197
15241
15214
14877
14708
14826
15415
14739
14416
14973
14439
14739
14941
14828
15602
14859
14835
15078
15108
16498
16223
15236
15768
15302
14658
14715
15603
15497
15131
14902
15272
14712
15348
15733
15543
15645
15450
15549
15726
16359
16186
15863
16071
15724
16114
15316
15760
15790
15927
15583
15827
15782
15916
16023
16152
15319
15708
15966
15759
15307
15434
15706
15431
15639
16011
15404
16147
15809
15273
15820
15659
15775
15500
16168
15643
15486
15699
16194
16099
15905
15779
16133
18014
22593
19399
15803
15614
15640
15725
15747
15605
15928
15987
15808
15320
15855
15984
15224
15872
15465
15921
15826
16190
15706
15687
15829
16237
16432
16219
16190
16479
16315
15975
16186
16512
16402
16685
16004
16141
16024
16066
16146
16152
16347
16379
16496
16024
16477
16129
16426
16828
17040
16914
17319
16444
16782
16213
16395
15990
15921
15961
16296
16099
15693
15715
15793
15499
15200
15231
15504
14981
14855
14876
14820
15084
15171
15144
14520
14706
14851
14743
14530
14721
14570
14368
14319
14621
14155
14280
13981
14838
14535
14261
14801
14582
14155
14536
14644
14437
14391
14334
14738
14870
14622
15026
14870
14956
14812
14969
14589
14627
14812
15066
15133
15110
14796
14537
14554
14504
14720
14408
14268
14786
14258
14976
14728
14562
14611
14497
14406
14144
15103
14770
14277
15146
14731
15196
14923
14859
15435
15440
15359
14656
14248
15427
14758
15122
14221
15168
14863
14949
14953
15093
15285
15178
15082
15062
14864
14535
14598
14859
14694
15335
14832
14960
14980
14605
15115
14786
15129
15131
14925
15041
15338
15220
15450
15572
15203
14971
15095
15069
14989
14673
15140
15092
15006
15316
15293
16159
15096
15005
15422
14895
15046
15153
14988
15114
15303
15073
14974
14706
16521
19295
19083
19860
19705
14893
14847
14650
15203
14949
15726
15380
15572
15078
15243
15339
15214
15201
15270
15102
15282
15294
15217
15187
15314
15255
15074
15127
15619
16160
15247
16546
16421
15528
15920
15539
15304
15566
15494
15857
15583
15697
15321
15376
15512
15547
15225
15764
15777
15576
15542
15599
15678
15544
15790
15012
15121
15324
14917
15270
15407
15239
15896
17499
17448
17392
17718
17478
17659
17687
16821
15470
15853
16154
16342
16033
16176
16422
15933
16019
16333
16064
16264
15922
15818
16838
16305
15894
15765
16057
16230
15796
16619
16193
15792
15668
16073
15991
16275
15637
15838
15758
15441
15563
15395
15542
15607
15729
15835
16074
15606
15470
16163
15986
15829
15494
15143
15659
15484
15812
15421
15243
16530
15873
15337
15961
15820
15317
16150
15593
15890
15431
15995
15672
15580
15652
16225
16552
16121
15911
16693
16955
16954
17625
17281
16939
16802
16954
16795
17298
16675
14961
14885
15265
15231
15250
15112
15505
15548
15471
15121
15259
15192
15176
15035
15402
15198
15263
15304
14970
15003
15066
14937
15233
14877
14694
14929
15187
15265
15570
15906
15517
15231
15560
14989
15869
15959
15734
15710
16060
15672
15569
15653
15592
15571
15802
15878
15427
15777
15804
16293
16321
16509
15924
15622
16054
15566
15348
15622
15420
15782
15848
15557
15836
16724
16344
16029
16221
16239
16173
16034
16421
16513
16704
16333
15920
16304
16508
16676
16872
16903
17035
16729
16543
16497
16514
16609
16150
16413
16177
16157
15828
16147
15968
15789
15874
15558
15868
16068
16659
15802
16192
17472
16215
16310
16412
16816
16381
16533
16541
16555
16378
16697
16512
16548
16609
16519
16203
16287
16142
16438
17144
16492
16510
17002
16978
16993
16853
16609
16941
16768
16737
16445
16933
16752
16470
16403
16587
16691
16759
17126
17305
17612
16786
17268
17132
16923
17175
16916
16495
16798
16667
16258
15827
16906
16298
16423
16080
16416
16756
16291
16953
16475
16732
16674
16790
16743
16896
17050
17402
16869
17155
18160
17322
17392
17707
17417
17403
17533
17134
17535
16656
16892
18403
17304
16808
18216
17863
17676
18311
17981
17660
18597
17360
17154
18072
17184
16998
17624
16903
17005
17980
17394
16980
17439
16436
16779
18177
16955
16970
17313
17608
17020
17511
16728
17452
17478
16873
17040
17549
17194
16913
17102
16994
16278
17188
16083
16638
16875
16425
16554
17472
17127
16768
16853
16792
16652
17503
16360
17126
17234
16455
16633
17131
16328
16780
17654
16786
16513
17404
17093
16538
17418
16756
15711
16094
16178
15608
16555
15596
15515
15259
15865
15395
15499
15282
14895
15371
14867
14829
15403
16054
14883
16276
14979
14784
16400
15490
15291
16180
15448
15441
15793
15115
15512
51346
46224
15151
16108
15315
15523
15982
15401
15638
16015
15508
15352
15567
15291
15034
16273
15957
15560
15865
14845
15334
15874
15195
15836
16220
15831
15472
17005
16431
16694
16507
16280
15934
16381
15951
16145
16612
16275
15689
16612
16281
15953
16647
16035
15902
16160
14930
15913
15564
14857
15212
15647
15949
15668
16252
15753
15813
16541
15279
15735
15916
15362
15572
15827
14907
15660
15641
15253
15649
17106
16216
15873
16027
15749
15419
16115
15958
15713
16133
15570
15912
16080
15734
16807
16170
16469
16353
16209
16028
16734
16417
15958
16000
16422
15877
15851
16390
16346
16210
16378
16171
15931
16619
15867
15896
16630
15319
15721
16038
15008
15089
15451
14889
15059
15553
15900
15556
15759
15363
15768
15532
15284
15650
15839
15827
15614
15721
15509
15101
15777
15725
15010
15861
15359
15369
15639
15135
15344
16081
15262
15039
15805
15642
16324
16560
15585
16242
16713
16031
15910
16654
16009
15931
17106
16466
16736
16724
15948
16783
16627
16683
17242
17551
16658
17001
17821
16596
16805
17147
16327
16267
16689
16559
16755
17272
17401
17223
17375
16800
16954
17168
16888
16680
17280
16822
16666
17005
16613
16412
16828
16245
16222
17018
16611
16116
16756
16385
16169
16628
16388
16482
17302
17099
16384
16920
16283
16358
17170
16644
16973
17218
16207
16254
16734
16104
16125
16523
16105
16096
16688
16353
16053
18344
16923
16543
16431
15603
15662
15971
15650
15706
24400
23203
16419
16810
16330
16221
16884
15676
15741
16126
16020
15874
16576
16137
15674
16054
16329
15930
16385
15987
15876
15738
15209
15405
16061
15377
15379
16705
16022
15975
16101
15067
14987
15976
15570
15653
15889
14880
14415
14968
15084
14573
14959
14172
14591
15811
14589
14519
15251
13848
14424
14898
15088
15061
18868
19342
14602
15053
14672
15481
15146
14384
14190
14553
14291
14228
15390
14942
15266
15029
14443
14543
15180
14420
14460
14901
14360
14304
14666
14193
13973
14600
14258
13972
14700
14047
13735
14507
13784
13838
14209
14058
14041
14474
14146
14160
14693
14324
14268
14690
14880
14528
15385
14353
14915
14952
14698
14980
15182
14799
14824
15467
14262
14541
15126
14342
14182
14825
13794
13919
14600
14515
18448
18763
14734
14846
14865
14596
14851
15329
14553
14278
14737
13907
14386
14864
14060
14162
14663
14155
14439
15017
14329
14714
15415
14767
14875
15097
14529
14201
14421
14309
14372
14670
14189
14416
15186
14364
14713
14808
14746
14842
14803
14957
14752
14731
14934
14875
14677
14778
15504
15155
14882
14799
14526
14696
14396
15187
14965
14494
15069
15784
15014
15450
14737
14883
15478
15197
14921
14921
14770
15045
15149
14843
14832
15486
14841
15082
15383
15779
16021
15196
15074
14837
15044
14972
15052
15027
15716
15346
14923
15030
15195
15807
15251
14905
15338
15074
15753
15127
14724
14962
14575
15143
14950
15274
15105
15470
15258
14852
15281
15278
15332
15893
15340
15210
15871
14978
14931
15408
15400
18509
24308
18128
15390
16007
15692
15636
15197
15061
15095
15484
14935
14965
15117
15095
15069
14997
15380
15192
15125
15155
15055
15200
15005
14836
14567
14771
15529
15106
14619
14466
14288
14203
14017
14258
15080
16898
16481
16434
16450
16333
16471
16520
15131
14459
14658
14370
14657
14277
14398
14187
14735
16354
16304
16885
16785
16278
16175
17941
16179
14189
14205
15178
14372
15084
14767
14786
14567
14574
14608
14390
14671
14618
14561
14430
14482
14262
16383
14176
14279
15089
14352
14319
14640
14115
14090
14405
14262
14409
14763
14702
14562
14692
14594
14633
14668
14330
14311
14784
14135
14383
14951
16382
15204
14566
14734
14780
14739
14690
14507
14845
14907
14497
14067
14409
14058
14247
14219
13808
14286
14613
14821
14229
14874
14839
14536
15509
15406
15580
15197
15399
16166
16510
16406
16625
16553
16961
16349
16563
16646
16318
16760
16214
16607
16506
17137
16177
16428
16406
16820
16685
16592
16711
16680
16705
16569
17019
17009
17150
17052
16469
17009
17106
17793
17142
17279
17400
16425
15440
15351
15529
16057
14955
16596
15389
15063
15290
16669
15263
15254
15429
15411
15171
15045
15948
16284
15899
15813
15840
16585
16525
16521
16701
16328
16401
16418
17198
16396
16377
16526
16318
16326
16537
17349
16376
17045
17206
17128
17188
17762
17528
17715
17153
17457
17514
17411
17526
17610
17789
17718
17490
17539
18271
17538
17383
17458
17641
17544
17460
17724
17340
17417
17359
17227
17143
16904
17291
17488
17402
17675
17720
17579
17636
17897
17463
17457
17227
17419
17905
17708
17505
17420
17347
17088
17439
17489
17459
17679
17785
17499
17846
17559
17525
17468
17410
17645
17851
17209
18023
17621
17532
17713
17461
17469
17699
17690
17848
16748
18008
17877
18030
18719
18512
18477
18017
18849
19116
18623
18299
18239
18643
20134
19713
19773
20006
19541
20228
19249
19221
16951
15861
16105
16151
15903
15776
15604
15835
15528
15321
15837
15820
16135
15787
15896
16194
16087
16221
15927
15560
15787
15766
16027
15757
15703
16114
16260
15798
16063
15808
16215
15996
16321
15977
15821
15983
16534
16066
15966
16295
16340
15910
16112
15872
16349
16214
16885
17127
16211
16842
16190
16212
16433
17320
16659
16199
16461
16307
16700
16182
16651
18558
18287
18308
18409
18493
19254
18939
18715
17239
17043
16796
17362
17050
17458
18080
17469
17475
17504
16822
17155
17144
17299
17092
17375
16830
17693
16891
17426
17658
17694
16878
17266
16856
16943
16969
17067
16970
17283
17238
17218
21382
17509
17286
17251
15021
17391
17022
16421
16950
17155
16968
17293
17238
16934
17142
17233
17037
17249
17314
17166
17444
18960
19180
19166
18819
18314
18765
18656
17691
16435
16682
16967
16397
16768
16577
16451
16769
16346
16330
16099
16224
15910
16855
16852
16797
16487
16627
16236
15768
16524
16451
16727
17202
17153
17977
17109
17775
17257
17034
16613
16570
17177
17216
17393
16533
16348
16927
17690
17706
17403
18423
18199
18890
20062
19748
19929
19042
18582
19061
19149
19086
19324
18923
18711
18453
18860
18600
18614
19450
23035
22303
22555
22396
22445
22502
22834
23056
18677
19346
19456
19049
18371
18417
18731
18425
18959
18942
19122
19447
19141
18634
19123
18714
19100
18684
18210
18840
18917
18430
19102
19162
19231
19095
19298
19310
18820
18980
19597
19545
19175
19034
19210
19496
19267
19488
19831
19094
18836
18939
18732
18502
18890
18794
18563
19359
18640
18933
18519
16875
17043
17250
17063
17232
16898
17492
17436
17538
17794
17796
17348
17617
17450
17600
17453
18165
17518
17186
17312
17504
17316
17447
17065
16900
17109
17243
17123
16864
16766
18292
17280
17441
17464
17339
18350
17687
17060
16780
16848
16468
16930
17258
16894
17067
16597
16724
16504
16531
15769
16463
16587
16345
16020
16730
16563
16487
16998
17476
16759
17099
16725
16651
16379
16403
16573
17133
16948
17289
17045
16179
16926
17006
16221
16852
16945
16717
16406
15968
16169
16414
16354
16554
16092
16444
16216
16895
16757
16546
16705
16392
16622
16697
16184
16366
16820
16883
17102
17845
16997
16580
18259
17188
17905
19287
18716
18032
18812
19545
18029
19085
19999
18721
18723
18993
18411
19080
21346
19012
18957
18475
18348
18517
19135
18500
18368
18631
18500
18698
18613
18434
18527
18585
18346
18544
18319
19644
18373
18022
18090
18306
18241
18333
18903
18111
18979
18157
18427
17928
18183
18297
18184
18367
18256
17807
18584
18420
18322
18344
17644
18511
17754
17787
18196
18573
18842
18330
18813
18660
18367
18527
18320
19497
18068
18419
18057
17583
17996
18245
17512
17627
17240
17123
17428
18042
17432
17352
17477
17060
17080
17388
17975
17832
17956
17991
17958
19120
18833
19032
19458
19599
19272
19385
20404
17021
16646
17480
16576
16383
16600
16733
17522
17229
17432
17345
17435
17653
18014
17910
17672
17601
18114
18048
18172
18624
18249
18609
17377
17383
17891
17934
18024
17863
17945
17748
17414
17517
17917
17788
19060
17968
17360
18046
17990
18308
17736
17699
18011
17746
17772
17939
18232
17970
17610
18663
17559
17588
17636
17695
17263
17292
19669
17925
17955
17179
17343
18023
17747
17583
17679
17422
17117
16960
17280
16651
16680
17801
17186
16726
16601
16902
17145
16780
17269
17701
16733
17604
18205
17063
18056
17666
17863
18044
17971
17850
17767
18220
18060
18363
17973
18434
17827
17913
17817
18192
18691
17919
18502
18056
18262
17908
17363
17640
17500
17672
17182
17251
17985
16892
16948
16965
16757
17389
16866
16708
16292
16655
16680
16820
16407
15974
15593
15710
17088
18297
17740
18965
18650
18216
18567
19270
17333
16008
16313
16703
15939
16336
15721
15213
14930
15194
15408
15733
15932
15573
16035
16929
16248
16333
16226
16686
16218
16347
16273
16409
15805
16436
16059
16270
15858
15373
15616
17595
15132
15633
16043
15627
15398
15389
15538
15422
15644
15672
15514
15683
16238
15606
15924
15920
15704
15376
15419
14741
15188
15851
15539
15541
15230
15622
15107
15572
15243
15343
16558
15344
15483
15429
15175
15148
15992
15388
15436
15498
15655
15459
15884
16108
16109
16022
15362
15844
15851
15817
15905
15783
15854
15820
16219
15723
15741
15264
15305
15341
15416
15389
15653
15496
15380
15501
15574
15542
15375
15452
15342
15482
15732
15634
15930
15973
16224
16144
16627
16635
16028
16036
16116
16098
15990
16480
16515
16392
16416
17314
16382
15947
15941
15331
15186
15191
15009
15264
15976
15700
16719
16413
16165
17313
16643
16736
16959
16392
16882
16826
16937
16729
16531
16480
16977
16411
16885
16561
16521
16511
16744
17302
16764
17074
16614
16710
16670
16719
16615
16426
16821
17032
16871
16439
16603
16469
17249
16693
15839
15981
16052
16360
16221
16542
16764
16463
16367
16689
16546
16837
16156
16309
16057
16105
16178
15588
16160
15844
15540
16321
16573
16575
16113
16555
16166
16652
16845
16766
16343
16917
17234
16942
16804
16870
17172
17383
17319
17107
16961
17029
17071
17275
17154
17003
17003
16974
17099
17260
17185
17210
17498
17023
16951
16918
16997
16892
17039
17913
17321
17797
17656
17759
17678
17733
17636
17339
17133
17683
17843
17488
17430
18625
17441
18360
19758
18836
18499
17870
17723
18101
17991
17822
17994
18162
18119
17969
18067
17925
17843
18498
18316
19154
18578
18454
18600
18020
18814
18218
18489
19138
19111
19040
18732
18885
18442
18621
18989
18599
18926
18808
20787
19065
18851
18862
18781
19282
18783
19048
19252
18871
18691
18859
18657
18975
19089
18759
19541
19342
19306
18698
19128
19304
20161
20016
19751
19150
19035
19146
19292
18881
19638
19245
18777
19148
19560
19579
35112
33333
18022
18559
18507
18340
18184
18805
18443
18600
17577
17373
17230
17419
17415
17932
17768
17822
17848
18164
17750
17779
18139
17872
17784
17600
17587
17450
17595
17738
17779
17078
17791
17697
17736
17423
17826
17971
18231
17923
17816
17782
17011
17277
17729
17778
17334
17283
17447
17204
17503
17383
17717
17800
17683
18138
18382
17876
17153
16675
16908
16560
16979
16549
17134
16545
16100
15791
15893
15997
15863
16267
16264
15800
16020
16302
16205
16592
15896
16222
16325
16650
15906
16210
16365
16135
16115
16643
16591
17069
16861
17091
16707
16966
16859
16823
16886
16824
16698
17238
17211
17088
17912
16525
15865
17238
16712
16734
17266
17014
16263
16513
15707
15312
16821
16941
17197
17443
17781
17962
17972
18183
18197
18179
18654
18402
18618
18183
18157
18391
18102
17953
18298
18295
17996
18241
17990
18061
18153
18653
18277
18981
19131
19233
18541
18952
19922
19880
19209
19450
19951
19185
23291
23373
23304
23123
19597
20240
19866
19607
19624
19200
19448
18613
18098
18319
18542
19222
18739
18887
18549
18860
19195
19200
19420
19333
18429
19397
19515
19116
18677
18765
18852
17792
18837
18988
18856
19414
18337
17812
17353
17066
17615
17013
17037
16879
16727
17247
17250
16998
17277
16960
16994
17135
21659
17331
17424
17524
17573
17667
17437
17299
17307
17315
17311
17453
17493
17833
17480
17412
17017
17628
18193
18510
19440
18101
18584
18249
18776
18561
18566
18092
18329
18280
18441
17743
18354
18164
17859
18894
18970
18499
18299
18434
18335
18563
19969
18428
18554
18631
18754
18625
18260
17969
18089
18990
18255
18772
18345
34773
18643
18859
18579
18530
18767
17824
17850
17904
18377
17954
18070
18702
17920
17988
18432
17763
18329
18299
18177
17832
17765
17935
18596
18400
17881
18337
18256
18029
18548
18490
17780
18032
18494
17548
18243
17741
17705
17396
17511
16855
17076
16757
17081
17619
17173
17320
17521
16960
16798
17265
17114
17243
17974
17416
17345
17936
17303
17050
17711
17511
17698
18684
17736
17522
18228
17679
17740
18255
17545
17802
17977
17965
17679
18345
17694
17586
19751
21732
21817
21868
21830
22931
23688
20851
19774
16527
15827
15754
16333
16867
14899
15970
15645
15901
16109
16100
16125
16383
15807
15869
16991
16282
16209
16734
16713
16232
16562
15964
15835
16505
16260
16150
17608
17464
17459
18605
18066
18234
18599
18721
18556
19377
18642
18075
18745
19121
18785
19091
21962
22472
23609
22882
20118
19630
18606
18483
18850
18283
18501
19156
18698
18205
18715
18037
18359
18959
18401
18740
18794
18035
18140
18738
18275
18506
18962
18502
19235
18640
18373
18224
18620
18372
17818
18343
18476
18704
19375
18368
18722
19062
18632
18238
18767
18523
18336
19107
18335
18611
18901
18870
18749
18582
18374
18571
19243
18823
18648
18939
17800
18421
18629
18135
17592
18252
18526
18149
18441
18279
17794
18563
18385
18213
18477
18424
18879
18778
18071
19006
18851
18100
18477
18872
18218
18803
19336
18721
18534
19188
19022
19149
19432
18976
19082
18612
18679
18834
18630
18144
18305
18582
17875
17401
17603
17110
17049
17905
18044
19033
19898
19436
20459
20659
19139
18440
19506
18543
19329
19989
18749
19435
19545
18968
18955
19610
20183
19107
19610
19538
18794
18829
17944
18440
18368
18392
19523
19187
18750
19037
18643
18748
18099
18323
18959
19129
17799
18482
18641
19449
19290
19743
19687
19157
19479
19621
19048
18105
18970
18897
19141
18457
19005
18929
18856
17934
19137
18521
18114
18898
18400
18462
18740
18509
18913
18781
19080
19356
18721
19104
18513
19472
18675
18458
19149
19144
18920
19021
18469
18867
18606
19695
19082
19026
18834
19539
19489
19549
19228
18706
18315
19009
19026
19120
18974
18767
18807
19077
18816
19456
18845
19278
19443
19371
18763
18657
18814
19869
19580
19089
19660
19348
19782
19947
20258
19641
19959
19894
19201
19741
19614
19807
20127
20174
19814
19138
19236
20188
20417
20152
20156
20429
20374
19563
20583
20253
20323
20181
20680
19732
19742
20101
19575
19641
19434
19470
19860
19455
19475
19383
19421
18699
18574
18380
18600
18725
18045
18947
18527
18879
18230
18671
19066
18770
18185
18742
18271
18496
18957
19214
19196
19414
18949
19146
19120
19548
19067
19223
19097
18827
18751
18768
19088
19756
19028
19662
18991
18361
18770
18998
18984
18758
18550
18942
18285
18625
19032
18804
19014
19029
18822
19322
19737
18441
18769
18435
19079
19641
19165
18600
19242
19724
19368
19681
18906
19742
19531
19470
19723
19402
19665
20053
19865
19968
20339
20289
19767
19336
18961
18491
18796
18571
19058
18511
18459
18615
18667
18693
18869
19007
19510
18990
18603
18613
19287
18866
19663
18819
19251
18976
31460
38804
18743
19304
18761
18421
18795
18587
18248
17974
18002
18441
18391
18139
18057
17635
17815
18659
17807
18532
17850
16891
17252
17058
17222
17023
17000
17781
17720
17165
17031
17017
17490
17487
18357
18293
18447
17762
17123
18225
18007
18161
18384
17866
18069
17793
18661
18541
19429
19121
18328
18511
18380
18373
18678
19351
18496
18447
18880
18885
18267
18007
18268
18724
18266
18211
18198
18267
18704
18056
18028
18471
18350
17774
17894
18509
17888
17724
17517
17524
18086
17973
18136
18334
18040
17993
18535
18962
19870
18894
18771
18714
18780
18653
18678
18478
18436
18322
18308
18419
19082
19004
18653
18834
19039
18381
18473
18560
19296
18295
18605
18646
18247
18011
18076
18446
18754
18329
18239
18288
18264
18461
18195
17873
17718
18454
18029
18137
18210
18037
17931
18401
18175
17616
18116
18369
18032
17911
18026
18002
18152
17953
17812
17857
17119
17344
17517
18800
17580
18037
18064
17457
17706
17897
18647
17738
18108
17900
17990
17531
17385
16932
17265
17371
17439
16492
17180
17420
16935
17422
17509
17564
17913
17511
17685
17420
17229
17463
17483
17593
17855
17692
17472
16981
17713
17542
17272
17125
17438
17084
17868
17614
17767
17538
17927
17544
17656
17943
18184
17720
18323
18126
18311
17976
18130
18579
19952
18265
19112
18955
18406
18660
18409
18234
17477
18776
18991
18460
18304
18311
18394
18569
18844
18646
18181
18364
18399
17956
17861
18292
19342
17543
18003
18055
18012
17830
17978
17788
18117
18262
17967
17285
17754
17482
18079
17606
17756
17474
17187
17050
17324
17443
16875
17322
17367
17047
17264
16899
17379
18018
17775
17498
17798
17432
17486
26395
24376
18758
18392
18567
18528
18319
18202
19012
18914
18745
18469
18338
18233
18355
18241
18132
18471
18914
18510
18306
18470
18087
18218
18440
18675
19553
18973
22906
23251
22969
22612
18716
18822
18778
18829
19239
18821
18564
18816
18667
18771
18779
19280
18485
18055
18061
17959
18469
18427
18830
18112
18504
18425
19417
18357
19105
18890
18630
18792
19276
18435
18334
19011
19544
18898
19016
19164
19725
18886
19320
19761
19191
19621
19253
19006
18435
18648
18662
18590
18433
19479
19074
19056
19722
18725
18441
18616
18462
18750
19501
18574
17613
18417
18354
19549
20666
20459
20644
20691
20728
21121
21004
20742
21173
21266
20878
23004
24575
24599
24641
24650
22397
23006
22212
22210
18361
18525
18310
18732
18170
18150
18287
18181
18658
18625
18010
18468
18378
18302
17775
17622
17790
17921
18059
17719
19125
24983
20819
30024
36959
26666
47309
40446
26707
48015
39158
34525
42129
35983
35559
37338
29205
24140
29586
27416
32354
18891
19209
18309
18365
18326
18127
18190
18136
18387
18233
18864
18894
18381
18283
19206
19349
18947
18713
19108
18700
18568
19036
19368
19358
19192
19558
19283
18965
18574
18933
18980
18943
18992
18357
18543
19188
18588
18983
18773
19007
18517
18459
18095
18104
18128
18183
18700
17859
17578
18223
18094
18624
18509
18652
17980
18075
18070
17435
17059
17473
17432
17991
18096
17845
18357
17337
17846
17806
17434
18168
18274
17812
17795
17930
17986
19091
18419
20308
18661
18185
17745
18608
18313
18265
18081
18588
18415
18685
18394
18810
18297
18434
18510
18555
18419
18510
17924
17794
17891
18069
17856
18189
18436
18484
19011
19034
18511
18595
18639
18616
19139
19070
18623
18629
18836
18647
18949
18664
18565
18731
18527
18678
18010
18189
18281
18201
18749
18863
18866
18990
18601
18915
18422
18760
19013
18842
18116
17898
17254
17152
17313
17337
17257
17536
17666
17656
17988
18255
17778
17525
17704
17834
18496
17398
17402
17854
17865
18035
18581
18183
18186
17747
18051
18163
18202
18330
18000
18247
18491
18975
18419
18390
18395
19823
22347
22808
22230
20230
18432
17660
17434
17544
19105
17753
17604
17095
17689
17366
17605
17499
17337
17279
17049
17221
17321
17122
17158
16844
17363
16683
16885
16830
17483
17119
17118
17436
17220
16930
17571
17659
17128
17027
17370
17565
17591
17625
17468
17029
17267
17364
17633
17037
17456
17683
17907
17804
17107
17388
17502
16849
16883
17221
17486
17379
16980
17543
17683
17526
17374
17222
16977
17145
16991
16564
16640
17282
17382
17141
17155
17208
16731
16989
16928
17304
17247
16646
17120
16823
16826
17100
17008
17332
17248
17595
16918
18112
17472
17501
17253
18071
17860
18035
17678
17406
17678
17618
17044
17357
17301
17514
17464
17974
18027
17717
17774
17284
17150
17586
17072
17441
20346
20708
20327
20231
20825
21420
21875
21324
16842
16814
17407
17496
16824
17110
17074
17667
17313
17156
16626
16655
16962
17533
17175
17413
17158
17129
17037
16473
17058
17714
17183
17535
17597
17919
17821
17613
18307
17696
17691
17498
17435
16801
17270
17429
17387
17273
17418
17664
17567
17768
17534
17806
17279
17283
17573
17762
17804
18689
18216
17622
18580
18247
17954
17694
17588
17441
17774
17300
17251
17041
17259
17476
17222
17587
17592
17708
18170
17843
17727
17813
17813
17235
17653
17194
17641
17782
17521
16871
17389
16757
17202
17311
17420
17349
16889
17240
17442
17193
16501
17436
17280
17180
16725
16829
16663
17197
17534
17511
17334
17086
17203
16697
17151
16807
16780
16951
17239
17652
17357
17354
17409
17706
17042
17887
17331
17582
17611
17689
17155
16939
17039
17303
17269
17170
17248
17005
16636
17071
16814
17348
16714
16982
16834
16617
17479
17494
17137
17786
17525
17061
16631
17047
17504
17709
16915
16994
16897
16226
16952
16145
16429
16622
17100
16167
16856
16691
17020
17054
16836
16452
16045
15861
16688
15655
16741
16523
16105
16165
16254
16534
17070
17034
16784
16530
16927
16691
17108
16990
17249
17217
19810
21195
20810
21095
17833
17184
17349
17766
17592
17211
18229
17846
18071
18167
18677
18481
18180
18926
18823
18200
18308
18833
19002
19910
18388
18418
18632
18856
18365
18595
18256
19099
18427
18445
18348
18277
18342
18679
18861
18228
17799
17438
17553
17402
17310
17851
17379
17082
16940
17067
17564
17268
17215
16636
16747
16997
16785
16747
16417
17456
17837
18163
18518
19235
18265
18424
19615
19497
19005
19154
19558
19129
19123
19189
19085
19306
19564
20114
19419
20048
19644
19761
19717
19484
19630
19137
19381
19573
19607
18934
19129
18804
18326
17517
18002
18118
18386
18192
18323
18068
18232
17930
18022
18057
18822
18344
18472
19075
18842
18804
18612
18764
18899
19004
18841
18856
17945
18160
18145
19043
18740
18428
18710
19344
18432
18527
18507
18618
18294
18484
18713
18539
18737
18170
18369
18600
18438
18919
18332
18653
18535
18049
18352
18477
18442
18713
18176
18148
18325
18296
18223
17959
18296
18028
18320
18450
18398
18325
17748
18303
18067
18332
18733
18776
18980
18996
18565
19517
19573
18948
19244
18898
18410
18892
18474
18915
18284
19057
18705
17971
18386
19037
18198
18963
18544
18516
18972
18321
18173
18340
18440
17889
17947
18266
18352
18279
18785
18500
17712
18058
17976
17987
18290
18712
17962
18493
18055
18223
18123
19183
18981
18465
18840
18295
18186
18355
18110
18694
18909
18834
19919
19433
18758
18776
18464
18373
18146
19076
19207
18841
18370
18235
18182
18755
18376
17999
18104
18074
18157
18398
18174
18506
18259
17664
18433
18453
17396
17621
19631
18981
18096
18138
17574
17812
18176
17931
17488
17412
17383
17947
18039
19644
18352
17863
17785
17740
17555
17781
17698
17414
18896
17918
17924
17594
17368
17346
17854
17459
17205
16907
17603
17156
16825
17367
16871
16891
17214
17167
16989
17136
17484
17420
17434
17574
18319
17787
17684
16908
17184
17215
17060
16834
17113
17186
17866
18828
17538
17382
18109
17218
16719
17455
16814
16446
16527
16880
16611
17097
17706
16662
17339
17914
17185
16577
16918
17172
16971
17064
16477
16912
16606
16272
16500
16754
16811
17226
16426
16220
16186
16576
16640
16566
16603
16815
16431
16604
16871
16484
17599
16897
17860
16534
16578
17866
16521
16536
16176
16600
16416
15999
16075
15785
15607
15685
15831
15163
16187
15385
15304
15513
15560
14983
15070
15410
15801
15226
15212
15176
15593
15386
15227
15394
15892
15728
15420
15858
15646
15693
15630
15683
15802
15186
15687
16036
15337
15466
15438
15556
16132
15377
15495
15601
15446
15691
15606
15979
15751
15615
16014
15968
15878
16002
16017
15958
16386
15858
16276
16666
16150
16146
16183
16144
16098
16453
16117
16139
16420
16215
16786
16545
16600
16566
16997
16186
16668
16767
16519
16658
16777
16341
16735
16997
16583
16162
16587
16550
16784
16744
16874
16838
16492
16665
16836
16897
16691
16929
17109
16784
16652
16624
16460
16189
16295
16394
17276
17650
17053
17024
17400
17718
17519
17419
17811
17397
17088
17111
17060
17173
16770
17235
16812
17212
16698
17138
16741
15990
16106
16078
15867
15699
16089
15753
15908
16493
16058
16059
16625
16160
16574
16256
17012
16120
16954
16476
15802
16095
16600
16414
16557
16272
16316
16209
16486
16697
16298
16399
16538
16623
16587
16318
16507
16766
16222
16235
16150
15972
16012
16457
16211
16283
16869
16940
16835
17049
16598
16393
16837
16746
16274
16566
16212
16282
16565
17157
16434
17273
17067
16613
16732
16605
16707
16415
17196
16348
16520
16273
16374
16394
16707
16729
16887
16443
16682
16751
16194
16269
16215
16151
16369
16305
15675
16140
16142
16334
16528
16593
16497
16527
16581
16127
16997
17226
16355
16691
16480
16241
16460
17006
16615
16700
17180
16906
20576
16673
17045
20324
20163
19603
19963
19973
19827
19237
19740
17274
17839
17465
17177
17401
17705
18042
17955
17634
17457
16540
17430
17917
16766
16665
16990
17449
17067
17078
17047
16948
16750
17072
17271
16457
16889
16668
16939
16943
16919
17640
17364
17158
17357
16692
16840
17449
17276
17366
16701
16976
17059
17397
17132
17593
19030
16941
17253
17055
17556
17489
17406
17281
17068
16711
16965
16821
17267
17291
16861
17260
16931
17287
17435
16995
17465
17410
18089
17702
18064
17681
17565
17605
18125
17772
18692
18533
18445
18219
18380
17912
18057
17647
17823
17958
17843
17662
17777
18177
19494
18136
17871
18234
17775
17760
17810
18025
17377
17652
17363
17487
17484
17418
17687
17992
17500
17415
17381
17406
17931
17865
18433
18611
17927
18067
17611
18542
17661
18708
17985
18158
17978
17741
18436
17700
17861
17297
17830
17250
17829
17565
18496
17495
17713
17219
17187
17475
17404
17276
17266
16958
17250
17632
17739
17459
17772
17582
17032
17371
17460
17551
17415
17366
16842
17177
17473
17099
17726
17392
17399
17020
16951
16859
16702
16551
16779
16906
16922
16857
16985
17517
16991
17162
17431
17350
16719
17019
17513
16759
16912
17115
16748
16913
16857
16803
16561
16623
16543
17204
16652
17333
16518
16312
17506
17380
17063
17159
15916
16038
16145
17023
16044
16800
16305
15957
16678
16301
16227
16595
16705
16581
16698
16101
16283
16356
15877
16562
15793
16450
15944
15838
16429
16720
16790
16053
18172
16509
16697
16540
16411
16217
16128
16340
16973
16119
16647
17274
16147
16914
16472
16140
16341
16216
16633
16648
16708
16285
15928
16376
16092
16742
17228
16780
16851
16887
17291
16989
16304
15975
16754
16207
16903
16878
16415
16359
16458
16186
16458
16627
16746
16282
16794
16533
16292
16689
16628
17573
16956
16534
17164
16562
16836
16984
17164
17687
17044
17294
16994
17286
17173
17313
16787
17096
17072
17094
16943
16884
16645
16382
16519
16290
16774
16824
17287
16797
17040
16858
17076
16467
16938
17038
16805
17164
17148
17752
17330
17533
17439
16594
17046
16846
17136
16692
16495
16454
16553
16309
16863
17126
17066
17762
17544
17035
17983
17212
17316
17677
16889
16707
17627
16763
16555
16811
16374
16563
17338
16888
16515
17511
16665
16615
16906
17022
16354
16861
16442
16066
16711
16185
16508
16176
16308
16684
17130
17364
16640
17139
16653
16758
17098
16279
16829
17523
16945
16589
17505
17061
17195
17878
17357
17109
17643
17377
17301
17736
16908
17141
18464
17683
17600
18274
17727
16955
17968
17458
16976
17732
17515
17769
18879
17285
17674
18339
17711
17041
18213
17767
17167
17900
17271
17475
18143
17368
17172
17839
17246
17352
18182
17331
17085
17357
17632
17424
17953
17579
17933
17685
17276
17176
17357
16570
17378
17520
17048
17641
17466
17190
16205
17156
17478
16558
17091
16731
16887
16835
18739
16116
17250
15761
16198
16963
16902
16619
16533
17366
15891
16810
15962
16139
16328
16438
16566
16324
16263
16325
16817
16337
16367
17489
16235
16188
17139
16311
16177
17049
16336
16293
16823
15968
16273
16387
16500
16203
16690
17078
16275
16885
16503
16792
16906
16849
16985
17931
17324
17528
17867
16782
16971
17686
17226
19091
18717
17103
17400
17784
16861
17573
17974
17147
17768
18085
21467
21621
22134
21945
18202
18431
17421
17792
18262
17443
17851
18497
18479
17439
18037
17851
17711
18744
18240
18848
18869
18056
17745
17978
17138
17337
17422
17501
17106
17528
17459
16771
17516
16843
16953
17553
17065
17336
17336
17208
17078
17380
17290
17705
18147
17809
18491
19263
17853
18080
18452
17948
18671
18899
18850
18052
19024
18505
18529
19040
18987
18435
19067
18399
17979
18789
18241
20041
18720
17900
17584
18910
18686
18986
19364
19033
18927
19490
19785
19216
19972
18742
19509
19678
19228
19370
19244
18757
18625
19659
18919
19103
19083
18206
18112
18330
17871
17851
18260
17896
18272
18717
18120
18239
18750
17713
17797
18610
17598
17516
18733
17856
17870
18038
18087
17835
18155
18192
18691
18418
18251
18111
19332
19043
18566
19442
19029
18929
19271
18194
19017
18975
18287
19037
18780
18025
17963
18456
18334
18005
18209
18027
18321
19105
17952
18137
18511
18035
17987
19193
18486
18280
18912
18219
17981
19061
18639
18138
18652
18629
18874
19248
19562
18837
19771
19175
18778
20022
18846
19836
20498
19026
18455
20268
18821
18875
19354
19821
18677
19902
19781
19410
20412
19118
19646
19993
20081
19300
19677
19288
19405
19920
18864
19789
20169
19065
18505
19480
19139
18638
19184
18771
18847
19734
19356
19354
20124
19245
19525
19397
19188
19482
20005
19414
19590
20052
19364
19149
19787
19368
19722
19270
19317
19291
19106
19549
18947
19294
19207
19354
19782
19761
19543
18864
18463
18522
18378
18017
17683
18599
18100
17660
18495
18132
17766
18652
17990
17781
18459
17934
17874
18299
17556
18637
18976
17849
18028
17941
17320
17328
18134
18082
17477
18813
18210
18032
18235
17827
17921
18304
17912
17811
18567
17747
17713
19099
17856
17493
18954
17771
18090
19725
18884
18913
19543
18917
18515
17762
17507
17617
18466
18312
18133
18226
17844
18581
19216
17369
18415
18544
17985
17366
17703
17495
17596
18156
17938
17620
17676
17656
17718
17368
17596
17818
17580
18600
18284
17884
17956
17806
18059
18207
18002
18437
18259
17861
17748
17964
17907
18089
17805
17857
17466
17694
17767
17672
17304
18319
17584
16910
17326
17315
17026
16724
17019
17235
16759
16218
16649
16728
16454
16857
16785
16652
16386
17171
16786
16729
16805
16920
16237
16228
16780
16678
16850
16582
16521
16612
16648
16708
16618
15743
16779
17115
16331
17088
16861
17355
16630
16744
17144
16244
16601
16489
16827
16703
17623
18455
18966
19227
18449
19199
18925
17884
15632
16140
15879
16060
16373
19162
19365
19633
19308
19184
17731
16352
15580
15800
15783
15377
15605
15756
15429
15429
15462
15877
14875
15233
15573
15425
15348
16455
15576
14766
14629
14816
14845
15881
15128
15124
14945
15010
14816
15089
15051
15363
14987
14776
18242
21547
21964
22334
18613
15000
14909
15269
15081
15088
15260
15219
15289
15337
15558
15222
15402
15536
15496
15634
15457
15538
15650
15585
15414
15532
15544
15263
15968
15715
15614
16037
15963
15974
15910
15819
16001
15765
15807
15844
15485
15408
15716
16061
16233
15488
16395
15848
15881
15840
15834
15875
16161
16014
15213
15677
15963
16035
15582
15651
15892
15688
15589
16133
16733
20478
20052
20343
19065
15734
16447
15936
15655
16077
16681
17314
16271
15961
16226
16232
16039
16414
17351
16737
17261
16796
16682
16355
16633
16475
16719
16597
16939
16618
16870
17228
17146
16942
16956
16682
16610
16888
16753
16776
16221
17133
17371
17401
17600
17243
17850
17282
17357
17208
16796
17639
17217
17423
16929
17255
17309
16533
16687
16766
16609
16548
17055
17072
16737
16993
16702
17284
16986
17123
17496
16583
17096
17526
17332
16920
17373
17600
17570
16839
17214
17578
17836
17628
17847
17230
17566
17406
17477
17720
17791
18201
17507
18813
18225
18588
17937
17779
18179
17786
17637
18153
18322
17899
18807
20506
19477
19834
20573
21102
20262
20606
20973
20926
20564
20980
21041
21187
20509
18689
18290
17432
17152
17869
17146
17043
17305
16933
16692
17183
17183
16615
18049
17231
17488
17354
17688
17767
17816
17638
17724
18243
17917
17486
17344
17607
17685
17795
17822
17585
17414
17818
17844
18373
17471
17299
17377
17872
18589
17823
17769
19639
18942
20398
18923
19030
18775
18763
18950
18337
18087
18425
18456
18898
18672
18792
19020
18721
19046
18741
19162
19162
18818
19060
18200
17538
17184
17673
17306
17306
16985
16853
17489
16942
16632
16710
17091
16570
16744
16897
16465
16517
16348
16768
16734
16462
16697
16660
16715
16637
17180
16847
17236
17027
16810
16525
16866
16930
16582
16638
16732
16935
16758
59344
145495
139692
138850
138662
137967
138185
137109
138451
138482
139242
138859
139134
140038
137601
137006
137265
135786
138612
137670
138150
137503
136676
138685
139046
136536
139194
139831
139676
137295
44578
18985
18294
18374
18747
18845
18698
20436
19370
18511
18643
18235
18356
18655
18609
18156
18175
17965
17993
18128
18349
17819
17593
17714
17613
17536
17010
17563
17315
17317
16914
17044
17098
17104
17290
16851
16454
16411
16939
17079
17419
17059
16580
16738
16809
17374
16687
17074
17557
17129
16491
16508
16868
16406
16718
16514
16640
16459
16685
16398
16226
16404
16540
16588
16162
16317
16790
16379
16229
17443
16712
16110
17341
16432
16703
16878
16310
15994
16429
16835
17006
17532
16964
16820
16932
16864
17027
17094
17428
17259
18705
17135
17268
17364
17896
17602
17434
16664
16680
16741
16989
17183
16891
17395
17138
16860
17185
17498
16932
16881
16851
16766
17015
17098
17640
17326
16976
17488
16760
17316
16674
16580
16686
16654
16904
17031
17101
16545
17404
16942
17460
17183
16483
16607
17154
16177
16510
16349
16647
16756
16761
17247
17152
17005
17086
17133
17128
17564
16998
17304
17705
16702
17138
17090
17102
17362
17025
16858
17732
17789
16999
17160
17580
17930
18384
17786
17880
18069
17213
17106
17045
17156
17300
17041
17070
17278
17278
17787
17141
17141
17504
17217
17416
17754
17886
18029
17845
18141
18089
18138
18233
19181
18012
18325
18837
18305
18541
18438
18078
18612
17747
17416
17861
17163
17553
17713
18145
17419
17832
17507
17877
17718
17618
17870
17930
18406
18767
18208
18439
18054
17298
17816
17524
17675
17395
17380
17542
17931
16999
16591
16854
16844
17024
16987
16957
18694
16891
17152
17113
17037
17241
17556
17330
17398
17789
17664
17764
17663
18005
17361
17647
18091
17138
17902
17668
17374
16940
16995
17361
17074
17549
17356
17311
17603
17630
17587
17357
17646
17695
17979
18335
18188
17933
17489
17859
17800
17541
17602
17497
16932
16652
17311
16843
17253
16897
17459
16771
16647
17455
17679
17295
17200
17092
17682
17365
17491
17464
17781
17419
18049
17927
17352
17432
16962
16965
16768
16778
17250
16907
16865
16752
17373
16466
16830
16396
16277
16234
16748
16462
16021
15800
16096
15959
15447
15860
16000
15898
15739
15121
15636
15727
15534
15639
15499
15132
15216
15549
16398
15926
15995
15466
15698
15666
15945
15847
16231
16004
16178
15804
16205
15633
15774
16812
16302
16134
16948
16352
15898
16277
16458
16502
16568
16306
15913
16113
16060
16244
16500
15792
16393
16250
16576
16599
16706
16869
16871
16774
16456
16604
16645
17076
16297
16914
16783
16664
16681
16528
16300
16783
16620
16584
16683
16754
16540
16403
16346
16308
16262
16753
16454
16789
16210
16033
16478
16226
16078
15955
16359
16043
15992
15835
16272
16066
16028
17012
18959
19404
19603
20380
17059
15663
16650
16203
15964
16264
16441
16213
15719
15911
16115
15972
15675
16031
16017
15752
16125
16222
16278
16193
16309
15880
16202
16180
18142
19133
20108
20087
20201
21169
20472
20849
19709
17072
17414
16719
17523
17139
17030
17614
17218
17498
17098
17595
17108
17579
16874
16801
17393
17625
17148
17011
16975
17136
17162
17265
17079
17219
17086
17214
16859
16905
17229
17149
16669
16723
17569
16560
16600
16815
17032
16709
16972
17050
16649
16132
16262
16194
16184
16760
16508
16730
16299
15934
16188
16712
17008
15957
16207
16196
16600
16566
16584
16379
16719
16089
16273
17099
16793
16632
16672
16118
15682
15872
15767
16411
15756
15784
15977
15900
16202
16012
16131
15975
16196
16234
16186
15862
16642
16926
16830
16808
17713
17008
17079
16556
16854
16581
17195
16751
16781
16508
16951
17175
16832
17418
16515
16811
17641
17959
17446
17312
17678
17296
17506
17695
17476
17412
17335
17720
17352
17430
17389
17740
17762
17675
17659
17214
16932
17322
17456
17052
17088
16929
17428
16992
17308
17066
16801
17107
17069
17261
16592
17076
17185
17392
16936
17164
17927
17352
17653
17635
17487
16988
16986
17323
17257
16548
16925
17073
17385
16988
17111
17054
16705
16960
17146
17507
17360
17400
17638
17237
17618
17809
17143
17186
17453
17538
16930
17737
17552
17439
17490
17106
17523
16969
16826
16938
17062
16484
17024
17417
16907
16981
16478
16959
17289
17304
17261
16654
17657
17015
17344
17808
17999
19044
19772
19338
17903
16414
17175
17271
17438
17127
17683
17494
17555
18060
17489
17724
18645
17731
16818
17002
17636
16713
17221
17077
16752
17235
17024
17403
17280
17078
17096
17599
17664
17297
17413
18459
17736
17714
18369
17674
18058
17837
18548
17582
17833
17993
18117
17823
18282
18078
17885
17631
17996
17741
17674
17323
17057
17322
17149
17252
17460
17505
17435
17229
17053
17147
17239
17420
16904
17002
17504
16857
16754
17023
16895
16797
16715
17255
16414
16737
17087
16926
17120
17037
16985
17381
17117
17256
17158
17458
17594
17750
17603
17451
17326
17460
17107
17717
16874
16530
17738
18119
17316
17672
17524
17615
18155
17460
17341
17544
17397
17546
17203
16682
16569
16742
17163
16746
17361
16969
17246
17179
16934
16870
16978
16318
16558
16387
16744
16301
16589
16395
17448
16791
16370
16560
16587
16278
16292
16500
16870
17338
17068
17262
17020
16164
17184
16832
17402
17142
17363
18488
17266
17574
18779
17253
17090
17545
16996
16782
17049
17776
17358
17766
17241
17387
17367
17796
17305
17369
17715
18033
17437
17228
17761
17571
17608
17076
17277
17381
17182
17102
18426
16976
16706
16947
16701
16843
16717
16733
17021
17251
17273
16996
17133
17929
17771
17912
17910
17331
17571
17544
17452
17425
17983
18477
18087
17895
18721
18273
18906
17924
18818
18259
18465
18515
18623
18504
19214
18807
18605
19051
18461
18646
18402
18558
18752
18959
18039
18777
19147
20034
20883
20508
20450
19989
19570
20411
19795
19911
19687
19920
20034
19723
19912
20265
20278
19760
20027
20585
20265
19440
20431
19604
19936
19581
19716
19650
20160
19951
20019
19639
19987
18892
19366
19497
19226
19106
19604
20257
20039
20041
19547
22096
19910
20170
19730
19999
19868
20326
20908
20807
20424
20995
20504
20437
20828
20903
20469
21781
21364
21803
21659
22167
22183
22433
22474
21945
22621
21764
22865
22350
22723
22611
22476
22667
22715
22254
22790
22762
21632
21768
21725
21362
20610
20875
21695
21563
21193
21595
20835
20830
20999
21118
20997
20591
20738
20626
21023
20975
20955
20930
20613
20738
20313
20175
19990
20407
20233
20296
20344
20653
19747
19995
21159
20375
19484
19351
18951
19632
19591
19095
19605
19111
19224
19126
18741
18708
18656
19091
18805
18831
18844
19209
19623
18977
19440
19857
19570
20219
20196
19612
20646
20355
20387
21404
20890
20398
20658
20338
20408
20447
20023
19692
19760
19037
18905
18488
17600
17417
17286
16934
16652
16350
16163
16411
16594
16637
16468
16654
17837
16534
16598
16952
16762
16472
16826
16624
16007
16260
16216
16227
16496
16031
15911
15506
15896
15728
15442
15535
15548
15377
15310
15466
15427
15433
15639
15069
15195
16134
15601
15996
15696
15888
16055
15549
16657
16372
16157
16012
16128
16539
17244
17899
17594
16320
16088
15973
16238
16477
16141
16764
16722
16889
18266
17226
16871
17027
16591
16532
16118
15987
16014
16378
16468
16497
16209
16025
16857
16032
16073
16220
16135
16602
16208
16385
16880
17588
16260
16161
16954
16646
16634
17236
17070
17397
17724
17795
18273
17511
17235
17254
17202
17003
16904
17188
17178
17360
17659
17627
16883
16830
16982
16782
16783
16318
16624
16815
16766
17256
17401
16879
17026
17024
16820
17185
16890
17156
17587
18023
17738
17784
18203
17955
18355
17892
18062
18055
18267
17914
17764
19057
18247
17288
17929
17128
17610
17488
17419
17645
17417
18277
17671
17337
17690
18316
18100
17969
17671
18189
18530
17960
17990
17595
17663
17990
17958
18391
18280
18022
17862
17391
17712
17244
16952
17023
17488
17203
17778
17667
17692
17768
18268
17843
17530
19206
18376
18315
18840
18429
18609
18854
18848
19331
19433
19112
18312
18248
17870
17876
18263
18168
18627
18137
18525
18477
17348
17106
17068
17258
17413
17333
17766
17421
17337
17574
17181
17375
16952
16805
16441
16747
16907
17039
16954
17148
16986
17125
16568
17315
16491
16816
17599
16962
16675
17153
17085
16508
16694
16980
16694
16602
17527
17192
16956
16818
17009
16605
16163
15981
15955
16470
16226
16124
16541
16299
18142
16154
15672
15918
16702
16392
16376
16629
16693
17271
17270
16821
16727
16827
16910
16770
16972
16765
16710
16726
16698
17147
16278
17011
16570
16330
16420
16173
16951
16843
16520
16691
16784
17293
16708
16521
17251
16915
17046
17517
18396
17639
17602
16752
16629
16992
16460
16987
17125
17570
17378
17201
16888
17425
17213
16386
16119
16765
16851
17213
17464
17790
17189
17434
17651
17423
17415
18026
18209
17733
17907
18028
17648
18525
17954
17628
17784
17993
17964
18030
17776
17974
18668
17823
18115
18333
17725
18450
17861
17758
18132
18594
18429
18112
18066
18583
18530
18291
17640
17466
17596
17470
17668
17427
17371
17862
18019
17603
17471
17312
17637
17746
17610
17999
17916
18645
18356
17758
17534
17833
17406
17893
17665
17364
17086
18437
17861
17796
17796
17864
18035
18002
17295
17334
17295
17690
17974
17882
17981
18110
22626
22637
22022
22355
22997
22849
23139
22833
20065
19033
18931
20227
18087
18353
18706
18824
18687
18793
18653
18225
18035
18205
18376
17932
18037
18238
18459
18402
19265
19661
19325
19570
19576
18926
18995
19516
19359
19181
19454
18915
18662
19071
19393
19112
19399
19908
19429
18838
19030
19306
18457
18121
17973
18148
17926
18092
17958
17783
17773
17959
17699
17947
18075
20134
20115
18025
18193
18159
17937
18384
18439
18049
17947
18048
18007
17922
18032
18131
17849
18406
18175
16829
18019
17683
17697
17949
17983
18432
18438
18144
18541
18313
18187
18362
18545
18304
17720
17812
18491
18716
17931
18853
18186
18366
18055
18032
17810
17917
17728
17387
18561
18423
17747
18048
16877
17336
17641
17508
18053
17879
17715
17497
17532
17460
16907
16891
17414
17331
17242
17463
18805
18408
17877
18914
19408
19374
19358
18837
18779
18495
19874
18957
18883
19206
19229
18607
18063
18116
17841
16754
17071
16878
16564
17040
16580
17782
18107
17976
18426
18423
18320
19044
19146
18364
17300
17452
17554
17445
17256
17658
18591
17942
17926
18351
18038
18027
17825
17895
17608
17536
17263
17476
16959
17516
17507
17966
17766
17396
17699
17796
18355
18386
18168
18367
18317
18829
18652
18416
18358
18074
17981
17585
17533
18065
17661
17472
17224
17426
17439
17445
17094
17357
17605
17709
18163
18616
18630
18760
19099
19087
19234
18739
18992
18856
18685
18824
18778
18444
18773
18925
18827
18728
18778
18815
18904
19372
19267
18697
18286
18282
18215
18391
18184
18285
18174
18473
18633
18367
18922
18911
18671
18851
18675
18990
18374
19096
19152
19234
19143
18802
18835
18499
18820
18182
17913
17937
17603
17841
18234
17895
18597
18252
18101
18157
18007
18275
17972
17937
17377
17621
17453
17002
16905
16873
16591
16667
16592
16238
17421
16578
16480
16964
16707
16737
16882
16604
16421
16771
16886
16767
16619
17651
16868
17125
17470
16976
16822
16624
16634
17063
16827
16554
16958
16496
16528
16475
17098
16430
16802
16810
16593
16272
16438
16693
16571
16173
16242
17165
17074
17122
16590
16380
16485
16241
16172
16311
16021
16704
16792
16950
16571
17141
16371
16859
16379
16553
16421
17607
16452
16266
16621
16507
16565
16747
16818
16698
16399
16535
16946
16888
16986
16931
17185
17164
16491
16677
16593
16361
16954
16640
16707
16942
16418
17213
17312
17316
17366
17070
17718
17434
17401
17753
17745
17289
17162
17519
17887
17403
17557
17343
17602
17206
17001
16625
16836
17409
17250
17580
17891
18498
18463
18433
19074
18927
18968
19465
19274
19698
19481
19868
20491
19901
20044
19606
19306
20259
20185
19776
19959
20299
20501
19685
19799
20260
20622
20210
20032
20146
20343
19847
20151
20042
19700
19572
19982
19562
19555
19994
19846
19887
19753
20078
19850
19560
20120
19876
19524
19295
20015
19689
19512
19467
19927
20245
19597
19935
19936
19842
20288
20171
19637
19789
20322
21037
20153
20105
19901
20140
20024
20204
19661
20437
20718
20838
20321
20825
21302
20493
20976
20780
21470
20959
21053
21059
20823
20822
20752
20171
19766
20060
20164
20529
20293
20703
20153
20750
20405
20323
20465
19966
20811
20525
20750
20704
20400
19987
19602
19357
19354
19705
20232
20144
20223
20170
20095
20758
21078
21104
20906
20926
20488
20238
19868
20012
20645
19629
19342
18769
18297
18428
18109
18365
18246
18346
18863
18210
18327
18585
17286
10618
17148
17350
17416
17028
17172
17905
18031
17998
17902
17751
17983
17815
17616
17319
17702
18077
17820
18016
17449
17940
17475
17043
17306
17570
17185
17814
17392
17518
17924
16986
17134
16608
16798
17266
18051
17537
17149
17421
17227
17007
17142
16541
17289
16759
17043
17067
16749
16911
16826
16764
16242
16579
17232
16911
16240
17303
17101
16610
16928
17346
17107
16940
16745
16827
17003
17177
17654
18289
17884
17861
17633
17219
18063
17323
17487
17585
17395
17896
17709
17819
17712
17261
16961
16459
16857
15951
16745
16155
16023
16125
17067
16442
16190
16346
16099
16621
16421
17189
16894
17262
17390
17228
17153
16697
16765
16613
16627
16438
16663
17119
16889
16818
16564
16865
16459
17260
17365
17216
17479
16848
17907
16996
17204
17027
17458
17331
17595
17404
17089
17244
17087
17174
17675
17347
17269
17189
17165
17104
17181
17284
17356
16901
17516
17151
17121
17391
17686
17106
17252
17511
17262
17009
17037
17093
17163
17499
18570
17307
17282
18543
17809
18318
18035
18539
19933
19699
19901
20432
20116
20905
20579
20707
20870
20528
20974
20533
20905
21172
20773
20660
20350
20476
20933
20727
20611
20850
20813
19344
19275
19409
19053
18594
18337
17435
17339
17405
16978
17520
17611
17398
17216
16896
17467
17027
17222
17036
16917
17237
16650
16981
17063
17040
16578
16500
16769
17286
16955
17038
16836
16807
16069
16174
16369
16613
16371
16621
16388
16298
16259
16019
16298
15900
15824
15619
15887
15730
15826
15936
15747
15768
15718
15665
15521
15278
15553
16076
15682
15059
15033
15328
15125
15452
14903
15410
14933
14977
14970
15204
15334
16069
15677
15737
15723
16161
16220
16287
16872
16663
16809
16445
16785
17022
16574
17507
16929
16659
16633
16431
16985
17417
17326
16965
16775
16848
16854
17138
16926
16594
16382
16028
16599
16823
16716
16894
17285
16672
16989
16962
16814
16624
16804
17052
16659
17062
16797
16617
16865
17005
16977
16863
16566
16779
17016
17184
16794
16883
16460
16347
16669
16888
16621
16303
16527
16424
16718
16436
16188
16334
15973
16330
16735
16506
17198
16598
16571
16668
16437
16409
16276
16451
16297
16518
16507
16707
16377
16580
16252
16442
16411
16976
17672
17833
17605
18416
18581
18274
17849
17535
18425
17868
18370
18115
18157
17902
17772
18171
17864
17861
17832
18289
18371
18056
18440
17239
16399
16406
16266
16294
16178
16107
15540
15540
15290
15301
15061
15233
14688
14989
14690
15027
14607
14774
14913
14428
14809
14731
14962
14870
14653
15212
15246
15152
15520
15654
15995
16198
15654
15543
15243
15814
15770
16464
15745
15821
15642
15920
15686
16118
15690
16653
15819
15818
15871
15798
15948
16065
16052
16019
15672
16121
15932
16588
16793
16635
16492
17026
16715
16800
16290
17055
17038
16893
16569
16888
16786
16992
17550
16758
16916
17226
17046
16880
16845
16445
16548
16667
16630
16485
16366
16789
16774
16637
16764
17079
17000
16559
16307
16309
16401
16577
16414
16870
16944
16726
16701
16671
16591
16589
17040
16642
16624
16680
16918
16731
16556
16618
16589
16564
16711
17097
16684
16926
16734
16312
16841
16530
16569
16759
16429
16604
16447
16599
17475
17066
17205
16877
16815
20097
20805
20521
21123
20423
20677
20327
20163
17631
16033
16338
16392
16321
16523
17263
17022
16843
16339
16913
17319
16642
16305
16314
15544
16094
15731
15180
16131
15667
15879
16365
16666
16526
16755
17047
16545
17010
16840
16916
16638
16947
16304
17012
16891
16093
15490
16022
15576
15614
15747
15308
15548
15491
15055
15416
15361
15262
15447
15402
15542
15596
15103
15065
15545
15188
15331
15125
15436
15166
15476
15150
14979
15563
15679
15351
16034
16243
15761
16168
15963
15614
16637
15944
15818
16346
15907
15909
16003
16284
15958
16026
16750
16183
16100
16822
16147
16357
16229
16417
16410
16315
16394
16121
17173
16523
16311
15856
16028
16306
16436
15920
16310
16157
16131
16633
15873
16959
17000
16462
16637
16366
16553
17145
17036
16887
16831
17518
16691
16837
16130
16732
16591
17195
17274
16283
17040
16569
16606
16345
16893
16441
16264
16205
16163
16130
16510
15997
16415
16436
16668
16646
16680
16863
16900
17046
17300
16961
17053
16578
17195
16829
17055
17387
17676
17258
17518
17343
17125
16849
17824
16759
17120
16902
16956
17153
17226
17435
17514
17329
17116
17672
17110
17306
17472
17736
17102
17412
16381
16975
16523
16596
16601
16718
16607
16683
17000
17846
16895
16572
16946
16288
15856
15665
15802
16388
16247
16141
16051
15693
15778
16181
15680
15710
16393
15853
15637
16293
16451
16783
16517
16571
16695
16963
17023
17039
17710
17684
17600
17333
17352
16994
17136
17151
17003
16916
17145
17338
17702
17002
17494
17645
17882
17602
17375
16790
17256
17131
17392
17180
16709
17498
17305
17504
17191
17132
16727
16759
17677
17252
17471
16957
17473
17087
17180
17298
17816
17446
17620
17790
17922
17338
17915
17585
17571
17661
17782
19628
21342
20993
20908
20205
17287
17342
17082
17113
17206
16933
17721
17414
17392
17652
17613
17609
17957
17169
17268
17032
17044
17338
17093
17414
17305
17600
17168
16869
17228
16745
16903
16908
17173
17202
17300
17254
16614
16958
16877
16757
17256
17701
17325
17002
16890
17453
17123
17560
17611
17429
17441
17287
17244
17946
17873
17882
17596
17500
16990
16748
16210
16687
17302
16726
16436
16422
17242
15904
15995
16000
16401
16078
15815
15704
16270
15995
15614
15737
15762
16014
16089
15775
15859
15644
15633
15727
16020
15800
15641
15992
16142
16138
16365
16709
16539
16026
16501
16612
16368
16616
16415
16312
16404
16386
16231
16172
16254
16341
16466
16282
17198
16449
16131
16429
16506
16306
16616
16574
16392
16296
16834
16748
16392
16124
16247
16587
16467
16386
16321
16195
16385
16709
16341
16347
16344
16832
16581
17156
16797
16285
16562
16708
16759
16587
16265
16556
16612
16421
16897
16454
16893
17063
16945
16839
16696
17310
16966
16367
16937
16301
16323
16609
16705
16456
16599
16386
16781
16660
16596
16780
16879
16265
16563
16368
16366
16331
16596
16544
16803
16675
16572
17308
17294
17426
17346
17253
16961
17282
16891
16508
16169
16397
16269
16549
16745
16971
16805
16977
20138
20561
20021
20052
19950
19907
19776
20204
16437
16147
16419
15907
16537
15896
16335
16348
16581
16631
17630
17022
17008
17218
16180
17409
18934
19800
20412
22551
16250
16510
16806
17150
16903
16357
16539
16335
16487
16272
16268
16275
16261
16106
15970
16108
16169
16244
16369
16239
16321
16038
15896
16020
16110
15972
15936
15896
15885
15895
15729
16157
15802
15897
15642
16011
15526
16270
15863
16005
16157
16453
16384
16377
16236
16125
16115
16451
16299
16570
16132
16234
16418
16449
16501
16141
17155
16434
16428
16493
16479
16753
16867
16370
16476
16534
16314
16222
16200
16282
16329
15993
16702
16568
16303
16372
16811
16507
16496
16698
16668
16467
16360
16004
16215
16531
16144
16062
16300
15997
15789
15940
15720
15901
15966
15737
16207
16013
17054
15915
16105
15792
15861
15316
15381
16382
16208
15963
16116
16460
16370
17120
16443
16260
16191
16375
16704
16153
16793
16376
16528
16437
16926
17184
17060
16999
16886
17122
16219
16756
17040
16453
16502
16359
16397
16469
17204
16639
16679
16444
16956
16506
16409
16363
16168
15455
16426
16147
16476
16303
16494
16266
16248
16242
16850
16456
16227
16755
16467
16135
16569
16526
16330
16753
16419
16556
16544
16589
16630
16896
16799
17089
16960
16800
16500
17063
16786
16931
16986
16917
16451
16611
16752
16553
16338
16160
16263
16108
16101
16501
15732
15952
15995
16183
15808
16234
16728
16080
16036
16168
15874
15745
15790
16268
15668
16170
15883
16088
18912
19960
19313
19675
16726
15959
16109
15674
15902
15854
16487
15738
15996
16073
15648
15671
15188
15380
15579
15923
15884
16309
15095
15550
15642
15844
15785
15950
16042
15762
16122
16260
15672
15934
15867
15757
16001
15910
16322
15955
16108
16016
15712
16437
15956
15845
15624
16035
16128
15900
16259
16210
16000
18671
16256
18780
15923
16031
16225
16273
15861
17654
16190
15995
16374
16222
15740
15538
15934
16198
16111
16454
16439
16103
16485
16092
16201
15794
16460
16202
16835
16420
15796
17007
15856
15765
15862
15403
15475
15774
15269
15379
15842
15766
15199
15732
15576
15815
15305
15722
15471
15513
15614
15501
15540
15379
15647
15685
16089
16179
16154
16465
16302
16925
16972
17155
16587
16662
16418
16287
16537
16854
16301
16164
16517
16596
18801
16101
16735
16746
16311
16513
16323
16582
16001
16577
16718
16361
16125
16520
16429
16579
16243
16686
16325
16356
16514
16703
16260
16112
16261
16030
16367
16570
15959
16256
16090
16055
16307
16184
16092
16199
16251
16565
16215
16249
16305
16459
16586
16478
16624
16402
16885
16514
16555
16003
15766
15653
16072
16185
16343
16632
16238
16272
16798
16547
16639
16501
16778
16596
16719
16224
16066
16288
15980
15975
16228
16206
16188
16201
16085
16257
15810
16352
16043
16023
16141
16350
16100
15939
15881
15924
16220
16000
15865
16154
16030
16239
16352
16147
15791
15936
16217
16059
15734
15878
16148
16336
16538
16464
16528
15834
15478
15991
15719
15168
15479
15423
15306
15618
15662
15433
15516
16395
15572
15576
15608
16106
15610
15620
15752
15652
15293
15890
15744
15633
16173
16086
16219
16046
16654
16353
15991
16320
16352
15869
15875
16292
16094
15820
16058
16335
15961
16212
16090
15968
16210
15698
15661
14725
15801
14919
15435
15373
15510
15175
15645
15355
15363
15658
15714
15716
15379
15670
15532
15850
15515
15638
15626
15515
15654
15954
15648
15933
15632
15832
15608
15825
16068
16357
15934
15912
15532
16010
16019
15815
16156
15806
16114
15936
15902
15628
15953
16135
15859
15865
16181
15654
15939
15565
15578
15454
15801
15643
15737
15434
15413
15615
15344
15146
15331
15530
15467
15380
15629
15659
15585
15668
16082
15572
15741
16033
15899
15818
15617
15758
15805
15869
16105
16360
16156
16186
16109
15707
15854
15873
16048
15275
15942
15360
15985
15927
16414
16212
16131
15794
16130
16017
15845
15680
16072
15945
15946
16418
16387
16129
15919
16146
16419
16261
16558
15695
16354
15923
16371
16228
16183
16850
16544
16340
16745
16390
16299
16151
15963
16065
16163
16180
16126
15751
15692
16082
16303
16500
16333
15877
15595
16384
16631
16005
15909
16453
16607
16503
16532
16323
16365
16287
16726
16451
16147
16249
16531
16503
16479
16440
16818
16155
17076
16461
16357
16153
16250
16278
16964
16385
16845
16697
16359
16385
16762
16904
16735
16524
16912
16506
16547
17046
17945
17078
17374
17227
17099
17200
17830
17061
17766
16952
17600
17016
17287
17645
17017
17524
17184
17061
17193
16815
16792
16946
16604
16492
16440
17324
17273
16383
18688
18714
19061
18488
18076
18747
18776
18920
16858
16376
17136
16866
16953
17041
16580
16908
18820
19535
19344
19472
19512
18968
19165
19328
18543
17043
17805
17428
16984
17272
17362
17251
17329
17197
17428
16784
17225
17461
16923
17804
17498
16924
17225
16790
16670
17158
16512
17101
17842
18949
20741
19889
19834
17356
16197
16017
16213
16194
16447
16075
16271
16018
16438
15825
16194
16061
16055
15953
15741
16281
15874
15516
15791
16096
15861
16138
15819
16254
16109
16226
16615
16059
16090
16343
16079
15982
16129
15903
15843
16126
16382
15962
16136
17059
16264
13594
16617
16533
16399
16259
16026
16410
16283
16636
16869
15903
16481
16401
16432
17678
15908
16273
15738
15257
15219
16089
16056
15319
15578
16004
15602
15774
15543
15624
15895
16487
15709
16001
16013
15853
15413
15726
16319
16521
16350
15914
16537
16223
17109
17228
17047
16819
17039
17227
16981
16972
16805
17012
17064
17522
19398
17294
17792
17576
17142
17822
18709
18413
18334
17983
18355
18592
18722
18663
18893
18406
18797
18610
18604
18581
18939
18906
18653
18583
18527
18597
18549
19092
18288
17630
18143
17941
17544
17719
17747
17755
17361
17466
17858
18183
18078
17868
17685
17731
17390
17650
17674
18073
18150
18193
18158
18652
18571
22234
19590
19216
18724
18549
18559
18476
18652
18229
18490
18525
18555
18285
18889
18370
18225
18498
18923
18619
18427
19344
18588
18467
18751
19133
18809
18387
19356
18972
19094
19170
18809
18921
18752
19163
18849
18045
19196
19120
18756
18729
18813
18378
18784
18595
18991
18736
19191
19160
18686
18879
18980
19152
19112
19457
18769
19938
18475
19041
18869
18964
19100
19162
18641
18721
18913
18450
18019
18084
18124
17662
18168
18890
18420
18162
17877
18022
18190
18045
18452
18663
18567
18569
18663
18878
18607
19117
18573
19627
18925
19365
18883
20113
18885
18795
18893
19257
19554
18831
19041
19102
18902
19513
19818
19810
20257
20819
20202
20756
19973
20136
19866
20087
19666
20279
19741
19230
19770
19651
19436
19447
20120
19342
20134
19620
19311
19654
19909
19675
19112
19383
19378
19818
19375
19243
19478
19671
19213
19466
19821
19623
19667
19260
19591
19516
19626
19838
19430
19578
19437
19856
19937
20227
19777
19850
19642
19837
23122
23387
25070
26678
27516
29765
23341
36195
40087
36388
44050
48398
49991
43041
45359
46842
53028
60497
48667
44307
45395
52357
39004
41055
49885
32533
30299
25003
27661
27720
34360
24049
19718
21259
20669
19800
19180
18926
19029
19119
19010
19341
19153
18946
19170
19099
19303
19454
19354
18943
18354
18770
19013
18909
19317
19479
19438
19373
19438
19316
19276
19397
19136
19640
19611
19304
19341
19613
19589
19652
19738
19210
18966
19871
19537
19628
20270
20084
19445
19861
20033
20385
21092
20937
21705
21176
20370
20589
20437
19800
19570
19477
18667
18895
19120
18865
18776
19031
19769
19637
18782
19254
19059
19024
18958
19010
18814
19256
18969
18723
19032
18854
19190
18742
18967
19030
19109
19034
19375
19222
19206
19400
19638
19641
20182
20408
20289
20540
20516
20594
21221
20802
20146
20215
20429
20816
20649
20216
20047
20263
20288
20551
20627
20413
19365
18766
18390
19014
18775
19315
19177
18782
19043
19573
19514
19887
19995
19900
19681
19748
19753
19611
19053
19185
19673
19219
19032
18988
19133
18767
19207
19210
19210
18685
18526
19149
18728
18690
19072
18516
18675
19167
18439
18730
18707
18485
18600
18583
18516
18591
18854
18634
18458
18114
17929
18018
17825
17551
17740
18046
17781
18083
19211
18302
17442
18051
17174
17461
17566
17483
17827
17387
17518
17481
17169
16914
16881
16776
16699
16329
16619
16146
16290
16396
16349
16233
16341
16591
16673
16114
16739
16345
16452
16494
16689
16818
16124
17159
16818
17515
17972
17348
17839
18069
17446
17515
17759
18118
18369
17983
17694
17887
18222
17463
17434
18017
17535
17850
17843
17698
17690
17892
18097
18049
17693
17652
17986
18484
18302
18071
17850
17646
18637
17509
18114
18427
18424
17940
17729
17727
17572
17515
17774
17475
17724
17450
17520
17479
18007
17822
17955
18007
18220
18338
18043
17649
18023
17855
18237
17924
17919
18072
17991
18657
18330
18340
18924
18845
18758
18671
18582
18809
18597
18661
19045
18788
18747
19153
19041
18863
19195
18711
19181
18810
19105
19507
19274
19324
19536
19623
19491
18966
20058
19680
19176
19288
19352
18641
19760
19261
19887
19418
19278
19202
19064
18457
19036
18474
18449
19165
19359
19604
18940
18949
17891
17866
17292
17011
17147
18055
17201
17507
17843
17818
17768
18737
18395
17414
17778
17540
18086
18034
17739
18229
17918
17847
18178
17609
18148
18150
18480
19169
18584
18641
18626
18816
18670
18643
18345
18196
18671
18210
18354
18668
18470
17796
17382
17512
17615
17429
17408
18102
17471
17524
17894
17025
18064
19662
19647
19570
18723
17457
17558
17498
17806
17578
17610
17506
17888
17820
17960
17791
18220
17565
17840
17929
18189
17822
17730
17880
17553
17824
18257
18355
18533
17918
18255
18314
18513
18565
18497
18369
18906
18663
18914
17447
17252
17420
17644
17546
17508
17522
17383
17368
17610
17535
17437
18445
17328
17076
17296
17291
17250
17229
17155
17561
18278
17623
18000
17827
18268
18304
18295
17949
17451
17853
18419
18497
18274
17804
17851
17362
17506
17592
17193
17831
17762
17442
18612
17697
17594
17473
17334
16983
16993
16691
17140
17455
17082
17504
17816
17461
17570
17197
17359
17386
17517
17511
16984
17269
18291
17352
16834
17001
17251
17181
17385
17527
17179
17970
17380
17380
17539
18011
17851
18006
17820
17922
18367
18141
18058
18295
18006
18082
17980
17807
18004
17660
17767
17639
17859
17986
17842
17947
17917
17583
17868
17755
17275
17569
17375
17547
17448
17097
17755
17669
17437
17310
17329
17370
17634
17426
17449
17450
17129
17382
17372
17698
17096
17050
17394
17645
17345
17816
17923
18863
17489
17134
16929
17125
17377
17322
17580
17309
17297
17502
17102
17584
17544
17549
18443
17742
18235
17679
17901
18695
17666
18093
18051
17489
17554
18239
17750
17169
17562
17462
18083
17515
17763
17772
17468
17507
17450
17211
18010
17583
17946
17601
18478
17614
18003
17344
17850
18219
18054
18027
18053
18031
18023
17246
18205
16923
17843
18427
17943
18009
17851
18304
17751
18330
18201
17979
18435
18036
17660
17939
17805
18009
18323
18168
17815
19115
18130
18203
18690
18690
17903
18376
18021
17962
18717
18089
18010
18449
18084
18171
18358
18234
17979
18907
18469
18370
18727
18628
18347
19230
18330
18615
18634
18495
18276
18530
17957
17775
18220
17989
17968
18540
17879
17497
18018
17510
17170
17621
17229
17718
18031
17482
17815
17721
16974
17308
18133
17760
17223
18344
17447
17618
18147
17236
17479
17223
17139
17472
18029
17115
17067
16887
16584
16895
17528
16731
16948
16977
16589
17069
17459
17091
17130
17768
17274
17137
16806
16511
16549
18076
19705
20807
19900
17295
16642
16671
16767
16115
16871
16950
16452
17600
16619
17186
17205
16747
16504
16839
17283
16545
17172
16939
16619
16652
16721
16951
16863
16507
16676
16980
16595
16703
17090
16731
16850
16500
16848
17204
16864
16602
16436
17088
16538
16562
17256
16488
15936
16737
16481
17072
17570
17051
17097
17348
17552
17120
17357
17446
17309
17491
17494
17764
17528
17205
17982
17730
18037
18165
17777
17416
18187
18114
17729
17251
18496
18029
17798
18212
17500
17553
17734
17686
17128
18162
17649
17986
18110
17774
17913
17615
17719
17577
17670
17778
17377
18291
17673
17560
18040
17983
17371
17941
17579
17383
17691
17617
17065
17697
17241
17128
17539
18817
18352
18091
17529
17009
17147
17579
16564
17441
17496
17393
17173
16915
16918
17107
17084
17134
17508
17365
16865
16995
17374
16809
17722
17315
16680
17418
17797
17694
17436
17252
16471
17156
17916
18051
18398
18299
17071
17049
18259
18043
18360
19068
17339
17834
17867
17085
17383
17825
17139
17534
17925
17385
17771
17567
17391
17669
18606
17827
18745
18018
17857
18130
18008
18140
17842
18195
18362
17859
18018
17562
17293
17642
17335
18205
18359
17392
17720
17737
17621
17820
17754
17660
17726
17532
17253
17505
17422
17188
17002
18624
17153
17715
17951
17674
17554
17314
18159
17435
17299
17467
17916
17465
17575
17712
17996
18076
17375
17334
16833
17034
16926
16680
16572
17085
17063
17382
18149
17577
17275
17480
17200
17530
17731
17399
17507
17546
17078
17729
17121
16623
16701
17028
16402
16862
16978
16770
16345
17184
16302
16728
16676
16177
16870
16669
16542
16463
16638
16256
16709
17166
16726
17001
17302
16450
16711
17479
16715
16801
16844
16534
16731
16620
16542
16466
16193
16534
16545
16669
16316
15953
16249
15436
15970
16308
15668
15552
16028
15693
15671
16322
15789
15495
15676
15218
15769
15571
15412
15875
16075
15455
15748
16017
15177
15868
15865
15311
15696
15889
15921
15263
15566
16417
15544
15974
15815
15567
15757
15878
16216
15594
15429
15566
16058
16327
15633
15904
15599
16029
15921
15665
15824
16122
15707
16227
15941
15749
15517
16366
15677
15960
15861
15697
15724
20040
19813
15450
15777
15463
15600
16307
15582
15648
15958
15829
15981
16154
15915
16355
16535
15935
16091
15940
15497
16500
16567
16051
16767
16660
16545
15915
16765
16175
16343
17961
17545
17823
18649
18103
18016
18050
18381
17193
17157
16823
17242
16858
17049
16974
17158
16807
16403
16744
16930
17703
17113
16860
17066
16671
17075
16740
17051
16954
17269
17615
18103
17332
17417
17107
17065
17083
16659
16463
16934
16321
16415
15846
15770
15958
15735
15823
15777
15726
16039
16824
15677
15837
15974
15991
15949
15763
15887
16280
16248
16631
16319
15807
16086
15969
15818
15812
15996
16308
16469
16399
16840
16546
16613
16628
16491
16480
16680
16742
16561
16817
16765
16713
16376
16454
16420
16735
16973
17003
16686
16881
16937
17098
16769
17197
17314
17012
17061
17265
17386
17387
17392
17503
17416
17763
17309
17028
17058
17419
17645
17799
17139
17424
17488
17378
17858
17707
17535
17322
16875
17407
16817
16784
16813
16989
16976
17224
17197
17325
17722
17918
17960
18011
18076
18091
18183
17982
17913
18064
17424
17667
17464
17425
17343
16942
16963
16795
16965
17075
16676
16801
16414
16819
16664
16847
16930
16670
16777
16707
17095
16810
16834
16993
16658
16513
16770
17196
17076
16752
16575
17574
16715
16576
17006
16576
16365
16400
16403
16550
16803
16759
18760
16953
17049
16867
16405
16737
16676
16602
16759
16892
16997
17069
16602
16559
17448
16274
16675
17063
17242
17509
17040
16413
16759
17187
17173
16602
16638
17245
16910
16935
17089
16758
16583
17180
16603
17387
16968
17300
16919
17119
16678
16890
16926
16659
16483
16643
17390
17115
16345
16406
16847
16629
16425
16850
16943
16938
16848
16710
16570
16612
16364
17066
17163
17704
16581
17161
16148
16232
16917
16066
16367
16400
16205
16101
16873
16383
15963
16768
16137
16312
16814
16219
15999
16585
16063
16163
16588
15961
15666
16459
15827
15637
16017
15424
15693
16348
15860
15623
16994
16843
16568
17445
16780
16818
17343
16809
17080
17525
17619
17302
17675
16633
16166
17755
16693
16680
17784
17148
17215
17231
17125
16235
17246
16508
16941
16984
16869
17198
17713
17236
17096
17551
16842
17657
18106
17291
16974
17587
17323
17025
16844
16656
16837
17335
16782
16820
17208
17392
17083
17527
16901
16970
17198
17565
16677
17836
17063
16908
18773
17330
17131
17534
16756
16714
17634
17344
17186
17717
16765
17676
18143
18426
17397
18196
17045
17073
18022
16983
17620
18120
17584
17397
17703
17206
17527
17958
17070
17241
17557
17293
16897
18008
17204
17330
17873
16310
16202
17113
16261
16369
16922
16131
16287
16928
16441
15867
16623
15838
16096
16759
16276
15819
16813
16176
15828
16718
16318
16874
16444
15835
15578
16057
15750
15653
16275
15720
15703
16857
15810
15825
16719
16511
16289
16719
15490
15933
16056
15985
15840
16742
18280
19063
19118
17532
16767
16208
15865
16157
15960
16130
16015
16113
15737
16694
16267
16185
16363
16825
17061
16369
16612
16083
16152
16479
16279
16407
16467
16501
16421
16464
16450
16560
16748
16611
16360
16209
16873
16374
16450
16506
16283
16550
15858
16120
15705
15912
15661
15932
16121
15987
16080
16197
16351
16230
16031
15873
15774
15804
16299
16772
16395
16286
16131
16154
16109
16211
15831
15643
16035
16217
16233
15925
16121
16024
16148
15930
15714
15635
15779
16353
15643
16568
16041
16585
15857
16783
16593
16316
17088
16664
16513
16504
16728
16860
16901
16669
16815
17002
16827
16787
16790
16479
17147
16537
16743
17070
16591
17014
16998
16477
16618
17074
16725
16725
17138
17357
16608
16867
16918
16727
16702
16703
16727
16760
16424
17099
16793
16574
16258
16033
15986
15991
16319
15991
15787
15874
15770
15946
15809
16172
16174
16915
16419
16055
16127
16084
16233
16604
16049
15578
15728
15696
15999
16058
15991
15382
15750
15630
15653
16108
15758
15815
16069
16256
17205
16531
16182
17467
16645
16521
16696
16780
16781
16937
16646
16432
16259
16466
16677
16184
16028
16658
16266
16295
16411
16337
16544
16387
16662
16793
16824
16584
17100
16773
16473
16964
16664
16313
16707
17076
16713
16968
16809
16771
16467
16369
16980
16546
16959
17284
16855
16422
17444
17189
17422
16899
17111
16793
16990
16797
16982
16927
16954
17133
17288
17371
17021
17089
17089
17750
17282
17242
16657
16790
16878
16725
17644
17092
17102
17090
17163
16827
17219
17466
17109
16700
16901
16949
17108
17183
17272
17420
17003
17349
16939
17434
17499
16702
17177
17089
16799
17093
17409
16915
17170
16950
16781
16930
17075
16981
16729
16781
17486
17450
16562
16933
16619
16485
16621
16533
16465
16127
16655
17131
16818
17367
17041
16289
16639
16650
16367
16380
16598
16347
16379
16163
16446
16757
16604
16525
16516
16247
16847
16818
17268
16728
16957
17258
17196
17197
17529
17400
17454
17507
17499
17059
19019
17211
17228
17185
17144
17471
17339
17847
18131
17367
17675
17790
17745
17295
17660
17531
17723
17843
17551
17572
17642
17409
17489
17411
17595
17657
17669
17680
17594
17844
18470
18382
18158
18318
17911
17931
17515
17097
17369
17179
17314
17254
17389
17332
17468
17854
17942
18297
18338
18065
18153
22789
22715
18929
19004
18960
18363
18864
19477
19112
18845
19149
19075
18885
19185
19472
19524
19419
19222
19111
21546
23299
22795
22522
22541
21809
21999
21835
20506
18442
18545
18391
18537
18934
18617
18748
18427
18770
18508
18575
18585
18953
18770
19243
18579
19005
18620
18489
18690
18312
18322
18639
18735
18675
18341
17644
17545
18400
18607
18343
17525
17187
16553
16960
17107
16906
17077
17253
17039
16654
16793
16707
17397
17699
16895
17435
16592
17137
16937
16307
15897
16617
15763
15546
16278
16006
15508
15693
15963
16055
15906
15557
15689
15323
15641
16021
15667
15540
15617
15608
15526
15465
15654
15679
15733
15759
15710
15835
16073
16181
16333
15856
16252
16309
15943
17811
19423
19112
19547
18314
16750
16357
16281
16532
16960
16318
16335
16631
15789
16534
16655
16513
18483
18710
19016
18700
18988
18627
18731
19172
18659
18518
18329
18322
18592
18823
17789
16169
16012
15756
16423
16025
16238
16184
16350
17080
15832
15972
16546
16244
16187
15917
16198
16231
16459
16568
16301
16308
16309
16535
16208
16613
16387
16294
16502
16182
16472
16149
16482
16061
15999
16077
16296
16519
16540
16220
17164
16239
16360
15949
16057
16160
16302
16769
16327
16801
16434
16610
16528
16668
17031
16439
16663
17136
16689
16847
16527
16674
16699
16577
16572
17316
17185
17381
17355
17484
17215
17437
17316
17277
17126
17688
17123
17636
17835
17634
17895
17074
17861
17494
17290
17187
17174
17109
17181
17562
17529
17779
18168
18010
17474
17582
17669
17600
17586
17648
17250
17450
17167
17560
17619
17523
17076
17669
17523
17321
17340
17417
17510
17430
17674
17535
17850
17849
18093
17718
18087
17761
17666
18132
18068
17934
17779
18423
18133
18095
18099
18168
18259
18108
18063
18071
17979
18157
18222
18422
18438
17954
18172
18154
18044
18026
17726
17689
17654
17100
16666
17045
16843
16937
16601
16659
16741
17272
17086
17456
16924
17162
17098
17187
16743
17239
17145
18242
17588
17807
17099
16648
16929
17140
16537
16913
16782
16703
16302
17366
17146
16976
16640
16985
16112
16402
16431
16858
16597
16811
16249
16484
16532
16801
16933
17197
16434
17455
16786
16555
17221
16941
17327
16866
16907
17217
17258
17214
17467
16929
18065
17571
17180
17289
16795
16566
17382
17097
17274
17447
17292
18422
17747
16985
17418
17864
17805
17816
17777
17000
16420
17232
16848
16688
16929
17045
17016
16454
16010
16572
16261
15926
16070
16549
16296
16031
15886
16610
15890
16402
16190
16464
16625
16788
16176
16757
17127
17158
16436
16378
16860
16839
16317
16505
16435
16277
16454
16380
16515
16681
16631
17083
17095
16763
16956
17209
17626
17274
17427
16761
16298
16992
16318
16432
16611
16475
16964
16620
16440
16202
16512
16085
16264
15935
16004
16657
16355
15698
15907
15973
15999
16449
16324
16315
15902
15489
15931
16158
16015
15825
15333
15386
15610
15660
15569
15768
16052
16322
15932
16113
16095
16032
16112
17115
15858
15202
16422
19828
19956
19391
18424
15808
15106
15409
15433
15119
15725
15373
15737
15140
15977
16331
15958
16013
15930
15815
16318
16466
16318
16174
15826
15928
15950
15867
15926
15681
15725
16033
15731
15794
16039
16299
16018
15764
16039
16229
16035
15830
16178
16079
15911
15461
15317
15933
16277
16401
16671
16158
16613
16318
16499
16610
16227
16330
16094
16813
16361
16307
16164
16468
16568
16078
16269
16927
16184
16158
15912
16509
16633
15883
15984
16076
16076
16162
16211
15822
15946
15871
15610
15791
15573
15319
15463
15592
15646
16428
15978
16325
16202
15566
15689
15695
16131
15322
15294
15310
15410
15739
16049
15764
15608
16012
16520
16766
16980
16840
17301
16667
16548
16494
16634
16565
16215
16705
16632
16737
16466
16440
16581
16799
17098
16836
16790
17512
18779
17371
17496
17320
17206
17260
17458
17383
16948
16973
17126
17163
17467
17270
17817
17210
17165
17302
17325
18146
17333
17548
18075
17797
17717
17365
17991
17205
18173
17898
17183
17469
17100
17931
18554
17430
17280
17486
17209
17164
17312
17203
16979
16832
16955
17032
16941
16914
17223
17283
16970
17103
16787
17055
17335
16656
16028
15761
16163
17068
16317
16448
16431
16511
16756
16838
17243
16792
16113
16019
16322
16310
16072
16295
16943
16538
16459
16309
16558
16607
16639
16664
16492
16557
17015
16549
16770
16997
16455
16828
16722
16771
17095
16845
17388
16435
16363
16640
16248
16749
16624
16095
16340
16105
16441
16342
16898
16746
16451
16469
16121
16428
16701
15927
15678
16609
15403
15613
15911
15855
15373
15991
15122
14638
14975
14592
14249
14506
15185
14844
14888
15041
15008
14770
14757
14587
14885
14744
14769
15110
14927
14590
14726
14853
14522
14900
15160
15029
14894
14741
14914
14754
15395
15150
15695
15306
15533
15674
16222
15577
16034
16135
15713
15809
15669
15427
15950
15796
15792
15693
15519
15804
15524
15631
15689
16006
15804
16493
16430
16556
16835
16565
16231
16493
16195
16339
16267
16603
16396
16434
16436
16636
16212
16984
17220
16214
15959
16550
16182
16569
15897
16399
16600
16488
16318
16668
16365
16207
16980
16322
16132
16177
16014
16059
16002
16204
16520
16216
15766
15780
15561
16371
16113
15571
15532
15872
15623
15697
15657
15710
15454
15703
15974
15787
15862
15702
16101
16337
15720
15895
15656
15539
15659
15899
16019
15672
16058
16474
16080
15905
15910
15359
15496
15281
15516
17689
15644
15998
15955
15939
15753
15388
15652
15408
15925
16093
15824
16180
15587
24363
22146
15971
15575
15959
16067
16969
20050
19474
21238
17057
15429
15521
15997
15672
16022
15835
16065
15714
16014
16214
15826
15224
15326
15059
15503
16011
15490
15543
15826
15876
15577
15126
15674
16097
15306
14935
14971
15255
15274
15684
15245
16064
15356
15728
15519
15622
15232
15148
15636
15021
15246
15973
15479
14874
15380
15397
15242
15183
15509
15513
15573
15570
15334
14986
15053
15191
15228
16195
15968
16100
15469
15205
15671
15660
15844
16609
16081
15714
15629
15812
15694
16189
15997
15842
15632
16215
15906
15754
15922
15868
15866
16674
16043
16187
16370
16244
16282
15564
15869
15652
15612
16101
15829
15916
16501
16537
15582
15981
16151
16473
16303
16201
15757
16170
16387
16050
16402
16335
16287
15910
16081
16643
16821
16405
16360
16283
16427
15791
15910
15823
15542
15658
15842
15776
15832
15955
15720
15234
15157
15564
15145
15718
15417
15145
15366
15254
15105
15126
15218
15509
15456
15598
15737
15409
15490
16013
15129
15512
15550
15910
15731
15673
14999
15559
15055
15641
16117
15393
15293
14895
15130
15290
15199
15336
15374
15381
15538
15451
15446
15719
15479
15444
15600
15479
15774
15869
15480
15990
15814
15447
15509
16886
17655
19244
20141
19301
18838
19775
19557
20504
18398
15597
15507
15316
15291
15314
15422
15540
15401
15206
15689
15270
15278
15656
15523
15219
16006
15516
15502
15657
15206
15099
15103
15387
15380
15357
14769
15182
15966
15473
15197
15462
15984
16464
16588
17081
16047
16028
15860
15630
15213
14903
15350
15115
15393
15019
15314
15196
15299
15364
15311
14890
15054
14799
14972
14884
15316
15329
15086
14897
15238
14975
14897
15328
15171
15208
15342
15274
15321
41540
19830
15155
15172
15070
15661
15281
15387
15367
15483
15857
16402
15568
15680
15258
15420
15332
15149
15179
15631
15405
15243
15282
15748
15097
15037
16128
15127
15418
15301
15822
15450
15041
15046
15342
15360
15556
15773
15468
15500
15386
15226
15160
15068
15669
15265
15229
15959
15522
15350
15288
15282
15571
15466
15276
15329
15771
15762
15761
15736
15664
16078
15753
15946
16074
15695
15396
15838
16061
15835
15799
15540
15530
15650
15154
15629
15574
15551
14842
14973
15014
15116
15234
15428
15260
15548
15978
15927
15743
15469
15791
16507
15321
15065
15729
16297
15743
15586
16085
15648
15636
16100
15682
15945
15298
14888
15672
15437
16068
15676
15479
15439
15389
15566
15407
15622
16253
15836
15802
15481
15724
15662
15652
15184
15678
15661
15553
15534
15469
15426
16691
16003
15652
15356
15327
15795
15945
15826
15889
16322
15838
16100
15756
15716
16883
15531
15830
15877
15514
15854
15758
16534
15860
15896
15919
15810
16127
15880
15855
15611
16141
15855
16217
16339
15469
15950
16272
16054
15822
16588
16025
16398
15899
16507
16282
16153
16797
16375
16082
16178
16729
16595
16399
16460
16626
16241
16637
15986
16200
16053
15313
15641
16082
16244
15641
16004
15957
15834
15904
15962
16021
16506
16026
15635
16128
16359
16113
15840
16085
15485
15842
16915
16601
16005
16244
16564
16361
16351
16263
16211
16495
16300
16002
17582
16117
16656
16941
16491
16132
15969
15917
15843
16030
16857
16221
15883
15829
15942
15285
16193
16039
15856
15614
15339
16107
16083
15790
16758
16227
15617
15970
15972
16346
15640
15475
15161
15465
15493
16183
16371
16272
15424
15569
16045
14868
15083
15142
15233
15348
15516
14438
15462
15244
14588
14756
15051
15420
15125
15075
15122
15217
15228
15416
14942
15064
15428
15099
15136
14851
15120
15000
14975
15281
16203
15414
15290
15901
15750
15731
15559
15238
15391
15241
15402
15390
15536
16052
15535
15535
15956
15552
15936
15442
15015
15286
15421
15204
15399
15316
15881
15739
15518
14029
15918
15924
15873
15811
15894
15650
15484
15771
15266
15772
15257
15172
15472
16135
15668
16120
15590
15738
15774
15788
15773
15900
15873
15880
15878
15461
15212
15747
15722
15697
15639
15622
15958
15737
15254
14930
15025
15367
15147
15172
15518
14841
15734
14931
15542
15342
14954
15298
14670
15561
14624
15178
14621
14885
15042
14690
14602
15007
14821
15526
14683
14807
14882
15145
14611
14881
14770
15289
14883
14640
14588
14533
15025
14381
14753
14783
14872
14918
15133
15112
15514
15476
15717
15354
15846
15845
15375
15207
15006
15228
15634
15211
15620
15904
15178
15057
15183
15199
15443
15037
15606
14957
15578
15150
14681
16271
15237
15089
14633
14876
14701
14442
15249
16629
15105
16003
15736
15510
15074
16045
15770
16082
15598
15203
16230
15321
15511
15565
14783
14841
15481
14630
15994
15176
14849
15946
15461
16080
15660
15226
15727
16084
15353
15383
15755
16034
15240
16106
15592
16046
16003
16453
16619
15971
15775
16006
15539
15534
15156
15341
15983
15368
14757
15028
15079
14733
15063
14901
14692
14987
14892
14740
15168
14675
15098
15130
15124
15129
15682
15288
15379
14777
15377
14989
15485
15418
15296
15426
15483
15268
15566
16320
15667
15542
15819
15403
15413
16017
15998
15816
16213
18054
18862
19235
17788
16395
15317
15331
15801
16425
15641
15368
17310
15519
16339
15578
15915
16801
15598
17513
15214
15999
16246
16134
16590
15639
15314
16128
15567
15883
15457
16324
16536
15645
16360
16180
16132
16708
16271
16092
16145
16542
16088
16069
16931
16283
16065
16623
15719
16101
16168
16184
16201
16526
16322
16286
15960
16129
16165
15497
16258
15985
16511
15627
15834
15592
15968
15523
15522
15914
15943
15536
15601
15653
16509
16254
16119
16631
15659
15883
15695
16055
15502
15476
15324
15247
15331
15433
15504
15207
15694
15461
15245
15212
15472
15530
15488
15965
16268
15734
15508
15474
15767
15657
15610
15467
15336
14805
14704
14809
14710
14910
15419
15260
15093
14866
14950
14789
14981
15628
15711
15220
15184
15205
15189
15035
15216
15146
15633
14637
14648
15486
15110
14697
14969
13909
14406
14401
14869
14417
14444
14576
14539
14283
14366
14188
14730
14319
14713
14420
14412
14259
14608
14353
14753
14962
14446
14091
13846
14155
14742
15480
18237
17740
18099
17231
14142
14188
14509
14292
14267
14113
14262
14507
14370
14441
14372
14370
14365
14381
14590
14127
15331
14689
14316
14754
14138
14285
14657
14716
15286
14502
15196
14824
14525
14339
15384
14398
14318
15088
14685
14391
14220
14562
14501
15144
14492
14594
14629
14830
14807
14848
14801
16831
14700
14823
14930
15711
15787
15497
15639
16408
16522
17083
17464
17095
16695
16806
17075
17071
17146
17809
17032
17245
17078
16881
17913
16917
16908
16786
17220
17199
17141
17308
17133
16996
17029
17274
17793
17410
17097
17739
16808
16903
17429
18092
17263
17263
17368
17810
17255
17454
17560
17268
17149
17174
17513
17302
17262
17214
17780
17768
17107
19438
20933
20566
20392
20605
20463
20504
20677
18624
17431
16784
17127
17156
17258
17378
17533
17081
17469
16980
17767
16906
16817
16893
17180
17524
17313
17252
17237
17495
17425
18024
18664
18173
18277
17618
17684
17606
17764
18544
17637
17816
17705
17497
17844
17453
17818
17946
17523
17803
18091
17537
17844
17604
17636
17667
17693
17533
17610
17600
17466
17335
17299
17344
16882
17052
17098
17091
17115
16890
17101
17441
16855
16758
16445
16790
16529
16684
16818
16116
15810
15786
16368
16519
15810
16116
15936
15943
15799
16059
16662
16557
16558
16853
16471
16919
16867
17459
16783
17091
16737
16916
17069
16436
16637
17046
17029
17077
17341
17513
18156
17546
18244
18164
17962
17999
17670
17580
17383
17037
17393
17634
17630
17185
17114
16592
16209
16412
15957
15594
15740
15808
15329
15509
15317
15058
15180
15521
15097
15265
15200
15306
15994
15989
15463
15891
15439
15766
16207
16412
15861
16824
16501
15654
16710
16326
17481
17493
18124
17414
17575
16803
17317
17354
17536
17954
17148
17027
16920
16990
16892
16910
16620
16956
18175
17118
17056
17341
17128
17544
18652
18381
18405
17738
17939
17609
17689
17212
17454
17729
17541
17699
17045
17826
17603
17519
17356
17501
17397
17229
17572
17473
17577
17680
17516
18224
17674
18391
18054
17446
17566
17901
17453
17085
17142
17193
17022
17202
17137
17397
16798
16819
17218
17237
16995
16800
17163
16832
16694
16886
16871
16590
16868
16468
16986
16818
16922
16850
17000
17571
17797
17300
17672
16441
16798
17111
16962
16759
16213
16041
16204
15886
15904
15822
15209
14819
14961
14865
14917
14646
15267
14871
14936
14829
14744
15107
14512
14705
14726
14599
15083
15087
15684
14921
15831
15348
14925
15255
15003
14895
14695
15168
15017
15098
15883
15547
15445
15393
15171
15490
15415
15962
15564
15333
15533
15755
15576
15589
15103
15122
15223
14820
15127
14615
14930
14530
15002
14801
14608
14632
14683
14696
15106
14794
14497
14266
14384
14572
14350
14504
14216
14468
14601
14733
14189
14304
14507
14626
14994
14468
14764
14844
14823
15178
14605
14910
15061
14986
14839
14960
14958
14706
14838
14720
14679
14608
14884
14990
14494
14723
14532
14346
15081
15034
14864
14648
14526
14853
14841
15206
15318
15545
15152
15239
14797
14871
15060
15213
14625
15221
18111
18048
18304
18622
18303
18254
18752
18592
16591
15242
15521
15478
15726
15622
15109
15201
15525
15730
15496
15616
15811
15548
15100
15486
15169
15381
15235
15450
14979
15112
15486
15145
15637
15346
15190
15217
15177
15705
15375
15105
15683
15407
15023
15115
15024
16304
14987
15328
15315
15731
16005
16361
15805
15948
16028
15903
15962
16031
15938
15891
15690
15642
15256
15799
15702
15736
16016
16195
16647
16095
16650
16026
15920
16833
16242
16276
17176
15990
16108
16167
15728
16207
16020
16116
15738
15981
15747
16237
15928
16188
16105
16631
16125
16220
15742
15632
15840
15455
15715
15667
16117
16258
15975
15893
15755
16052
16041
15658
15892
15696
15616
15982
15854
15641
15760
15843
15892
16060
16265
16209
15935
16003
16811
15907
16118
16012
16431
16205
16428
16158
15985
16101
15970
16689
15857
16096
15697
16050
16216
15721
15972
16310
16416
15859
16047
15526
16110
15826
15900
15993
15621
16269
16487
15909
15891
16638
16169
15236
16642
15847
16230
16489
15783
15749
16087
15551
15671
16193
15527
15786
16245
15411
15883
16186
15426
15255
15510
15350
15193
15940
15451
15403
16805
15643
15960
16426
15589
16002
16175
15939
16185
16454
16060
15895
16587
16449
16204
16494
15804
15474
15992
16098
16197
17128
16736
16712
17728
17027
17435
17398
17081
17290
17583
16950
16933
17502
16852
16661
17610
16641
16852
17623
16855
16393
17450
16990
16574
16771
15972
16109
17062
16099
15590
16449
16001
16372
16884
15678
15860
17518
15764
15760
16003
15948
15881
16010
15975
16016
16296
15829
16317
16975
16787
16246
16938
16067
16291
16442
16442
16867
16302
16117
16324
15962
16147
16328
16430
16312
15996
16677
16323
16297
16097
16119
16697
16416
16526
15962
16167
16256
16294
16502
16110
16612
16161
16439
16567
16329
17298
22098
25745
17530
16909
16731
16447
16851
16504
16568
16689
17050
16689
17438
17030
16630
16870
16639
17021
16744
16280
16596
16280
15736
16093
16061
16019
16105
16231
15966
16232
15977
16245
15657
15940
16291
16146
15573
16143
16986
16800
15952
16947
16898
16121
15499
16184
15960
16178
15751
16184
15848
15946
16409
16363
16272
16079
16585
16524
16250
16003
15846
16123
16103
16041
19024
20498
20488
20309
20344
20527
20070
19845
18498
16775
16702
16387
16622
16113
16089
16350
16451
16303
16103
15754
16080
16263
15994
15622
15868
16067
15929
16004
16273
16065
16109
15585
15658
15638
15784
15242
15607
15499
15496
15378
15380
15305
15321
15296
15078
15360
15190
15336
15054
15091
15656
15893
16169
16626
16020
15947
16182
16035
15578
16164
15643
16051
15794
16224
15193
15577
15514
15486
15367
15634
15842
15944
15768
15369
15279
15520
15928
16031
15589
15555
15433
15572
15178
15309
14929
15253
15508
15617
15592
15548
15646
15478
15658
15516
15184
15347
15165
15181
16943
15310
15213
15018
15202
14946
15049
15133
15146
15464
15485
15793
15212
15426
15681
15314
15547
15318
15674
15648
15459
15542
15815
15878
15738
15674
15715
16103
16078
15711
16077
15626
16011
15503
16119
17065
15817
16562
15974
16168
16213
16464
17211
16419
16260
16309
16299
16406
16345
16732
16488
16442
16619
15950
16141
15638
15758
15798
15959
15848
15889
16017
16415
16218
16314
16275
15952
16470
15816
16300
16175
15670
15813
15616
15789
16011
16162
15797
15811
15850
15609
15223
15487
15561
15763
15384
15761
15668
15031
15147
15329
14980
15407
15086
15439
15824
15783
15959
15768
16620
16347
16472
15731
15696
16215
15726
16285
16653
15630
16415
17008
16035
15785
16149
16242
16328
15765
16651
16055
16588
16047
16342
16626
16275
16477
16313
16580
15992
15990
16421
16036
16287
16169
16366
15833
16058
16077
16288
16225
16526
16688
16392
16484
16258
16491
16290
16386
16148
16061
16986
16730
16981
17627
17175
17352
18041
18211
18043
18732
18420
18601
18968
17194
16357
16159
16344
17196
16231
16009
16956
16978
17312
17263
17183
16917
16841
18446
17478
18020
17348
16353
16862
16274
16761
16680
16270
16087
16313
15859
15950
15961
15941
15942
15487
16485
16394
16086
16798
17084
16702
16023
15840
15737
15806
16021
16769
16621
16983
16934
16873
17438
17168
17307
17005
16732
17560
17225
16965
17246
17048
17113
17806
17369
17162
18189
17594
18025
17448
18075
18683
17560
17601
17189
17703
17583
17207
17217
17295
16917
17297
18282
17608
17347
17601
16806
17346
17583
16880
17166
17239
17345
17573
16654
16943
16606
16798
16604
16721
16748
16658
16117
16527
15625
15953
15814
16291
16589
16213
16461
16139
16540
16469
16384
16851
17087
16983
16778
17549
17677
18045
18070
17005
17228
16978
16757
17095
17001
17201
17534
16835
17012
17308
17455
17594
18813
18053
17289
17260
16832
17299
16807
17284
16778
17295
17150
16965
16989
16983
17167
18498
18152
17860
18122
17735
17602
17853
17768
17212
16966
17527
16767
16918
16568
16113
16685
16439
16449
16718
17709
16042
16161
16620
16209
16319
16744
15300
15575
15559
15250
15018
15476
15481
15461
15685
15592
15580
15588
16071
16844
15918
15918
16411
16463
16363
17191
16888
16579
17179
17280
16844
17195
17287
18115
18167
17787
18458
18547
18397
17556
16787
16561
16735
17191
16770
16889
16891
16628
16806
16644
16959
16820
16608
16633
16717
16657
17043
16691
17503
17214
17302
16883
19040
18251
18061
17216
17100
17675
17241
17426
17536
18489
16993
17834
17898
17498
17735
16944
16887
16975
16563
16651
16824
16836
17390
17858
17737
17370
16809
17004
17008
17274
17213
17116
16888
17091
16526
16514
15843
16553
16591
15839
16137
16452
15855
15832
16335
15792
15663
16210
16620
15652
15687
15227
15482
15220
15122
15429
15381
15349
15294
15398
15345
14629
15088
14986
14754
15072
14812
15035
15116
15346
14964
15098
15330
15242
15275
15391
15249
15185
15240
16274
15185
15192
15257
15651
15531
15183
14726
15689
15145
15245
15346
14881
15261
15722
15706
15282
15227
15067
15329
15524
15455
15518
15063
15598
15651
15340
15745
15563
15227
15805
16317
15229
15452
15693
15402
15759
15975
16034
15349
15542
15536
15437
15408
15665
15848
15559
15688
16301
15348
15238
15765
15637
15526
15516
15852
15692
15926
15328
15671
15383
15549
15545
15636
15683
15494
15238
15545
15509
15388
15728
15329
15548
15727
15565
15778
15573
15491
16234
15749
15262
15873
16173
15294
15210
15897
15765
15646
15249
15359
15381
15376
15404
14975
15253
15002
15157
15074
15388
14777
14587
15075
15202
15055
14966
15486
15472
15430
14963
15183
15467
15077
15572
15500
15684
15007
15090
15467
15456
15270
15261
15154
15525
15214
15160
14813
15011
14859
14895
16260
14829
14766
15017
15015
14913
14575
14880
15175
14747
14967
16041
15465
14979
15228
15072
14470
14829
15433
14721
14744
15527
15493
15397
15537
15341
15421
15489
15317
15504
15631
15468
15170
15519
15243
15195
15705
15657
15596
15632
16100
15637
16070
15851
15694
15981
15352
15780
15647
15508
15909
16365
15601
15830
15417
15831
15794
15701
15623
15987
15736
15807
16423
16483
16241
16658
16610
16420
16906
16634
16848
16875
17287
16482
16651
16740
16433
16315
16503
16614
17179
17204
17146
16853
17022
16792
16761
16678
16973
16779
16412
16852
16813
16854
16986
16541
16818
16726
16625
16449
17240
17173
16985
17200
16538
16654
16724
17012
17403
17000
16795
17164
17426
16653
16741
16757
17502
17457
16842
17308
17307
17807
17585
17565
17472
17570
17660
17414
17412
17649
17595
17160
17253
17536
16526
16716
16490
17194
16914
16945
17458
17114
16896
18128
16995
16960
17269
16542
16396
17319
16879
16777
17310
16557
16695
16862
17201
17214
17321
16862
16874
17350
17638
16718
17588
16852
20262
21145
20940
21969
21394
21109
21476
21844
18130
16676
17272
16284
16421
17091
16369
16391
17041
16341
16337
17381
16546
16498
16718
16634
17136
17097
16813
16976
16407
16506
16316
16732
15814
16153
17112
16148
16296
17185
16135
16348
16382
16832
16237
16673
16040
16482
16224
16171
15845
16554
16269
16635
17020
16070
16011
16516
15997
16234
16999
16578
16846
17144
16739
16644
17215
17003
16830
16724
16097
16856
16615
15924
16554
17070
16191
16420
16887
16119
16396
16581
15854
15916
16441
16814
15993
16233
16587
16536
16588
16273
16795
16966
16805
16409
16591
16286
16423
16838
16310
16150
16904
16145
16027
16449
16139
16461
16671
16508
16250
16629
16469
16319
16760
16153
16219
16473
16374
16275
16836
16042
15715
16035
15598
15769
16852
16640
15969
16861
16121
16374
16467
16020
16412
17001
16662
16721
17085
16708
16280
17041
16450
16547
16729
15732
15847
15788
14989
15175
15836
15051
15327
15221
14771
15034
15225
14879
14817
15557
14950
15080
15275
14874
15106
15268
16066
15117
15682
15192
15666
15736
15178
15490
15691
15051
15421
15920
15358
15465
16000
15400
15556
16990
15332
14993
16186
15875
15462
15790
15150
15257
15788
15579
15673
15673
15511
15529
15908
15534
15481
15970
15189
15293
15211
15584
16014
15756
15112
15170
15956
15966
16155
16329
15864
15979
16189
15867
15624
15247
14966
15270
15452
16282
16184
15529
15036
14636
15644
15353
15241
15891
15767
15267
15581
15627
15795
16162
15181
15289
15687
15658
15328
16109
15559
14970
15649
15949
15224
15767
15185
15809
15482
14806
15358
16041
15597
15480
16084
15545
15361
16045
15332
15327
15930
15511
15436
15888
15833
15581
16019
15379
15429
15889
15778
15399
15765
16150
15426
15697
15319
16314
15991
14823
15099
15371
15012
14581
15453
15719
14726
15114
15052
14879
15884
15518
15912
15035
15162
15198
15916
15138
15482
15912
14852
15525
15610
14478
14809
15551
15128
15319
15989
15467
15232
15876
15190
15510
15628
15621
15388
15782
15060
15198
16393
15384
15334
16436
15941
15915
16356
15832
16677
16730
15921
16059
16365
16411
16214
16569
16209
16173
16874
16011
16178
16383
15757
15579
16474
15815
16034
16519
16143
15878
16976
16913
16162
16981
15902
16153
16115
16007
16609
16951
16067
16941
16317
15703
16575
15918
15426
15757
16403
16150
15666
16152
15820
15388
16429
16009
15955
16076
15212
15427
16213
15778
15848
16289
15735
15949
16467
15941
15597
15928
18024
17908
18672
18390
17039
18313
17179
17310
17400
18164
17975
17692
17745
17565
17671
17256
16928
18489
17983
17905
18250
17502
17794
18518
17759
17923
18056
18249
18132
18465
18211
17909
18121
15651
15810
16653
15992
16330
16744
16337
16138
17075
16384
16430
16688
16146
15972
16478
16186
16203
17060
17021
17244
17153
17450
17015
17310
17416
17339
17235
17019
18984
17647
17399
17088
17245
17443
17354
17559
17475
17624
17198
17203
17544
17997
17082
17220
17518
17378
17651
18208
17701
17429
17458
17744
17661
18695
18360
17920
17457
17874
19308
19502
18198
18664
18720
18577
18588
19241
19012
19118
19217
18748
18436
18689
17476
17827
17767
17976
17665
17996
17863
17696
17740
18179
18336
17808
18327
17895
17883
17833
18327
18277
18641
18796
18655
18614
18451
18464
18857
17839
17383
17413
17470
17291
17619
17748
17495
17438
17655
18334
18067
17782
18410
17905
17755
17859
17774
18089
18307
18376
18828
20513
20832
20113
20084
20043
20256
20110
20443
20607
20711
20403
20667
19247
19371
19271
28878
27799
28258
27571
28628
28813
19281
18199
18798
19448
18564
19677
18807
18344
18320
18622
18407
17895
17465
17782
17971
17730
17851
17045
16861
17097
16925
17348
17053
17246
17113
17087
17613
16076
15957
16693
16829
16508
16525
16431
16179
16336
16648
16511
16823
16633
16588
16425
16735
16517
16461
16469
16439
16502
16365
16950
17318
17466
16958
17031
16946
17361
17308
17566
17225
17705
17147
17476
17256
17811
18623
17108
16921
17584
17625
17308
17176
17189
17380
17782
17383
17328
17762
17366
17110
17182
17985
17199
17585
17459
17476
18035
18463
17241
17628
17227
17491
17024
17916
17617
17501
17709
17217
17574
17669
17791
18559
17713
17887
18351
17643
17135
17145
16869
17106
17160
17338
17531
16929
17065
17229
17218
17060
17088
17410
17987
17275
17266
17232
17394
17297
17488
17424
17588
17891
17347
17518
17780
17094
17873
17482
17626
17265
17521
17773
16995
17272
18050
17320
17128
17515
16945
16512
17957
18067
17721
17705
18993
17806
17503
17664
17689
17967
17937
18050
17894
17504
18336
18214
17677
18212
17581
16502
16749
16509
16702
16690
16483
16701
16003
16116
16872
16426
16225
16288
16651
16629
16533
16197
16368
16378
16470
16311
16525
16455
17064
17195
16957
16744
16408
16675
16875
18290
18816
18513
19078
19788
19648
19139
19402
19867
19225
19443
19279
19193
19062
19293
18939
17301
17066
17385
17413
16544
16704
17008
16309
16685
17217
16443
16349
17010
16609
17114
16812
16491
16483
16533
16555
16460
16957
16388
16768
16470
16260
17157
16925
16755
16993
16810
16836
16739
16746
16754
15484
15826
15626
16228
15799
16398
15909
16315
16570
16183
16420
16312
16460
16357
16328
16149
16219
16156
16328
16431
16696
16315
16616
16636
16770
16618
16493
16159
16513
16641
16416
16347
16620
16357
16476
16356
16085
16130
15906
16182
16089
15626
15753
15544
15867
15783
15767
15949
15794
15836
15621
15784
16324
15706
15843
15802
15358
15402
15932
15637
15444
16034
16569
16033
16097
16441
16259
16068
16064
16766
16518
16463
16355
17164
16602
16702
16586
16651
16964
16704
16438
16455
16731
16322
16641
16118
16596
16550
16098
16069
16640
16905
16368
16812
17198
16692
17056
17457
17125
17146
17057
16261
16504
16477
16343
16646
16164
16347
16264
16489
16464
17104
16576
16988
16928
17222
16665
17104
16734
16614
16864
16505
16865
16551
17195
16850
16579
16266
17153
17459
17260
17921
17606
17991
18208
18010
18036
17751
17830
18174
17446
18325
18629
18922
18507
18763
18648
18367
18834
19184
18771
18215
18320
18830
17390
17562
17207
17045
17126
17792
17354
17503
17378
17494
17733
17802
17496
17413
17692
17478
17148
17584
17652
17426
17711
17344
17557
17534
17390
17573
17117
18054
17884
17413
17826
18334
17730
17648
17772
18149
18144
18302
17946
18054
18003
18303
17867
18069
18420
17885
20128
21719
21115
21760
21209
21445
21706
21498
20709
17931
17785
17367
17852
17595
17647
18304
17571
17557
17536
17725
17725
17617
17477
17594
17547
17136
17282
16770
17155
17268
16902
17101
17715
17331
17562
17336
17568
17475
17884
17773
17835
17439
17293
17567
17333
17224
17502
17379
17582
17314
17476
17419
17253
17567
17455
17022
17008
16940
16836
17001
17258
16996
16522
16911
17025
17003
16459
17704
16747
16621
16571
16231
16508
16417
16601
17036
16393
16842
16600
16439
16760
16399
16392
16791
16831
17276
17027
17283
16912
17037
17089
16683
17361
17122
16823
17074
17715
17457
17994
18056
18301
17888
17956
17908
20014
17857
17935
17948
17391
17234
17321
17458
17803
18089
17800
18174
18267
18125
17865
17982
18432
18163
18834
17924
18122
18450
18337
18219
18363
18364
18893
18433
18450
18343
18324
18840
18436
18446
18912
18800
18301
18902
17621
17326
18125
17829
17912
18261
18068
17507
17706
17859
18265
18311
18098
19177
19158
18593
18764
18613
18070
17128
17123
17161
17261
17802
19472
17178
16847
17174
16893
17001
17065
16943
17320
16860
16996
17084
17189
17141
16882
16657
16705
17003
16727
16701
16247
16359
16707
16408
22031
25008
19616
17169
16488
16234
15973
16425
16575
16950
17031
16788
17088
16793
16906
17153
16666
16677
16666
16991
16753
16874
16990
17113
17155
17135
17116
17313
16809
17307
16970
17097
16965
17289
17624
17665
17286
17011
17111
17477
17271
17440
17966
17647
17194
17563
17421
17212
17392
17591
17425
17329
17676
17678
18057
17594
17144
17333
17301
17113
17770
16865
17067
17499
17219
17231
16941
17113
16765
17179
17445
17023
16855
16916
16690
16919
16797
16888
16588
17163
17182
17698
16450
16798
16621
16916
16780
16405
16656
16805
16432
17412
16993
17057
16389
16729
16073
16245
16322
16059
15787
15766
15708
15720
16328
16460
16363
16734
16252
16511
16790
17923
17241
16950
16601
17069
16759
16443
16507
16709
16834
16309
16873
16211
16311
16411
16909
16211
16363
16307
16416
16275
16312
15627
15908
15773
15674
15554
15718
15175
16231
16190
16080
15911
15691
16006
15658
15466
16354
15396
15543
15448
16080
15787
15369
15528
15062
14931
15191
14998
14970
15024
15132
14955
15130
15433
15265
15407
15780
15675
15294
15587
15055
15717
15445
15720
15539
15517
19437
20061
16181
15901
15611
15623
16249
15521
15751
15845
15757
15755
15706
15630
16119
15942
15964
16010
15899
15726
15388
15807
15696
15957
15701
15895
15733
15532
15183
15118
15203
15465
14966
15352
15206
14896
15383
15139
15651
15077
15087
15497
17225
15329
15431
15774
15919
15264
15688
15756
15706
15987
15871
15968
15819
15642
15572
15324
15082
16383
15473
15518
15934
16332
15306
16020
15668
15408
15456
15418
15512
15945
15636
15001
15407
15504
16150
17463
20752
22174
17730
14865
15334
15272
15206
15802
15540
15475
16028
15862
15404
16543
16816
17071
16744
16898
17169
16862
16254
16628
17032
17231
16573
16305
16507
17300
17005
16659
16838
16735
16549
16285
16498
16838
15867
14986
15113
15118
15196
15150
15193
15626
15979
15785
15588
16482
15571
16447
15708
15664
15356
16304
15377
15993
16847
16016
16174
15178
16306
16996
16123
16471
16686
16321
16887
16945
16315
16431
16544
16871
16223
16157
16291
16543
16140
16579
16596
15646
16182
16211
16067
16100
16217
15793
16170
16206
16709
16181
15916
16176
15837
15843
16013
16142
15978
16435
16568
16307
16276
16002
16328
16098
16612
16506
16694
16578
15879
16542
16039
16203
16411
16770
16157
16737
16510
16392
16703
16366
16416
16369
16684
16790
17297
16776
17506
16558
16454
17518
17375
17540
17440
17603
16985
17086
17520
17392
18173
17348
17427
17101
17153
17047
17198
17509
17296
17068
17804
17498
17516
17811
17379
18094
17327
17818
17401
18250
17630
17416
18067
18763
18746
17881
17807
18073
17799
18824
18394
18628
18505
17952
18207
18309
18229
18464
18172
17619
18058
17869
18097
17466
18964
17616
18388
17821
18241
17915
17270
17471
16812
16958
17115
17122
17475
16841
17525
16644
16744
16731
17698
17721
16561
16898
16445
16297
15867
16190
15960
15987
18337
19251
19896
19990
19155
16354
16314
16657
16467
16281
15992
15891
15960
16208
15995
16374
16407
16326
15984
17000
16548
17076
16165
15977
16330
16161
15977
16249
16197
16302
15797
15767
15862
15856
16092
15826
16254
15913
16172
15850
15947
16335
15909
15961
16011
16264
16258
15950
16291
15795
15981
15944
15754
15719
16038
16151
16018
15982
15698
15999
16323
16051
15959
15973
16695
16305
15872
16125
15845
16040
15693
15939
16232
16068
16071
16268
16316
15797
15758
15554
15908
15654
15817
15775
15833
15881
15898
16307
15944
16734
16191
16080
16803
16147
16399
15996
16707
17104
16302
15964
16307
15999
16039
16009
16292
15905
15530
16300
16183
16346
16142
16118
16619
15951
16635
15871
15791
15660
15765
15350
15983
15479
15705
15555
15726
15624
16107
15785
15657
16270
15970
16036
15953
15739
16040
16257
15858
16241
16118
15953
16187
16206
15950
15703
16175
15857
15485
15579
15635
15660
15955
15679
15862
15765
15724
16190
16320
16177
15703
16051
15917
15984
15766
15850
16366
15479
15774
15784
15427
15213
15757
15988
15999
16241
16048
16255
16124
16041
16096
15942
16369
16140
16001
16552
16447
15868
16060
15976
15760
15649
15474
15460
15316
15279
15322
15126
15187
15524
15616
15827
15685
14743
15052
15166
15260
15447
15488
15062
15641
14922
15037
15134
15250
15045
15633
15086
16834
15332
15664
15297
15794
15969
16106
15993
15955
15477
15628
15556
15610
15806
15510
15918
15679
15773
16169
15965
15839
16203
15711
16118
15893
16061
15649
15814
15504
15486
15566
15578
15502
15397
15717
15431
15879
16600
15497
16552
15656
15853
16216
15795
16451
15811
15261
15763
15803
15642
15868
15581
15939
15689
15700
15740
15558
15943
15312
15519
15772
15139
15828
15962
15696
15285
15484
15631
15486
15318
15206
15884
15729
16126
16025
15878
15642
16135
15878
16074
15818
15935
15792
16013
16117
15718
16042
15682
15767
15800
15657
15697
16079
15734
15989
15902
15800
16775
15877
16057
15817
15966
17333
17757
17298
17154
15425
15795
15260
15810
15784
15680
15754
15563
15087
15386
15481
15597
15609
15749
15851
15395
15562
15877
15691
16143
15707
15902
15529
15215
15269
15611
15498
15809
15903
15633
15784
15390
15693
15614
15633
15755
15985
15765
15971
16107
15734
15445
15842
15434
15588
15904
15935
16069
15635
16033
15505
16087
16109
16177
15644
15791
15450
15976
15652
15396
15526
15699
15658
15648
15552
15197
15542
15618
15600
15235
15902
15020
14835
15039
15575
14866
15143
15694
15281
15685
15360
15313
15587
15532
15252
15301
15267
15052
15218
15260
15146
15462
15422
15115
14921
14913
15087
15477
15750
16037
16305
16556
15845
15226
15841
15734
15401
15249
15154
15100
15587
15446
16209
16088
16105
16401
17136
16344
16219
16339
16234
16180
16291
15982
16109
15819
15836
16159
16022
16552
16286
15633
16059
15665
16452
15893
15802
16311
15944
16150
16238
16041
15666
15468
15573
15793
16288
15729
16059
16503
15785
16033
16174
15958
16321
15851
15866
15707
16070
15321
15953
15732
15820
16290
16491
16535
16097
16075
16166
15539
16490
16966
15938
15822
15888
16201
16265
15891
15854
15964
15317
15628
15562
15696
15762
15944
15918
15637
15828
16536
16124
16307
17233
16020
16218
16158
15911
16597
17016
17343
16923
17072
16744
17452
17300
16988
16851
17010
16914
17162
17128
17361
17476
16524
17018
16800
17058
17158
16376
15991
15738
16124
16004
16207
16358
16032
16070
16693
16307
16250
16439
16553
17008
16694
16829
17215
17386
17412
17335
17274
17327
17097
17306
17606
17683
18567
17709
18051
18062
18231
18548
18459
18048
18226
18325
18626
16334
16429
16515
16207
16587
16675
16348
16383
16704
16541
16400
16380
16635
16402
16496
15924
16088
16064
15998
16353
16678
16168
16560
15933
16425
16424
16239
16077
16446
16322
16365
16667
16298
16573
16133
16392
16396
16826
16811
17503
17788
17570
19041
18217
17527
17856
17079
17284
17865
16247
16249
16144
16084
15739
16081
15898
15572
15653
15799
15393
15493
15474
15143
15197
15061
15084
15123
14932
14780
15055
15124
15290
15034
15326
15238
15078
15357
15408
15676
15265
15220
15401
15541
15457
15206
15635
15237
15029
15562
16161
15526
15931
15400
15307
15451
15261
15538
15927
18415
18613
18378
17310
16887
17752
17347
16457
16664
15320
16709
15808
15548
15392
15271
15474
15612
15728
15594
15835
15826
15708
15854
15840
16191
15690
15679
15342
15889
19718
19783
20333
21307
16531
15410
15617
15745
15799
16321
16706
16403
16782
16661
17272
17101
17027
16967
18739
16486
16497
16209
16691
16186
16474
17198
16413
16395
16322
16846
16700
16621
16885
16242
16617
16798
16551
16693
16746
16830
16358
16753
16414
16779
17028
17427
16878
16488
16539
16206
16583
16629
16779
16363
16738
17458
17965
17861
17493
17499
17119
17202
17310
17191
17055
17011
16929
16552
16874
16322
20256
20441
20260
20600
16712
16753
16549
16383
15928
15789
16171
16009
15678
15761
15655
16040
15918
16257
15827
16337
16242
16290
16202
16319
16521
16213
16512
16069
16148
15849
16083
16078
15973
16079
15401
15384
15278
15176
15143
15127
15817
15271
15262
15030
15141
15526
15098
15328
15041
15332
15357
14952
14877
15351
15028
15475
14844
14838
15584
14883
15047
14784
14575
14662
14711
14762
14414
15117
15198
14924
14848
14977
15254
15167
15225
15734
15243
15437
15653
15670
15778
16100
15913
15742
15590
15603
16182
15824
15628
15515
15649
15309
15381
15648
15629
15326
15659
15716
16040
16848
15807
16053
15925
15886
15986
15914
15782
16525
18082
18643
15899
15954
15919
16101
15893
16061
15877
15737
15796
16140
15615
15806
15142
15642
15109
15746
15342
15511
15702
16009
15857
15479
16397
15913
15194
15662
14728
15262
15204
15025
15245
15057
14692
15157
14760
15073
15232
14886
15073
15208
15511
15532
16142
17493
17200
17188
17023
16972
17353
17378
17472
15009
15275
15378
15247
15477
15882
15729
15931
17853
17922
18164
17786
17699
17750
17608
17765
16884
15963
16021
15763
16383
16236
16078
16242
15436
15911
15394
15923
16077
15727
15960
15831
16127
16112
15639
16172
15659
16354
16219
16755
16260
16509
16805
16631
16380
16035
16326
16360
16689
16435
16045
16352
16555
16344
16160
16377
16336
16355
16240
16130
16815
16226
16283
16315
16834
17500
16730
20698
22817
22699
16376
16600
16243
16633
16372
16351
16258
16345
15979
16151
15968
16175
16405
16017
15708
16415
15615
15874
16158
16305
15808
15870
15660
15584
16011
15726
15837
16280
16140
16384
16432
16736
17884
16417
17174
16681
16576
16206
16397
16000
15855
15631
15775
15605
15600
15873
15940
15995
15868
16069
15605
16076
16010
15797
16000
15366
15816
15607
15378
15515
15630
15582
15687
15650
15857
15777
15477
15663
15544
15785
15777
15647
16197
16292
16241
16710
16086
16228
15827
16518
16060
16580
16451
16333
16393
16053
15942
16259
16314
16438
16286
16119
16109
15854
15654
15966
16413
16497
16593
16054
16422
16378
16430
16678
16542
16437
16524
16332
16558
16330
17027
16796
17095
16156
16699
16355
17223
16216
16498
16599
16269
15791
16317
15820
16089
16315
16544
16135
16018
16438
16687
16144
17070
16663
16739
16499
16535
16498
16241
16703
16548
16208
16340
16817
16955
16247
17221
16392
16444
16699
16435
16930
16577
16453
16251
16527
16494
16300
16420
16467
15894
16300
16110
16534
15942
16212
16091
16773
15944
16015
16482
16510
16185
16008
16129
16377
16399
16200
16486
16690
16586
16264
16439
16198
16214
16175
15893
16242
16280
16324
15991
16411
16234
16456
16408
16268
16208
16658
15881
16434
15932
16655
16755
16279
16669
16510
16398
16661
16475
16321
16180
16331
16929
16469
16513
16889
16663
16643
16739
16373
16410
16708
16311
16528
16953
16388
16394
16947
16375
16370
16956
16241
16298
16272
16601
16453
15917
16041
16079
16020
15796
15916
18228
16063
16009
16072
16115
16308
16044
15889
16225
16249
15526
16109
16024
15702
16672
18922
20220
20331
20400
16666
15671
15555
15849
15778
15602
15856
15836
15943
16615
16979
17258
18902
18353
17397
16986
17045
16315
16245
16326
16364
16268
15932
15909
16397
16203
17376
16544
16344
16358
16189
16019
15915
15932
15896
16498
15894
16115
15924
15866
15931
15956
16072
16238
16031
16140
16004
16128
15851
15816
15914
16250
16348
15870
15968
16327
16208
15590
15964
16443
16290
15674
15911
15832
16036
15782
15773
15677
16073
15851
16138
16299
15650
15599
15825
15446
15785
15870
15907
15985
15411
15654
15652
15347
15357
15687
15617
15800
15683
15286
15515
15666
15753
15895
15547
15856
16212
16124
16245
15780
15950
15926
16351
16079
15887
15984
15830
15400
16108
16090
16363
15755
15928
16026
16416
16401
16235
16266
16174
16245
15938
15595
15549
15637
15400
16222
15950
15718
16011
15862
15831
15852
15739
15990
15711
15409
15284
15543
15604
15380
15195
15211
15406
15342
15383
15646
15418
15437
15314
15607
15533
15372
15660
15603
16426
15584
15691
15074
15427
15243
15132
16155
15371
15835
15452
15452
15422
15683
15693
15799
15471
15514
15465
15467
15744
15371
15418
15081
15622
15205
15455
15751
15441
15394
15731
15563
15597
15384
15255
15522
15564
16603
16420
15972
16506
16540
15708
16334
16181
15830
16453
16532
15926
16259
15818
16261
15796
16393
16132
15897
15743
16136
15964
15751
15495
15791
16128
15605
15606
15895
15552
15657
15868
15032
16008
16507
16351
16121
25900
32022
36485
33204
17517
16117
16184
15661
16021
15948
15737
16070
16117
15191
15375
15560
15162
15404
15537
15209
15664
15707
15113
16024
15890
15984
15875
15582
15653
16125
15968
15392
15988
16068
15210
15754
15661
14984
15381
16150
15121
15479
15200
15116
15279
15108
14891
15541
15562
15139
15891
15341
14893
16134
15518
16185
15781
15060
14917
15514
15035
15304
15224
15340
14985
15391
14885
14875
14851
15017
15275
16237
15516
15855
15867
16100
15162
15734
15991
15339
16220
15874
15601
16352
16379
17160
17523
17252
17088
18157
17845
16857
17408
17773
17183
17498
17848
16741
17700
17835
17202
17690
17524
17291
17367
17847
17377
17937
17731
16672
16197
16909
16374
16633
16041
16186
16447
15851
15504
15718
15612
16059
15866
15769
15385
15887
15509
15048
15624
15627
15455
15724
15297
15901
16137
15473
15734
15888
16251
17652
18794
18934
19332
18993
17343
16645
16309
16347
16592
16350
16361
16268
16255
16062
16386
16540
16386
15839
16270
15760
16101
16137
15691
15693
16018
15915
16098
16114
15874
15888
15923
16205
15999
16263
15741
15977
15934
15564
16025
16182
16403
16403
16100
15772
15876
15903
16736
15729
15906
16086
16170
15922
15801
16052
15903
15868
16008
15838
15462
15663
15809
15641
15530
15960
15760
16173
16071
16145
15650
16384
16225
15910
17276
16240
16788
15976
15712
16414
16008
16529
15668
16543
16944
16070
16929
16447
16206
17044
16159
17104
16043
16560
18225
16310
16761
15973
16137
16772
16297
16563
18648
16375
15994
16180
16181
16333
16431
16392
16700
16988
16132
16449
17405
16668
16829
16903
17148
16681
16917
16925
17218
16764
16735
17121
16671
17064
17807
17289
16914
17531
16733
17051
17217
17104
18101
17164
17142
16282
16215
16213
16381
16661
15983
15797
15746
15596
16485
15559
15463
16113
15486
15732
15677
15843
16137
16300
15643
15488
15575
15423
16080
15594
15583
15345
15307
15899
15523
15374
15452
15304
16332
15718
15322
15291
16074
15550
15678
15197
15024
14996
14944
15353
15257
15571
15291
14916
15299
15513
15796
15360
15777
16230
15996
15902
15521
15771
15548
15652
15196
15251
15719
15624
15438
16271
16097
15839
16137
15784
15238
15566
15234
15537
15938
15285
15572
15250
15383
15592
16009
15913
16397
16239
16317
16412
15843
15697
16069
15652
15795
15937
15813
15903
15943
15892
15613
15134
15023
14995
14820
14853
15078
15248
14764
15156
15362
15294
15543
15135
15025
15291
15138
15130
15111
14746
14873
15130
14903
15069
14458
15079
14563
14861
14585
14865
14683
14145
14014
13577
14487
14073
14273
14387
14213
14716
14729
14669
14400
13927
14637
14180
14274
14542
14350
14500
14424
13870
14254
14795
14332
14380
14716
14962
14664
15063
14723
14674
14785
14354
14861
14469
14772
14170
14662
14572
14436
14333
14525
14977
15450
14487
14222
14226
14212
14439
15827
14628
14955
14684
14701
14785
14324
14517
15015
15169
15080
15293
15170
14891
14662
14914
15309
15409
15778
15801
14964
14807
14765
15104
14552
14739
14300
14467
14597
14512
14433
14401
14617
14131
14396
14069
14485
14995
14819
14551
14690
14773
14596
14787
15067
14811
14803
14878
14628
14749
15316
14341
14560
15038
15535
15136
15353
15181
15290
15231
15322
15442
15361
15143
15277
14962
15424
15165
15753
15471
14890
15524
15204
15137
14441
15127
14774
14558
15164
15028
14552
14215
14366
14791
14508
14567
14588
14572
14515
14948
15256
15212
15542
15451
16201
16860
16800
15670
15997
15631
15840
15815
15620
16171
16038
15882
16077
16466
15815
16660
17464
17555
17356
16839
16773
16505
16590
17111
16450
17392
17069
16964
16940
17271
17179
17164
16979
17479
17519
16911
17164
17303
16840
16297
16650
17091
16985
17035
17483
17537
17874
18575
17589
17925
18339
18206
18070
18628
18767
18639
17931
18111
18547
18318
18466
18618
18982
17680
17907
17988
17847
18135
19228
17738
18047
18605
17965
17899
16698
16593
15667
15300
15746
15768
15598
16213
15988
15767
15941
16208
15891
15927
15745
15763
15719
15838
15917
16230
16494
16267
16693
16701
17171
16841
16931
16845
17046
16622
16907
16983
17372
17156
16655
17140
16747
16447
16812
16218
16463
16686
16574
16112
15852
15917
16008
15963
16189
16122
16483
16827
16474
17401
16592
16653
16545
16439
16477
16002
16245
16393
15947
16146
15999
16307
16085
15185
15681
15364
15162
15344
15525
15634
15406
15269
15011
15243
15658
15639
15844
16299
15909
15524
15443
15860
15298
15567
15778
15392
15298
15588
15207
15398
15570
15211
15610
15529
15531
15465
15644
15413
15480
15072
15378
15400
15431
15037
15780
15062
15582
15301
15092
15283
15026
15376
15238
15771
15266
15837
15459
16287
16464
15749
15938
16107
15744
15577
15586
16158
15390
15494
15740
15151
15334
15401
16184
15950
15942
15698
15423
15485
15682
15634
15231
15574
15393
15609
15718
15758
15956
16166
15872
15706
15514
15154
15470
15059
15552
15495
14834
15816
15079
15470
15410
15537
15312
15910
15149
15597
14740
15301
15598
15879
15592
15403
15430
15446
14869
15959
15289
15938
18543
17765
17845
18121
15765
15388
15306
15771
15297
15539
15619
15274
15445
15359
15025
15631
14863
15053
14918
14566
14878
15057
15070
14947
16393
14359
15293
14961
14878
15647
15469
15528
16080
15443
15202
15510
15240
15187
15092
15540
15519
15313
15008
15386
15239
15053
15415
15122
15300
15263
16420
16021
16165
16946
15979
16597
16021
16308
16627
16076
16458
16779
16057
16533
16141
16715
17092
16161
16514
16310
16540
16562
16300
16293
16466
16736
16509
16390
16410
16341
16356
16657
16806
19452
20092
19257
19829
19655
19881
19940
18617
15803
15797
16490
16668
15652
16648
15954
16039
16118
16173
15879
16441
16570
16727
16878
16966
17436
17337
17169
16877
17113
17430
17093
17310
17373
17806
17299
17094
17150
16853
17076
17244
18097
17246
16483
16745
15993
16713
16698
16176
16695
16458
16305
16143
16093
16438
16777
16394
16290
15950
16020
16094
15732
15538
16297
15347
15582
15381
15413
15706
16074
15763
15010
15160
15068
15318
14897
15133
15265
14923
15012
15008
15101
14783
15210
15072
15559
15255
15285
15130
15321
15688
15701
15423
15628
15733
15782
15460
15523
15126
15656
14864
14566
15196
14749
14956
15249
14928
14658
14479
14897
14470
15968
14793
15158
15384
14945
15198
15500
15195
14835
14842
14762
15134
15025
15144
15313
14893
14895
14899
14783
14590
15005
15375
14771
14882
14894
14902
14769
14601
15060
14195
14693
14735
14895
15106
15064
15203
15331
15813
14998
14641
15160
15019
15259
15389
14989
14787
14994
15087
14688
14630
15108
14824
14664
14991
15146
15027
15175
15355
14334
14651
14371
14585
14420
14728
15214
14947
16489
18067
18114
18181
16324
14364
14351
14388
14495
14132
14905
14635
14515
15102
14334
14605
14017
14212
14491
14461
14715
14395
14559
14203
14832
14926
14322
14768
15084
14911
14811
14733
14484
14679
15061
14899
14824
14586
15230
15062
15136
15019
15151
15473
15180
15222
15539
15657
15749
15219
15282
15361
15383
15461
15489
15474
15523
15492
16204
15641
15956
15802
15759
15789
15709
15568
15826
15792
16244
15607
15906
15779
15545
15566
15853
16023
15856
15225
15295
15220
16160
15606
15205
15359
15531
15369
15804
16026
15349
15531
15603
15605
15774
15589
15717
16071
15758
15145
15530
15564
15463
15779
15712
15800
15912
15971
15950
16901
18108
17684
17606
17120
16631
17107
16954
17387
17230
17370
16879
16286
16211
16664
16116
15974
16310
16258
16312
16320
15869
15326
14929
15207
14935
14764
15034
14756
14689
14998
14951
14978
14906
14752
14512
14659
14607
14861
14723
14751
14908
14844
14817
14786
14589
14941
14683
14477
15100
14955
14863
14804
14687
14755
14911
14773
14910
14798
14800
14551
14845
14450
14695
14676
14656
14389
14525
14487
14277
14565
14550
14777
15438
16036
15054
15628
14720
20080
17410
17885
18763
15339
14586
14947
15046
14682
19132
16639
18476
17165
18211
18115
15773
15128
14914
15823
15639
15453
15273
15783
15911
15722
15716
15322
15530
15697
15649
15101
15126
15322
15159
15016
15357
15332
14859
14845
14939
15146
15079
14957
15272
15301
14969
15889
15019
14889
15087
15690
15102
15494
15774
15709
15158
15026
15302
15245
15328
14993
15350
15114
15703
15329
15170
16285
15166
15104
14954
15296
14896
14708
15028
15199
15265
15071
15343
15354
15320
15171
15601
15614
15580
15669
15225
15985
15295
15558
15635
15357
16246
15557
15295
15704
16048
15976
16133
16367
15619
15822
16028
15731
15528
15516
15354
15485
15479
15731
15835
15603
15894
16023
16553
16072
16030
16199
15944
15646
15754
15716
15804
15601
15402
15684
16073
15491
16474
15601
15559
15904
15915
15677
16317
16049
16269
16407
16568
16120
17023
16300
16605
16429
16729
16398
16562
16690
16664
16634
16913
16191
16687
16429
16292
17037
16872
16591
16161
16036
16521
16500
16363
16268
16558
16565
15839
15766
15528
15943
16600
16586
15962
15831
16672
16438
15984
16092
16138
16241
16817
16386
16293
16489
16451
16259
16087
16697
16423
16369
16513
16442
16640
16433
16605
16414
16550
16464
16326
16627
16065
16465
16597
16611
16375
16100
15992
16507
16522
15997
16448
16314
15941
15980
15975
16547
17594
16210
15919
16141
16619
16286
16054
16211
16206
17105
16332
16432
15649
15692
16029
16192
15526
15540
15665
16017
15766
15803
15792
16326
16488
16342
16580
16663
16258
15879
17464
16013
15941
16139
16147
15613
16047
15408
15815
15702
16139
15697
15708
15400
15483
15578
15417
15933
15529
15737
15501
15847
16209
16218
17235
15901
16115
16429
16382
16175
16282
15890
15971
15978
16083
15612
15600
15738
15727
15933
15458
16144
15306
15636
15258
15467
15730
15451
15754
15256
15942
15203
15541
15506
15698
15280
15476
15626
15183
15923
15267
15668
15264
15092
14889
14567
14844
14985
15400
15243
15069
15072
15146
15163
15027
14979
15038
15007
14989
14887
14943
15087
14775
15045
15167
15165
15244
15205
15003
15002
15253
14894
14776
14911
14967
14990
15493
15967
15066
15735
15311
15291
15047
15141
15353
15463
15335
15675
16082
15441
15586
15782
15388
15646
15572
15369
15324
15296
15722
17581
17430
16709
16875
17113
17169
17254
17759
16209
15508
15238
15589
15369
15578
15459
15822
15697
16305
15442
15328
15446
15480
15540
15680
15424
15601
15524
15681
15707
15836
15626
15356
15743
15442
16538
15871
15427
15446
15622
15438
15802
15577
15732
15813
15436
15494
15633
15601
15655
15518
16288
16388
16296
16261
16182
16170
16452
16253
16696
16479
16624
16437
17068
16696
17022
16785
17692
16718
17484
17458
17061
17022
16983
17646
16888
17218
16950
17373
17047
17235
17648
16841
17128
17415
17270
17116
16696
16990
17273
16857
16994
16603
17405
16962
16600
16769
16608
16488
16529
16800
16287
16297
16955
16446
17171
16874
17379
19200
20695
20691
20533
21175
20572
20675
20329
19046
17674
17214
17471
17404
17323
17866
17279
17571
17525
17665
17519
18043
18791
17615
18036
17722
18178
17884
18345
17892
18134
18265
17846
17690
17863
17992
17792
17899
17885
17923
17818
18370
18453
17931
18244
18330
18364
17881
18115
18269
18515
18182
18674
18561
18070
18013
19000
18199
19828
18854
18986
18779
17928
18520
18082
18001
17615
17468
17234
17324
16771
16927
17231
16946
17230
16791
16952
16725
17096
16916
16898
17099
17283
17095
17030
17268
16890
16350
17015
16427
16472
16534
16018
16360
16148
16324
16383
16297
19871
19809
20041
20231
16827
17090
17479
16974
17609
17663
17341
17046
17577
17101
17509
16054
15528
15857
15827
15218
15764
15532
15505
15864
15654
17576
15709
15946
16687
16303
16701
16654
16150
16122
15779
15491
15678
15669
16229
16063
16598
16396
16347
16457
16354
16441
16027
15831
16377
16543
15972
16086
16066
16105
18359
20563
20279
20625
20585
20101
20538
19755
19254
16488
16821
16400
16142
16130
15839
15822
15831
15465
16173
16026
16451
16559
16433
15850
15753
15940
16208
15996
15613
15743
15906
16249
16083
15851
16013
15894
16202
15945
15981
16089
15868
16068
15937
15764
15845
15754
15709
15815
16004
16120
16286
16331
15990
15672
15832
15581
15666
16248
16253
16479
15607
16279
15782
16668
15739
15925
16079
16082
16693
17415
16008
15949
16066
16000
16047
15972
16012
15584
15630
15817
16042
16058
16273
16213
15402
16057
16938
16441
15812
15886
15470
16214
15789
15730
15807
16026
15901
15632
15626
15259
15371
15802
15090
15188
15619
15715
15413
14791
14671
15373
15088
14849
15181
15140
14775
15358
15260
14472
14780
14864
14630
15145
14705
15213
14753
15190
15395
14973
14836
15138
14820
14782
14761
14610
14859
15424
15468
15458
15321
15015
15168
15986
18929
18416
18674
17914
15184
14999
15244
14907
14677
15176
15213
14898
14673
14851
14830
14637
14874
14986
15141
15004
14170
14386
14961
14449
14483
14601
14784
14612
14727
14022
14548
14343
14060
14057
13913
13966
14207
13664
13806
14092
14044
14060
14023
14103
14128
14113
14333
14644
16479
13890
13850
14078
14034
14311
13920
13908
14610
13843
13688
15551
16290
16830
16382
16242
16605
16814
16859
17912
17702
17332
17211
17333
14206
14120
13976
13815
13793
14333
13745
14332
13833
13590
13951
13765
14066
14025
13909
14122
13912
13879
13864
13797
14202
14210
13680
13696
14373
13907
13821
14135
14801
14150
13904
14344
14415
14042
14240
14024
14453
14080
14213
14517
14192
13853
13885
13849
13826
13862
13718
14312
14213
14520
14154
14309
14351
14514
15105
15095
15273
15192
15227
14931
14956
15383
14983
15509
15957
15703
16062
16110
15758
16030
16237
16163
16009
15618
15447
15590
15781
16473
15668
16023
16084
16062
16212
15865
15900
15928
15597
16044
15896
15910
16638
16160
15947
16210
15930
16015
15978
15824
15948
15900
15612
15412
15879
16040
15636
15935
15924
15695
15874
15333
15441
14964
15329
15068
15167
15223
15410
15201
15372
15223
15322
15041
14708
15267
15036
14894
15055
15274
15219
15214
15245
14702
14902
14602
14988
14995
14769
15216
14854
14725
14930
14926
14623
14603
14704
14725
14576
14596
14687
15068
14580
14345
14851
14659
14756
14658
14596
14626
15047
14680
14774
14963
15187
14455
14607
14750
14893
14518
15184
15160
14831
14816
14793
14688
14710
14722
15064
14779
14634
14558
14631
14556
14719
14970
14630
14495
14562
14866
14670
14470
14906
14603
14323
14455
14460
14406
14252
14398
14479
14371
14680
14954
15370
14400
14722
15153
14659
14793
14399
14802
14561
14632
14651
14926
14593
14565
14818
15066
14660
15007
14266
14674
14973
14979
15691
14908
14677
14823
15092
14676
14339
14780
14849
14356
14755
15099
15083
15130
14906
15068
15046
14949
15576
15658
15542
15567
15198
15122
15112
15928
15552
15577
15918
15545
15553
15819
15924
15567
15867
15817
15699
15550
15720
15490
15933
15382
15381
15095
14814
15415
15372
15350
14863
15299
15083
14856
15073
15006
15048
15044
14611
14767
14628
14948
15131
14881
15123
15537
15736
15771
15527
15317
15871
15969
15971
16181
15982
16350
16192
16447
16660
16704
16557
16499
16461
16657
17111
16927
17536
17161
17175
17325
17014
17466
16969
17011
17064
17129
17216
17543
17224
17037
16726
17476
17021
17117
16919
17084
17309
17128
17202
17300
17054
17364
17569
17202
16524
16822
16311
16793
16699
16726
16581
16573
17013
16770
17260
16543
16389
16652
16506
16446
16839
16254
16411
16744
16919
16762
16760
16790
16834
16960
16753
16638
16763
16695
16140
16138
16214
16261
16263
15943
16534
16402
16370
16708
17046
17002
17131
17056
17024
17123
16832
16725
16552
16539
16690
16963
17134
17265
18502
17391
17796
17705
16989
18064
17566
17573
17028
16543
16866
16580
19191
16659
16972
16846
17331
17718
17342
17141
17009
16940
16728
16796
17072
16859
16264
16187
16738
16604
16303
16036
16183
16289
16106
15951
16398
16440
16610
16519
16671
17117
16569
16443
16445
16347
16311
16419
16043
16438
16201
16351
16299
17394
17081
16479
16400
16067
16088
16362
16180
16519
16554
16008
16459
17608
17837
17135
16644
16427
16272
16156
16309
16250
16325
16929
17349
17421
17811
16857
17240
17477
16657
16330
15943
15602
15807
15565
15537
15768
15833
16134
16398
16036
16438
16930
16561
16897
16512
16630
16055
16189
15991
16195
17598
16640
16447
17047
17275
17172
17102
17026
17040
17081
16334
16993
16677
16946
17073
17120
16917
17008
17596
17836
18107
17861
17755
17758
17320
17472
16935
17254
17048
17110
17062
16957
16724
16969
17087
17661
17211
16979
17218
17256
17009
17110
17282
17893
17143
17762
17749
17690
17799
17609
17653
17520
17351
18044
17512
18209
17977
17876
17670
17704
17744
17962
17807
18282
18193
18061
18469
17966
18405
18542
18742
18348
18415
19972
24476
24697
25352
25092
21813
18593
18112
18149
18035
18056
18274
17726
18742
17217
17517
17630
17516
17292
17388
17691
17992
17424
17382
17282
17441
17425
17231
17039
17117
17062
16787
16884
17071
17055
17129
17154
17025
17184
17645
17031
17365
17637
17121
16780
17199
16898
17413
17082
17073
17397
17367
17204
17813
17218
17525
17713
17496
17270
17867
17599
17027
17679
17554
17299
16957
17205
17094
17148
17228
17096
17083
18170
17166
17825
17049
17153
16387
16765
17009
17174
16805
17160
17123
17513
16800
17635
16585
17571
17475
17565
16960
17227
16797
17524
16737
17030
16724
17173
16862
16928
16776
17476
17048
17511
16960
16871
16838
17245
17041
17141
17223
17162
17134
17656
16916
17094
16624
17460
17285
17106
16906
17559
17571
17053
17063
17195
17063
16891
17099
17150
17032
16798
17832
16958
16633
16524
16671
16342
16419
16666
16412
16025
16322
15795
16009
16036
16023
15825
15834
15792
16407
16171
16228
16005
16028
15800
16089
15802
16073
16117
15923
15979
16771
16408
15979
15997
16488
16242
16137
16225
16369
16267
16476
16557
16465
16387
15930
16389
16188
16108
16496
16422
16631
16369
16446
16700
16779
17056
16553
16533
16116
16143
16192
16274
17019
16350
16261
16410
16257
16530
16251
16527
16553
16173
16841
16513
16423
21738
21681
16850
16695
16496
16250
16437
16764
16299
17484
17559
17465
18009
17768
17628
17704
17727
17597
17754
18273
17449
17401
17648
17041
16554
16765
17153
16095
15699
15293
14974
15448
15200
15178
15066
15501
15031
15640
15698
15676
15750
15534
15318
15585
15239
15731
15267
15451
16339
15990
15995
16386
15965
15165
15629
15059
15041
14978
15420
15034
15061
14930
14991
15222
15280
14701
15410
15447
15029
15014
15245
15108
15125
15004
15430
14642
15212
14911
15000
15075
15273
15119
15101
14840
14556
14599
14733
14676
14795
14677
15006
14794
15201
14560
15070
14712
14761
15302
15172
15353
15070
14584
15441
14799
14844
14632
14443
14670
14458
14071
14236
13846
13941
13727
14161
14015
14206
14452
14220
14071
14417
14526
14810
14626
14493
14464
14834
14622
15507
14608
14437
14155
14348
13945
14651
14288
14276
14391
14151
13915
14404
14096
14373
14305
14128
14303
14086
14257
14538
14433
14367
14289
14342
14179
14457
14349
14207
14146
14492
14460
14363
14115
14354
14639
14401
14557
15466
15453
14657
14772
14666
14467
15828
15513
15063
15714
15312
15658
16439
15745
15656
16053
15834
15720
15876
16047
15636
15601
15680
15820
15924
15790
15916
15957
15729
15968
16080
15706
15684
15819
15684
15521
16084
15843
15329
15485
16213
15241
16097
15862
15264
15650
15962
15686
16377
15955
15453
16107
15724
16133
15605
16270
15377
15541
16141
15954
16873
15979
15598
15660
15703
15615
15778
16654
16268
16325
16562
15872
16280
17410
15871
15842
16800
15961
15723
16173
15866
15886
16596
16450
17037
16517
15832
15433
16462
16029
16829
16901
16478
16636
17129
17038
16713
17432
16731
16381
16461
16131
16270
16690
15962
16413
16906
16054
16181
17105
16789
16935
17179
17094
17155
17209
16840
16610
17343
16788
16951
17088
17075
16829
17021
16505
16471
16811
15960
15428
16378
15929
15677
16139
15739
15961
16323
16102
16011
16594
16273
16397
16999
16059
15777
17234
16449
16286
17205
16223
16359
16910
16212
16079
16816
16072
15635
16050
15536
15932
16221
15782
15708
16560
16747
16168
16498
16712
16413
16886
16201
16416
16946
16204
16149
16778
16447
16111
16144
15926
15496
16154
15584
15582
15452
15592
16029
15874
15652
15947
16016
15339
15816
15950
15448
15163
15841
15590
15502
15930
15563
15373
15712
15762
15127
15368
15383
15208
15635
15466
15682
15186
15042
15191
15601
15301
15411
15451
14730
14987
15146
14604
14663
15262
15002
14713
15391
15027
15292
15483
14932
14829
15286
15007
14792
15691
14521
15240
15998
15461
15579
15920
15461
15655
15773
15463
15282
15801
15308
15214
16003
15107
14989
16004
15677
15815
16060
15209
15516
15726
15102
15090
15796
15223
15128
15572
15371
14887
15494
14764
14804
14987
14475
14678
15208
14764
14625
14938
14876
14620
14832
15004
14533
14689
14761
14562
15211
14777
14786
14787
14527
14727
14664
14761
14770
15057
14571
14530
15250
14566
14825
15124
14748
14858
15477
14896
15078
15740
18337
18870
19359
19003
18846
19341
19507
19018
16920
14766
15024
15648
14366
14924
15483
14728
14608
14873
14501
14328
14775
14313
14570
15171
14100
14609
14714
14454
14576
14776
14587
14376
14526
14189
14333
14736
14639
14153
14940
14292
14333
15186
14725
14359
14884
14126
14615
14620
14259
14210
14844
14490
14386
14682
14545
14682
14894
15168
14656
15059
14304
14543
14952
14475
14725
14750
14710
14345
15438
14683
14990
15015
14660
14623
14869
15226
14412
14966
14288
14509
14905
14528
14308
15056
14197
14243
14495
14426
14626
14490
14192
14489
15003
14445
14677
15652
15557
14730
15684
15670
14911
15629
15068
15307
15385
15732
14826
15444
14734
14586
15287
14718
14953
16209
15638
15704
15469
15370
15577
15902
16339
15761
15933
15816
15308
16104
15938
15612
16219
15440
15875
15786
15408
15661
15942
15429
15540
15617
15065
15362
15891
15464
15440
15554
15332
15459
16309
16040
15757
16165
15690
15186
15949
15671
15450
15771
15451
15920
16300
15909
15721
16487
16149
15893
16481
15710
15698
16269
16050
16017
16415
16526
16299
16904
16962
17117
17952
17159
16944
16673
16947
16569
16584
16818
16942
16654
16693
16863
16484
16439
16555
16706
16320
17204
16562
16792
16444
16589
16169
16406
16645
16298
16222
16349
16187
16547
16511
16456
16145
16137
16003
17095
16310
15977
16423
16163
16091
16264
16297
16184
16616
16273
16236
23972
27958
28082
16353
15413
15721
15535
15428
15364
15966
15525
15670
15640
15079
15462
16149
15380
15763
15689
15570
15748
15179
15955
15438
15632
15835
15410
16023
15553
15867
15971
15603
15810
16144
16019
15690
15747
15570
15293
15507
15351
14994
15742
15676
15328
15233
15199
15360
15418
15728
15311
15611
15651
15199
15369
15555
15367
15412
15422
16691
15173
15551
15616
15011
14930
15376
15494
15287
15373
15692
15617
15629
15291
15628
15464
15624
15713
15866
15705
16249
15587
15783
15355
15775
15699
16503
15765
16043
16007
16463
15913
15876
15796
15754
15685
15860
15443
15955
15188
15708
15466
15461
15239
15391
14890
14954
14864
15025
15056
15037
14822
14875
15174
14973
15699
15412
14912
15344
15121
15351
14921
14936
15268
15423
15247
14993
14737
14885
15093
15437
15166
15812
15212
15605
15794
15405
15917
15589
16154
15593
15477
15856
15390
15483
15045
15310
15617
15914
15176
15744
15425
15455
15728
15711
15841
16110
15174
15180
15532
15737
15616
16145
15365
15459
15520
15122
16000
16416
15854
15873
16062
15561
15292
15192
15241
15849
15236
15423
15149
15152
14849
14954
15736
15113
14807
14793
14951
14890
14936
15054
14689
14507
14998
14945
15100
14659
14818
14756
13772
15286
14967
15487
14818
15064
15288
15589
15068
15079
14990
15193
15263
15092
15208
14914
14411
14451
14411
14203
14303
14752
14210
14254
14327
14518
14065
14024
13937
14177
13941
13808
13810
13887
14734
14106
13832
14194
14564
14317
14810
14223
14239
14424
14206
14814
14282
14646
14670
14260
14811
14541
14543
14746
14880
14741
14668
14682
17604
17199
17986
17400
17241
17665
17812
17774
15700
14987
14643
14902
14869
14794
14837
14522
14765
15421
15128
15325
15128
15287
15805
15010
15472
15772
15271
15287
15680
15175
15227
15931
15342
15216
15375
15539
15585
15223
15260
15580
15308
15334
15204
15529
15269
15289
15269
14995
15223
15618
15659
15495
15499
16445
16284
15559
15397
15027
15030
15564
15410
16185
15108
15041
15682
15365
15649
15742
15268
15627
16122
15580
15363
15037
15143
15329
15293
15429
15237
15328
15508
15012
15197
15236
16101
15429
15243
16012
19410
19641
19289
19220
19293
19257
18702
19025
14936
15224
15542
15032
14974
15327
15585
15339
15537
15323
15069
15169
15268
15339
15426
15818
15282
15299
16516
15911
15364
15663
15751
15489
15510
15067
15549
15609
15318
15129
15169
15042
15260
15502
15245
15074
15122
15194
15352
15070
15091
15113
15280
15229
14730
14679
14518
14570
14856
14437
14326
14716
14613
14185
14606
14560
14578
14469
14494
14364
14279
14156
14669
14533
14968
14472
14361
14837
14963
15227
15319
14182
14934
14655
14561
14646
14908
14561
14371
14263
14519
14545
14770
14697
14794
14549
14591
14936
14446
14580
14813
14658
14879
14617
14735
15045
15173
14546
15115
15126
15311
14895
14933
14635
14951
14664
14905
14872
15051
15236
15093
15085
14869
15284
15433
15469
15335
15287
15220
15069
15993
15431
15231
14876
14859
14720
15218
14451
14923
14853
14600
15124
15083
14975
15078
15019
14588
15046
15196
15246
15083
15274
15244
15215
15274
15239
15675
15515
15032
15510
15186
15028
15533
15644
15522
15557
15812
15717
16177
15487
15466
15878
15435
15667
15544
16300
16482
15835
15822
15951
15558
15853
15850
15672
15397
15626
15556
16035
15358
15422
15351
15282
15776
15013
14811
15407
15310
15328
14985
15190
15291
15280
15543
15486
15281
15560
15409
15368
16860
15216
15050
14993
15170
15073
15219
15058
14822
14936
14772
15102
15346
15474
15202
15650
15572
15259
15285
15137
14968
17073
15457
15496
16321
15565
15602
15598
15573
15777
15825
15652
15828
15291
15613
15785
15165
15409
15498
15060
15293
15085
15016
15305
15010
15361
15013
15018
15864
15565
15398
15085
15400
15254
15093
15376
14777
15401
15052
15526
15149
15270
15187
15179
14906
14665
15164
15279
15198
14917
14994
15201
15236
15098
15244
14967
15343
15195
15075
15125
15057
15074
14927
15341
14802
15346
15462
15215
15849
15026
15546
15151
15287
15037
15018
15153
14960
14781
15098
15168
17674
15591
15676
15746
15638
15483
15376
15504
15532
15756
15697
16119
15852
15546
15557
15366
15658
15593
15636
17532
19546
19126
19388
19151
18601
18856
18397
17176
15354
15582
15321
15298
15681
15764
15862
15449
15758
16074
15774
15720
15724
15711
15622
15322
16070
15346
15857
15402
15528
15896
15631
15829
15655
15600
15513
15685
15582
15654
16685
17830
17919
18107
17833
17746
17820
17907
18219
17635
18181
17887
18218
17911
18334
17959
18540
18196
17853
17902
18140
18133
17946
18262
18070
17999
17945
15283
15517
15559
15399
15867
15685
15662
15667
15148
15200
15320
15037
15043
14978
15048
15149
14991
15211
14996
14980
15090
15140
15123
14914
15056
15200
15528
15444
15596
15199
15148
15295
14965
15008
14980
15063
15131
14745
14850
14807
15033
15086
15028
14948
15266
14848
15208
15308
15290
15594
15574
15778
15560
15947
15854
15766
16132
16440
16086
15782
15907
16373
16043
16279
16363
16313
16215
16142
16225
15865
17104
16065
16272
16161
16359
16155
15944
16026
15745
15963
15958
15687
15924
15740
15675
16474
15494
16034
16119
16279
16463
15520
16169
16042
16053
16336
15709
15541
15758
15785
15969
15802
15388
15336
15747
16063
15292
15187
15913
15669
15634
15687
15616
15352
15677
15963
15892
16007
16049
16115
15788
15738
15822
15625
16030
15917
16078
16089
16012
15743
16224
16528
16596
16161
16358
16320
15957
16628
16807
16570
16513
16870
16893
17352
17422
17465
16707
16444
16579
16654
17400
16738
16982
17219
16941
17052
16938
16887
16823
17127
16461
16210
16819
17249
16998
16847
16948
17158
16514
16966
16955
16637
16909
16701
16734
19124
16745
17009
16860
17236
16824
16999
17102
16788
16828
17263
16863
16818
16705
16736
17020
17179
17573
16996
19341
17142
17061
16623
16726
16933
16663
16865
16615
16735
16800
16208
16279
16180
16362
15818
15960
16131
16164
15807
16455
15864
17141
16673
16646
16359
16816
16526
16073
16692
16815
16856
16703
16048
16639
16149
15868
16052
15798
15958
16264
16279
16740
16324
16180
15961
16430
16386
16319
16568
16305
15838
16408
16276
16304
16228
17130
16702
15671
16009
15768
15712
15991
15768
15680
15818
17467
20354
21063
20895
16377
16167
16121
16166
15722
15851
16089
15457
15647
15646
15885
15311
16079
16110
15897
15290
15540
15369
15396
15483
15923
15449
15030
15335
15872
15347
15515
15439
15513
15508
15483
15465
15157
15279
15735
15925
15292
15309
15235
15066
15378
15281
15188
15211
15189
14954
15033
14799
14787
15162
14811
14822
14640
15264
14787
14817
15430
15495
15280
15239
15366
15225
15756
15520
14809
15346
15366
15223
15477
15294
15263
15492
16008
16353
16550
16110
16072
15904
16448
16179
16536
16083
16043
16313
16410
16348
16009
16031
15839
16085
15663
15754
15951
16155
16099
15910
15893
16328
16237
15869
15895
16212
15877
15720
15606
15747
15841
15408
15826
15544
15437
15605
15808
15491
15378
15568
15863
15311
15443
15418
15772
15473
15406
15096
14948
14878
14896
15058
15438
15023
15546
15975
15425
15634
16027
15308
16241
17020
16978
17191
17638
17739
17275
16972
17604
17046
17407
17346
17196
17422
17801
17277
17951
17597
18198
17835
18109
17250
17795
18071
17271
16814
16090
15940
16313
15960
16058
16101
16210
16014
16912
15905
16233
16776
15877
16039
16288
16200
16015
15933
15889
16223
15907
16675
16028
15837
16314
15815
15958
16072
16103
16670
16134
15823
15958
16504
16194
15233
16033
15508
15717
15899
16118
15984
15920
16032
15852
16002
15846
16038
15722
16236
15655
16361
15596
16156
16058
15672
16381
15531
15981
16263
15933
16206
16118
16720
16196
16408
17198
16460
16505
17093
16251
16495
16338
16401
16586
16185
16492
16853
16516
16678
16159
16401
16066
16309
16270
16110
16389
16089
16406
16095
16073
16225
15652
15811
16110
15577
15557
15868
15884
15554
15531
15897
15031
15152
15008
14780
14822
15160
15646
15269
15249
15637
14840
15046
15160
14947
14946
14724
15224
15293
15316
15689
15016
15407
15099
15297
15661
17589
18548
17882
17817
18608
18421
18837
18237
18110
18731
17931
18431
18542
18160
18459
18591
18503
16334
16153
16241
16443
16340
15910
15718
16115
15955
16431
16032
15886
16128
15982
15983
16024
15351
15628
15528
15752
15797
15833
15976
15494
15852
15695
15957
16046
15600
15607
15375
14768
15365
14935
15423
15216
14993
15454
15098
15249
15452
14905
15177
14631
15104
15227
14659
15072
14837
14762
14856
14662
15015
14538
15328
15086
14793
15559
14809
15085
15211
15085
15171
15332
15629
15708
15088
15388
15303
16033
15667
15469
15667
15520
17047
18439
19201
18043
17177
18680
19193
17885
17755
18550
18479
19667
18764
18364
18630
18411
18574
15791
16170
16127
16507
16682
16734
16044
16260
16181
16422
16544
16655
16305
16904
16111
16076
16109
16299
16121
16590
15452
17070
16722
16952
16837
16082
16386
16392
16115
16078
15626
16735
15487
15771
16002
15658
16011
15570
15665
15538
15085
15470
15182
15504
15701
15642
15791
15675
15715
16239
15418
15829
15314
15148
15718
16034
16126
15842
15743
15778
16307
16500
16290
16356
16291
16428
16889
16527
16619
17017
16209
16446
16307
16566
16922
16501
16457
16172
16443
16195
15968
16350
16406
16391
16029
16050
16767
16219
16427
15904
15986
16016
15734
16321
16026
15715
15403
15242
16076
15414
15328
15383
15488
16060
16609
15885
15825
15671
15695
15346
15391
15617
15304
15904
15842
15689
15890
16164
16363
15873
15668
15868
15518
15628
15738
15749
16250
15841
16050
16143
16151
16082
15262
15628
15380
15350
15392
15420
15750
16079
15111
15337
15477
15515
15785
15143
15802
15257
15470
15337
14985
15337
14948
15528
15424
15224
15195
14815
15070
15131
14905
14827
14993
15381
15137
15058
16506
16449
14800
14980
15088
15440
15563
15257
15174
16408
15477
15555
15975
15416
15643
15406
15221
15317
15393
15447
15882
15740
15584
15667
15989
16034
15625
15214
15356
15502
15833
15961
15892
15568
15619
15678
16015
15568
15712
15423
15722
16087
15594
15605
15714
15742
15631
16318
16073
16082
15811
16162
16174
16122
16282
15838
15607
16187
15893
16278
16857
18496
17410
17220
16988
16804
17481
16925
17650
16890
16649
17412
17027
17078
17278
17467
17348
17377
18089
16286
15906
16236
16042
16268
15855
15550
17025
17258
17825
17482
17784
17954
18163
17511
15766
16017
16476
19956
19146
19386
19463
19644
19879
19988
19157
15700
15376
15737
16748
15506
15372
15383
15701
16555
15922
15516
15518
15677
16033
15834
15457
15560
15601
16095
15217
15804
15192
15244
15085
15078
15437
15625
15499
15883
15737
15516
16045
15827
15647
15660
15702
15510
15636
15561
15762
15658
15944
15281
16116
15866
15677
15899
15612
15219
15733
15613
15648
15580
15728
15453
15811
15742
15702
15665
15698
15736
15773
15734
15993
15672
15492
17135
15862
15810
15756
15444
15901
15667
15910
15879
15725
15418
15640
15586
16103
15614
15691
15782
15748
16098
15870
15994
16683
16297
16016
16371
16476
16694
16060
16283
16454
16734
16752
16178
16400
16524
15828
16195
16296
15993
16029
15655
16004
16454
16573
15916
16233
16099
16444
16508
15742
22001
23954
19806
16046
16318
16306
15982
16518
15991
16058
16395
16136
16477
16735
16277
16746
16367
16549
17031
16687
16163
16462
16807
16333
16192
16241
16177
16459
16685
16138
16471
16850
16359
15875
16068
16079
16256
16285
15807
16027
16154
15747
16082
16241
15960
15872
15931
15861
15648
15882
15904
15989
15753
18700
19822
19397
19954
16891
16031
16184
16424
15965
15979
16460
16175
16170
16609
16532
16224
16568
16063
16004
15822
16026
16350
16221
16337
16471
16264
16207
15945
16249
16065
15912
15971
16134
16727
16515
16827
16443
15817
15954
16463
16337
16260
16059
16663
16243
16486
16725
16545
16767
16851
16911
16475
16620
16421
16000
16284
15992
16254
16783
16246
16614
16113
15825
15994
15891
16019
15883
15877
16035
15498
15751
15879
16002
16029
15764
16207
15999
15943
16044
16417
17566
20276
19744
19873
19955
19549
19820
19595
19313
15920
15776
15974
15477
15620
15613
15566
15366
15676
15331
15084
15367
15737
16012
16116
16121
16122
15510
16156
15834
16083
16347
16068
15952
15370
15694
16119
15766
15595
15572
15737
15517
15717
15603
15814
16268
15862
15543
16063
15905
15729
15703
15687
15785
15728
15576
15401
15578
15487
15770
15712
15767
15622
15878
15924
15984
15834
15789
15946
15757
15564
15535
15606
15426
15696
15636
15925
15409
15457
15384
15470
15252
15169
14371
15709
15565
15530
15643
15342
15541
15755
15726
15743
15550
15680
15515
15981
15410
15338
15080
16285
14279
14715
14706
15712
15209
15533
15467
15672
15391
15626
15401
15251
15017
16196
15418
15452
15206
15479
16206
15369
15846
15201
16048
15461
15266
15419
15336
15533
15359
15217
15071
15251
15426
15524
15130
15250
14778
14502
15397
14952
14809
14733
14473
14699
14377
14736
14390
14955
14645
15249
14778
14731
14689
14485
14559
14981
15386
14576
14620
15941
16142
15077
15561
15112
15423
14810
14693
14869
14408
14631
14238
14974
15067
14800
14618
15052
14690
15122
14736
14361
14206
14627
14719
14625
14331
14821
14059
14179
14700
14660
14441
14081
14217
14208
14201
14501
14623
14746
14179
14198
14797
14642
15077
14509
15157
14832
14637
14448
14152
14584
14571
14247
13991
14182
14150
14272
14355
14239
14387
14666
14535
14814
14827
14828
15251
15408
14927
14626
14533
14518
14722
14505
14772
14439
14386
14664
14383
14620
14994
14879
14922
15111
14872
15019
14767
14863
15011
14566
15129
14992
14720
14351
14711
15573
14572
14609
14473
14772
15970
15354
14865
15260
14414
15131
14496
15115
15009
14692
14620
15271
14725
14683
14509
14827
14651
14689
14441
14654
14949
14637
14947
14746
15091
14947
14925
14814
14695
15115
14778
14755
14853
14922
15012
14731
14632
14686
14705
15075
14847
14736
14835
14633
14594
14806
14677
14792
15110
14714
14804
14579
14614
14291
14906
14432
14589
14340
14500
14720
14294
14602
14891
14955
14819
14868
14619
15128
15052
15483
15172
15563
15147
15230
15218
15145
15254
15008
14998
15140
15021
14980
15255
15037
15384
15116
15271
14918
15428
15005
15317
15089
15533
15322
14671
14970
14876
14872
15017
14931
14742
14625
14995
14621
14750
14774
14961
14742
14764
14644
14851
14895
15022
14940
15036
14880
15094
15584
14884
14702
14697
15121
15449
15452
15483
16022
15417
15545
16579
16153
16485
16289
16632
16013
16295
15965
16345
16415
16015
15562
15908
16184
16854
16024
15950
17407
17562
17697
17816
17260
16185
15983
16260
16295
16142
16138
16141
16048
16465
16131
16400
15729
16016
16088
16466
16260
16256
16277
16183
17081
16536
16296
15910
15657
15753
15388
16031
16042
15863
15484
15867
15862
15725
16027
16221
15753
15564
15656
15256
15722
15694
16813
16231
15685
15684
15623
15934
15629
15534
15497
15707
15710
15780
15376
15469
15498
15705
15399
15614
15667
16269
15716
15878
15939
16369
16091
18122
15907
16356
16202
16224
15903
16114
16391
15634
15529
15437
15798
15764
15726
15810
15552
15836
16045
15400
15442
15156
15218
15118
15202
15405
15043
15039
15160
15040
15078
14920
15047
14989
15301
15169
15095
15012
15546
15609
15497
15838
16132
16090
15873
15880
15717
16178
16285
16016
16102
15917
16086
15901
15999
16126
15828
16603
16015
16848
16473
16319
16293
16942
17013
17131
16403
16018
16113
18541
19549
19272
19880
19354
19419
19748
19656
18147
15925
16434
16084
16164
15711
16071
15817
15567
15746
15620
15399
15415
15489
15294
15622
15492
15448
15611
15771
15749
15602
15908
16176
15911
15973
16005
15889
16210
16171
16319
15868
15651
15459
15623
15533
15432
15671
15668
15778
15804
15883
16110
16516
16294
15879
16251
16456
16384
16311
16472
16195
16134
16681
16494
16209
16314
16243
16218
15934
16331
15663
15912
15760
15933
16146
15832
15910
16042
16180
16063
15637
15947
15746
15871
16062
16172
16192
16093
16038
15937
15713
16118
16212
15833
15640
15854
15645
15912
15950
16193
15958
15859
15833
16032
15731
16232
16390
16020
15901
15684
16116
15791
15758
15740
15599
15790
16161
15513
15692
16042
15983
16602
15741
16406
16037
15845
15952
16026
15700
15501
15975
16026
15814
15872
15973
16095
16078
16117
16202
16583
16530
16479
15855
15846
15864
16042
16349
16228
17133
15902
16874
16101
15913
16186
16062
16321
16216
16115
16752
17359
16094
16205
16416
16027
16024
16158
16100
15830
16382
16171
16461
16353
16237
16228
16179
16351
16224
16316
16431
16147
16353
16300
15810
16673
15819
15568
16149
15643
15630
15877
15417
16260
15506
16305
15750
16149
16139
15632
15786
16076
16324
15854
15901
16283
15990
16125
16410
16454
16353
15975
16182
15811
15660
16077
16042
15526
15917
16127
15979
15654
15778
15427
15382
15450
15503
15402
15048
22218
24619
15532
15978
15592
16048
16128
15448
15732
15482
15821
15941
15841
15459
16736
16206
15932
15411
15437
15521
15326
15879
15849
15600
15764
15338
14931
15538
15505
15470
15072
15067
15177
15060
14858
15371
15272
15382
15374
15050
15588
15003
15833
15336
15331
15622
15150
15396
15256
15130
15198
16349
15622
15326
15328
16043
15523
15249
15553
15291
14968
15420
15428
15467
15233
15249
15173
15487
15452
15740
15227
15223
15220
15598
15441
15905
15314
15056
15155
15524
14747
15317
15685
15102
15200
15551
14839
14693
14714
14532
14944
15191
14960
14779
14859
14920
14514
14510
14704
14974
14616
14662
14538
14803
14574
14849
14967
15022
14540
14629
14637
15251
14414
14871
14606
14708
14780
14882
14865
14667
14656
14797
14720
14875
18394
18798
18518
18527
18755
18789
18651
18718
16028
14562
14854
15306
14580
14863
14699
14976
15074
14945
15115
14683
14418
14807
14531
14331
14662
14683
14787
14497
14499
14576
14491
14512
14500
14600
14674
14748
14636
14835
14354
14526
14163
14372
14494
14350
15089
15614
14817
14637
14768
14453
14382
14024
14395
13803
14423
14130
13937
13852
13767
14113
13947
14512
14179
14292
14188
14663
14956
14511
14406
14613
15018
14617
14449
15004
14599
14382
15019
15088
15087
14688
14450
14639
14437
14230
14617
14350
14400
14444
14279
14366
14312
14227
14448
14318
14360
14409
14423
15035
14832
14838
14338
14720
14825
14568
14710
14303
14559
14623
14698
14715
14665
15027
14702
14788
14638
14911
14966
14942
15188
14903
15248
15057
14919
14937
14906
15381
15276
15723
15320
15594
15281
15382
15279
15277
15514
15290
15151
15001
15119
15195
15293
15159
15253
15028
15138
15348
15397
15067
14947
15297
15083
14949
14674
15212
15091
15114
15157
14756
14809
14887
14786
14628
14718
14797
14707
14472
14667
14491
14310
14596
14764
14764
14486
14843
14560
14637
14799
15402
14859
15170
15021
15205
15116
15215
15295
15314
15472
15339
15286
15550
15829
15265
15311
15124
15210
15634
15255
15459
14975
15422
16246
15578
14912
15385
15265
15046
15307
15125
15335
14982
15265
15232
15270
14978
14837
15211
15107
14782
15190
15470
14914
14937
14848
15368
15346
14918
15775
14950
15233
15015
14975
14957
14942
15285
15256
15099
15125
15455
15117
15119
14998
15269
15204
15021
15197
14781
14971
14844
15033
15037
15076
14903
14802
14997
15424
15057
15363
15141
15346
15075
15334
15416
15443
15484
15303
15107
15076
15030
14913
15011
14943
14652
15069
15095
14944
15153
14949
15098
15130
15118
14840
15502
14617
15049
15250
14841
15205
15517
14919
14985
15609
14686
14628
14853
14810
14975
14993
15298
15288
14813
15013
15127
15137
14895
15075
14846
15825
15413
15703
15260
15695
15729
15609
16037
15845
19510
19588
19053
18952
16343
15446
15311
15751
15776
15776
15749
15444
15886
15831
15943
15975
15668
15772
15773
15754
15824
15773
16037
15910
18816
19398
19341
19500
16551
16017
15922
15616
15993
15634
15293
15686
15391
15133
15728
15626
15194
15699
15459
16363
16913
16354
16964
17104
16712
16902
16338
16597
16941
16491
16579
16704
16715
17232
17047
16533
16524
16987
16443
16586
16383
16362
16171
16601
16692
16480
15991
15656
15356
15127
15148
15095
15109
15376
15410
14904
15162
15307
15333
15408
15131
15007
15108
15060
15362
15158
15284
15377
14925
15034
15155
14965
15319
15609
15048
15094
14939
15215
15361
15792
15424
15058
15227
15296
15173
15243
15556
15137
15518
15687
15816
15801
15629
15693
15731
15936
15799
15734
16002
15896
15724
15900
15961
16131
16193
16021
16226
15473
15883
15760
15565
15817
15634
15337
15465
15606
15602
15410
15518
15835
15358
15485
15043
14820
15192
14772
15053
14909
14720
14858
14634
15030
14685
14964
15000
14474
14876
14702
15182
15814
14973
15871
15373
15270
15709
15388
15057
14990
15096
15131
15076
15340
15271
15419
15222
15920
15382
15144
15865
15515
15415
14883
15139
16512
15845
15884
16065
16256
16104
16025
16269
15921
15580
15390
15389
15879
15920
15721
15729
15757
15822
15915
15806
15933
15978
17378
15998
15905
16153
15757
16324
15788
15651
16436
16178
15794
15692
15750
15655
15787
15902
15731
15917
15731
15681
15509
15580
15364
15257
15486
15630
15820
16002
15899
15418
15810
15417
16019
15248
15591
15313
15417
14951
15530
15363
15212
15356
14931
15407
15059
15240
15231
15596
15689
15298
15522
15460
15398
16077
15675
15737
15638
15853
15339
15631
15644
16147
15538
15786
15616
15683
15670
15863
15947
16488
16007
15730
15782
15872
15979
16148
15918
15779
16055
16010
16470
15962
15850
16269
16066
16443
16478
17049
16609
16285
16005
16443
16151
16477
16511
16011
16232
16345
16138
16449
15929
16294
16155
16199
16130
16205
16068
16219
16229
16283
16396
15769
16629
16190
15499
16384
15693
15990
15921
15840
15949
16076
16255
16399
16477
17341
16763
17076
16934
17182
16650
16609
16434
16813
17239
16671
16681
16982
16636
16817
17049
16753
16996
16563
17107
16665
16945
16940
17246
17054
17881
17409
17038
16777
16775
16429
17027
17078
16783
16600
16149
16199
17878
16398
16727
16635
16470
16270
16949
16659
16939
16514
16660
16653
16754
16373
16503
16670
16972
16675
16716
16795
16939
17224
17017
17161
16846
17141
16890
17557
17045
17008
16888
17572
17514
17203
17647
17294
16780
16671
17100
17619
17267
17571
17127
16678
16677
16973
17459
17167
16879
16762
17241
17516
17619
17194
16535
17605
16456
16671
16899
16117
16263
16011
16632
16754
15890
15656
16202
15869
15979
15815
15672
15967
15963
15986
15739
16060
16045
15881
15913
15538
15391
15283
15272
15567
15566
15341
15537
15509
15472
15860
15522
16416
15663
16175
15654
16055
15871
16042
16045
15395
16563
16971
15963
16119
16100
15818
15989
16198
16211
16354
16038
15869
15969
16122
16138
15715
16198
16210
16329
16399
16516
16118
16193
16369
16790
17049
16508
16118
16588
16781
16658
17038
16691
16323
16422
16198
16148
17153
16378
16259
15946
15784
16194
15880
15443
15770
15755
15864
15386
15073
16000
15335
15478
15359
15381
15746
15421
15499
15033
15445
14957
15152
15491
14945
14921
14886
15069
15043
14675
15016
14844
14646
14781
15053
15034
14686
15494
15000
15988
15009
15120
15396
15064
14585
15434
15533
15070
15712
16004
15612
15907
16327
16327
15655
15523
15736
16142
16030
16113
15465
15681
15487
15651
16055
16333
15855
15817
16143
16031
15752
16124
15739
16020
15821
15733
15654
15316
15227
15467
15832
15791
16242
15375
15217
15099
15538
15312
15552
15445
15127
15743
15041
14710
15963
15556
15572
15771
15654
15667
15123
15350
16325
15200
15506
15704
15629
14803
15068
15156
15312
14760
15384
14951
15097
15482
15491
16586
15524
15042
14764
15105
15143
15629
15491
15427
15372
15126
15024
15093
15363
15406
15262
15062
14817
14547
14869
15103
15062
15202
15048
15127
15272
15218
15247
15566
15752
15966
15558
15589
15848
15736
16196
15875
16333
16324
16080
15928
15713
16106
16323
16109
16109
15649
16158
11386
15783
16240
15753
15887
16172
15915
15987
16097
16050
15986
15643
19683
19823
15489
15363
15319
15546
14785
15119
15199
15144
15091
14826
16865
16408
17168
16525
16818
16588
16985
16737
16832
16989
16815
16372
16815
17162
16889
17054
16867
17240
16611
17048
17140
17042
17119
16975
17949
17205
17712
18241
18224
18108
18191
18335
18672
18366
18659
18331
17764
18242
16758
16951
17499
16791
17030
17465
17379
17683
17695
18588
19608
19152
19424
19220
19363
19690
19526
19759
19567
19424
18821
18909
19047
19084
19118
19479
19723
18935
19646
19931
19108
19863
20309
18985
18450
18938
18478
18992
19798
19025
19070
19079
18825
19392
19204
20044
19341
18931
19758
19219
19336
20693
19525
19623
19895
19545
19315
19901
19449
20273
19732
19810
19725
19590
19791
19878
19863
19860
19597
19426
19437
19532
20006
19409
19774
19575
19262
19369
20138
19227
19146
19298
19332
19054
18785
19041
19177
19377
18900
18888
18712
19163
19832
19345
19128
20243
19351
19802
19651
20167
19967
20096
19499
19694
19129
19555
19003
19441
19135
19441
20258
19722
19805
19745
19723
19764
19560
19291
18978
19037
18731
18960
18838
17932
18065
18245
17887
17842
17532
17380
17574
17963
17490
18002
17760
17128
17478
17651
17757
16994
17182
16701
17305
16660
16762
17095
16729
17004
16385
17222
16806
17038
16968
16787
17188
16502
16017
16257
16501
16739
16169
16330
16551
16703
16794
16639
16379
17189
16688
16925
16479
16337
19960
20593
20398
20595
20528
20651
20391
20613
18047
16593
16731
16626
16328
16785
16762
16876
16637
16676
16683
16213
16573
16515
16113
15984
16034
18847
20181
19929
19790
19869
20104
20254
19591
20588
20205
20211
20452
19739
19578
19799
20108
18871
15579
15798
15924
16113
15830
15566
15646
15572
15727
15777
16053
15516
15497
18418
18412
18810
18919
19213
19427
18998
19316
19572
17834
14813
14870
14971
15090
15393
15115
15833
15050
14927
15047
15809
15325
15089
15154
15583
15471
16304
16016
15471
15387
15857
16057
15774
15614
15602
15821
15734
15980
15787
15655
15624
15412
15999
15529
16258
15781
15357
15624
15568
15225
14826
15204
15563
16154
15314
15662
16223
15836
17029
16108
16047
15894
15765
15588
15935
16486
16103
15989
15618
16226
16031
16542
16376
16034
15635
16114
15619
15732
16361
15284
15841
15875
15692
16020
15829
15912
16290
15966
16090
18756
16695
16795
15905
16057
16228
16216
16559
16168
16472
16216
16595
16545
16564
16235
16589
16007
16338
16123
16317
15955
16714
16945
16995
16953
16635
16989
17107
17266
17504
16990
17279
18014
17468
18264
17568
17417
17695
17426
17330
17647
17822
17917
17827
18027
17740
17870
17540
18233
18033
18358
17789
18476
17877
18329
18056
18364
17858
18492
17922
18275
17919
17923
17902
18023
18051
18032
18116
18067
17932
18535
18045
17957
18370
18186
19444
20776
20013
20263
19956
19576
19574
20243
19619
17985
17912
17738
17904
18033
17981
18850
17860
19884
19730
19517
19656
19449
19591
19578
19640
17956
17894
17417
17625
17191
17350
17361
17267
17365
17773
17789
17424
17403
17295
17560
17211
17573
17431
17105
17161
17147
17528
17375
17047
17156
17011
17047
17150
16875
17173
17531
16983
17815
16836
16080
16066
16967
17238
17049
16514
16273
16223
16239
16366
15830
15638
15892
16297
17068
17044
17130
16825
16883
16636
16499
16115
16127
16686
16645
16403
16633
16515
16654
17086
16454
16467
16079
16341
16360
16506
15914
15935
16259
16825
16622
15988
16003
15940
15486
15427
15512
15964
15684
15264
15336
15672
15632
15700
15039
15120
15349
15505
15507
15523
15350
15210
15625
15542
15435
15646
15346
15546
15432
15652
19827
20468
20935
20502
20937
20738
19502
15971
15995
15766
15698
15834
15808
15781
16014
16222
15796
15712
15980
15985
16242
16012
15909
15939
15891
16198
15966
16417
16061
16245
16124
16351
16275
16254
16442
16359
15890
16212
16105
16032
16159
16135
16397
16063
16157
16416
17205
16844
16724
16929
17123
16989
17283
17101
17102
16783
16834
16704
16445
16822
16941
16642
16951
16986
16793
16812
16728
16711
16797
16676
16813
17127
16919
16817
16552
16462
16480
16744
16663
16474
16145
15922
16231
16613
16113
16416
15810
16413
16264
16404
16015
15962
16333
16700
16591
16901
17087
16657
16401
16939
16397
16766
17270
16195
17037
16848
16831
17372
17380
17361
17374
17393
17119
17522
17587
17249
17337
17376
18732
19884
20304
19932
19818
19760
20035
19986
19481
19737
19719
19024
20461
17827
17513
17185
16758
17177
16709
16736
16275
16039
16143
16042
16114
16512
15863
15885
16271
15932
16201
16034
16376
16976
17046
16709
17022
17159
16850
16230
16985
17088
16683
16908
16735
17270
17260
16813
16775
16681
17283
16997
17413
17616
16991
17027
17544
17122
17158
16956
17488
17268
17361
16503
17487
17089
16731
16671
17158
17735
16920
16402
17409
17025
16780
17012
16921
17120
16395
16571
16349
15887
16611
16036
15837
16377
16520
16591
15789
16104
16076
15839
16067
15769
16197
16596
16107
16320
15954
16364
16299
16232
16456
16604
16264
16542
16692
16636
16459
15961
16098
16081
16276
16487
16725
16421
16607
16058
16326
16026
15931
16033
15896
16095
16104
16065
15810
15816
16086
17068
16218
15965
15582
15455
15728
15936
15872
16115
15985
15379
15412
15726
15616
15527
15163
14890
15422
15124
15106
15107
14852
14765
14820
15053
14949
15074
14802
14671
14636
15039
14716
15003
15002
14829
14897
15116
14701
14801
15047
14998
15102
15525
15194
15508
14984
15074
15077
15031
14863
15171
15042
15075
15368
14894
15014
15154
14869
15234
15059
14689
14606
14162
14678
14248
14361
14439
14344
14459
14127
14323
14147
14202
14193
13961
14262
14185
14280
14505
14273
14779
14128
14646
14484
14654
14412
14654
15121
15820
15177
15174
15100
14990
15731
15064
14709
15842
15167
15242
14973
15205
14956
15040
15167
15410
14930
15099
14975
15042
14818
14904
15151
14812
15104
15123
14909
15228
15004
15558
15135
14962
15248
15162
14753
14729
15005
14947
15159
15879
15180
14820
14974
15554
14746
15648
15710
15087
14752
15148
15018
14879
14862
15614
15172
15470
15492
15253
15413
15835
15217
15543
15320
15712
16053
15831
15490
16025
15717
15805
16226
15915
15867
15854
15375
15786
15706
16610
16231
15967
16608
16174
15814
15718
16244
15947
16073
16887
16048
16750
16883
16488
16271
16276
16439
16784
16774
16424
16399
15919
16605
15842
16546
17080
16699
15994
16277
16138
15915
15933
16470
15462
15109
15149
15226
15195
15224
16822
16324
16088
15771
15802
15758
15694
15149
14828
14971
14990
14819
14931
15364
15042
14867
14905
14678
14902
14375
14624
14881
15568
15964
16198
15953
15895
16072
16090
16080
16241
16362
16133
16068
16360
15860
16207
16802
16693
16718
16586
16514
16908
16608
16929
16262
15598
15194
14777
15507
15551
15750
15580
15608
15522
15838
15397
15541
15871
15458
15548
15599
15783
15465
15445
15689
15949
15372
15293
15154
14901
15511
15392
14914
14435
14760
15027
14904
15092
14992
14924
15341
15142
15719
14818
15130
14823
14820
15108
14662
14574
15015
14824
14340
14820
14507
14580
14376
14427
14729
14693
14879
15173
14800
14807
14860
15101
15210
14848
14610
14627
15080
15013
14764
15084
15033
14945
15219
15087
14943
15225
15349
14964
14951
15175
14798
15154
14917
14769
14806
15071
14893
14996
14568
14835
15214
15674
15845
15408
15333
15506
15344
15335
15639
15814
15635
15619
15911
15535
15940
15668
14847
15340
15578
15575
16107
15729
15268
15264
15271
15043
15203
15867
15379
15216
15549
15292
15651
15324
15240
14909
15742
15400
15427
16272
15241
15597
15236
15472
15450
15556
15622
15278
15545
15461
15478
15802
15516
15080
14985
15191
16024
15664
15580
15187
15633
15674
15532
16087
16122
15526
15762
16170
14864
17180
16343
16340
16493
16215
16298
16053
16210
17087
17239
16998
16761
16798
16932
16818
17183
16831
16454
17265
16521
16902
16450
16502
16520
16591
16365
16640
17267
16756
16773
16947
16845
16757
16657
16769
16689
16849
16559
16648
16859
16770
16502
16738
16593
16163
16054
15924
16055
16118
16293
15870
16334
16088
16358
16226
16278
15992
15820
15807
16125
15822
15987
16271
15828
15885
16194
15917
16283
16277
16509
16265
16332
16465
16538
16331
16695
16544
16604
16351
16971
16668
16535
17033
16841
17022
17089
17358
17161
16975
16899
17095
17163
16783
17684
17057
16812
16969
16737
17076
17006
16573
16486
16554
16278
16867
16568
16087
15683
15780
15526
15758
15324
14929
15157
15192
15300
15296
14946
15201
15086
15107
15456
14951
15033
14823
14703
14895
14779
14683
14988
15502
14410
14555
14268
14118
14301
14135
14716
14174
14426
14440
14229
14434
14370
14646
14061
14309
14496
14600
14807
14287
14173
14399
14372
13921
14442
14413
14430
14691
14493
14426
14338
14443
14408
14276
14348
14391
14242
14321
14137
14395
14371
14362
14317
14182
14368
14707
14759
14106
15057
14864
14845
14003
14332
14146
14321
13895
14107
15592
14796
14414
14381
15061
14743
14575
14226
14700
14558
14613
14687
14916
14584
14158
14833
14804
14707
14541
14638
14816
14804
14815
16789
15042
15359
14977
14826
14572
15003
15918
15696
19183
19497
15579
15619
15526
15566
16002
15357
15998
15462
15507
15783
15413
15278
15218
16133
15902
15523
15354
15376
15670
16105
15519
15744
15710
15964
15592
15562
16080
15892
15783
15477
15417
15354
16170
16073
15928
15869
16046
15904
16216
16325
15537
16305
16196
15419
15596
15319
15722
15638
15764
15917
15727
15792
15675
15622
15431
15609
15459
15180
15467
15525
15395
15631
15508
15353
15725
16023
15885
15533
15780
15662
15715
15870
15740
15727
15706
15266
15444
15466
15206
14833
14731
15371
15106
15011
15801
14794
14986
15408
14805
14975
14927
14817
15319
14879
15104
15115
15128
14906
14822
15110
14804
14880
14953
14998
14637
14916
15067
15446
14664
15235
15046
15140
15962
14678
14767
14274
14989
15202
14867
14440
14762
14506
14629
14697
15044
14503
14898
15074
14801
15248
14864
15028
15135
15093
15149
14583
14914
14754
15175
14666
15090
15300
14638
15279
15172
15069
15068
15424
15116
15069
15221
14961
15092
15325
15031
15266
15143
14957
15262
15285
15126
17397
22032
22360
22606
22166
20530
15787
16538
16007
15839
16274
15966
16239
16139
16266
15914
16019
16024
16033
16553
17066
16052
17289
16824
16204
17038
16626
16543
16361
16470
16163
16059
16342
16567
16759
17476
16519
16715
16367
16112
16170
16018
16061
16234
16434
16635
16748
17463
16956
16887
16352
17466
16875
17213
16171
16711
16371
16971
16367
16504
16332
16827
16425
16612
16851
16884
16546
15955
16589
16707
16477
16653
16212
16300
16756
17549
17762
17387
17765
17542
17139
16727
17590
16641
15247
15718
15416
15556
15555
15218
15409
15514
15234
15332
15302
15315
15527
15179
15048
15026
15223
14944
15199
15134
15782
15274
15488
15128
15538
15548
15120
15275
15829
15401
14911
15318
15131
15460
15127
15367
15584
15056
15180
15176
15158
15313
15036
15253
15245
15260
16099
16349
15824
16286
16279
15693
15358
15722
15486
15595
15585
15565
15628
15451
15462
15532
15192
15376
15158
15632
15107
15409
15478
15087
15115
15300
15421
15141
15171
15207
15443
15581
15429
15227
15553
16028
14985
15395
15767
15036
15348
15075
15147
15259
15247
15190
16398
19620
18298
19379
19740
15470
15955
16067
15798
16680
16298
15734
15814
16264
16017
16509
16207
15984
16089
16717
15943
16427
15996
16176
15893
15765
15881
15578
16083
15746
15495
14928
15094
15271
15344
15210
15022
15535
15667
15342
15357
16449
15476
15469
15516
15368
15850
15644
15379
15810
15513
15605
15242
15544
15223
15777
15645
15581
15466
15658
15342
15361
15648
15529
15381
15882
15965
15479
15697
15732
15254
15841
15308
15502
15564
15638
15533
15801
15503
15981
15477
15754
15800
15925
15722
16343
15895
15712
16107
15903
15934
16294
16039
16260
16296
16299
16093
16393
16220
16049
16074
16080
16018
15956
15975
16019
16322
16200
16198
16572
16113
16662
16294
16354
17072
16590
16396
16653
16674
16478
16211
16572
16426
16173
16407
16387
16131
15920
15888
15890
15788
15790
16151
15798
15822
16055
15917
16026
16083
15954
15736
15637
15754
15634
16071
18458
18739
18675
18679
18628
19016
19284
19193
15634
15976
15892
15761
15838
16267
15793
15621
15722
15635
15872
15941
16444
16783
16097
16739
16549
16451
16759
16030
16465
16237
15990
16183
16184
16938
16379
16014
16078
16740
16043
16760
16121
16168
16285
16010
16766
17043
16358
16878
16494
16277
16184
16714
16295
16297
16278
16736
16845
16595
15906
16182
16109
15865
15600
15909
15521
15601
15920
15690
15479
15242
15487
15553
14758
15120
15092
14729
14617
14680
14852
14679
14713
14935
14551
14506
14934
15081
14949
14893
14775
15013
14504
14891
14739
14401
14637
14868
15025
14800
14710
15097
14507
14735
14736
14628
14965
14657
14802
14927
14683
14699
14785
14627
14747
14655
14723
14852
14850
14666
14914
14989
14917
14557
14965
14776
14855
14519
15053
15040
15143
14946
15182
15277
14995
15169
15551
15324
15299
15544
15466
15207
15113
15412
15706
15238
15644
15117
15233
15311
15262
15202
15243
15464
15039
15420
15245
14997
15178
15308
14928
14763
15186
15136
15279
15525
15051
15012
15202
15158
15058
14631
14803
14997
14866
14678
14885
14638
14659
14817
14626
14803
14927
14811
14807
15047
15223
14679
15104
15004
15513
15201
15254
15532
15628
15384
15749
15345
15294
15419
15311
14718
15460
15471
15327
14972
16048
15656
15335
15179
15713
15262
15233
15132
14911
15085
15120
15126
15151
14736
14956
14897
15465
15256
15321
15722
15515
15619
15896
15872
15731
15637
15589
15475
15417
15540
16089
15596
15348
15209
15338
15530
15477
15136
15065
15089
14706
15154
15233
15075
14503
15247
15277
14952
15402
14802
14919
14980
15128
15066
14889
15017
15068
15840
15731
15326
15574
14814
14851
14896
14871
14793
15074
14748
14600
14696
14888
14973
15651
15159
15694
14980
14941
15231
14779
15074
15308
15137
15590
15312
15349
14801
15060
15139
15259
15341
15124
15092
15243
15094
15201
15352
15243
15519
15592
15099
15421
15548
15384
14915
15208
14971
15535
15176
15422
15248
15687
15688
15441
15382
15643
15249
15396
14847
15262
14614
15843
15135
15749
15294
15406
15700
15906
15234
15249
15480
15801
15096
15973
15754
15176
14797
14753
14565
15590
15034
15046
14673
15142
14789
14652
15338
14834
14963
14970
15085
15396
15159
14779
14808
14805
15098
14955
15134
14992
14767
14825
14862
15062
14894
15108
14768
14729
14497
14854
14436
15321
15205
15742
17639
19919
19122
19303
18856
16982
15003
14984
15205
15492
14950
14800
14879
15338
15186
14991
15190
14982
15275
15609
15249
15047
15067
15036
14887
15297
15191
15805
15443
15311
15277
15122
15183
15102
15111
14837
15065
14918
15374
15962
15586
16176
15423
15812
15381
14944
15637
15383
15794
15664
15068
15270
15038
14992
15174
14965
14977
16040
15884
15829
15818
15453
15467
15823
15542
15682
16209
15948
17486
16072
16234
15802
15554
14765
15942
15454
15506
15407
15591
15844
15183
15463
16411
17044
16730
16477
16360
16224
16607
16768
16397
16921
16463
15689
15772
15514
15968
15696
15673
15854
16121
15575
15623
15587
15423
15860
15634
15694
15813
15604
15388
15510
15600
15445
15720
15831
15460
16065
15735
15275
15074
15676
14926
15370
15495
15401
15157
15606
15311
14943
15080
14671
14975
14787
14855
15159
14897
14917
14864
15053
14685
15040
15055
15250
15147
15410
15276
18087
26920
27473
22283
15620
15244
15824
15600
16055
15674
15833
15257
15590
15286
15594
15679
15102
15338
15178
16098
16026
15356
15976
16288
15940
15742
15928
17143
17112
17226
17303
16713
17254
18021
17653
16478
15558
15299
15309
15225
15688
15327
15311
15166
15249
15495
15117
15581
15326
17257
15174
15483
15497
15375
15551
15510
15700
15578
15830
16069
15649
15497
16580
16021
15655
15824
15321
16083
15357
15454
15369
15585
15410
15119
15156
15509
15126
14982
15327
15894
15329
15433
15546
15539
15611
15443
15677
19166
19324
19735
19458
19777
19822
19612
19580
16731
15214
15129
15370
15080
15474
15991
16109
15689
15725
16123
15376
15298
15086
15968
16117
15240
15497
15453
15291
15261
15428
14894
15461
15176
15412
15331
15527
15482
15320
15728
16370
15988
15838
15988
16006
15947
16941
16189
15959
16286
15598
15654
15947
15877
15735
15887
15919
15421
15564
15709
15904
15826
15472
15822
16157
15592
15718
15894
15991
15777
15531
16058
15698
16424
16086
15873
16036
15575
15650
15605
15597
15211
15136
14829
15259
15283
15073
14945
15020
14695
15101
14606
14798
15076
15065
15104
15007
14731
14839
14327
14579
14890
14477
14784
14961
15259
15302
14451
15130
14448
15119
14527
14898
14547
14528
14523
14766
14502
14648
14654
14706
14693
14300
14513
14970
14590
14915
14905
14604
14579
15028
15071
14970
15257
14896
14418
15376
15439
14962
14974
14675
15067
14970
15329
15559
15441
15713
15944
16056
15621
15574
15811
15835
16258
17401
18236
16404
16163
16217
16171
16333
15998
15878
16254
15954
15807
15856
15703
15928
15553
15186
15535
15485
15442
15640
15326
15742
15536
15329
15222
15602
15516
15673
15747
15419
15721
15424
15336
15541
15315
15244
15498
15073
15110
15422
15349
16148
15379
15357
15475
15775
15584
16290
15540
15479
15530
15700
15527
15715
15860
15835
16119
16017
16163
15846
16082
16430
15960
16026
16494
16143
15907
16380
15793
16749
15873
16217
16175
16074
15863
15754
15898
15802
15626
15514
15682
15400
15575
15090
15172
15224
15497
15247
15180
15501
15237
15103
15100
15588
15063
14874
15116
14806
14922
14792
14701
14751
14490
14638
15077
14560
14698
14655
14284
14529
14720
14519
14916
14580
14583
14612
14423
14846
14609
14395
15027
14741
14417
14824
14594
15008
14681
14655
14706
14770
14512
14862
14803
14371
14960
14696
14619
15040
14695
14632
14737
15040
15086
15112
14795
14923
14616
14649
14331
14959
14135
14504
14791
14781
14607
14576
14492
14548
14855
14768
15058
14771
14554
14629
14436
14673
14602
14698
14411
15597
15515
15200
15510
15494
15623
15406
15476
15454
15404
15971
15416
15730
15402
15456
15687
15644
15552
15524
15627
15801
15782
15342
15784
15719
15843
15689
15449
15658
15817
15723
15804
15619
15581
15185
15874
15805
15657
15802
15719
15553
15699
16144
15647
16007
15942
15340
15873
15956
16291
15712
15363
15339
15553
15560
15502
15250
15537
15180
15596
15672
15538
15984
15794
15565
15741
15638
15627
15827
15446
15868
15807
15832
15834
15905
15687
15779
15840
15856
15550
15646
15424
18303
19596
19849
19583
19948
20102
20009
19976
17928
16198
16209
16469
16034
16142
15953
16304
16080
15988
15870
15969
15972
15847
15865
15675
15824
16452
16190
16230
16201
16144
16414
15974
16477
16117
16004
16321
16443
16291
16191
15753
16373
15923
16719
16781
16637
16918
16544
16576
16417
16774
16181
16291
16317
16095
16541
15630
15890
16005
15642
15856
16046
16399
16372
16350
16258
16346
16360
16365
16259
16459
16493
16281
16357
16908
16220
16304
16464
16478
16510
16593
16659
16587
16550
16555
16304
16443
16154
16491
16485
16411
16500
16597
16289
16040
16462
16538
16758
16725
16633
16474
16380
16090
15995
16311
16210
15903
16095
16021
16319
16197
16130
16529
16174
16371
15863
15828
15780
16241
16341
16406
15926
16011
16034
16023
15803
15869
15892
15833
15689
16006
16129
15627
15552
15861
16196
15715
15986
15962
15856
16161
16046
16138
16231
15701
15966
16100
16245
16018
16015
15969
15978
16214
16588
16305
16418
16748
17109
17516
17500
17082
17090
17090
16992
17086
17454
17572
17519
17645
17297
17217
17311
17386
17439
17469
17051
17185
17239
17307
17223
17265
17482
16875
16655
16456
16525
16808
16758
16882
17153
16874
17349
16525
17298
16570
16747
16940
16910
16976
16876
16817
16254
16331
16436
16636
16681
16408
17059
16451
16515
16633
16726
16634
16755
16968
16817
17389
17457
16904
17017
16972
17253
17330
17047
17916
17045
17721
17195
17031
16925
16877
17080
16989
21312
16773
16692
16600
16763
16684
16995
16797
16530
16576
17980
16886
16602
16768
16827
16396
16851
16312
16963
16753
16337
16498
16488
16403
16292
16411
16832
16343
16580
16743
16150
16550
16080
16422
16635
16452
16292
20324
20360
16198
15962
16155
16229
15935
15770
15776
15976
15757
15720
15778
15889
15719
15592
15989
15687
15711
15655
15378
15787
15821
15625
16009
15573
15857
15422
15496
15775
15740
15512
15670
15773
15821
15234
15589
15470
15522
15769
15864
15578
16037
15788
15784
15476
15562
15478
15800
15607
15753
15664
15716
15845
15694
15392
15660
15468
15749
15504
16007
15947
16279
15893
15565
15456
15976
15907
15804
15783
15944
15401
15543
16242
15707
15968
15510
15571
15957
15649
15719
15975
16118
15730
16014
15733
15623
16488
16043
16320
16066
16110
16191
16283
16621
16646
16253
16391
16056
16209
16910
16399
17325
16490
16318
16765
16404
16792
15910
17328
16856
17060
17119
16763
16584
17008
16570
16788
16616
16740
16723
16656
16797
16870
18393
16817
17098
17043
16435
16761
17052
16842
17093
17012
16556
16943
16705
16847
16950
16768
16853
16711
16747
16622
16869
16685
16516
16479
16642
17050
16572
16936
16228
16077
16989
17176
16606
16485
16636
16448
16256
16113
16226
15836
16532
16698
17658
18085
18214
17913
17628
17585
17826
17799
17722
17555
18127
17775
17782
17453
17435
17679
17832
17846
17487
17583
17274
17833
17835
17820
17879
17978
17962
17705
18149
18950
18124
18114
17794
17966
18637
17982
18022
18153
18475
17905
18095
18161
17884
18137
18960
18591
18902
18139
18061
17922
17817
17594
18479
17774
17819
17937
18381
17894
17606
17750
17273
17774
17578
17574
17552
18071
17951
17789
17899
17880
17863
17971
17754
17795
17981
17717
17688
17584
17558
17731
17479
17513
17692
17665
17552
17690
17533
17568
17416
17622
18537
17870
17551
18325
17530
17663
21750
21810
21992
21464
21710
21900
21921
22905
18786
18034
18300
18141
18223
18031
18369
18445
18426
18220
18251
18095
17930
17246
17262
17088
17544
17914
17500
17864
17527
17644
18033
17475
17366
17595
17496
17408
17297
16965
17895
17263
17152
17102
17419
17183
17220
17662
18282
18072
17883
17892
17785
17767
17743
18166
17640
17376
17370
18161
18018
17477
16777
16168
16351
17345
17732
17399
17414
18285
17868
17342
17445
17558
18120
17563
17838
17566
17461
17554
17367
17715
17163
17530
17267
17294
17204
17199
17445
17159
17265
17178
17430
17415
17259
16868
17179
17126
17117
17214
17657
17472
17428
17153
17352
17622
17328
17955
17468
17138
17572
17304
17386
17262
17247
17092
17116
17164
16893
17622
18046
17504
17730
17629
17553
17583
17351
17870
17623
17719
17808
17310
17880
17267
17860
17685
17900
17884
18021
18188
17612
18269
18170
17820
17615
17611
17745
17256
17484
17881
17645
17801
18066
17710
18118
17500
18035
17853
17573
17729
17460
17498
17944
18367
18203
18184
18306
18799
18154
18455
18754
18291
18314
18110
18361
18571
18990
18590
18442
18357
18627
18316
18344
18631
18358
18426
18553
18367
18366
18464
18251
18348
17711
17363
17175
16948
17153
17595
17427
17992
17709
18069
17458
17572
17784
17605
17030
17227
17103
17016
17781
17449
17888
16983
17517
16383
16520
16252
16447
16262
16502
16586
17734
17497
17593
17708
17621
17390
18023
17538
17505
17612
17754
17639
17316
17538
17576
17358
17539
17360
17616
17182
18148
17654
17631
16986
17198
16989
17084
17130
16577
16875
16521
17299
16561
16823
16604
16646
17360
16534
17292
16592
16601
16440
16844
16664
16999
16620
17227
16746
17056
16771
17035
16480
16388
16643
16719
16473
16787
16353
16481
16337
16597
16724
16687
16448
16482
16739
16659
16912
16595
16534
16506
16362
16841
16216
16484
16312
16639
16591
16301
16130
16338
16152
16412
15777
16339
16137
16324
16522
16699
16089
16410
16558
16503
16510
16520
16473
16542
16341
16448
16307
16498
16169
16445
16489
16255
16086
16063
16119
16040
15970
16432
16218
15976
16323
16256
16462
16271
16166
16442
16457
16307
16263
16318
16477
16458
16643
16171
16466
16264
16269
16281
16177
16753
16582
15841
15728
16272
16133
16867
16387
16435
16193
16322
16532
16421
16256
16362
16586
16312
16150
16148
15953
15864
15853
16263
16444
16161
16212
15878
16049
15826
16274
15848
15992
15450
15673
15467
15697
15511
15522
15470
15656
15622
15676
16005
15599
15491
15634
16063
16134
16342
16662
16011
16037
15666
15965
15868
15730
15722
16618
18120
17856
17408
18498
18090
17993
17440
16634
16276
16098
16444
16575
16259
16425
17697
17609
18637
18137
18051
18334
18375
18123
17432
16663
16516
16454
16414
16647
16586
17794
17972
18404
18457
18434
18434
19035
18620
18082
16953
17028
17170
16828
16994
18156
19762
19050
19859
19715
19282
19244
18812
18654
17851
16930
17301
16860
16467
16805
17245
17939
21096
21122
22461
21987
20940
19658
19441
19591
17179
16200
16353
15943
16444
16115
16328
16304
16466
16318
16575
16201
16395
16166
16509
16219
16671
16392
16706
17732
17699
17260
17591
17617
18380
18310
18494
18183
17748
17079
17472
17023
17801
17061
16771
17069
17383
17148
16755
17514
17902
17093
17176
16993
17297
17370
17738
17540
16669
16623
16430
16694
16672
16372
16482
16668
16375
16937
16534
16326
17314
17493
16794
17638
16668
16864
17114
16533
17124
17057
16820
16993
16830
17030
17144
17248
17725
17691
17944
17733
17903
17523
18190
17462
18017
17433
17731
17696
17537
17870
17444
17560
17917
17367
17340
17632
17904
17803
17987
17992
17118
17668
17092
17413
17356
17351
17529
17020
16873
17123
17249
17218
17429
17502
17306
17515
17606
17469
17419
18009
17825
17605
17794
17758
17713
17669
17993
17848
18396
17949
17901
18109
18529
18568
18357
18722
18649
18926
18926
17702
18141
18403
18351
17887
18338
18090
17805
17986
18200
17971
17742
19159
19323
17941
17662
17704
17969
17648
17589
17902
17776
17875
17795
17672
17679
18332
18080
17854
18084
17707
17655
17696
17667
18088
17995
18266
17792
17828
17546
17678
17881
17708
18352
17826
17995
18038
17721
17540
17703
17403
17920
17789
17585
18235
18570
17516
16949
17597
17867
17520
18285
18106
18358
18234
17811
18413
17670
18192
18243
17766
18588
18126
18255
18054
18245
17942
17612
18041
17980
17995
18443
18436
18878
18233
18276
19015
18521
18456
18335
18102
18804
18845
18914
18607
18570
18645
19428
19122
19016
19722
19374
19419
19501
19507
19582
19703
19866
19332
19420
19662
19640
20090
20304
20944
20857
20277
20458
20114
20482
21012
21162
21197
21772
21540
22012
21366
21477
21309
21240
21470
21430
21472
21438
21015
21193
20185
20473
20342
20622
20408
20177
20038
20402
20402
20596
20115
20352
21974
19686
19678
19368
19459
19885
21973
23580
22129
22503
23823
23475
22896
22505
20357
18793
18874
18623
18740
18900
18611
18893
18707
18733
18955
18622
18041
17993
18009
18042
18446
18265
18614
17809
17735
17981
18001
17839
18205
17954
19093
19151
18578
18548
18370
18427
17973
18477
18322
18572
18798
18275
18297
18553
18198
18558
19196
18413
18878
18564
18423
18199
18669
19362
19396
19263
20312
19690
19899
20465
20205
20804
20387
20478
20950
20198
20005
20261
20017
19841
19561
19453
20002
19405
18992
18844
19590
19170
19515
19582
17976
17971
17866
17577
17744
18093
18370
18221
17880
18006
17433
17469
17651
17476
17641
17576
17498
17585
17335
17225
17410
17181
17447
17349
18267
17564
17216
17672
17394
17672
17547
17368
17551
17807
17455
17601
17290
17259
17348
17347
17358
17654
17534
18107
17853
18106
17958
17899
17665
17678
17924
17553
17818
18337
18098
18215
18284
18577
18295
18228
18343
18117
18398
18232
17430
17956
17757
17680
17412
17648
17753
17500
17748
17841
17812
18165
18097
18258
18017
18594
18258
18245
18005
17968
17750
17802
17797
17596
17659
17634
17598
17438
16365
16745
16173
16440
16172
16092
16503
16407
16325
16402
16726
16551
16806
16851
16817
16462
16720
16893
16747
16742
16324
16565
16436
16055
16254
16489
16172
16176
16239
16583
16209
16102
16530
16635
16433
16458
16445
16539
16397
16467
16393
16454
16189
16902
17186
17077
16628
16929
16986
16977
16734
16561
16380
16606
16516
16945
16469
16965
20444
20552
20915
20744
20742
20300
20200
20762
18041
16549
16501
16434
16500
16885
16607
16636
16077
15796
15775
15830
16392
16019
15822
16142
15860
15976
16484
15873
15835
15951
15985
15748
19837
20031
20782
20380
20365
20536
20555
20740
17511
16964
17152
16430
16368
16289
16778
16773
16794
16533
16401
16688
16673
16439
16434
16781
17509
16607
16645
16770
16594
16627
16799
16458
16541
16412
16515
16220
16998
16667
16765
16462
16700
16849
16553
16800
16652
16663
16832
16773
16786
16570
16510
16594
16118
16257
17310
16329
16280
16377
16655
16599
16787
17139
16971
16665
17374
16856
16524
16506
16297
16439
16253
16316
17152
17348
16947
16671
17125
16647
17051
17680
17423
17214
17451
18295
18377
19006
19127
19492
19309
19866
19583
19643
19536
19672
19523
19859
20046
19866
19739
19846
20188
20370
20005
20597
20510
20082
19617
20506
20785
20201
20058
20605
19790
20441
19944
19651
20683
19894
19908
19661
19797
19501
19370
19407
19568
19162
19581
19337
19479
19485
19375
19362
19503
19588
19444
19505
19908
20073
20471
19743
19884
19771
20028
20152
20231
20855
19825
19963
20107
19943
19729
19731
20143
20044
20276
20080
20016
20259
20365
20564
20826
21012
22678
23217
22631
22420
22766
22858
23208
23180
23142
22877
23066
23450
24048
23863
23117
21794
21514
21661
21077
19973
20480
20345
20375
20171
20015
19825
19757
19631
19752
19756
19669
19379
19350
19306
19126
18717
17991
17384
16762
16605
16426
15938
16133
16186
16419
16455
16462
16379
16093
18327
18516
16108
16242
16191
15867
19587
19922
20032
19801
20110
19953
20391
20141
17589
16335
16537
16607
16518
16852
16394
16517
17028
16468
16602
16656
16395
16296
16114
16610
16300
16593
16673
16870
16757
16707
16635
16838
17313
16902
16686
17081
17074
17186
17488
17546
17027
17189
17479
17649
17834
17430
17162
16742
16957
17279
16992
17058
17002
16575
16964
16702
16557
16422
16566
16430
16495
16796
16825
16444
16706
16712
16567
17012
17230
16361
16952
16567
16348
16469
16421
16376
16372
16390
16372
16562
16598
16340
16601
16409
16305
16508
16505
16487
16732
16429
16325
16459
16614
16730
16307
16611
16718
16867
16814
16671
16885
16414
16725
16728
16562
16651
16448
16111
16180
15854
16350
16439
16384
16358
16368
16082
16352
16362
16386
16181
16640
16160
16346
16353
16741
16589
16474
16432
16113
16190
16421
16519
16450
16308
16526
16660
16514
16286
16541
16367
16143
16029
16419
16745
16569
16593
16457
16732
16326
16706
16211
16397
16138
16365
16167
16322
16171
15761
16076
15742
15994
15812
15955
15822
15616
16050
15598
15412
15480
15624
15590
15868
15613
15611
15619
16129
15719
15673
15858
15990
15850
15751
15710
15755
16324
15792
15642
15684
15856
15596
15723
15546
15842
15628
16483
15638
15612
16308
16151
15646
16170
15817
15775
15858
16529
16289
16080
15977
16873
15815
15950
15807
16517
16101
16127
16352
16310
16184
16009
16043
15950
16097
16030
16304
15911
15557
15896
15740
15563
16155
15282
15982
15515
15948
15798
16203
16419
16340
16039
16028
15767
15618
15954
15431
15812
15633
15863
16117
17182
16360
15853
16205
15916
16384
16284
15913
15862
16569
16427
16121
15930
16624
16197
16389
16585
16877
16703
17469
17081
16908
16762
17027
17224
17078
17045
16792
16816
16932
16789
16562
16743
16889
17286
16935
17347
16801
17550
17164
17074
16568
16682
16782
16779
16015
16358
16321
16385
16174
16406
16098
16265
16107
16654
16522
16138
17453
16845
17606
16887
16616
15999
16394
16097
16295
16981
16234
16525
16005
16196
16328
17028
16753
16043
17200
16917
16435
16235
16314
16375
15494
15686
15615
15310
15526
15551
15520
15969
16002
15740
16070
15983
16012
16306
16039
16036
16046
16126
16012
16080
15826
16120
15976
16567
16192
16854
16194
16766
16394
17075
16657
16926
16980
17183
16857
17751
17297
17309
17236
17632
17296
17395
17561
17684
17240
17632
17370
17559
17859
17753
17554
17377
17409
17452
17510
17425
17511
17123
17225
18049
18204
17943
17331
17583
17551
16887
17559
17113
17041
17061
17095
17217
16668
16637
16926
16513
16769
16710
16541
16932
16441
16666
16609
16735
16842
16588
16804
16850
16595
17027
16847
17096
16735
17390
17123
17407
17585
17556
17430
17308
17817
18182
17366
18377
18161
17573
17679
17769
17485
17294
17433
17377
17580
17880
17857
17456
18047
17507
17248
16901
17121
16976
16957
17400
17235
16786
17521
16974
16251
16708
16672
16979
17030
17048
16937
16441
15918
16472
16448
16889
16214
16525
16148
16639
16283
16650
16288
16778
16872
16297
16760
16733
16845
16681
16819
17313
16800
16592
16440
16512
16645
16131
16208
16188
16508
16272
16668
16214
16523
16201
16515
16589
16500
16745
17251
16715
16548
16975
17320
16115
16245
16761
16557
16394
16433
16565
16442
16179
16306
16369
16283
16756
16387
16238
16127
16252
16287
16681
16339
16877
17104
16811
16782
17033
16835
16268
16899
16700
16337
16043
16790
16443
16168
16429
16537
16737
16562
16288
16584
16358
16692
16521
16739
16646
16387
16581
16373
16421
16337
16510
16907
16620
16323
16268
17020
17223
16815
16951
16659
16864
16912
16761
16712
16921
16748
16697
17134
16789
16562
16770
16432
16551
16635
16290
16816
16307
16623
16613
16460
16698
16478
16681
16397
16495
16809
16706
16675
17381
17144
17675
17364
17456
17505
17930
17846
17627
17432
17563
17339
17901
17520
17335
17834
17592
17882
16928
17412
18055
17678
17866
17788
17598
17841
17556
17636
17748
18153
18295
17286
16774
16933
16593
16791
17057
17399
17121
17148
17971
16992
17608
17261
17061
16832
16955
16878
17286
17020
16875
16663
16865
17105
16504
16995
16899
16870
16798
17188
15820
16955
16932
17191
16825
16578
17303
16945
16275
16382
18940
16796
17176
17097
17231
17143
17163
17123
17181
16773
16910
16607
17132
16929
17019
17225
16995
17207
16921
17131
17292
17336
17318
17379
17162
17361
17312
17433
17056
17270
17810
17827
17088
17151
16840
17507
17174
17656
18142
17543
17350
17060
17080
16924
16303
16676
16742
16803
16571
16552
16756
16481
16947
16795
16753
16495
16965
16363
16547
16462
17108
17213
17921
18124
17945
17758
17605
17694
17717
18060
18246
17883
19848
21919
21817
21488
22664
21596
23390
23544
21930
19813
19631
19463
19165
18207
17660
16879
16687
16624
17064
16724
17572
17147
17253
17279
16714
16694
17131
17506
18465
17719
18022
17609
17857
17782
18042
17975
18329
18575
18484
18852
18303
18069
18260
18352
17469
17201
18135
17356
16930
17085
17213
17477
17242
17837
16932
17478
17722
16853
17050
17055
17223
17592
17026
17312
17508
17194
17264
17423
17464
17638
17934
17728
18729
18063
18477
17243
17537
17419
17394
17315
17433
18098
17510
17490
17356
17392
16817
17218
17129
16860
16788
17225
17294
16923
17353
17018
17591
17768
18262
17266
17438
17586
17388
17050
17519
17574
17496
18693
18997
19602
19674
19632
18967
18604
18381
17907
17632
17227
17764
17279
17347
17618
17651
17976
18112
17912
18219
17991
17846
17878
18262
18420
18298
17880
17906
18019
17960
17570
17640
17405
17915
17776
17167
17115
17364
17366
17732
17925
17405
17464
17734
17253
17284
17408
17484
17322
17167
17323
17526
17265
17475
17194
17310
17153
16906
17563
17169
17309
17079
16943
17282
16927
16977
16912
16582
16704
16932
16891
16499
16070
16218
16648
16627
16478
16326
16271
16478
16520
16183
16355
16834
16368
16341
16128
16213
16360
16131
16081
16328
16298
16289
16257
16551
16924
17152
16827
16836
16605
16864
16665
16424
17027
16972
16996
16845
16780
16773
17326
16798
17077
16635
16878
17260
17195
17022
17194
17701
17010
17018
16995
18633
19195
19537
20121
19705
19879
20477
20252
20231
20353
20700
20484
20494
21179
21491
21182
21278
19668
19343
20001
19443
19715
19613
20135
20120
19732
19564
19979
19377
18997
19518
19620
19003
18944
18849
18663
18311
18808
18918
18646
18293
18385
18570
19270
19184
18507
18418
18185
18820
18320
18530
18882
18818
18395
18264
19013
18847
19490
18770
18561
18633
18496
18978
18600
19292
18467
19214
18386
18709
19207
19350
20423
19113
19252
19615
19536
19657
19890
19894
20114
19645
19361
19238
19080
19106
19326
19689
18693
18784
18084
18602
18412
19459
18193
18251
18002
18130
17842
17800
18061
18243
17839
18556
20060
17876
17548
17740
17708
17809
17706
17718
17769
17740
17510
18132
17832
17755
17815
17717
17919
17413
17442
17330
17303
17460
17484
17875
17645
17249
17636
17051
16976
17612
17410
17383
17292
17487
17222
17639
17250
17243
17191
17826
17303
17358
17267
17608
17737
18045
17671
17423
17334
17634
17253
17871
17537
17672
17992
17706
17744
17539
17517
17225
17243
17325
17166
17608
17475
17740
17619
17455
17532
17547
17715
17602
17742
17611
17686
17538
17882
17879
17365
17382
17435
17421
17578
17605
17457
17884
17733
17109
17487
17240
17325
17410
17528
17873
16949
17021
16795
17383
17091
17317
17556
17332
17083
17920
17724
17554
17276
17668
17115
17247
17304
17142
16994
17321
17037
17600
16825
16791
16754
17214
16723
16879
17251
17088
16580
16863
16874
16762
16606
16573
16757
17044
17114
16988
16928
17950
18671
17740
18064
17215
16967
17220
17374
17625
17608
17393
17246
17398
17385
17283
17265
17421
17142
17194
17551
18111
18342
18286
18383
17663
18035
18006
17579
17768
17718
17990
17850
18641
17894
18227
17943
17844
17842
17748
18136
19067
18359
18220
17953
18487
18080
17779
17546
18110
18449
18177
18011
17912
17765
18102
17806
18210
18004
18347
18324
17975
17478
18447
18023
18060
17888
17723
17930
17893
18008
17253
17633
17276
17331
17275
17848
17795
17850
18366
18179
18131
17950
18108
17946
18215
18237
17973
18433
18991
18557
18384
18061
18309
18010
18000
18669
18877
18263
18400
18604
18048
17894
17964
18221
18007
17881
17866
18060
18204
17836
18101
18664
17969
18014
18370
18141
18288
18232
18656
18662
18875
18726
18349
18146
17965
18571
18653
18773
18820
18670
18754
19185
18482
18498
18779
18720
18404
18598
18838
18811
18861
18535
18562
18287
18470
18734
18365
18060
18213
18207
20264
21658
21270
22016
21855
21768
21414
21590
19941
17674
17437
17925
17795
18514
18337
18444
18417
17870
17752
17525
19151
26598
23400
17302
17642
17651
18032
17905
18088
17586
17540
17922
17494
18449
18484
17668
17924
18027
17625
17736
17612
17570
17665
17403
17711
16904
17341
17440
17635
17453
17561
17582
17474
17707
17517
17760
17977
17943
18242
18313
18582
18751
18783
18932
18804
18589
19041
18493
18823
18372
18756
18683
18713
19324
18669
18833
18591
18639
18570
18614
18816
18711
18511
18426
18862
18730
18389
18280
18863
18977
18347
17815
17951
18479
17861
17999
18074
17880
18184
18028
18148
18448
18587
18223
17714
17779
18267
17856
17746
17921
18346
17952
18569
18726
18609
20289
18246
17940
17980
18152
18628
18171
18080
18342
18432
18199
18955
18416
18902
18354
19074
17797
18961
18228
18906
18485
18903
18169
18650
18514
18711
18456
18388
18141
18871
18366
19032
18577
18485
19012
19263
18428
18539
18379
18645
18430
18562
18489
18702
18201
18589
18413
19044
19539
18312
18634
18372
18197
18328
18331
18124
18455
18149
18119
18442
18033
17899
18117
17864
17605
18031
17427
17980
18249
19125
18951
18513
17946
18009
17891
17812
17919
17796
17915
17308
17940
17912
17494
17126
17601
17210
18166
17721
18192
18112
18540
18040
18258
18225
17750
18288
18061
18168
18012
18219
18200
18224
18054
18420
18433
18200
18403
18284
18738
18014
18228
18226
18241
18494
18370
22723
22313
22452
22699
22968
22850
23148
23198
19652
18647
18841
18801
18450
18387
18680
18302
18051
18103
18020
18104
18309
17535
17962
17593
17632
17699
18036
17982
17831
17910
18251
17918
18343
17980
18021
17786
18032
17974
18366
17928
18004
18246
17852
18457
21255
22376
22295
23280
19957
19001
18912
18874
18783
18584
17607
18030
17850
17325
18688
17440
17605
17710
17778
18033
17448
17486
17824
17157
17172
17520
17252
17130
17416
17337
18358
18191
17854
17778
18080
17881
17949
17606
17985
18751
18275
18230
18542
17992
18000
17855
18074
17908
18105
18524
18678
18645
18716
18725
19055
18730
18580
18469
18813
18732
18354
18299
18426
18172
18333
17881
18318
18465
18072
17840
18041
18242
17946
18229
18326
18286
18046
17392
18547
18999
18661
19136
19021
18765
18648
18093
18329
18491
18912
18545
18921
19061
19319
18834
18958
19236
19039
18629
18405
18391
18358
18612
18102
18672
18409
18207
18454
18786
18669
18381
18324
18697
18545
18752
18326
18593
18285
18133
17702
17958
17989
17331
17958
18250
17316
17430
17419
17102
16985
16821
17041
17190
17166
16962
17088
17279
17129
16969
16854
16975
17236
16837
16799
17049
16977
16932
17050
16953
17120
16784
17316
17542
18128
18000
18615
18752
17897
18310
18279
18250
16829
16820
17192
17376
17330
16653
17010
16924
16823
16830
16908
17127
17050
16925
17401
17476
17956
17932
18483
17859
18526
18108
17686
18178
17545
17849
18258
18186
17455
17782
17784
17725
17786
16818
17117
17720
16905
17187
17380
17103
17024
17075
17452
16888
16957
17114
17223
17010
17011
16889
16970
17196
16928
17062
17464
17308
17391
17068
17672
17318
17705
17571
17522
18157
18332
17495
17418
17395
17393
17643
17563
17368
17599
17611
18016
17953
17377
17428
17108
17178
17078
17217
17022
16909
16802
16689
16876
16987
16681
17028
17055
16722
16789
16782
16799
16653
16529
17001
16659
17066
17073
16990
17088
17104
17615
18492
18099
18096
18609
18036
18664
18396
18648
17774
18258
17688
17517
17967
17935
17777
18092
17975
18182
18074
18000
18426
18276
18255
18036
18122
18022
18037
18442
17955
17875
18398
18115
18315
18438
18335
18259
18180
18122
18306
18686
18348
18681
18578
18361
18053
18898
18808
18363
19264
18893
19415
18693
18622
18501
18254
18280
18404
18267
18327
18059
18533
18226
18366
18240
18300
18172
18624
18069
17985
18113
17925
17902
18121
17782
17934
18057
18013
17822
18008
18203
17911
18102
18339
18756
18772
18897
18657
18956
18753
18883
18348
17690
17923
17913
17840
18443
18098
18129
18647
18182
17893
18172
18585
18966
18435
18494
18838
18628
18622
18456
18301
18438
17852
17230
17288
17304
17696
17258
17329
17158
17115
17443
17418
17218
17418
17123
17159
17264
17305
17181
16937
16868
16848
17037
16971
16943
16652
16954
16758
16754
17757
17461
17485
17156
17049
17599
17418
17575
17674
18502
18510
18456
18633
18468
18457
18541
18468
18495
18598
18885
18690
18523
18483
18690
18407
18368
18448
18713
18588
18355
18583
18249
17936
18597
18354
18463
18184
18414
18522
18214
18565
18242
18338
18326
18854
18441
18458
18501
18347
18627
18650
18236
18055
18083
18301
18392
17953
18063
18457
18136
18514
18462
18645
18351
18568
18916
18887
18598
18563
18132
18581
18762
18628
18984
19507
19816
19597
19712
19349
19486
19577
17907
17606
17360
17287
16839
16926
16799
16941
17107
17023
17127
16935
17403
16817
17338
17268
17126
17131
16771
16681
16869
16898
17145
17655
17166
17353
16661
16793
16761
17213
17449
16992
16765
16892
16763
16882
16884
16619
17031
16747
16887
16858
16355
16884
16665
16711
16985
16650
16873
16922
17148
16864
16953
16960
17075
16992
16904
16902
16643
16950
17371
17384
17516
17312
17574
17314
17813
17472
17836
17667
17337
17160
17356
17577
17508
17329
17699
18047
17511
17290
17561
17746
17730
18576
17569
17983
17632
17929
17522
18241
17654
17619
18032
17314
17195
17053
17455
17410
17554
17406
17419
17578
17695
17891
18178
18172
17626
18081
17646
18377
17971
17557
17622
17451
17990
17377
18266
17615
18311
17569
17964
17583
18136
17532
17537
17590
17932
17740
17715
17627
17753
17888
17901
17866
18330
18470
17934
17674
18017
17755
17523
17858
17658
18425
17772
17465
17460
17122
17338
17477
17831
17536
17637
17604
17658
17077
16521
16992
16956
16943
17913
17230
17478
17343
17479
17311
17399
17183
17460
17534
17925
17798
17254
17399
18272
17435
17419
17759
17578
16991
17767
16908
16887
17061
17267
17304
17571
17817
17659
17656
17517
17587
17125
17719
16946
17059
16729
16740
16886
16823
16579
16856
16866
16487
16277
17468
16287
16811
16695
16707
16672
16928
16575
16460
16145
15956
16182
16349
16393
16324
15865
16112
15812
15786
15859
16128
16097
16575
17018
17024
16800
16305
16744
16959
17367
16650
16928
16254
16888
16733
16903
16990
16850
16778
16577
16346
16070
15442
15598
16124
15720
16753
15924
16378
16293
15835
16245
16600
16220
16952
16818
16509
16112
16815
16273
16291
16531
16383
16281
16449
16393
16424
15814
16026
16233
15786
15902
16097
16141
16115
16126
16828
16532
16506
16626
16792
16805
16775
16784
16735
17151
16923
17175
17169
19671
26165
21067
16923
16809
16620
16792
17176
16576
16497
16976
16552
16789
16723
16838
16537
16681
16503
16451
17007
16931
16460
16709
16723
16498
16927
16558
16750
16467
16340
16358
16872
16741
16698
17115
16477
16246
16578
16505
16516
16470
16625
16976
17617
17061
17778
17525
17958
18540
18186
18837
17394
17897
17374
17673
17106
17510
17816
17367
16204
16198
16108
16091
16395
16450
16230
16940
18292
16821
17288
17012
16956
16963
17319
17326
18275
17570
17538
17553
17401
17417
17972
16993
17373
17220
17125
17024
17349
17697
16980
16773
17142
16755
17357
17177
17072
16990
17490
18186
17448
17135
16794
16674
16468
16282
16288
16074
16361
15919
15953
16201
16173
15891
16099
16525
16171
16250
16119
16247
16363
16048
15948
16749
16054
16343
15840
16133
16198
15987
15983
16206
15824
16279
16196
16278
16248
16195
16341
16342
16595
16399
16447
16292
16460
16396
16314
16556
16495
16563
16762
16390
16690
16562
16375
16521
16385
16573
16261
16757
16823
16626
16357
16543
16647
16849
16425
16583
16327
16204
16237
16228
16118
16511
16485
16218
16351
16345
16375
16475
16234
16538
16483
16683
16854
16854
16784
17129
17234
16884
17143
17092
17019
16919
17025
17397
17494
17067
16899
16753
16830
16790
16600
16400
17300
17368
17170
17135
17053
17439
17522
17198
17580
17421
17127
17478
17314
17518
17204
17162
17316
17460
17062
17250
17040
16988
16759
16484
16633
16980
16760
16860
16667
16733
16988
16517
16785
16948
16902
16841
17268
17631
17413
17109
17060
17697
16902
17574
17072
16655
16960
16793
16505
16378
16799
17101
17278
17097
16410
16303
16531
16195
16533
16480
16432
16252
16717
16565
16857
16712
17396
17039
17194
16655
16900
16377
16819
16771
16256
16244
16231
16484
16307
16608
17020
16827
16110
16244
16366
16749
16500
16671
16603
16538
16912
16624
17115
17926
16757
17289
16829
16377
16224
16358
15877
16167
16121
16456
16105
16286
15895
16407
16445
16380
15911
16021
16360
16247
16545
16390
16836
17169
16560
17200
16941
16402
16463
16652
16460
16277
16500
16327
16594
16274
16296
16223
16387
16269
16121
15921
15913
16208
16407
16225
16614
16146
15917
16307
16824
16377
16578
16623
16513
16587
16351
16517
16655
16765
16472
16470
16399
16213
16418
16372
16576
16283
16265
16679
16406
16661
17027
16644
16882
16275
16861
16687
17686
18306
17759
17623
17625
17775
17623
17866
17734
17567
17592
17590
17609
17743
16784
16247
16405
16382
16494
16570
16365
16276
16208
16421
16600
16354
16054
16399
16266
16372
16281
15985
16467
20341
20577
16603
16183
16278
16387
16382
16304
16702
16537
16441
16342
16232
15806
15818
15691
15683
15152
15397
15190
15168
15440
15329
15275
15247
15277
15512
15638
15215
15535
15582
15309
15471
15257
15198
15388
15465
15393
15506
15402
15429
15369
15998
15456
16188
15326
15851
15955
16097
16391
16360
16179
16284
15959
15977
15910
16240
16018
16062
16182
15915
15570
16428
15729
16207
15838
16132
15901
15705
16073
15756
17017
16240
15731
15768
15749
16291
16262
15683
15941
15524
15828
16078
15503
16174
18822
19483
19514
19295
16140
15655
15335
15698
15626
15827
15708
15528
15582
15579
15653
15540
16017
15518
16047
15768
16182
15978
15722
15871
15835
15830
16180
15842
15348
15860
16371
15675
15614
16270
15728
16440
15514
15887
15680
15941
15957
15497
15471
15784
16001
16095
15894
16806
16123
16012
16286
16183
15941
16456
16699
16785
16002
16521
16388
16531
16326
16505
16412
16376
16553
16610
16243
17809
16989
17168
16900
17005
17121
16858
17874
16550
17096
17253
17263
17153
16921
16952
16996
16828
16656
16633
17282
16449
16121
16325
16094
15877
15941
16090
15890
16082
15530
15988
16201
15831
16319
16267
16156
16169
15957
16361
16269
16376
15961
16436
16359
16551
16629
16041
16353
16566
16488
16313
16567
16687
16503
16687
16874
16610
16451
16291
16406
16302
17036
16652
16045
16280
16166
16193
16260
16440
16268
16136
16563
16938
16889
16838
16547
16451
16719
16418
16280
16888
16472
16242
16411
16286
16617
16477
16469
16204
16231
16352
16588
16475
16539
16189
16500
16365
16283
16656
16182
16295
16151
16258
16313
16572
16524
17030
16585
16623
16792
16429
16659
16286
15960
16657
16090
15928
16328
16355
16514
16277
15865
16302
16330
16162
16181
16187
16242
16033
16723
16067
15711
15828
15781
15555
15436
15914
15793
15662
15907
15710
15718
15656
15789
15926
15771
15855
16042
15771
15889
16433
16717
16608
16761
16881
16442
16861
16511
16470
17153
16632
16445
16571
16120
16794
16480
16806
16554
16788
16454
17003
16653
16425
16630
16498
16624
16921
16455
16456
16992
17024
16931
17125
17039
16851
16864
16942
16886
16868
16853
17076
17020
16999
16827
16741
16731
17202
17004
16911
16672
16896
16632
16724
16716
17015
17149
17105
17198
16832
16795
17023
16584
16923
16848
16855
16875
16999
17027
16692
16670
16771
16882
16938
16672
16776
16654
16471
16812
16588
16880
16696
16639
16333
16629
16434
17168
17104
17183
17159
17252
17166
16576
16949
16854
16693
16786
16594
16678
16866
16382
16895
16733
17556
18168
18144
17244
16595
16762
17127
16949
16677
16669
17088
16794
16894
16655
16619
16598
16883
16544
16646
16843
16520
17040
16685
16802
17018
16965
17086
17357
16897
16559
16672
17194
16865
16685
17289
17384
16831
17714
17658
17381
17225
17411
17389
17423
17493
17328
17215
19138
21574
20899
21361
21030
21441
21188
22279
21825
18078
18151
18439
18497
17785
17306
18248
18334
17946
17119
17076
16809
17070
17120
17351
17025
17149
17157
17330
16902
17018
16544
16664
16840
16690
16950
16446
16568
16702
16608
16798
17190
17329
16576
17221
16692
16762
16972
16696
17199
16686
16910
16988
16808
16942
16590
17178
17366
17225
17183
17462
17312
17095
17251
17310
17390
16886
16941
17055
16933
17047
16912
17030
17308
17359
16786
17152
17076
16978
16633
16745
17063
16977
17333
17249
16909
17066
17020
17269
17260
17687
17777
17197
17464
18568
17803
17633
17366
17428
17537
17733
17912
17438
17130
16613
16775
16596
15530
15359
15773
15616
15324
15930
15981
15627
15872
15655
16015
16720
16278
16977
16598
16524
17202
17255
21742
18461
17637
17873
17730
18230
17920
18068
17837
17845
18226
18320
18047
16580
16073
16590
16183
16128
15979
15976
16151
16158
16202
15961
17437
15642
15741
15915
15591
15792
15998
16356
15891
16084
15874
16055
15472
16124
15660
15746
15550
15845
15365
15638
16102
16240
15992
16216
16503
16013
16209
16003
16050
16279
16306
15843
15723
16266
15855
16152
16242
15897
16626
15983
15888
15823
16172
16305
15711
16069
15483
15580
15202
15464
15093
15279
14931
15013
15000
15473
15527
15296
14708
15332
15224
15222
15116
14991
15244
15056
15089
15215
15120
15193
15081
14868
15035
15063
14756
15099
15094
14947
14932
14946
15270
15143
14819
15217
14859
15004
15110
17046
17224
17076
17339
17242
16726
17167
17349
15560
15008
15869
15590
15766
15657
15670
15630
16013
15714
15560
15761
15470
15448
15475
15401
15769
15649
15546
15394
15572
15497
15265
15689
15913
15398
16079
15940
15670
15553
16190
15890
16060
15803
15964
15767
16225
17536
16799
16613
16745
16575
16853
16831
16573
16374
16235
16086
16518
16266
16390
16442
16665
16262
16362
15696
16533
16321
16192
16328
16571
16503
16623
16519
16385
16676
17476
16067
16201
16360
16132
16471
16299
16235
16265
16406
16338
16567
16391
15844
15768
16158
16664
16600
16554
16220
16384
16095
15837
15985
16069
16102
16316
15696
16070
15756
15866
16722
15646
15655
15803
15783
16020
15637
15872
15842
15984
15434
16210
15892
16283
15993
15859
15906
16148
15455
16118
16068
16276
16235
16095
16494
17210
16398
16654
16428
16813
16980
16640
16709
16602
16535
16613
16266
16504
16461
16581
16603
16514
16152
16212
16616
16953
16412
16763
16737
16210
16475
16615
16810
17001
16638
16510
17067
16690
16839
16644
16690
16678
17420
16765
16885
17771
17440
17292
17028
16855
16704
17197
16781
17663
17044
16972
16796
17258
17136
16906
16931
16869
17179
16860
16927
17483
17408
16999
16999
17181
16794
17248
17344
16960
16732
16971
17113
16601
16803
17158
16712
16708
16587
16841
16625
16649
16880
16821
16815
16607
16773
17107
16980
16563
16932
17055
16975
17308
17156
17484
17629
17351
18371
17520
17937
18093
17315
17520
17667
17821
17398
17530
17698
17836
17823
17476
17363
16810
17123
17125
17011
17243
17139
16899
17039
16965
16859
16920
17339
17264
17283
16981
16991
16773
16970
17057
16825
16649
16648
18566
16856
16814
16484
16485
16668
16637
16833
16749
16702
16523
16641
16766
16396
16503
16888
16432
16500
16717
16552
16827
16592
16401
16527
16935
16602
16576
16612
16492
16740
16256
16383
16306
16297
16407
16186
16284
16239
16218
16016
16795
16337
16134
16516
16659
17029
16344
16240
16265
16282
16229
16318
16819
16164
16474
15863
16393
16839
15957
16654
16510
16566
16462
16258
16326
16700
16393
16217
16602
16323
16429
16075
16333
16232
15981
16219
16344
16641
16045
15701
16175
16302
16156
17227
15941
16184
16307
16272
15843
16374
16003
16007
16061
15974
15600
16087
15655
15878
15966
16212
16050
15938
15924
15787
15681
15850
15651
15678
15820
15704
16086
16394
19585
19507
19614
19172
19202
19621
19126
19011
18998
19374
18795
19209
19339
19203
19554
19093
19302
18474
17888
15970
16165
16352
15900
16107
15761
15828
15922
15468
15465
15697
15638
15587
16055
15833
15460
15374
15909
15650
15632
15372
15532
15391
15613
15571
15453
15338
15318
15380
15391
15497
15652
15376
15604
15495
15586
15228
15312
14986
14561
14748
14965
14501
14372
14614
14281
14767
14540
14508
14822
14744
14989
14436
14627
14665
14557
14589
14056
14424
13720
14085
14172
14311
14014
14420
14353
14253
14155
14046
14145
14014
14087
14049
14100
14704
14430
14374
14438
14084
14201
14115
13747
14441
14172
14207
14470
14625
14390
14330
14250
14515
14240
14282
14529
14069
14451
14181
14275
14575
14885
14306
14158
14744
14838
15358
14669
14759
14770
14612
15049
15321
15128
14751
15069
14926
14749
14690
14768
15309
14672
14622
14428
14484
14670
14419
14768
14818
14780
15623
14811
15458
15461
15223
15467
15385
15547
15400
15376
15214
15111
14879
15007
14917
14901
15061
15166
14892
14903
15060
57865
143734
137343
136915
135040
134351
134888
134084
135810
135991
135261
134194
134738
135079
134470
133591
135176
132883
136228
135213
136419
135957
134838
137142
137605
135336
138509
138720
138535
135821
43241
17039
16892
17330
17462
17082
18065
19329
18846
18304
19256
19105
19032
19755
18746
17194
16822
16906
17166
16974
17578
17536
17254
19727
19757
19571
20017
20256
20190
19666
19797
17516
17083
17299
17086
17387
17140
16962
17148
17001
18082
17124
17761
18615
17505
17134
17982
17489
17460
17710
17268
17634
17281
17838
17400
17416
17095
17359
17182
16873
17620
16894
17023
16716
16807
16248
17180
16808
17085
16804
16945
17329
17059
17334
17214
17750
17195
17495
17337
17152
17380
17058
17138
17469
17127
16853
16970
17676
17216
16962
17388
16866
16646
18268
16488
16565
17023
16167
16585
16666
16159
15504
15103
15163
15283
15242
15533
15855
15359
15461
15364
15894
16034
15706
15492
15481
15443
15251
15605
15877
15756
15499
15611
15822
15543
15834
15709
15761
16077
16020
15159
15815
15433
15772
15228
15857
15550
15291
15442
15486
15475
15966
15456
15505
15379
15253
15384
16524
15492
15661
15600
15882
15592
15580
15414
15437
15392
15607
15730
15768
15637
15316
15016
15040
14940
14972
15327
14898
15022
15224
15174
15018
15037
15006
15293
14983
14940
14901
14831
15060
15482
15458
14912
15296
15205
15001
15229
15336
15963
15306
15686
15607
15171
15272
15636
15494
15509
16625
16242
15504
15377
15359
15377
14992
14958
15112
14933
14872
15146
15103
15035
15170
15683
15065
15189
15284
15711
15444
15821
15548
15902
15532
15559
15525
15338
15263
15506
15465
15633
15541
15615
16063
16058
15476
15684
15436
15607
15572
15525
15823
17871
16049
15911
15621
16031
15869
15856
15720
15691
16271
15754
15733
15476
15267
15624
17087
19763
19953
19838
19361
20025
19546
20766
20844
17525
17365
17678
17410
17354
17421
16586
15438
15296
14731
15035
14644
15082
14469
15034
14524
15007
15214
15339
15299
16121
15164
15870
14748
15501
14809
14774
15508
15297
15338
15462
15396
15172
14978
15632
15534
15427
15665
15843
15465
15579
15760
15621
15343
15415
15216
15461
15766
15192
15591
15746
15973
15409
15802
15512
15766
15693
15466
15263
15198
15355
15257
15269
15264
15441
15550
15963
15872
15536
15193
16026
15458
15736
15612
15590
15702
15806
15468
15302
15472
17020
15540
15154
15381
15592
15838
15713
15612
15440
15367
15285
15277
15221
15378
15234
15197
15495
15822
15620
15549
15641
15931
15899
15833
15398
15909
15500
15850
16113
15594
15518
15537
15725
15639
16045
15957
15943
15602
15383
15554
16453
16318
16282
16790
16696
16435
16705
16405
15810
15935
16513
15984
16008
16449
15829
16402
16644
16166
16440
16449
16840
16605
16730
16590
16318
16333
16456
16274
16102
16136
16014
16279
16490
15667
15897
15723
15828
15697
16089
15792
16307
16805
16175
16284
16755
16402
16688
16332
16138
16342
16550
16257
16179
16044
15942
15646
16084
16174
15716
15990
15498
15448
15205
15636
15826
15517
15524
15548
15481
15308
15136
15130
15382
15164
15362
15619
15688
15616
16099
16127
15656
15762
15993
16117
16078
16424
15875
15888
15913
15926
16208
16334
16181
15767
15432
15623
16093
15853
15717
15821
16126
15852
16280
16324
16216
16338
16245
16330
16303
15988
16617
16221
16412
15514
15911
15862
15929
16186
15643
15415
15803
15747
15976
15916
16016
15670
15628
15543
16198
15778
15678
15817
15853
15191
15743
15152
15327
15331
16026
15818
15495
15267
15471
15565
15142
15333
15433
15531
15395
15281
14963
15409
15249
15197
15157
15743
15047
14630
14507
14942
14690
14737
14850
14857
15092
15235
15132
14710
14860
15561
14652
14734
15008
15036
14918
14677
15355
15062
15104
14864
14990
15467
15748
15265
15066
14894
15348
15115
15253
15310
15597
15717
15910
15396
15475
15821
15524
15837
15232
15545
15001
15418
15161
14998
15032
15181
15810
15367
15443
15531
15249
15018
15302
15086
15138
14982
14606
14823
14779
14628
14734
15030
14877
14987
14902
14986
14789
14903
14490
14575
14713
14607
14564
14407
14508
14632
14912
14608
14704
14552
14486
14477
14267
14215
14474
14369
14417
14332
14668
14714
14459
14253
14156
14440
14552
14368
14472
14482
14333
14398
14527
14273
14331
14392
14227
14059
14146
13905
14082
13970
13892
13796
13948
13841
13857
13999
14131
14280
14001
14080
14232
14195
14330
14138
14107
14151
14322
14073
13781
14169
13850
14208
14318
13922
14378
14148
14328
14163
13899
14071
14179
14539
14425
14136
14357
14714
14578
14003
14328
14472
14704
14465
14781
14887
14484
14400
14236
14495
14570
14728
15036
15019
14815
15198
14927
14871
14929
14798
14933
15215
14836
15364
14678
14908
15024
14567
14257
14546
14434
14558
14695
14641
14850
14896
14695
15166
15195
15064
16350
14628
15996
15860
15876
15956
16026
16127
15830
15639
15542
15369
15481
15548
15716
15838
16012
15930
15844
15038
15169
15091
15007
15237
15058
15146
15130
14934
14795
15014
16180
14922
14935
15176
15778
15223
15506
15296
15551
15852
14594
15456
14766
15535
14906
15246
15399
15602
15085
15303
15534
14968
15121
15096
15477
15305
15419
15380
15766
15004
14980
16411
15450
15363
14925
15045
15083
15343
15230
14868
14842
15065
14941
14602
14843
14742
14678
15025
14713
14864
14489
14118
14331
14743
14534
14456
14476
14505
14287
13810
14423
14330
14074
14357
14691
14391
13915
14070
14433
14052
14277
14197
14276
13863
14689
15219
14938
15116
14865
14123
14481
14761
14060
14119
14810
15093
14607
14641
16581
14880
14623
14570
14289
15051
14757
15037
14376
14850
14765
14682
14474
14221
14524
14414
14497
14766
14915
14647
14228
14806
14044
14527
15108
14771
14345
14665
15117
14912
15062
15079
15081
15238
14821
15124
15207
14590
14937
15092
14659
14798
15004
14437
15295
15791
15181
15429
15361
15348
14869
15149
14920
14748
15157
15754
14856
14929
14841
15087
14858
14695
15787
15048
15619
15436
15328
15327
15184
15046
15233
15335
15434
15590
14818
15013
14843
15403
15047
15097
15183
15318
15059
15008
15370
14888
14626
14858
14899
14849
14598
14654
15050
15494
15649
15476
15429
15102
15059
15643
15077
15570
15048
15625
15754
15702
16496
16255
17100
16017
16038
15014
15198
16185
16650
15543
15359
14997
14983
14742
14971
15146
15601
14807
15087
15282
15169
14864
14976
15736
15226
15214
14960
15474
15562
15082
15466
16012
15894
15928
15394
15760
15597
15125
15183
15193
15414
15465
15254
15139
15157
15655
15848
15697
15723
15054
15059
15636
15289
15161
14964
15975
16105
16363
15987
16586
16957
16733
16622
16419
16367
16090
16775
16805
16898
16854
16573
16158
15981
16544
16225
17020
16225
15935
16129
15528
15517
16312
16760
16146
16774
16334
16032
16192
16270
16677
16678
16478
16002
16609
16648
16964
16149
17464
16536
16895
16196
15934
16411
16049
16432
16435
16693
16790
16328
16424
16748
16404
17176
17466
18218
16818
17503
17273
17505
16910
16164
16957
15240
16885
16987
16356
15422
16072
15114
15841
14942
15475
14769
15745
14810
14763
14630
14278
14871
14773
14869
14284
14656
14470
14210
14442
14379
14202
14635
14883
14173
14262
14569
14532
14525
14034
14086
14704
14322
14434
14964
14974
14425
14162
14111
15088
14660
14567
14431
14407
14585
14660
15194
15544
14851
15053
14707
14538
14549
14362
14967
14573
14212
14450
14665
14415
14123
14109
14208
14638
14722
14531
15090
14621
14180
14150
14833
14314
14331
14177
14754
14895
14810
15057
15498
15042
15309
15559
16048
14875
15521
14887
14930
15300
15023
14693
14927
15064
14713
15279
14950
14751
14455
14551
14680
14694
15004
14918
14846
14656
14922
15692
15240
15612
16200
15547
15523
15316
15824
15696
15275
16284
16337
15852
15682
15610
15536
16432
16446
15647
16171
16638
15876
15839
16067
15478
15465
15615
15291
14879
14936
15163
15217
15551
15535
15514
15766
15610
15652
15341
15862
15455
15529
15387
15599
15507
15415
15709
15463
15822
15448
15682
15741
15515
15789
15722
15648
16158
15939
15741
15973
16385
16629
16409
16172
16697
16158
16701
16183
16079
15915
17153
15777
15739
15375
15985
15672
15615
16186
15731
15961
15945
15377
15336
15016
14619
15164
14879
15297
15134
15056
15427
15497
15229
15348
15537
15602
15208
15184
15432
15254
15789
15227
15458
15652
15500
15564
15506
15164
15616
15442
15403
15475
15581
15301
15593
15531
15840
15352
19279
14789
15096
14872
15130
15114
15242
15585
15518
15300
15559
15494
14869
15203
15173
15175
15306
15639
15408
15002
15253
14632
14603
14784
14615
14734
15099
14993
14932
15227
14779
14872
14982
14410
14596
14508
14296
14373
14459
14482
14513
14536
14563
14417
14602
14884
14629
14793
15021
14816
15089
15001
14833
15010
14907
14703
14558
14980
14838
15377
14717
15353
15341
15064
15385
15255
15307
15312
15008
15087
15150
14741
14912
14846
15236
14886
15247
24676
14894
15413
17711
15090
14707
14766
14836
14667
15977
14798
14622
15173
14665
14708
14717
14835
14808
14399
14670
15633
15481
15239
15028
15928
15378
15317
15848
15336
16182
15330
15805
16100
15925
15810
16042
15957
15798
16001
15592
15771
15603
15878
15557
15510
16040
16028
16006
16489
16356
16239
16173
15899
16651
15929
16158
16281
16289
15918
16378
16075
16181
15742
15990
15987
15905
15960
15594
15926
16121
15744
15790
15457
16046
15805
15471
15832
15997
16348
16165
16404
16453
16037
16426
16167
16931
16493
16769
16161
16584
16131
15914
16453
16220
16118
16163
16430
16721
16575
16251
16321
16318
16679
16390
16299
16343
16434
16106
16676
16323
16074
16041
16166
16034
15605
15685
15544
15600
15595
15462
15925
15937
15527
16015
15783
15980
15579
15672
15479
15090
15467
15557
15175
15512
15132
15427
15158
14977
15332
15175
15141
15245
15416
15399
15400
15398
15487
15253
15462
15421
14890
14967
14999
14774
14767
14841
15233
15133
14987
14778
14697
14352
14569
14704
14335
14705
14180
14467
13831
14229
13786
13894
14867
14957
14345
14608
14368
14002
13961
13694
13506
14079
13972
14108
14312
14018
14416
13911
14117
13858
13634
14026
13817
13671
14187
13933
13682
13828
14332
13753
13918
13962
13820
13265
13785
13689
13847
13764
13319
13641
13505
14522
17042
17212
17017
16231
13523
13574
13596
13648
13675
13943
13553
13596
13513
13993
13500
13512
13686
13735
13449
13897
13716
13512
13457
13451
13126
12992
13230
13493
13702
13605
13903
13930
13375
13377
14331
14091
14371
14137
14565
14140
13992
14417
14058
14610
13901
14199
15193
14351
14496
14891
14728
14842
14304
13933
14119
13125
13890
13765
42241
15897
13755
13700
15998
18147
18130
18526
17869
18303
17987
18183
16457
13596
14007
14106
14656
14148
14041
13944
13972
13772
13893
13699
13673
14328
13606
14099
14093
13858
14225
14265
14126
14198
14061
14136
13697
13937
13918
13824
14079
13569
13527
13805
13503
13162
13364
13345
13417
13347
13064
13135
13444
13376
13583
13798
13378
13447
13246
13424
13544
13202
13547
13607
13318
13604
13538
13724
13313
13455
13280
13300
13315
12916
13016
13321
12977
13040
13091
13291
13556
13585
13735
13324
13482
13339
13437
13463
13467
13127
13305
13284
13201
13336
13039
13247
13297
13373
12827
13039
13326
13406
13148
13289
13691
13606
14097
13816
13652
14014
13374
13898
13673
13127
13502
13526
13653
13361
13307
13446
13407
13588
13786
13860
13688
13188
13857
13588
13877
13523
13756
13577
13875
13763
13848
13848
13846
13655
14016
13890
14123
13900
13954
13977
13776
13773
13696
14072
13676
13765
13298
13743
13502
13814
13507
13425
13636
13916
13952
14488
14412
14157
14403
14699
14259
14527
14085
14324
13955
13875
14229
14142
14017
14086
14138
14199
14302
14215
13993
13852
14014
13972
14169
14135
14084
14127
14280
14193
14164
14270
14820
14175
14248
14475
14802
14541
14327
14451
14477
15012
14466
15002
15364
14686
14782
14798
14818
15050
14566
14624
14758
15112
15252
15100
15343
14661
14791
14651
15480
16132
15806
15720
16094
16043
16027
15680
15802
16045
16118
16007
15919
16034
16159
16083
15931
16340
16194
16483
16250
15857
16179
16260
15708
14995
14945
14719
14718
14405
15063
14878
14462
15314
14957
14602
15048
14844
15151
14700
14774
15417
15306
14966
14957
14670
14734
14980
14610
14428
15018
15343
14681
14659
14880
14623
14916
14896
14478
15238
14490
15027
14767
14340
14975
14850
14249
14401
14094
14362
14484
14829
14528
14515
14916
14718
15400
14987
14801
15065
15193
14847
14523
14602
14817
14549
14583
14738
14452
15064
14198
14753
15005
14750
14199
14306
14308
14069
14101
14487
14156
14214
14357
14639
14750
14359
14505
14811
14731
14452
14567
14452
14492
14759
14609
14138
13811
14282
14220
14251
14260
14669
14735
14730
14733
14485
14670
14878
14768
14670
14794
14603
14645
14579
15391
15412
15175
15188
15290
14906
14943
15118
14937
15254
15094
14877
15195
15280
15121
15081
14923
15198
15465
15321
15155
15251
15362
15547
15620
15597
16064
16381
16643
16135
16014
16243
16625
15808
16169
16129
16678
16003
16292
15920
16763
15760
15583
16192
16319
16284
16160
17287
16426
18191
16405
16555
16449
16762
16261
16479
16237
16273
16190
16393
16703
16385
16564
16155
16294
16443
16276
16804
16015
16308
15572
16000
15761
16417
15602
15679
15948
16072
16064
16581
15975
16157
16273
16424
16280
16028
16160
16130
15969
16725
15907
15511
16551
16353
15925
15731
15834
15847
15914
16112
15972
15986
15913
15465
15363
15433
15484
15485
15844
15398
15724
15148
15108
15199
14883
14688
14422
14542
14642
14712
14918
14811
14730
14756
15090
14624
15023
15091
14781
14868
15161
15145
14808
15192
15071
14680
15335
14937
15170
15119
15352
14945
15353
14742
14954
14530
14618
14367
14533
14300
14204
14389
14357
14446
14228
14192
14013
14013
14175
13624
13568
13733
14004
13880
13851
14109
13736
14211
14251
14526
14119
14624
14382
14467
14178
14846
14390
14309
14254
14330
14081
14403
14442
14608
14224
14404
14405
14186
14324
14863
14512
14404
14315
14205
14677
14008
14100
14131
14105
14335
14226
13705
13932
13719
13927
14066
13752
13880
13761
13521
13035
13204
13101
13295
13366
13382
13137
13351
13600
13246
13354
13737
13612
13924
14008
14119
13920
14166
14000
14172
13524
13891
14360
13867
14124
14347
14876
14716
14334
14499
14779
14629
14602
14315
14508
14375
14262
14368
14458
14779
14389
13625
13796
14201
13564
14148
13548
13504
13916
14413
13596
13441
13256
13375
13296
13250
13480
14012
13543
14324
13861
14215
14342
13827
14016
14262
14472
14091
14369
14546
14798
14738
14219
13858
14223
14457
14130
14257
14109
13768
14294
14323
14432
14298
14021
14357
14139
14233
14152
14175
14257
14271
14689
16736
18306
17699
18045
16630
13821
14266
14428
14862
13936
14056
13816
13680
13756
13929
13723
14091
14195
13878
13798
15188
13670
13694
13785
13779
13896
13763
18307
18251
17898
18010
17937
17805
17662
18130
14267
13800
13763
13658
13704
13753
13749
13829
13465
13876
13543
13837
13849
13865
13829
14365
14259
14205
14301
14020
14343
14489
14195
14249
14450
14467
14418
14628
14474
14330
14678
14634
14077
14038
13640
13537
13696
13440
13864
13475
13933
14084
14495
13916
14335
14180
14488
14484
14280
14267
13885
14046
13496
13805
13583
13501
13515
13353
13467
13286
13523
13802
13845
13912
13701
14049
13927
14123
13918
14085
14568
13987
14065
14224
15040
14285
14943
14839
14550
14305
14943
15108
15426
14998
14759
14622
15062
15046
14867
15275
14387
14520
14052
14467
14707
14082
14143
14428
14332
14200
14178
16025
15441
14950
14967
15245
15089
14878
14220
14303
14581
14490
14211
14100
13820
13875
13850
14131
13684
13947
13868
14037
13705
14315
14313
14200
14698
14592
14327
14531
15089
15420
14607
14088
14467
14489
14360
14407
14705
14625
14586
14750
14537
14578
14517
14344
14535
40342
33350
25553
43968
39904
25516
21390
20802
14731
35706
33300
28053
23318
21332
14954
14637
14955
14626
14807
14012
14422
13964
14669
14501
14460
14502
14553
14652
14132
14546
14440
14346
14172
14007
14332
14558
13956
14347
14365
14265
14248
14327
14253
14433
14348
14325
14655
14882
14383
14287
14150
14184
14326
14068
14427
14075
14314
14402
14451
14146
14605
13922
14370
14570
14879
14085
14303
18508
14353
14771
14168
14674
14513
14666
14370
14371
14140
14002
14074
14042
13951
14674
14831
14720
14918
14795
14694
14581
14653
14548
14498
14434
14908
14509
14337
14319
14569
14971
15114
14725
14989
14980
14768
14520
14952
14678
15056
15092
14484
14480
14839
14742
15161
14809
14833
14901
14768
14553
15102
15063
15155
16023
15522
15483
15356
15200
15482
14887
14861
15285
16043
14854
14932
14752
14872
15027
14679
14962
14455
14776
15731
14467
14947
14949
14960
15332
15317
15232
15355
15048
15416
15210
15349
15588
15231
15672
15265
15196
14884
14694
14780
15089
14437
14055
14159
14562
14898
14945
14792
14989
14510
14878
15157
14423
15158
14935
15461
15008
15298
15762
14908
15128
14743
15359
15022
15170
15278
15265
15085
15510
15985
15836
16125
15858
16167
16119
16418
15865
16188
17071
16608
15930
16616
15820
15728
15687
15991
15993
16297
16244
16174
15612
15053
15220
14864
15227
15480
15738
15596
15448
15899
15534
15237
15214
15131
15358
15638
15056
14550
14602
14127
13848
13766
14401
14253
14009
13953
14428
14154
13990
14425
14091
13920
14570
14396
13791
13915
14038
13991
14062
14332
14524
14909
14976
14928
14968
14735
14899
14820
15519
14757
14794
15172
15026
14862
15013
15111
14884
15341
15046
14985
15264
14628
14391
15271
14991
14758
14719
14944
14581
14869
14671
14933
14715
14832
14914
16425
15988
15452
15183
15338
14944
15019
14849
14989
14836
14811
14832
14911
15337
15037
15222
14890
15114
15050
14862
14858
15275
14808
14543
13380
13350
13725
13340
13835
13458
13610
13402
13339
13409
13346
13281
13321
13185
13365
13469
13463
13397
13544
13397
13440
13509
13473
13602
13911
13681
14141
14128
13850
13718
13899
13791
13855
13877
14040
13982
13966
13933
14143
14219
13985
13911
13776
13861
13903
13897
13606
13902
13575
13924
13675
13649
13415
13730
13644
13462
13609
13268
13402
13861
13444
13312
13717
13887
13838
14117
14101
13563
14426
13690
13878
14390
13711
13913
14087
14025
14135
14033
13878
11581
13940
13697
13688
14008
14123
13981
14018
13350
13678
14047
13729
13920
14094
13619
13834
14094
14701
14101
14031
13585
13874
13317
13267
13880
13119
13225
13217
13944
13164
13347
13570
12879
13329
13066
13383
13449
13355
13890
13725
14171
13841
13864
13972
14099
13939
14115
14082
14392
14150
14218
14304
14232
14214
14522
15828
14269
14302
14225
14452
14124
14185
14264
14227
14135
14232
14458
14423
14357
14486
14371
14278
14244
14079
14204
14369
14241
14206
14197
14277
14325
14380
14435
14621
14559
14589
14897
14569
14479
14664
14684
14968
14689
14486
14325
15454
16255
16035
16680
16164
16063
16329
16341
16391
16075
16365
16230
16102
16300
16009
16210
16364
17716
17470
17335
17177
17676
17509
17685
17549
17236
17170
17286
17129
17329
16881
16747
17010
17295
17050
16905
17621
17358
17558
17084
16484
15723
15805
15907
15849
15800
15965
15797
15891
15989
15769
16131
15978
15958
15780
16214
16283
16195
15930
16060
16064
16141
16886
16062
16060
16037
16451
16024
16449
16108
16078
16717
16388
16736
16528
16462
16984
16973
16598
16488
16288
16346
16125
16289
16516
16280
16490
16548
16580
16245
16412
16358
16109
15983
15852
16428
15752
15580
16374
15568
15736
15562
15659
15988
15764
15887
15738
16050
16290
15768
15685
15871
15667
15709
16100
15708
15749
15855
16038
16071
15834
16015
15667
16237
16077
15739
15784
15552
15964
15678
15709
16321
15929
16066
16554
15932
16435
16313
15548
16030
15777
15621
15419
16015
15777
16004
15812
15743
15637
15680
15796
15430
15372
15488
15922
15717
16235
15657
15473
14759
15214
15426
15357
15153
15400
15556
16015
16550
16782
16695
17282
16423
16675
16908
16659
16481
16332
16885
17111
16778
16948
17372
17172
17192
16057
15973
15806
15778
15921
15821
15508
15940
15359
15643
15825
15760
15647
15718
15597
15825
16112
15687
15694
16183
15889
15867
15573
15284
15323
15395
15380
15636
15709
15558
15633
15364
16044
16205
15590
15855
15452
15685
15817
15461
15615
15551
15305
15405
15314
15359
15231
15537
15369
15662
15750
15464
15453
15609
15441
15254
15269
15292
15883
15393
15119
14966
15326
15216
15532
15436
15406
15255
15508
15520
15528
15270
15138
15042
15560
15936
15565
15230
15022
15420
15942
15578
15626
15702
15346
15473
15901
15879
15752
15436
15312
15404
15613
15648
15503
15833
15603
15149
15519
15849
15256
15632
14967
15081
15095
15100
15259
15150
14795
15091
14913
15245
14947
14902
15681
15223
15229
15122
15010
15147
15237
15033
15112
15052
15019
15204
15747
13975
14198
13958
14211
14301
14897
14369
14364
14740
14971
13953
14688
14709
14666
14630
14487
14922
15638
14519
15119
14757
14683
14868
14875
14615
14638
14550
14509
15047
15136
15012
15234
14965
15139
15282
15098
15026
15466
15237
16007
15906
14805
15963
14879
15141
15155
15175
15048
15623
15562
15678
15538
15107
15179
15576
15473
15010
15699
15333
15499
15456
15403
15007
15344
15085
14896
14842
14918
15442
14801
14761
14796
14970
15664
15669
15820
16242
15166
15257
15413
15028
15309
15801
15411
15651
15587
15947
15387
15656
16053
15695
15754
15067
15770
15477
15106
14528
14624
14331
14441
14924
14659
14734
14844
14567
14299
14628
13962
14293
14372
13809
14270
13946
13951
13796
13608
13866
14081
13824
13870
14508
13791
13727
14136
14037
13294
13542
13550
13343
14054
13563
13737
13573
13809
13750
13401
13172
12930
12898
13144
13885
13597
14119
13483
13141
13483
13583
13059
13439
14035
13560
13959
13599
13591
14149
13945
14245
14112
14488
14409
14764
14674
14760
14322
14385
14439
14752
14779
14393
14409
14778
14460
14629
14487
14580
15692
15422
15248
15523
15282
14288
13827
13705
13484
13825
14128
13711
14300
13802
13908
14428
14194
14500
15087
14803
14822
14910
15143
15321
15139
15518
15176
15043
14750
14782
14848
15198
15757
15179
15189
15014
15193
15592
15255
15674
15957
15565
15449
15344
15457
15210
15586
15217
15391
15233
15333
15262
15060
15245
15213
14776
15301
15228
15011
14554
14754
14957
14411
14387
14539
14455
14739
14476
14524
14616
14590
14127
14598
14126
14442
14354
14542
14455
14507
14510
14464
14282
14504
14324
14130
14778
14388
14685
14570
14308
14275
14238
14117
14095
14591
14333
14309
14428
13773
14092
14834
14183
13824
14335
13998
13859
13865
14065
13947
13835
13870
14115
14108
13657
13957
14259
14077
14019
13591
13782
13826
14242
13781
13725
13433
14148
13709
14289
14373
14649
14300
13887
13917
13846
13848
14381
13636
13321
13228
13258
13266
13120
13043
12960
13086
13520
12978
12937
12898
12701
12785
12964
13105
13073
13021
13127
13234
13150
13109
13143
13399
13387
13235
12913
13122
13102
13296
13162
13334
13125
12997
12776
12935
13025
13195
12952
12993
12907
13043
12803
12749
12741
12724
12769
12844
12779
12964
12968
12713
13056
12738
12819
12596
12763
12706
12799
12958
12755
12837
13032
12731
12800
12731
12836
13130
13191
13250
13177
13322
12902
12921
12770
13186
12860
12910
13058
12759
12932
12977
13142
13004
13089
12784
13235
12997
12941
13015
12943
13039
13177
13112
13203
12975
13092
13072
13253
13182
13183
13044
13237
13041
13215
13402
13372
13383
13186
13459
13742
13852
13928
13695
13957
13546
13900
13748
14039
13225
13622
13699
13531
13334
13829
13364
13150
13478
13479
13642
13610
13760
13778
13746
13653
13393
13431
13449
13572
14154
13658
13473
13509
13335
13641
13603
13462
13268
13826
13366
13322
13734
13591
13603
13406
13944
13621
13340
13386
13376
13308
13682
13477
13538
13468
13323
13770
13751
13540
14070
14024
13540
13806
14053
13878
13294
14066
13694
13531
13335
13660
13312
11096
13601
13445
13261
13333
13268
13783
13458
13697
13727
13408
13650
14132
13840
13667
14393
14080
14198
14613
14137
14889
13906
13970
13890
13713
13920
13966
14653
14620
14189
14056
14064
14548
13970
14308
14054
14065
14062
14187
15380
14384
14076
14148
14483
14305
13967
14137
14472
14349
14066
13939
14033
13809
13878
13989
13966
15204
14908
14712
14893
15083
16346
18478
18367
18800
18675
18964
19229
19118
19417
15171
15520
15556
15460
15097
16474
15748
15750
15865
15669
15508
15454
15492
15621
15220
15562
15714
15316
15713
15194
14898
14853
15032
14840
14660
14359
14200
14304
14310
14440
14388
14546
14594
14465
14389
14461
14667
14569
14595
14252
14688
14808
14805
14742
15650
14827
16931
17997
17894
18131
17783
18022
17696
17822
15693
14046
14007
14046
14234
14378
14085
13886
14099
13911
13826
14344
13494
13834
13925
13911
13608
13805
13747
13798
14169
14124
14814
14540
14880
15018
15001
15543
14327
14992
14340
13989
14755
14863
14955
13457
14537
13672
13655
13988
13345
13724
13627
14169
14077
14025
13942
13827
14100
14371
14179
14663
15067
14556
14853
14560
14656
14755
14577
14765
14388
14921
15276
14734
14600
14995
15078
15011
14849
14738
14976
14600
14716
14825
15005
14939
14768
14751
14805
14764
14931
15558
14625
14240
15175
14810
14598
14387
14926
15335
14375
14536
15042
14885
15062
14672
14710
14859
15531
15300
15028
15042
15102
16532
15226
14546
15062
14848
14508
14819
15143
14773
14534
14513
14753
14675
14803
14944
14605
15449
15736
15062
15218
15755
15621
15927
15641
15740
15826
16512
16391
17993
15921
15800
15903
15190
15712
15301
15517
15607
15788
16642
16500
16143
15970
15798
15783
15894
15629
15676
15894
15852
15607
15327
15773
15640
15851
15450
15435
15142
14886
15227
14773
14692
15140
15065
15337
14989
15262
15037
15079
15161
15647
15569
15917
15635
15826
15518
15263
15504
15294
15083
15361
15577
15391
15531
15345
15300
15184
15861
15367
16135
15089
15057
15554
15081
15066
15024
15043
15207
15299
15669
15599
15626
15489
15627
15025
15461
15943
15676
15525
15427
15644
15635
15383
14905
15468
15407
15431
15823
15480
16117
15792
15462
15578
15507
15211
15326
15384
15676
15521
16427
16298
16000
16111
16043
16310
15996
16312
16171
15861
16239
16212
15933
16394
16193
16117
15998
16668
16840
16866
16879
17233
16690
16784
16595
16921
16927
16457
16737
16631
16968
17669
17831
16792
16971
17231
16986
17128
17253
17047
17385
17325
17835
17497
17559
18370
18187
17588
17567
17946
17782
17573
17440
17663
17807
17784
17671
17450
17655
17631
17425
17567
17556
17441
17442
17531
17830
18038
18088
17676
17840
17508
17997
18031
16882
16393
16853
17050
17049
16819
16926
16864
16797
16725
16966
16811
16608
16276
16277
16039
16350
16681
16195
16217
16178
16189
16241
16431
16245
16360
15950
16199
16264
16058
16034
15856
16203
16437
19220
19826
20408
20490
20340
20203
19908
20526
18384
16078
16218
40872
24009
16007
16951
16257
16276
16393
16093
16556
16463
16410
16646
16255
16714
16237
16251
15953
16198
16229
15710
17554
17989
17656
16737
16824
16987
16785
16385
16524
16637
17102
16555
15492
14839
15107
15173
15567
15298
16405
14887
15191
14702
15181
14976
15475
14677
14883
15095
15050
14803
14786
15037
15502
14692
14871
14926
14898
14625
14706
15061
14562
14410
15347
15234
14719
14733
14621
14761
14860
14656
14815
14806
14754
14624
14653
14794
14729
14693
14603
14705
14845
15059
14756
14887
14837
14779
15220
15172
15199
15213
15097
14978
15453
15515
15259
15356
15828
15831
15671
15746
15386
16007
16191
15649
15523
15854
15495
15540
15533
15698
15285
15500
15656
15413
15515
15503
15485
15677
15254
15447
15251
15308
15817
16047
15880
15500
16304
15883
16106
15902
16291
16456
16267
16384
16405
16418
16506
16888
17217
16667
16983
17162
16958
17421
17114
17052
17007
17018
17299
16937
16870
16942
17134
16647
16983
17155
17138
16987
17037
17225
17294
17044
17045
16977
17721
17215
16905
17102
17314
17028
17528
17554
17252
16977
17167
17183
17364
17265
17326
17512
17701
17000
17301
17807
17235
21176
17864
17391
17576
17923
17509
17447
17150
17442
17033
16937
16999
17224
16850
16714
16708
16936
17014
17545
16733
16964
17012
17062
17162
17364
17340
16773
17718
16874
16882
17107
17029
16994
17012
17313
17097
17510
17300
16799
16833
16895
16769
17130
17148
17516
17558
17381
18874
17574
17650
17387
18016
17478
17594
17399
17455
17522
17596
18333
18781
17436
17449
17643
17345
17088
17835
17637
17917
17255
17309
17873
17066
17396
17369
17446
17221
18197
17920
17343
17483
17435
17469
17395
17179
16588
16411
14648
14867
15024
14537
14881
14737
14483
14130
14767
14451
14266
14559
14815
14678
14273
14615
14599
14408
14341
14255
14251
14450
14487
14289
14672
14285
14109
14560
14655
14587
14504
14517
14555
14768
14536
14722
14822
14471
14970
15198
15328
15465
14706
14774
14950
14537
14623
14637
15124
15239
14933
15209
15128
14810
14836
14789
14975
15231
14780
14952
15039
15149
14817
15021
14654
14562
14773
14856
15357
18811
14487
14475
14587
14661
14757
14570
14755
14608
15038
14639
14710
14806
14943
14680
14767
14828
14806
15158
15334
14696
14868
14751
14858
15004
14763
14773
14610
14748
14769
14940
15217
14769
14784
14796
14913
15054
15212
14668
14478
15235
14713
14782
14493
14682
14571
14598
14323
14271
14621
14411
14276
14358
14363
14529
15171
14650
15326
14321
14947
14445
14578
14718
15008
14432
14453
15064
14880
14552
14573
14418
15585
15079
15450
14489
14712
14642
15294
14451
14796
14920
15032
14684
14990
14646
14879
14837
14883
14844
15260
15276
15220
15452
15097
15442
15376
14827
14666
15109
15258
14988
14575
15093
15296
14516
15052
15029
14720
14983
14521
14337
14479
15852
17022
17440
17902
16892
14609
15030
14980
15297
14948
14823
14990
14851
14928
14806
14627
14478
14682
14362
14656
14617
14538
14210
14447
14830
14303
14575
15050
15728
14756
14999
14710
14879
14733
14678
14763
14780
14899
14323
14541
15048
14884
14755
15028
14764
14851
15045
14911
14818
14661
15212
14463
14465
14585
14571
14275
14648
14696
14636
14372
14358
14173
14258
14403
14287
14385
14192
13866
14370
14017
14413
14287
14571
14702
14325
14611
14381
14531
14921
14649
15033
14790
14767
15028
14968
14911
15181
14772
15321
14988
14966
15755
15274
15514
15176
15443
15319
15337
15993
16052
15884
15622
15364
15380
15931
15089
14998
14776
14878
15065
14987
14408
14773
14515
14549
14876
14375
14290
14251
13925
14483
14563
14507
14645
14664
14710
14525
14581
14624
14696
15036
14791
14712
14492
14409
14560
14305
14661
15073
14999
15137
15267
14798
14468
14626
14449
15130
15455
15229
15441
15449
16156
16377
15943
15556
15814
15626
15358
15406
15378
15492
15150
14973
15062
14990
14840
15031
14854
15114
15131
15025
15121
14805
15072
15308
15086
15274
15460
15450
15997
16183
16040
16375
16586
15774
16128
15474
15625
15037
15286
15788
15694
15282
15504
15265
15581
15874
15757
15886
15911
16493
15775
15766
15931
15631
15354
15110
15349
15054
15118
15685
15359
15776
15991
15267
15564
15714
15496
15662
16217
15870
16148
16394
16743
16392
18822
17104
16860
16692
16630
16083
16457
16351
15784
16073
16063
15800
15763
15567
15514
15542
16361
16323
15683
16317
15928
16181
15786
16213
15959
16289
16187
16115
16288
16171
15632
15643
16165
15713
16262
15945
16264
15758
15747
16449
16368
16003
16264
15893
15407
15437
15508
16121
15344
16021
15372
15326
14942
15322
15386
15294
15171
15467
15084
15301
15360
15485
15584
15473
15355
16307
16065
16142
15869
15762
15855
16246
15425
15677
15802
16022
15817
15483
15704
15763
15789
15711
15867
15879
15959
15730
15308
15558
15470
15850
15557
15419
15178
15018
15304
15509
15143
15546
15705
15546
15397
15405
15444
17820
19695
19306
19559
19906
19606
19302
19652
17617
15886
15338
15476
15409
15273
15106
15283
15109
15178
15305
15454
15496
15685
15517
16031
15521
15258
16044
16079
15063
15445
14988
15236
15175
14935
15073
15069
15055
15022
14958
14952
14870
14725
14695
14753
14540
15097
14936
14992
15077
14953
14988
14908
15585
15272
15224
15051
14775
15055
15186
14996
15153
15081
15257
14851
14725
14675
14993
14651
15265
15112
15032
14816
15187
14641
14703
14939
14804
14999
14842
14942
15338
15421
14839
15323
15334
15395
15780
16302
15901
15806
16020
16086
16012
16371
16560
16041
16684
16490
16933
16530
16605
16616
16681
16304
16495
16572
16580
16575
17097
16732
16606
16528
16696
16930
16522
16625
16371
16225
16662
16531
16513
16101
16241
16368
16543
16476
16157
16058
16121
15887
16394
16504
16472
16502
16417
16304
16502
16270
16519
16456
16296
16097
16322
16460
16418
16309
16124
16163
16208
16103
16140
16109
16283
16567
16414
16690
16689
16543
16550
16461
16311
16608
16760
16726
16757
16620
17119
16638
17298
17172
16143
16016
16585
16466
16251
16484
16501
16220
16398
16135
16547
16226
16467
16034
15781
15545
15695
16055
16387
16515
16279
16982
15742
15677
15575
16124
15412
15562
15318
15564
15516
15631
15850
15352
15737
15699
15541
15462
15453
15368
15648
15025
15199
15153
15317
16255
15895
15730
15114
15239
15205
14900
14672
14740
14930
15096
15282
15437
15330
14925
15297
15307
15045
15490
15150
15119
15341
15503
15426
15468
15362
15210
15355
15250
15271
15393
14971
14982
15389
14904
15108
15475
15810
15533
15641
15513
15199
15608
15679
15416
15797
15505
15732
14973
15503
15561
15576
15334
15639
15596
15798
15076
15098
14978
15229
15405
15488
14970
15381
14917
15265
15557
15470
15567
15219
15330
15175
15612
15489
15456
15434
15348
15695
15288
15485
15431
15661
15305
15680
15608
15574
15534
15520
15496
15641
15846
16039
16116
16011
16188
16078
16355
16023
15692
16312
16100
15838
16070
15703
15406
15778
15955
16061
14910
15334
14480
14441
14517
14438
14764
14996
14533
14779
14970
14625
14614
14984
14900
14459
14602
15052
15393
15032
15029
14950
15219
15449
15032
15346
15043
14991
15273
15029
14956
14721
14725
14751
14537
14410
13926
13508
14167
13639
13630
13320
14292
13321
13578
13672
14546
15109
14442
14086
13616
13330
13646
13605
13883
13252
13749
13444
13395
13364
13727
13945
13469
13470
14256
13597
13583
13558
13644
13594
13768
14240
14278
14113
14211
14154
14082
14089
14114
14218
14522
14622
14508
14378
14140
14599
14438
14758
14303
14233
13954
13766
13970
14051
14755
15077
15046
15054
15246
15484
15080
14894
14929
14847
14766
15072
15004
14928
14718
15218
15120
15117
15019
15394
14891
15190
15379
15069
14475
14878
14616
15440
13907
13750
13577
13424
13635
13493
13717
13833
13489
13357
13419
13301
13691
13554
13570
13286
13238
13931
13228
13274
13561
13179
13302
13784
13620
13849
13174
14031
13426
13584
13717
13847
13641
13753
13702
13612
13540
13452
13788
13226
13464
13378
13416
14136
13689
13593
13515
13712
13816
13957
13676
13910
13771
13667
13390
13271
13473
13522
13490
13526
13559
13516
13465
14188
13240
13471
13645
13311
13270
13352
13276
13153
13320
13422
13359
13308
14025
13362
13470
13394
13107
13170
13260
13464
13418
13440
13723
13432
13412
13602
13200
13330
13277
13330
12878
13616
13398
13162
13393
13639
13371
13493
13561
13557
13409
13590
13086
13138
13038
13373
13448
12961
12959
13225
13697
13717
13521
13435
13764
13532
13414
13240
13275
13249
12955
13320
13480
13557
13490
13585
13626
13363
13633
13322
13412
13364
13800
13198
13580
13507
13332
13951
13735
14125
13657
13752
13534
13014
13750
13311
13008
12998
13362
13306
13817
13084
13253
13214
13187
13185
13626
12919
12950
13380
13099
12936
13151
13301
13369
14564
12985
13448
13449
13922
13494
13577
13967
13941
13989
13648
13684
13934
13714
14089
14052
14241
14079
14237
13550
13897
14390
14011
14733
13804
14092
14122
13760
14094
14142
13872
13988
14282
14117
14243
13742
13903
14369
13821
13971
14117
14760
14092
14150
13864
14350
14073
14134
14301
14271
13953
13928
13997
14073
13922
14019
13860
13856
14577
14172
14169
14275
14345
14037
13815
14176
14044
13836
14325
14566
15067
14855
14491
14785
14934
14974
14877
14758
14819
14948
14838
14922
14772
14992
15070
14882
14807
14694
15045
14785
14935
15106
15051
14882
14765
15094
14841
15191
14980
16831
15423
15575
15453
15564
14770
14803
15060
15155
14672
14992
14811
15314
14930
15070
15084
14891
15047
15459
15079
15014
14957
15276
15406
15142
14951
15143
15032
15137
14957
15329
15040
15158
14830
14932
15258
14964
15206
15140
15366
15331
14901
15377
14926
15166
15211
15330
15785
15234
15149
15117
14865
15016
15017
15017
14896
14609
14453
14383
14528
14272
14411
14230
14227
14328
14708
14396
14551
14264
14352
14437
14896
14823
14672
15291
14075
14555
14351
14615
14533
14557
14030
14883
14495
14452
14416
14456
14410
14315
14205
14103
15062
15492
14804
15046
14667
15052
14983
14701
14643
14511
14814
14401
14377
14600
14976
14811
14871
14974
14862
14384
14610
14687
14323
14421
14308
14333
14737
14443
14696
14799
15257
14741
14528
14628
14540
14475
14539
14852
14562
14477
14484
14563
14776
14571
14766
15004
14962
15077
15034
14876
14933
15126
15167
14700
15105
14962
14814
15195
14644
14688
14530
14745
14480
14668
14756
14728
14615
14839
14714
14803
14756
14859
14782
15190
14753
14659
14967
15158
14521
14858
14480
14527
14743
14740
14641
14757
14850
14368
14576
14686
14301
14170
14081
14336
14669
14489
14896
14553
14616
14416
14419
14442
14258
14191
14226
14208
14339
14468
14426
13978
14408
14193
14321
14288
14106
14090
14002
14303
14056
14028
14263
14267
14192
14176
14226
14102
13844
13735
13947
13534
14085
13934
13742
13922
14327
14169
14522
13717
13833
14019
13830
14241
13471
13644
14090
14148
13874
13697
15180
14523
13967
13995
14359
14347
14095
14476
14292
14130
13992
14360
14305
13712
13719
14011
13861
14524
14524
14099
13708
14089
13529
14079
14069
13930
14041
14082
14107
14207
13892
13941
14637
14394
14211
14584
14328
14095
14119
14127
13999
14413
14233
14139
14187
14339
14063
14323
14168
14258
14361
14642
14223
14316
14090
13940
14091
14267
14512
14299
15474
14867
14724
14272
14684
14416
14231
14643
14543
14326
14666
14580
14623
14839
14432
14334
14353
14596
14891
14781
14867
14767
15128
14446
14924
14629
14811
14411
14406
13841
13725
14183
13926
13960
14083
14354
14359
14034
13793
13962
14204
14190
13912
14555
14257
14106
14251
14338
14365
14865
14742
14523
14561
15049
14548
14908
14566
14472
14484
14649
14731
14421
14388
14138
14436
13965
14263
14100
14046
13618
14214
13995
13740
13709
13560
13350
13905
14710
13719
13815
13732
13889
14088
13711
14289
14027
13865
14351
14220
13758
14177
13823
13690
15127
14367
15961
16476
16398
16502
16350
16802
16221
16130
16104
15841
16412
16162
16283
15995
15903
16031
16417
15892
15988
15853
15929
16632
15931
15227
16267
16381
16618
15587
15914
16706
16113
15991
15384
14081
14157
14193
14523
14872
15093
14586
14371
14355
15120
14872
15149
15243
14603
14271
14837
14495
14629
14843
14702
14461
14504
14981
15070
14916
14822
14895
15876
15280
15348
15155
15547
15245
15336
15482
15875
15327
15639
15594
15759
16115
16056
15978
15926
15569
16080
16237
18371
16201
16091
16252
15663
16530
15878
16452
16066
16242
16919
17373
15320
15047
15065
15513
15460
15722
15811
16484
15579
15279
15745
15742
15464
15434
15782
16415
15511
15380
15457
15573
15036
14787
14868
15354
15238
15588
15034
14809
14802
14923
15254
14798
15089
15276
15141
14754
15416
15684
15483
15121
15251
15042
15329
15331
15635
16246
15054
15471
15147
15341
14888
14796
15038
15241
15406
15033
14728
15002
14838
15061
14883
14924
14894
14915
15016
15102
14978
15248
15159
15152
14757
15119
15294
15348
15556
15241
15454
15330
15539
15605
15795
15630
15852
15613
15679
15496
15564
15949
15649
15724
15657
15572
15693
15837
15507
15538
15355
15720
15556
14706
15109
14982
15280
14996
14872
14894
14702
14775
14816
15025
14843
14896
14875
14996
14903
14404
15130
14869
14731
14639
14275
14802
14727
14819
14773
14637
14661
16053
20030
18619
19995
15361
14404
14613
14556
14234
14318
14479
14572
14637
14761
14388
14174
14539
14614
14914
14362
14276
14490
14668
14667
14443
14502
14736
14778
14988
14788
14625
15238
14854
15827
15431
15007
14816
14666
15207
15368
15489
15083
14857
14894
15447
15366
15626
15402
15113
16176
15245
14956
15162
14753
15323
14601
14990
14737
14794
15191
14841
14748
14708
15025
14691
14803
14718
14766
14511
14549
14338
14528
14716
14238
14427
14499
14831
14542
14763
14303
14439
14052
14522
13994
14141
14308
14244
14525
14220
14146
14479
14548
14866
14116
14545
14713
14536
14664
14247
14909
14754
14512
14957
14701
14752
14741
14908
15232
14712
14519
14912
14807
14685
14694
14931
14763
14544
14488
14299
14500
12769
14868
14752
15050
14896
15085
14882
14888
14871
14612
14738
14573
14497
14316
14287
14568
14451
14178
14359
14032
14112
13949
14004
13940
13572
13728
14158
13886
13968
13993
13964
13920
13889
13877
13848
13880
13962
13976
13965
13872
13814
14068
13802
14008
13645
13742
13658
13771
13905
14210
13623
13868
14404
13953
13887
14059
13954
13974
13872
13968
14677
14283
13924
13864
14191
14378
14277
14373
14892
14560
14542
14530
14321
14647
14096
14842
14647
14819
14189
14874
14112
14146
14198
13949
14046
14277
14762
14798
14239
13941
14128
14017
13922
13763
13964
14032
13922
14120
14160
14230
14469
13936
14254
14117
13863
14191
13988
13812
30042
27698
13986
13915
14264
14320
14220
15075
14641
14664
14535
14176
13991
13996
14064
14489
14168
14058
14570
14438
14448
14384
14325
14157
13948
14111
13674
13758
14160
14127
14419
14567
14182
14803
14258
14562
14546
15241
14911
14793
15846
15364
15473
15613
15106
15607
15074
15022
15110
15057
14828
14980
15017
16085
16868
15654
16344
15395
15367
15007
14957
15251
15277
15169
15250
15301
15189
14997
14918
15054
14779
14748
14896
14526
14532
14234
14208
14324
14231
14397
14444
14403
14415
13976
14454
14318
14865
14290
13937
13964
14267
14152
14145
14819
14242
14670
14320
14797
14687
15034
14882
14698
14470
15051
14580
14765
15011
14873
14681
15117
15074
15712
15206
14700
14802
14507
14619
14721
15065
14956
15207
15432
15478
15620
15761
15604
15572
15723
15670
15570
15453
15531
15745
15520
15434
15436
15335
14779
14278
14342
14565
14255
14230
15008
14756
15065
15655
14540
14667
14702
14814
14739
14482
14503
14267
14410
14122
14588
18453
20429
18047
18439
14445
14672
14547
14724
14813
14614
15028
14640
14283
14524
14498
14893
14365
14334
14304
14512
14614
14329
14374
14665
14580
15081
14760
14305
14558
14610
14613
14971
14600
14793
14768
14275
14390
14689
15341
15253
14374
14800
14521
18188
18327
15023
14346
14537
14730
14574
14346
14467
14453
14612
14547
14495
14655
14945
15036
14707
14846
14895
14891
14944
14533
15145
15201
15274
15294
15456
15044
15237
14792
14688
15105
14658
14998
15372
15088
14787
14651
15724
15487
15200
15403
15006
15225
15107
15306
15155
14642
14890
14911
14831
14872
14931
15254
14763
14962
15130
15019
15445
15171
15209
14880
14783
15379
14701
15527
15052
14970
14780
15103
15155
14803
15066
14368
15147
14642
14525
14534
14713
14662
14774
14364
14451
14508
14831
14610
15223
14884
14731
14960
14859
14956
15061
14833
14599
15004
14896
14755
15699
15531
14589
14795
14553
14491
14577
14743
14452
14475
14462
14289
14400
14433
14570
15017
14527
14455
14890
14943
14775
14540
14613
14190
14331
14393
14534
14657
14646
14425
14638
14527
14410
14203
14354
14221
14193
14341
14349
14251
14160
14261
14549
14756
15026
14772
14862
14536
14936
14989
14515
14747
14669
14833
14458
14659
14373
14596
14416
14229
14422
14782
14882
14732
14624
14768
14736
14764
14952
14571
14515
14859
14523
14595
14699
14793
14692
15084
14890
14891
14542
14681
14622
14762
14606
15043
15035
15337
15016
14848
15430
15088
15342
15207
15259
16474
14973
15322
15261
15105
15155
15032
15265
15265
15325
15064
14785
15295
15952
15339
15161
15390
15441
15077
15307
15346
15202
19136
15433
15536
15550
15270
15551
15813
16296
16717
16390
16185
16676
16999
16763
16633
16834
16998
16810
16774
16413
17035
16913
16349
16241
16279
16476
16334
16386
16104
16907
16703
16599
16807
18000
17590
17052
16591
16483
16403
16988
17174
16935
16738
16837
16599
16775
16487
16579
16474
16800
15494
15483
15354
15297
15326
15392
15583
15429
15575
16035
16037
16113
15933
16138
16145
16332
15864
16432
16268
16041
15824
15979
16460
16827
16540
15993
16453
16004
15956
15789
15876
16043
15693
16105
15761
16009
15197
15346
15745
15590
15174
15742
16068
17138
16242
16107
16270
17692
16430
15953
16012
17156
16684
16429
16497
16242
16489
16382
16268
16753
16480
15900
15919
16171
16000
16122
16326
15805
15849
15949
16070
16474
16587
15615
15437
15552
15482
15274
15576
15167
14608
14197
14267
14353
14594
14414
14340
14324
13968
14722
14450
14971
14665
14228
14815
14481
14436
14419
14005
14390
14923
14267
14075
13557
14128
13625
13529
13937
13722
13449
13148
13705
13655
13399
13747
13687
13522
13751
13510
13810
13941
13542
13441
13740
13618
14109
13852
14213
14459
15031
14082
14400
14100
14751
14321
14282
14310
14429
13589
13468
14207
13746
13439
13835
13737
13874
14013
14042
14055
13732
13891
13882
13674
13998
13633
13808
14012
14002
14093
13862
13963
13961
14026
13702
14711
13937
14204
13942
13815
13719
13712
13871
14204
13766
13967
14104
14152
13711
14001
13986
14128
14355
14205
13861
14383
14388
14213
14336
14073
13873
14070
14145
14133
14112
14316
14021
14172
13938
14506
14532
14317
14225
13585
13827
13731
13774
14271
14299
13857
13824
13872
14727
13945
13807
13861
13804
13727
14048
13890
13714
13832
14105
13881
14106
13959
14189
13951
13956
13861
13663
14115
13878
14051
13863
13894
14247
14289
14447
14062
14175
14041
14273
14471
14231
14193
14162
14120
13860
13787
14048
13561
13797
13585
14252
14293
13957
13425
13236
13765
13662
13383
13212
13461
13790
13303
13302
13884
13609
13269
13696
13389
13828
14846
14917
14941
15448
14324
13965
14749
14909
13906
13462
13732
13652
13738
13459
13366
13601
13793
14120
14179
14497
14407
14467
14400
14397
14396
14705
14518
14560
14333
14520
14657
14644
14768
14458
14464
14365
14529
14299
14777
14875
15019
14718
14619
15087
15044
14414
14718
14825
14726
14919
15574
14683
14929
14943
14925
15213
14654
14768
15182
15832
15323
15268
15354
15371
15063
15101
14889
15012
14759
15616
15797
15620
15009
14925
14314
15145
14520
15503
14799
14997
14514
14497
14195
14555
14694
14745
14791
14983
15129
15006
15032
14821
14846
14856
15378
15831
14782
15035
15156
15341
18724
18982
19439
19584
15774
15259
15201
15043
15183
15217
15364
15217
15098
15334
15187
15595
15189
15305
15402
15668
15493
15774
15662
15410
15512
15684
15497
15368
15518
15635
15736
16119
16377
18252
17256
16983
15942
15895
15810
15898
15845
15884
15486
15930
15873
15773
15781
15989
15861
16512
17570
15615
15770
17065
16128
17259
15500
15337
16054
16014
16034
15667
15465
15245
16020
16176
15874
15362
15491
15536
15071
15000
15229
14906
15189
15647
15685
15363
15264
15793
15358
15070
15173
15227
15118
14957
15012
15195
15429
15748
15416
15556
15134
15081
15309
15417
15347
15209
14613
14790
14545
14646
14865
14832
14507
14629
14856
14800
14685
14455
14723
15151
14461
14898
14763
15118
15064
14832
15105
15083
15601
14903
14577
14721
14485
14448
14861
14707
14863
15052
14833
15168
14760
14764
14966
14687
15017
14861
15059
15148
15043
14678
14969
14742
14630
14478
14817
14833
14859
15364
14886
15321
14799
15584
15077
15152
14749
14803
15469
14962
15211
14727
14907
14811
15256
14925
16267
14976
14750
14704
14983
15015
14809
14840
15034
15156
14795
15154
14867
14365
14452
14469
14529
14512
14314
14424
14266
14079
13879
13910
13899
14181
13996
14030
13948
13940
13915
13839
14089
14386
13894
14217
14090
14384
14227
14214
14179
14549
14385
14480
14707
14810
14682
14634
14666
14764
14843
14606
14448
14738
14486
14331
14028
14903
14344
14595
14250
14203
14432
14727
14658
14579
14455
14713
14487
14401
14648
14239
14337
14113
14696
14777
14364
14011
13886
14162
14086
14310
14381
14087
14218
14932
14697
14278
14277
14494
14154
14487
14633
15000
14300
14260
13713
14014
14144
14453
14236
14467
14288
14315
14681
14439
14342
14503
14316
14491
14220
14411
14725
14352
14367
14262
14143
14247
14074
13871
14062
14195
14051
14209
14253
14063
14549
14930
14852
14839
14886
14755
14694
14681
14871
14780
14760
14806
15002
14809
14753
14887
15008
14901
14701
14584
14753
14518
14572
14752
14296
14155
14160
14284
16913
17721
17754
17588
15922
14557
14119
14802
14559
14297
14221
14722
14719
14586
14485
14702
14565
14885
14411
14607
14595
15371
14935
14949
14957
14294
14573
14293
14131
14112
14227
14051
14059
13943
13891
13948
13804
13424
13943
13874
14032
13687
13592
14127
13678
14060
13695
13512
13534
13404
13683
13583
13296
13819
13419
13742
13422
13512
13368
13537
13524
13386
13225
13746
13533
13286
13631
13790
14158
14274
13581
14008
13846
13825
13663
13805
13998
13868
13805
14193
14090
14433
13920
14516
14355
14470
14292
14727
14601
14478
14553
14467
14361
15642
14398
14433
14449
14538
14532
14386
14392
14567
14776
14559
14923
14851
14732
14598
14773
14988
14764
15070
14908
14714
14766
14646
14455
14610
14080
14890
14450
14552
14423
14574
14388
14311
13995
14417
14497
14264
14102
14810
14112
14685
18365
14318
14109
13902
14434
13719
14056
14310
14053
14549
14601
14305
14727
14224
14012
16869
13900
14398
14810
14346
14106
14400
14065
14057
14178
14431
14203
18041
18517
14276
14481
14496
14459
14668
14466
15205
14796
15141
15064
15072
15308
15978
15332
15430
14929
15200
16546
15735
15099
15007
14703
15196
14930
14827
15083
14803
15045
14828
14849
14868
14523
15092
15264
14801
14763
14633
14864
14865
15198
15147
15117
15814
15020
15252
15619
15285
14698
14622
14887
14896
14388
15589
15028
15422
14900
14746
14781
14845
15198
14911
14771
14674
15142
15232
14493
14647
15026
14526
14760
14811
14659
14864
14956
15049
14943
14956
15617
15873
15874
15779
16259
15994
16009
15894
16028
15838
15731
15918
15650
16021
16005
16315
15576
15500
15882
15849
16260
15897
16241
15786
15852
15634
15800
15600
15370
15416
15455
15607
15309
15343
15365
15541
15602
15770
15302
15757
15526
15507
15722
15599
15191
15577
15700
15841
16128
15869
15544
15610
15635
15412
15595
15587
15532
15682
15561
16230
15521
15362
15474
15823
16711
16456
15946
15919
15599
15646
15797
16176
15998
15682
16290
15980
15728
15207
15184
15355
15095
15822
14892
15325
15363
15546
15215
15692
15079
15328
15191
14922
15443
14634
14732
15617
14891
14729
14546
14743
15041
15296
15186
15515
15280
15127
15815
15807
15451
15121
15216
15537
14918
14792
15372
15476
14715
14982
15652
14893
14598
14675
14571
14789
14629
15035
14853
15014
14908
14969
15448
15381
15333
15711
15652
15786
15498
15513
15165
15328
15017
15204
15076
15343
15350
15078
15098
14874
14967
15077
15307
15277
14978
14829
15167
15089
15108
14958
14703
15076
15032
14968
14595
15004
15410
15171
15453
15063
14962
15232
15128
14962
14970
15552
15778
15954
15472
15636
15441
15446
15645
15708
16033
16052
16001
16837
16902
17202
17207
15488
15344
15448
15340
16069
15734
16895
15649
15649
16258
15783
16015
15923
15779
16205
15959
16181
16037
15749
16106
16124
16224
16275
16726
15625
15980
15950
15969
16067
16315
16290
15995
16260
16136
16115
15974
16233
16264
16571
16062
16253
16247
16370
16074
16222
16262
16225
16298
16054
15790
16021
16139
16156
16054
15910
15933
15949
15657
16159
15495
15512
16009
16127
15990
16003
15928
16027
15869
15937
16196
15793
15943
16044
16580
17162
17649
17623
16940
16994
16849
16890
17326
18056
18421
18250
18253
18099
18637
17887
17576
17941
17901
17884
17818
18482
18116
18314
17983
18834
21182
22539
22158
22013
18835
17530
17741
17449
17667
17611
17171
17864
17781
17259
17131
17148
17154
16811
16809
16585
16437
16588
16778
17071
16695
16413
16904
17879
16901
16957
16872
17545
17018
17157
16816
16985
16937
16928
17170
17019
17713
17389
17174
17702
17112
17281
17161
17481
17203
17123
17482
17780
17658
17565
17301
17502
17692
17439
17427
16987
17097
17135
17142
17394
16871
17611
17045
16715
16480
16890
16544
16525
17559
17003
17093
16504
16594
16517
16762
16539
16265
16065
16312
16433
16361
16339
16305
16540
15980
16673
15978
16288
16414
16471
16069
16216
16576
15798
15423
15824
15857
16003
15667
15887
15118
14992
15287
15636
15343
15277
15489
16448
17443
17373
18245
17191
17218
17249
17291
16480
15303
15406
15562
15571
15492
15472
15160
15016
16743
16728
16697
16774
17060
17032
16689
16894
14629
14614
14435
14654
14276
14434
14076
14065
14273
14251
13919
14245
13900
14033
14291
14140
14194
14295
14599
14305
14438
14119
14749
14365
14618
14627
14397
14497
14240
14568
14213
14297
14707
14910
14314
14262
14858
14574
14603
14838
14906
14757
14994
15120
14806
14651
14945
15103
14463
14756
14687
14634
14441
14792
14820
14739
14788
14812
14780
14911
14421
14970
14625
14758
14514
14988
14682
15290
14742
14904
14334
15395
14517
14617
14679
14487
14760
14279
14497
14816
14358
14615
14436
14817
14228
14505
14894
14532
14600
14597
14485
14516
14441
14666
14416
14554
16616
14727
14682
14636
14776
14623
14239
14746
14640
14571
14502
14363
14980
14853
14980
14988
14929
14710
14594
14681
14876
14874
14841
14808
14980
14710
14671
14797
14742
14900
14529
15350
14842
15081
15129
15312
15090
15197
15117
15280
15233
15057
15382
15295
15165
15253
15297
15493
15520
15686
15084
15288
15409
15487
15705
15510
16101
15641
16194
15773
15349
15909
15189
15526
15466
15298
15053
14994
15050
14855
15156
15232
14964
14946
14972
15429
14714
14988
14859
15184
15301
15557
15469
15728
15601
15584
16150
15904
15235
15440
15434
15568
16315
16190
15591
15381
15386
15650
15342
15264
15297
15425
15443
15092
15367
15273
15154
15297
15491
15361
16016
15836
15950
15680
15212
15919
15069
15045
15035
15093
14989
14972
15423
15676
15519
15502
15341
15309
15310
15408
14918
15018
15054
15518
15081
15095
15296
15185
15009
16308
15117
15325
14850
14854
14896
15569
15155
14977
15396
15597
14592
14463
14674
14953
15253
14897
14981
14956
14629
14730
14698
14948
14593
14744
14822
14861
14924
14918
14982
14940
14188
15245
14955
14587
14835
15534
14989
14736
14739
14913
14911
15631
15234
15243
14653
14825
15682
15009
14609
14538
14795
14464
15350
15069
14837
15070
14963
15291
15053
15480
15493
15641
15545
15475
15804
15416
15066
14791
15151
15187
15227
15080
15136
15048
15026
15187
14969
14957
14812
14895
14952
15181
15194
15233
15461
15264
15135
15473
15357
15547
15523
15863
15742
16340
15096
16215
15395
14984
15011
14838
14965
15039
15084
15292
14911
15385
15560
15489
15140
15391
15322
15285
15227
15440
15399
15463
15332
15442
15071
15286
15049
15306
14940
15355
15017
15467
15113
15768
15604
15746
15754
16107
16214
16070
15554
15960
16158
15840
15807
15913
15997
15942
16025
16287
15872
16379
15883
16101
15727
17281
17886
16108
15595
15628
15636
16025
17479
15786
15789
15662
15728
15582
16121
15592
15448
15401
15421
14835
14860
15087
15417
15187
15050
15229
15183
16406
15094
15320
15236
17349
19609
19406
19621
17988
15474
15595
15569
16064
15262
15551
15811
15393
14930
15434
15047
15273
15559
15425
14857
15224
15420
15477
15086
15743
15439
15596
15308
15454
15132
15072
14881
15112
15943
15953
15766
15872
16398
16128
15932
16238
15836
16291
16212
16633
16595
16380
16278
16321
15939
16401
16534
16603
16384
16118
16212
16607
16175
16447
16099
16778
15547
15770
15607
15440
15477
16053
16556
15841
15841
15943
15538
16197
16013
20275
19976
19916
19941
19820
19936
19799
19840
19720
20044
20065
19884
19666
19873
19877
19632
15799
16033
16184
16218
15832
16070
16047
16336
15739
16090
15931
16422
16269
16213
15913
16754
16229
16826
16213
16628
16551
16767
16234
16415
16069
16437
16325
16445
16236
17155
16675
16887
16212
16586
15906
16153
16435
16567
16014
16823
17034
17367
16997
17259
17061
16910
17503
17240
17684
17026
17310
16947
16813
17470
17227
17126
17365
16836
17211
16822
15612
16784
17101
16590
17232
17767
17213
17488
17193
17294
17420
17220
16913
17037
16828
16903
17340
17060
16905
17182
16656
16932
16889
16982
16558
16613
16671
16383
17518
16194
15850
16279
16325
16193
16014
16038
16744
16005
16047
16447
15882
16350
16214
16519
16501
16109
16602
16901
16083
16383
16533
16449
16831
16084
16834
16705
16487
16572
16888
16490
16977
16862
16652
16331
16800
17705
17857
18093
17722
17720
17853
17670
18026
17776
17895
17722
17973
17758
18034
17865
18156
17833
18329
17819
17945
18321
18047
18119
17207
16418
16555
16459
16155
15758
16159
15775
15316
15870
15668
15707
15361
15464
15637
15647
16150
15522
15706
15809
15451
15736
15783
15897
15274
15473
15634
15738
16068
15951
15858
16758
15750
15309
15213
15222
15388
15551
15247
14965
15995
15291
15174
15255
15481
15419
15169
15273
15346
15306
15343
15299
15612
15259
15177
15359
15369
15294
15508
15506
15140
15596
15424
15772
15435
15518
15802
15551
15573
15125
14969
14940
14759
15141
14688
14570
15057
14690
14650
14546
14552
14627
14302
14547
14470
14290
14733
14625
14615
14517
14382
14528
14649
14553
14628
14418
14528
14476
14427
14542
14083
14213
14538
14014
14194
14778
14849
14634
14790
14832
14878
14860
14632
14438
15044
14804
14704
10095
14941
14564
14417
14503
14543
14495
14767
14931
14517
15023
15144
15166
15079
15147
14959
15220
15222
14801
15254
14764
15081
15125
15074
15133
15095
14923
15022
14633
15232
14990
14938
14941
15043
15167
14699
15114
15203
15174
14909
15338
15105
15015
14999
14996
15109
15099
14645
14854
14830
14394
14407
14442
14162
14596
14298
14347
14621
14052
13970
14088
14257
14219
13925
14443
14387
14186
14260
14304
14614
14194
14491
14501
14607
14141
14377
14439
14386
14386
14440
14477
14557
14451
14330
14392
14524
14437
14482
14344
14468
14385
14189
14333
14138
14254
14491
14740
14635
14349
14416
14550
14443
14657
14289
14102
14788
14204
15131
14450
14521
14656
14719
14492
14570
14201
14187
14405
14500
14296
14433
14227
14501
14308
14294
14530
15055
14644
14794
14598
14507
14641
14370
14392
14291
15165
15036
14718
14893
14917
14546
14477
15121
14980
15426
14841
14966
15041
15068
14475
14880
14744
14897
14688
15161
15012
14758
14486
14582
14365
14604
14500
14312
14405
14260
14340
14088
14331
14225
13613
13855
13976
13957
14314
14145
13927
13800
13655
13752
14047
14337
14224
14141
14265
15364
13903
14502
13968
14220
14037
14044
14085
14103
14206
14176
13810
14184
14015
15040
16363
16053
15261
14567
14183
14045
14156
14103
14008
13775
14125
14754
14229
14798
14547
14649
14978
18182
17921
17520
17829
20030
19059
19181
19523
18968
19763
25139
25429
26175
25400
23204
23624
25212
22365
21173
20611
18923
21559
20919
20173
18922
18825
15709
15777
18098
20327
19850
20100
19945
19976
20623
19482
18388
20278
20701
19525
19052
18228
17695
17955
17211
17002
16609
16059
16013
15631
15736
15892
15722
15667
15807
15077
15660
16035
16063
16116
16282
15911
15458
15837
15534
15503
15682
15285
15000
14692
14756
14599
14465
14751
14254
14469
14391
14402
14314
14274
14163
14241
14309
14099
14255
14083
13884
13938
13953
13910
13936
13968
13904
13900
14061
13905
13901
14012
13639
13823
14084
14088
14052
14277
14311
13972
14078
13947
14398
14098
14237
14042
14156
14535
14384
14561
14451
14241
14380
14432
14511
14550
14755
14733
14842
15004
14532
14840
15230
14516
14646
15032
15261
15225
14836
14982
15188
15035
15915
14730
14839
14804
15082
15178
15073
14544
14595
15070
14825
15190
14425
14666
14527
14531
14474
14545
14223
14466
14776
15014
15020
15536
15190
15219
14910
15061
14916
14766
14834
15141
14897
14988
14915
14943
15214
14869
14972
15156
15333
14832
14740
15083
14897
15327
15057
15087
15136
14816
15043
15495
14988
14852
15288
14950
15198
15136
14897
14985
14973
15014
15100
15171
14875
14801
14891
14980
15053
14824
15033
15022
15274
15219
14925
15646
15197
15813
15172
14887
15347
15000
17050
18366
17872
17814
17675
17849
17362
17693
16976
15518
14684
15353
14824
15062
15136
14702
14902
14880
14420
14965
14607
14616
14673
14649
14843
14724
14521
14844
15130
14642
14522
14564
14754
14701
14772
14350
14331
14338
14618
14299
14216
14211
14422
14269
14128
14485
14061
14727
13965
14151
14409
14862
16724
14172
14450
14326
14467
14287
14620
14364
14622
14116
14574
14577
14368
14383
14504
14609
14216
14378
14592
14843
14703
14417
14624
14458
14604
14730
14455
14717
14495
14905
14625
14426
15092
14403
14547
14343
14383
14462
14283
14599
14593
14511
14263
14156
14459
14501
14580
14539
14527
14107
14352
14205
14601
14380
14517
13881
14367
14225
14439
14561
14552
13936
14019
13884
14386
14299
14195
13598
13976
14155
14065
14113
13868
13651
13612
14558
14650
14371
14182
14057
14403
14206
14056
14185
14057
14146
13906
14419
14243
14322
13928
13830
14101
13882
14305
13885
14189
14388
14313
14493
14588
14451
14801
14372
14653
14842
14625
14430
14517
14482
14644
14147
14469
14372
14794
14276
14435
14444
14663
14725
14470
15032
14508
14541
14369
14623
14574
14363
14349
14475
14873
14422
14713
14412
14427
14884
14536
14356
14409
14397
14218
14170
14338
14028
14152
14251
14348
14613
14166
14283
13918
14309
13889
14135
13990
13963
13515
13633
14175
14276
14668
14217
14284
14266
14328
14768
15055
14642
13934
14269
14436
14159
14184
14715
14436
14595
14071
14194
13740
14262
14219
14096
14358
14571
14208
14571
14721
15070
14563
14919
14506
14542
14385
14910
15075
15107
14800
14767
14641
14718
14567
14935
14706
14875
14322
14671
14811
14498
15027
14515
14301
14933
14266
14572
14890
14423
14593
14607
14650
14549
14491
14443
14250
14146
14279
14166
14488
14502
14339
14384
14377
14337
14187
14212
14053
14014
14109
14307
14221
14440
14330
14159
14395
14560
14758
14656
14488
14829
14487
14832
14946
14930
15160
14703
14619
15236
14630
14681
15240
15053
15257
15160
15298
15044
15160
14931
15130
15129
15023
14855
15211
15078
15160
15663
15781
15693
15721
15391
15498
15099
14731
14867
14530
14886
14809
14793
14613
14721
14344
13950
14460
13984
14316
13994
14139
14584
14154
13885
14263
14080
14121
14187
14567
14522
14750
15146
14837
14785
14473
14716
14987
14722
14828
14630
14822
15058
15487
14647
14809
14955
14539
15449
15155
14834
14702
14971
14599
14898
14541
14938
14866
14719
14499
14736
15162
14857
15036
15024
14973
15050
15177
15059
15496
15113
14971
16006
15299
15117
15588
14528
14252
15286
14548
14656
15143
14795
14350
15569
14662
14880
15689
14980
14724
15203
14849
14996
15456
15140
15003
15316
14985
14841
15172
14818
14975
15866
15076
15585
16769
15492
15495
15813
14891
15130
15561
15101
14982
15331
14694
15135
15861
14880
15067
15642
14999
14707
15517
14813
15098
16501
15032
14991
16834
15450
15079
15865
15331
15257
15902
15391
15394
15878
15195
13990
16086
14963
15413
15510
15659
15929
16663
15644
16482
16205
16350
16548
17316
16774
16790
16402
15802
16448
16874
17136
16095
17033
16117
16177
16988
16115
15819
16416
15804
15864
16994
16103
15757
16389
15461
15968
16227
15546
15422
16041
15407
15432
16010
15604
15946
16382
16049
15713
16429
16154
16221
16458
15868
16104
16046
15732
16174
16676
15702
15534
16004
15539
15710
16663
16062
15670
16545
15985
15482
16147
15825
15960
16522
15608
15822
16499
16249
15970
17344
16533
16951
17483
16215
16689
17071
16523
15841
16560
16492
16693
17026
16161
16340
16318
16198
16537
16742
16140
16370
16503
16230
16401
16615
16112
16394
16455
15899
15711
16593
15292
15412
16410
15575
15991
16365
15302
16200
15767
15749
15220
15779
16106
15601
15171
15895
15423
15502
15891
15334
14704
15305
14958
14918
15570
15281
15721
15863
15819
15591
16584
15674
15851
16426
15387
15568
16162
15759
15899
15949
15702
15565
16121
15725
15685
16424
16031
15361
15871
15431
15030
16032
14900
15241
15901
14957
15065
15289
15156
14989
15517
14908
14763
15618
15042
15110
15815
15253
15115
15911
15123
15011
15747
15524
15775
16045
15942
15802
16325
15243
15324
15779
15169
15431
15247
14661
15360
16008
15112
15140
16105
15204
16257
16130
15372
15569
16471
15448
15531
16060
15160
15528
15814
15403
15274
15677
14937
15285
15975
15210
14984
16463
15103
15054
15709
14913
15247
15314
15180
14868
15726
15397
15221
16117
14956
15202
15992
14961
15591
15506
15050
15226
15899
14688
14966
15841
15087
15045
15478
15028
14903
15433
14838
14865
15327
14822
14853
15560
15040
14877
15623
14957
14808
15239
14858
14752
15570
14502
14920
15432
14822
14998
15425
14780
14624
15071
15007
14230
15059
14514
14513
15123
14754
14334
15329
14930
14809
15320
15012
15168
14765
14777
14453
15161
14406
13882
14134
14866
14710
14182
14526
14544
14842
14651
14354
14825
14970
14665
15455
15150
14510
14982
14922
14717
15014
14890
15996
18381
18871
18411
18017
15131
15151
15123
15533
14745
15169
15588
14961
15478
16004
15213
15297
15734
15704
15629
15722
14908
15421
15645
14881
15420
15732
15143
15287
15845
14987
15264
15364
15045
15138
15202
14371
14978
15289
14977
14803
15482
14611
15209
14974
14597
15225
15298
14519
15077
15942
15183
15021
15745
14556
15387
15572
15674
16077
16645
15721
15329
17613
16116
15492
14330
14069
14174
14496
14330
14609
15382
13749
14041
14637
14098
13978
15041
14288
13951
14602
14248
14262
14739
14297
14169
14829
14072
14508
14712
14405
14262
14477
14308
14501
14374
14201
14249
14722
14285
13710
14731
13820
14084
13911
14142
13770
14072
14146
14264
14930
14219
13826
14157
13788
13580
13516
13871
13929
13575
13369
13923
13879
13720
14005
13945
13620
14142
13681
13835
14103
13652
13761
14032
14079
14260
13852
14050
13904
13955
13880
13610
14299
13753
13895
14048
14433
14070
14000
14858
15457
15567
14563
14234
14197
14336
14219
13886
14578
14385
14306
14141
14174
13811
13893
13894
14306
13765
13666
13987
13890
13940
14254
14006
14053
14246
14199
14190
14243
14141
14069
14059
14098
13550
13855
13844
14020
13883
13625
13782
13630
14082
13617
13918
14212
14032
13813
13946
13624
13772
13805
13882
13892
13591
13869
13725
14068
13907
13792
13739
13802
13903
13516
13437
13588
14271
14051
14222
14456
14122
14071
13939
14048
14081
15331
14621
14193
14155
14100
14257
14376
13930
14113
14448
14269
14623
14522
15543
16030
14904
15480
15502
15209
15995
15520
15484
14892
15219
15425
15381
14607
14973
15135
15113
15150
14823
15144
15013
15601
14793
15162
15018
14861
15118
15774
15794
15734
15566
15482
15721
15801
15596
15443
15506
15727
15700
15712
16687
15436
15640
15506
16324
15641
15559
15707
15848
16437
15558
15695
15862
16020
16251
15857
15658
15656
15875
16158
15774
15584
15914
15820
15354
15827
15828
15827
17958
16076
15722
15714
15651
16360
15593
15706
16178
16152
16424
15290
15420
15432
15362
14905
15203
15266
15070
15214
15077
15314
15200
14834
18025
19150
19256
19095
19121
18828
19296
19027
17177
15175
15105
15149
15608
15259
15290
15212
15305
15362
15755
15999
15787
16200
16576
16111
15743
16051
15615
15776
16228
15841
15415
15083
15081
15076
14938
15155
14822
15201
15218
15199
15141
15172
15127
15294
15164
15382
14921
14993
15320
15223
15044
15020
14987
15081
14463
14903
15201
15284
14988
14999
15238
14857
14903
15297
15206
15258
15946
15557
15571
15462
15634
15601
15790
15305
15492
15224
16261
15792
15772
15550
16425
16068
15836
15475
16061
15468
15579
15492
15695
15390
16277
14984
15190
15016
14930
15235
15039
15171
15805
14771
14590
14729
14476
15097
15574
14974
14722
14966
14951
15235
15058
14833
15513
15350
15181
15214
15101
15579
15794
15785
15623
16392
15667
15869
15785
15853
15753
15818
16692
15930
15994
15302
15286
15868
15530
15224
15274
15168
15417
15450
15126
15298
15664
15134
15322
15037
15201
14866
15519
15050
14949
14811
14839
15039
14726
14772
15354
15252
15019
14996
15202
15302
15005
15221
15163
15195
15118
15007
15012
15002
15303
14725
15789
15411
14994
15130
15254
14983
15008
15093
15342
15652
15042
15019
15073
15032
15116
17193
18352
17156
17033
17685
17502
17579
17939
17440
17314
17954
17697
17438
17734
16746
15295
15060
15566
15834
15730
16171
16182
16332
16505
15773
16151
16321
16151
16012
15901
15279
15814
17240
16490
16616
17297
17651
17379
16896
16814
17135
16596
16567
17455
17093
17440
16988
16228
16015
15669
15669
15995
16202
16207
16138
16052
16093
15998
16467
16012
16124
16385
15938
16186
16086
15961
16239
15585
13689
15543
16198
14767
15780
15902
15970
16586
16278
15992
16060
16024
16913
16883
16217
16220
15028
14923
15573
16018
14275
14176
14392
14142
13646
14232
14448
14564
14714
14874
14574
14560
14888
14808
14743
14634
14540
14569
14512
14640
14738
14574
14452
14879
14429
14729
14721
14697
14636
14182
14269
14190
14312
14663
14171
14553
14618
15544
14054
14390
14562
14538
14306
14325
14540
14285
16217
18329
18757
18413
17531
14726
14353
14657
15228
14744
14497
14606
14897
14606
15186
15021
14484
15558
14621
14264
14781
14509
14694
14335
14633
14383
14443
14678
14736
14206
14059
14733
14407
14412
14457
14861
14500
14593
14578
14717
14661
14908
14513
14586
14660
14485
14805
14749
14483
14550
14487
14623
14408
14488
14326
14729
14594
14629
14526
14497
14787
15208
14640
15161
14581
14464
14576
14279
14602
14350
14695
14428
14711
14390
14658
14583
14547
15138
14674
14907
14990
14728
14945
14791
14644
14718
14589
15022
14608
14490
14421
14626
14736
14760
14842
14944
14888
15021
15023
15089
14705
14764
15037
14778
14972
15036
14579
15811
15021
14971
14242
14198
14532
14498
14405
14398
14458
14343
14391
14688
14588
14507
14733
14640
14788
14973
14240
14637
14790
14705
14588
14709
14795
14505
14315
14342
14375
14424
14676
14574
14954
14318
14692
14284
16896
24395
19056
14575
14724
14183
14463
15271
14547
14506
14510
14377
14306
14140
14352
14156
13999
14426
14322
14119
14086
14468
14106
14480
14643
14862
14647
14403
14387
14627
14442
14414
14385
14767
14551
14558
15070
15256
15460
14589
15210
15074
15183
14563
14707
14957
14811
14585
14778
14453
14863
14489
15639
14412
16173
14796
15217
15542
15103
15556
14578
15135
14984
15198
14777
14795
14064
14254
14344
14136
14730
14098
14023
14958
14866
14116
14473
14373
14667
14811
14357
14150
14557
14383
14567
14813
14156
14544
14336
13758
14313
14253
14981
14969
14330
14667
14442
14962
14570
14384
14607
14597
14443
14505
14276
14247
13948
14519
14321
14495
14286
14205
14293
15065
15552
15073
15515
15160
15060
14963
15485
15496
15491
15437
15062
15170
16082
15118
15256
15036
15171
15424
15319
15199
15216
15194
15371
15125
15168
15288
15675
16812
16286
15831
15913
15535
15744
15612
15553
15920
16660
19010
18684
19356
19014
15276
15445
15726
16093
15696
15436
15447
15351
15739
15454
15726
15421
15523
15699
15695
15514
15360
17472
15444
15375
15858
15606
15558
14762
14854
14466
14439
14592
14172
14398
14349
14562
14424
14648
14658
14395
14766
14499
14564
14778
14879
14712
14642
14828
14589
14679
14627
14667
15190
14936
15251
14888
14747
14794
15320
15581
15193
15001
15724
15118
15200
15396
15484
15118
15435
15347
15008
16856
15357
15542
15572
15007
15015
14945
15707
15411
15373
15841
22336
22660
22718
21506
21192
15646
16027
15201
15194
16244
15439
14925
15196
14874
14916
15972
14781
14632
15616
15045
14854
15174
14803
14958
15171
15058
15261
13664
13641
14929
15210
15185
14905
14743
15034
14992
14966
15281
15159
15087
15301
15078
15100
15208
15492
15546
15424
15492
15335
15037
14926
15132
15212
15209
15104
15103
14947
15058
14966
15243
15465
14679
14670
14737
14814
15079
14703
15252
15125
14949
14865
15216
15008
14782
15091
15215
15202
15295
15244
15474
15427
15809
15813
15921
15786
15646
15644
16037
15832
16292
16565
16726
16688
17074
16520
16997
16590
16828
16815
17117
17222
16916
16522
16867
16334
16645
17074
17310
16963
17328
17255
18548
21236
21029
20916
21280
21129
20608
20819
20261
17827
17173
17286
17394
17322
17305
17178
17079
17226
17336
17270
17190
17295
17309
17592
17644
17617
17476
17369
17269
17484
17205
17451
17580
17721
17227
17298
17523
17197
17501
17614
17487
17120
17047
17517
17372
17365
17554
17518
17699
17411
17830
17598
17829
17838
17936
18244
17763
18234
18099
17884
17626
17760
18096
17719
17428
17430
17729
16981
16413
16460
16829
17017
16988
16910
16860
17169
16842
16443
16426
16353
16625
16124
16508
16823
16482
16840
16665
16566
16662
16798
16764
16710
17167
16292
16105
16604
16615
16865
16632
16706
16909
16918
16465
17223
17271
17194
16684
17019
16757
16410
16481
16921
17095
16660
16146
16364
15834
16491
16405
15389
15722
15498
17904
16148
15590
15906
15504
15073
15772
15332
15614
15575
15540
15482
15476
15696
15667
15002
15565
15479
15623
15776
15769
16428
16159
15741
16730
15872
15673
15517
15910
15372
15072
15093
15227
15130
15162
15186
15296
15041
15300
15111
14859
14903
14722
14835
15198
14766
14831
15024
15043
14767
15129
15229
15548
15149
15107
14600
14788
14678
14599
14985
18318
21161
20983
17340
15262
15515
19242
20614
20632
16266
14853
15061
15436
15279
15459
15104
15598
15759
15731
15986
15744
15903
15750
15635
16736
16576
15805
15834
15770
15335
15584
15686
16143
15620
15249
15490
15582
15278
15277
15620
15159
15545
15505
15286
14945
15209
15230
15058
15431
15391
14931
14767
14689
14302
14646
14513
14283
14304
14118
13915
13985
14099
14142
14633
14818
14681
15057
14917
15058
14859
15014
14751
14745
14704
14863
14795
14969
14860
14878
14699
14712
14538
14706
14659
14306
14291
14666
14446
14416
14470
14450
14102
15305
14631
14834
14627
14907
14762
14775
14764
15110
14917
14552
14499
14673
14339
14400
14699
14766
15075
14534
14482
14524
15202
14378
15032
14601
14797
15081
14857
15362
14845
15087
14654
14680
14877
14566
14209
14359
14426
14594
14453
14893
14558
15177
14611
14807
14372
14569
14579
14295
15096
14638
14519
14593
15329
14509
14457
14494
14624
14241
14137
14384
14507
14172
14164
14237
14350
13904
14133
13810
13691
13691
14097
13961
13828
15919
14239
13973
14191
14079
14154
14138
14159
14210
13838
14231
14146
13984
14141
14041
14108
14289
14349
13971
14108
14145
14367
14156
14482
14504
14221
14617
14830
14426
14193
14299
14704
14643
14406
14298
14896
14565
14195
14844
14868
14744
15243
15051
15519
15304
15115
15213
15276
14873
15199
14959
15661
15437
15058
14857
15124
15265
15516
15393
15537
15151
15522
15177
15468
15437
15247
15246
14939
14724
15329
15046
15679
15546
15794
15470
15600
15296
15354
15792
15507
15262
15115
15522
15398
15170
15040
15101
14842
16759
17443
19174
17394
16854
16812
17381
17183
16260
15113
15073
15239
15093
15176
21921
22405
15520
15257
15323
15241
15361
15293
15268
15374
15507
15949
15741
16055
15662
15821
16009
15960
15915
15922
16208
15870
15776
15941
15483
15536
15277
15410
15133
15352
15104
14974
15027
15112
15400
15719
15322
15368
15344
15212
15334
15294
15359
15432
15007
15324
15217
14851
14950
15007
15042
15470
14947
15009
14751
14705
14870
14588
14710
14291
14652
14918
15090
14664
14970
14542
14835
14916
14709
15294
14810
14768
14838
14613
14695
14812
14473
14892
14902
14863
15070
15033
14695
14879
14938
15067
14813
14693
14563
14774
14711
14414
14386
14559
14302
14434
14195
14443
14148
14045
14234
13837
13876
14006
13921
13944
13790
14131
14130
13839
14253
14935
14498
14613
14720
14749
14463
14479
14862
14720
14538
14517
14883
15046
15285
15110
15031
15100
15276
15242
15042
14822
14899
15006
14971
14971
14467
14803
14760
14583
14635
14534
14642
14615
14520
14459
14413
14577
14463
15539
14392
14093
14236
14618
14622
14336
14988
14511
14528
14102
14601
14352
14787
14707
14529
14493
14824
14599
14463
14506
14404
14538
14656
14634
14801
14526
14250
14835
15118
14538
14748
14805
14558
14720
14690
14857
14376
14068
14300
14614
14169
14359
14499
14789
15217
14636
14756
14772
14601
14640
14532
14815
14601
14538
14564
14735
14428
14961
14835
14699
14614
14619
14807
14723
14496
14455
14018
14546
14388
14646
14301
14650
14621
14805
14345
14769
17110
20238
19491
20436
19887
19125
18824
19437
20068
21100
20809
21584
20426
17989
15995
15910
16221
15965
14918
16345
15739
15726
15554
15561
14896
14640
14566
14603
14521
14631
14506
14804
14968
14648
14601
14667
14634
14508
14747
14779
14880
14684
16623
22326
36043
15854
14886
15286
14597
15036
14790
15787
15189
15235
14649
14542
14596
14341
14312
14107
14345
14418
13457
13698
14306
14019
14279
14397
14406
14494
14254
14352
14341
14487
13956
14302
14278
14625
14219
14327
14226
14115
14445
14424
14671
14705
14490
14596
14597
14539
14777
14579
14513
14746
13984
14392
14526
15252
14235
14489
14124
14716
14274
14840
14831
15111
14718
15076
14473
14416
14231
14369
14414
14200
14283
14345
14298
14812
14947
14708
14861
14631
14523
14712
14525
14343
14387
14248
14156
14186
14149
14421
14131
14112
13870
14211
13895
14107
14246
14225
14407
14314
14587
15168
14680
14415
14344
14702
14518
14947
14512
14198
14226
14342
14457
14373
14274
14657
14793
15139
15097
15235
15029
15063
15228
14709
14888
15148
14964
15344
14719
14899
14882
15440
14653
15076
14469
15020
14987
15041
15460
15073
14546
14663
14770
15062
14639
14841
14460
14467
14623
14534
14986
14602
14232
14715
14880
14953
14796
14609
14903
15061
14613
15193
14978
14272
14630
15040
15142
14656
17099
14754
14075
14660
14949
14497
14383
14836
14887
14923
14578
14652
14699
14593
14785
14505
14545
15201
14801
14999
14533
14862
14794
15157
14461
15645
15270
15044
15018
15550
15395
15140
15610
15454
14845
15487
15725
15845
16194
15662
15099
15097
15162
15094
14869
15337
15305
15385
14884
14760
15031
14920
15542
15234
15355
15491
14721
15090
14840
14584
14567
14744
15011
15126
15185
14730
15220
15184
15194
15353
15137
14861
15135
14877
15335
14746
14820
14844
14797
14808
14513
15179
14846
14543
14636
14431
14408
14412
14179
14669
14380
14459
14649
14233
14425
14231
14612
14689
14593
14450
14445
14410
14758
14829
14816
14199
14712
14397
14938
14665
14762
14814
14777
14424
14391
14412
14336
14313
14587
14180
14393
14411
14211
14758
14470
14193
14256
14727
14684
14422
14513
14370
14359
14621
14263
14884
14724
15127
14594
17056
16511
16621
16711
16504
16117
21585
20248
20998
19057
19195
19443
19056
19182
19018
19153
19105
19409
19240
19086
18869
19102
15282
14906
14871
15153
14999
14888
14921
15776
16350
15689
15725
16469
16248
16031
16114
15890
15890
15565
16002
15654
15839
16027
15867
15894
15995
15630
15931
15643
15878
15939
15661
14791
14962
14534
14380
14624
14750
14652
14937
16208
14610
14670
14851
14530
14611
13954
14521
14510
14482
14164
14184
14664
14230
14391
14300
14316
14871
14597
14655
14139
14426
14557
14583
14726
14491
14554
14260
14553
14664
14476
14539
14778
14402
14450
15144
15752
15131
15486
14845
14707
14721
15265
14906
14813
14785
15200
15031
14646
14783
14498
14649
14471
14476
14628
14471
14613
14725
14705
14771
14967
14853
14798
15069
14919
14735
14932
15086
14877
15233
15307
14890
15042
14963
15029
14546
14894
15312
14900
15944
18028
17600
17918
16634
14676
14158
14334
14814
14325
14455
14206
14081
14531
14373
14755
14448
14661
14500
14168
15305
14678
14030
14874
14526
14438
14289
14120
14225
14160
14444
14008
14269
14231
14271
14181
14238
14140
14017
13972
13988
14035
14371
14000
15488
14307
13778
14011
13823
13798
14810
13723
14068
14065
13663
13683
13440
13284
13685
13239
13406
13414
13725
13680
13527
13619
13676
13437
13483
13611
13362
13717
13703
13250
13501
13412
13575
13185
13837
13567
13314
10206
13443
13527
13609
13628
13735
13813
13715
13802
13681
13494
13511
13541
13690
13802
13849
13715
13885
13621
13600
13623
13578
13574
13661
13507
13553
13980
13442
13403
13800
13662
13617
13697
13706
13455
13597
13787
13661
13479
13608
13721
13387
13459
13631
13497
13411
13528
13617
13469
13300
13077
13121
12983
14331
13833
13257
13634
14326
14218
13646
13814
14178
13330
13710
13402
13284
13672
13904
13651
13768
13513
13561
13675
13886
14173
13965
13709
13921
13834
13528
13540
13575
13797
13303
13202
13348
13270
13485
13412
13604
13395
13315
13891
13575
14045
14150
14232
14437
14181
14032
13938
14401
14513
14612
14471
14474
14648
14526
14376
14508
14735
14383
14160
13944
13977
14026
14614
14633
14884
14791
14757
14630
15039
14927
15230
15404
15101
15040
15176
14899
14832
14841
14808
14875
14708
15026
14670
14891
15016
14631
14824
14648
14288
14335
14592
15902
15978
16672
16557
16294
16141
16252
16442
16226
16116
16341
16164
16265
16273
16165
16843
16486
16243
15806
16115
16702
16612
16025
15980
14644
15022
14700
14771
15007
14959
15033
14816
14920
14733
15029
15299
15083
15139
14852
15188
14930
15383
15565
15449
15189
15274
15483
15519
15480
14893
15097
15116
15131
15359
15190
15242
14880
15084
14880
14943
14959
14967
15143
15366
15158
15137
15262
15348
15041
14980
15112
14854
14764
14942
14487
14750
15043
15254
14888
14739
14625
14642
14416
14558
18318
18637
14734
14615
14653
14545
14366
14726
14758
14816
14546
14794
14356
14459
14176
14565
14116
14271
14570
14258
14633
14383
14126
14475
14384
14864
14653
15017
14917
15220
15071
15219
14912
14704
14717
14832
14853
14572
14721
14873
15032
15016
15032
14978
15041
15190
14825
14875
15248
18529
18310
18388
18069
15578
14596
14754
14938
14583
14495
14458
14462
14385
14317
14246
14625
14469
14462
14456
14257
14488
14564
14502
14292
14355
14284
14696
14300
14585
18844
19218
14799
15301
14722
14436
15289
14821
14641
14710
14690
14624
14702
14880
14623
14855
14916
14881
14714
14568
14583
14443
15055
14772
14411
14828
14969
14977
14886
14556
15252
15030
14880
14618
14906
14683
14624
14901
14873
14883
14364
15068
14488
15042
14906
14567
15089
14640
14617
14949
14856
14814
14783
14420
14453
14422
14572
14685
14568
14519
14674
14796
14360
14595
14727
14835
14918
15328
14926
15068
15327
14712
14628
14467
14745
15175
14351
14218
14304
14584
14142
14181
14062
14862
14077
14596
14610
14559
14727
14279
14575
14048
14448
14393
14478
14241
14223
14172
13953
14322
14133
14075
14453
14294
13977
14766
14049
14294
13963
14271
14053
13923
14168
13577
13934
14286
13762
13908
14214
14039
13851
14348
14859
13844
13888
14175
13937
14483
13713
14136
14016
14074
13935
14343
13429
14559
13538
13676
13961
14019
13654
13238
13861
13718
13778
13549
13830
13607
13669
13415
13854
13637
13718
13544
13306
13357
13459
13395
13411
13335
13504
13560
13526
13909
13528
13213
13946
13882
13709
13799
13752
13784
13758
13878
13823
14042
13874
13741
13636
13791
13966
13742
13531
13905
13661
13742
13711
13909
13577
13494
15965
15669
16222
16148
13645
14122
14013
13706
13766
13731
13774
14063
15407
14344
14147
13480
14464
13746
13470
13883
13722
13426
13835
13545
13275
14201
13547
13453
13558
13690
13566
13616
13787
13528
13508
13483
13582
13828
13737
13468
13546
13710
13705
13905
13584
13666
13676
13629
13650
13442
13571
14010
14099
14195
13817
14498
14141
14537
14267
14231
14572
14606
14674
14447
14236
14579
14306
14734
14746
15008
14480
14588
14580
15201
14225
14662
14551
14325
13894
14388
14654
14393
13706
13940
13538
14089
13941
13908
13445
14217
14213
14546
14085
14448
13901
13779
13763
13977
16029
19194
18031
17968
17924
17863
17624
17913
16890
13615
13817
14715
14849
13829
14154
13764
13851
13913
13979
13808
13861
14115
14011
13661
13888
13347
14149
13977
14055
14110
13900
14164
14601
14387
14235
14064
14057
14406
14237
14210
14117
14393
13853
14313
13661
14008
14056
14253
14030
14132
14031
13866
15300
16462
14205
13911
30356
14146
13688
14088
14636
15164
14229
14041
13944
14396
14209
14372
13919
13747
14537
14099
14096
14770
14569
14124
14061
15823
15708
15960
15747
14821
16038
16717
16337
16947
16719
17127
16576
16023
16554
15096
14080
14049
14308
14520
14091
14032
13987
14033
13920
13846
14212
15905
16047
16098
15542
15646
15186
16097
16423
15932
16186
15828
16127
16016
15941
15499
16100
16102
16162
15855
16042
14586
14778
14761
14764
14773
14874
14976
14832
14621
14872
14719
14875
15215
15055
15072
15005
14949
14429
15137
15009
15124
14824
15256
15000
14975
14814
14690
16016
15801
14403
14305
14813
14449
14401
14564
14157
18777
14822
15031
14664
14637
14366
14587
14092
14488
14308
14458
14612
14592
14419
14465
14500
14183
14559
14391
14791
14387
15315
14199
14171
14428
14267
14337
13997
14342
14311
14243
14132
14328
14289
14237
14250
14140
14340
14137
13963
14307
14190
14195
14194
14037
14111
14114
14103
14109
14026
13955
13941
14102
13978
14218
14322
14435
14118
14555
14492
14377
15530
14555
14688
14461
14383
14505
14518
14413
14309
14689
14626
14417
14427
14402
14804
14581
14603
14894
15186
15512
15140
15047
15051
14707
14706
14741
14449
14678
14350
14719
14915
14630
15655
14874
14718
14711
14825
14572
14551
14642
14552
14443
14218
14199
14046
14263
14316
14422
14040
14096
14637
15481
14287
14478
14506
14152
14309
14218
14593
14452
14157
14347
14415
14111
14177
14012
14263
14176
14303
14071
14104
14077
14093
13934
14067
14357
15588
14395
14150
14412
14434
14317
14296
16244
14442
14515
