packet_size,%count,%count
54,12.2221791,9.18810936
55,12.34809097,9.314911781
56,12.34904196,9.321833524
57,12.34954436,9.328228559
58,15.40731204,11.75198692
59,15.41232844,11.75388168
60,30.45691562,21.90009189
61,30.61379433,21.93669563
62,30.69539169,22.17937285
63,30.70698093,22.22155897
64,30.71345072,22.2455237
65,30.72645952,22.27672876
66,39.33202615,30.03045131
67,39.35110641,30.10471551
68,39.37772844,30.20067467
69,39.71889433,30.52809187
70,40.23034043,31.30160643
71,40.50207956,31.40939195
72,40.54015549,31.46840964
73,40.64595255,31.59325761
74,42.84696388,33.90890954
75,43.05027594,34.16861852
76,43.10241932,34.26458164
77,43.20041058,34.37979022
78,43.99207474,34.99171324
79,44.03696856,35.08735809
80,44.11467378,35.19169049
81,44.16322955,35.2688115
82,44.57689048,35.61877062
83,44.63391389,35.70495122
84,44.91407554,35.82179203
85,45.04580459,36.05345884
86,46.05731877,38.14860344
87,46.14050231,38.27657405
88,46.28937068,38.45752055
89,46.44045067,38.58749773
90,48.79097581,39.64560288
91,48.84555741,39.80198671
92,48.96849174,39.93478938
93,49.04809535,40.14653429
94,49.4532466,40.64995609
95,49.52921185,40.79768139
96,49.62605424,40.98140985
97,49.77222088,41.34137675
98,51.13918884,42.28294286
99,51.20822136,42.37251193
100,51.29529139,42.46044119
101,51.40432386,42.64071817
102,51.56050074,42.89694006
103,51.63223601,42.96857204
104,51.78838111,43.11512222
105,51.92407867,43.34261725
106,52.08208371,43.47622268
107,52.29104018,43.61860405
108,52.3699235,43.69923756
109,52.58729123,43.84586195
110,52.86589951,44.38956555
111,52.94265426,44.49097484
112,53.03395324,44.60005091
113,53.09595921,44.78010296
114,53.21290565,45.02896743
115,53.27962811,45.08544393
116,53.38167761,45.16553028
117,53.45474837,45.25603601
118,53.63817888,45.48525035
119,53.67290713,45.61176649
120,54.12681819,45.68732651
121,54.19073946,45.75641762
122,54.34400801,46.01460552
123,54.41886438,46.10144607
124,54.50623379,46.15393779
125,54.53963988,46.20896741
126,54.60144592,46.26926411
127,54.64678832,46.45350872
128,54.68820732,46.53285629
129,54.73774586,46.57039504
130,54.86889048,46.6732522
131,54.89663934,46.72539531
132,55.95473144,46.84812226
133,56.01933405,46.95722175
134,56.0808089,47.05993511
135,56.11739247,47.10646121
136,56.15105387,47.15306911
137,56.18181001,47.18120264
138,56.29011347,47.39330276
139,56.34887019,47.46013235
140,56.39504824,47.52312328
141,56.43185379,47.56318937
142,58.07933868,47.65901628
143,58.14367829,47.69803852
144,58.59356187,47.74572259
145,58.63356798,47.78887968
146,58.7148603,47.88334809
147,58.75509351,47.92340627
148,58.79522265,47.97467539
149,58.82139405,48.01212245
150,58.86540302,48.06353932
151,58.91171231,48.12739139
152,59.01332194,48.15784976
153,59.0543221,48.21479954
154,59.19263578,48.30168758
155,59.23874205,48.34763849
156,59.28025486,48.38101074
157,59.30197379,48.43255953
158,59.44582474,48.59448551
159,59.4753023,48.64720282
160,59.51456709,48.68447377
161,59.55017814,48.7171521
162,59.5848623,48.76572864
163,59.60813665,48.80881712
164,59.70371686,48.93075582
165,59.73283248,48.98403117
166,59.76987745,49.04270322
167,59.84221459,49.11524053
168,59.8703459,49.15962319
169,59.89460456,49.21205258
170,59.93907544,49.26526593
171,59.97412461,49.30878581
172,60.00529293,49.35130075
173,60.02778598,49.39411912
174,60.08417471,49.46010934
175,60.10664008,49.49661348
176,60.13734701,49.55133934
177,60.16138112,49.58533197
178,60.21381159,49.63871353
179,60.24803127,49.69114193
180,60.32262413,49.7366344
181,60.34612251,49.77207193
182,60.37243951,49.82574965
183,60.57926946,49.92000369
184,60.60136058,49.94954651
185,60.61723978,49.97440304
186,60.72341518,50.01840015
187,60.74523408,50.04767912
188,60.76213245,50.07285194
189,60.77976701,50.09537408
190,60.85078814,50.12797358
191,60.86760397,50.15793262
192,60.90856414,50.187235
193,60.92239166,50.21744239
194,60.94163546,50.24432594
195,60.95480216,50.26030726
196,60.97109867,50.27742742
197,60.98536964,50.29445853
198,61.00605556,50.3255973
199,61.09662297,50.37170125
200,61.11316862,50.39299813
201,61.12659319,50.40795242
202,61.15108717,50.43033735
203,61.16555244,50.45099374
204,61.18123631,50.46712347
205,61.19238108,50.48054249
206,61.20730518,50.4982916
207,61.21708473,50.51168555
208,61.22930762,50.52384107
209,61.24012581,50.5364936
210,61.27650278,50.56121293
211,61.28687804,50.57290638
212,61.30964075,50.60588781
213,61.32388558,50.62309998
214,61.34304428,50.64809537
215,61.37414236,50.67307987
216,61.38787197,50.68974983
217,61.39688508,50.7051243
218,61.41844355,50.73577462
219,61.43021017,50.75027806
220,61.47149639,50.77058089
221,61.62404823,50.78833132
222,61.83649491,50.81918744
223,61.85617806,50.83502859
224,61.86798723,50.8488048
225,61.87914635,50.861926
226,61.90099601,50.87927702
227,61.90967948,50.89023598
228,61.91934163,50.91401107
229,61.92765393,50.92509832
230,61.93871513,50.94595721
231,61.9594518,50.96726432
232,61.96842492,50.97806497
233,61.97675158,50.99265383
234,62.01459476,51.0165361
235,62.02405543,51.02848878
236,62.03363247,51.03897941
237,62.04286039,51.05292843
238,62.05398208,51.06866998
239,62.06320026,51.07865633
240,62.07109577,51.08972577
241,62.08095221,51.1067239
242,62.09263886,51.13889597
243,62.10161301,51.1497606
244,62.11502784,51.16478613
245,62.12684009,51.18243992
246,62.13823349,51.21450052
247,62.1649842,51.23347619
248,62.17405268,51.24593282
249,62.18446946,51.25655735
250,62.20830569,51.27659106
251,62.21921155,51.28954274
252,62.22765305,51.30210458
253,62.23668718,51.31473304
254,62.24830461,51.33298511
255,62.2580657,51.34364064
256,62.26815694,51.35410851
257,62.27805594,51.36533692
258,62.29165174,51.37968271
259,62.3005372,51.39026338
260,62.30907815,51.40015111
261,62.31733252,51.41992657
262,62.32634461,51.43728453
263,62.35680135,51.46126871
264,62.36555403,51.4804647
265,62.37287126,51.49562973
266,62.39341876,51.52179133
267,62.40159726,51.53090203
268,62.41045042,51.54076535
269,62.41998235,51.55006075
270,62.43538785,51.56469248
271,62.44695965,51.57703269
272,62.45607684,51.5892977
273,62.46373191,51.59904691
274,62.47660127,51.60970706
275,62.48536625,51.61826565
276,62.49769219,51.6273935
277,62.50454289,51.63602795
278,62.51456954,51.65690796
279,62.52999041,51.67030785
280,62.54033389,51.67893867
281,62.54766495,51.68686403
282,62.66604326,51.79420661
283,62.67565311,51.80395319
284,62.68596992,51.81464994
285,62.71021781,51.8244859
286,62.73818661,51.83902858
287,62.75035054,51.84925668
288,62.75900223,51.85918003
289,62.76748269,51.86743817
290,62.78085189,51.87753203
291,62.79036382,51.88687063
292,62.80844183,51.90174741
293,62.817599,51.91046102
294,62.83189817,51.9232092
295,62.86061956,51.93725057
296,62.87438146,51.94724088
297,62.88740359,51.96866309
298,63.03552142,52.07685956
299,63.0482457,52.08621794
300,63.05988415,52.11022521
301,63.07273454,52.11955622
302,63.0885999,52.13090766
303,63.09992204,52.13876771
304,63.1189131,52.15113167
305,63.12985433,52.16098147
306,63.14398125,52.17032007
307,63.15577607,52.18773969
308,63.17029312,52.1991716
309,63.18422164,52.21457081
310,63.19719301,52.22666464
311,63.21440411,52.23784359
312,63.23275946,52.25180317
313,63.25051654,52.26231094
314,63.34114803,52.33790494
315,63.35611007,52.34687513
316,63.36653557,52.3557764
317,63.3775091,52.36456949
318,63.38983914,52.37926158
319,63.41276129,52.41674559
320,63.42700868,52.42655581
321,63.44597718,52.43910083
322,63.4580837,52.44933784
323,63.47073671,52.45743206
324,63.48472368,52.46988407
325,63.49940683,52.48763351
326,63.51023169,52.498012
327,63.53343581,52.50968005
328,63.54732639,52.52294373
329,63.55930166,52.53126321
330,63.62795122,52.58673511
331,63.6991318,52.64325547
332,63.71322232,52.67597305
333,63.72695397,52.68751577
334,63.74111319,52.70500301
335,63.75408764,52.76670042
336,63.76402919,52.77514094
337,63.78066712,52.79433429
338,63.79295256,52.81360053
339,63.80540256,52.85360923
340,63.81711586,52.86630795
341,63.83154884,52.89939953
342,63.84174364,52.91411174
343,63.8550098,52.92766565
344,63.87418028,52.9421648
345,63.88325287,52.95336782
346,63.92921815,52.99403912
347,63.93996201,53.00465012
348,63.96069612,53.01715754
349,63.97313689,53.02820588
350,63.9875468,53.04390917
351,63.99526237,53.07616172
352,64.02715251,53.08916979
353,64.04164752,53.11317343
354,64.05249699,53.12668942
355,64.05958096,53.13718499
356,64.08943686,53.14901465
357,64.0975846,53.16683829
358,64.10424818,53.18478397
359,64.11472238,53.21253954
360,64.12658282,53.22844698
361,64.13406718,53.24415093
362,64.17115982,53.27897336
363,64.18548155,53.29043396
364,64.1934355,53.30824442
365,64.2195336,53.33202972
366,64.22668267,53.34825016
367,64.23233272,53.36099735
368,64.23929364,53.37194971
369,64.24929363,53.38886704
370,64.25581264,53.40034281
371,64.2614591,53.41296896
372,64.26775408,53.43948609
373,64.27340977,53.45108653
374,64.27808679,53.47503246
375,64.28580184,53.48581563
376,64.29113096,53.49726271
377,64.30490978,53.51399468
378,64.33400849,53.54088021
379,64.34242179,53.54957402
380,64.34795187,53.55740704
381,64.37043108,53.57173237
382,64.37724744,53.58524242
383,64.38692752,53.59225915
384,64.39434985,53.59951301
385,64.40659786,53.60817154
386,64.41286823,53.61577896
387,64.41844035,53.62285934
388,64.42452206,53.62950206
389,64.43048894,53.63715269
390,64.43750216,53.64505298
391,64.44772259,53.65540212
392,64.45504084,53.66292742
393,64.46678337,53.67510008
394,64.48917594,53.69595963
395,64.49331158,53.70304991
396,64.5028066,53.71408143
397,64.50710066,53.72174821
398,64.52622859,53.7311907
399,64.5316382,53.74078424
400,64.53744308,53.7486255
401,64.54456088,53.75619367
402,64.55250253,53.76528656
403,64.55777167,53.7738999
404,64.56409279,53.78459138
405,64.57042878,53.79221991
406,64.59131874,53.79878744
407,64.60306486,53.80995319
408,64.60962642,53.818835
409,64.61488992,53.82603411
410,64.63485606,53.84439469
411,64.64103877,53.85209841
412,64.64787614,53.86756094
413,64.65236603,53.87517231
414,64.65989499,53.88205118
415,64.66454535,53.88917939
416,64.67039431,53.89890485
417,64.67484832,53.90694729
418,64.67994162,53.91570015
419,64.68518872,53.92246985
420,64.68929053,53.93098458
421,64.69631092,53.93779814
422,64.70230804,53.945302
423,64.71198608,53.95731899
424,64.71638369,53.96428229
425,64.72046243,53.97078814
426,64.73298882,53.98787301
427,64.73741515,53.99449297
428,64.74342303,54.00094507
429,64.7481954,54.00748555
430,64.75389723,54.01559461
431,64.7585194,54.02261068
432,64.76333534,54.03025471
433,64.76679633,54.03702639
434,64.7731964,54.04766411
435,64.77712801,54.05423526
436,64.78076175,54.06006599
437,64.78656406,54.06607548
438,64.78991944,54.07177032
439,64.79957697,54.08183286
440,64.80388846,54.08780276
441,64.80773752,54.09575714
442,64.82059355,54.11023123
443,64.82564738,54.11871595
444,64.82935187,54.12623564
445,64.83307277,54.1320911
446,64.83747039,54.1383242
447,64.84052842,54.14297222
448,64.84374281,54.14891311
449,64.8470218,54.15350474
450,64.8507386,54.15822103
451,64.8559211,54.16304946
452,64.8595487,54.16888085
453,64.86272977,54.17418553
454,64.86871407,54.1804272
455,64.87389708,54.1863295
456,64.87850848,54.19520043
457,64.88327624,54.20055524
458,64.89541762,54.21110853
459,64.89982856,54.21706162
460,64.90366789,54.22170272
461,64.90736521,54.22625081
462,64.91263281,54.23167257
463,64.91913029,54.23627443
464,64.9256088,54.24644678
465,64.93207962,54.2518138
466,64.93758203,54.2572006
467,64.94170639,54.26186677
468,64.94674586,54.27023803
469,64.95119833,54.27841998
470,64.95803263,54.28457557
471,64.96456702,54.28979681
472,64.97075947,54.29366087
473,64.9757974,54.29784354
474,64.99016373,54.31036877
475,64.99636284,54.31497128
476,65.00244814,54.31955961
477,65.00918093,54.32397347
478,65.01621517,54.32920493
479,65.02335194,54.33428336
480,65.03066865,54.33839808
481,65.03640739,54.34296267
482,65.04289154,54.34797513
483,65.04957153,54.35249915
484,65.05613258,54.3573665
485,65.06163652,54.36232059
486,65.06779718,54.36888614
487,65.07578241,54.37517464
488,65.08064552,54.38093644
489,65.08597926,54.38661381
490,65.09860459,54.39804967
491,65.10569214,54.40319802
492,65.11166158,54.4087372
493,65.11650368,54.41369327
494,65.12354048,54.4194765
495,65.12891266,54.42468883
496,65.13383268,54.43054793
497,65.13821235,54.4357032
498,65.14940479,54.44157647
499,65.15368809,54.4484062
500,65.15778015,54.45508091
501,65.16195579,54.46423482
502,65.17092738,54.47128486
503,65.17633288,54.47720068
504,65.18083098,54.48241829
505,65.18554389,54.49006924
506,65.19895513,54.50205094
507,65.20488817,54.50799974
508,65.21011937,54.51338589
509,65.21465233,54.51830765
510,65.21983073,54.52359683
511,65.2253439,54.52903311
512,65.23102009,54.53616395
513,65.2361785,54.548238
514,65.24323324,54.55445889
515,65.24773647,54.55961351
516,65.25228634,54.56474471
517,65.25908629,54.56965955
518,65.26426059,54.57537847
519,65.26979581,54.5809536
520,65.27449077,54.5858945
521,65.279298,54.59097589
522,65.29171621,54.60450375
523,65.2962584,54.61321967
524,65.30024742,54.61877335
525,65.30810654,54.62474623
526,65.31594411,54.64463878
527,65.32051501,54.64984385
528,65.32700326,54.65522208
529,65.3317782,54.66082623
530,65.336305,54.67844143
531,65.3404063,54.68394565
532,65.34571645,54.69019392
533,65.35062314,54.69570803
534,65.35521711,54.70173829
535,65.36029349,54.70803933
536,65.36457576,54.71337699
537,65.36872576,54.71929413
538,65.37923584,54.73123032
539,65.38513761,54.73637669
540,65.39001098,54.74161277
541,65.39424505,54.74656883
542,65.39929272,54.75254798
543,65.40388823,54.75768775
544,65.42306641,54.76375265
545,65.42721025,54.76898609
546,65.43202774,54.81457322
547,65.43642125,54.81980996
548,65.45727635,54.82465554
549,65.46304124,54.83060599
550,65.46832576,54.83688658
551,65.4767934,54.8430237
552,65.48143658,54.85043818
553,65.48567373,54.85665116
554,65.49566398,54.86706857
555,65.50050453,54.873926
556,65.50552401,54.87916076
557,65.50994469,54.88417224
558,65.51784738,54.8925811
559,65.52211273,54.89935409
560,65.52630477,54.90623527
561,65.53107406,54.91125598
562,65.5367841,54.91701745
563,65.54078337,54.92250847
564,65.54479085,54.9279652
565,65.54892752,54.93339322
566,65.55467395,54.93981135
567,65.55981493,54.94621759
568,65.56434174,54.95101008
569,65.56859734,54.95572176
570,65.57812107,54.96589379
571,65.60132621,54.98819461
572,65.60565564,54.99355272
573,65.61048902,54.99857607
574,65.61669223,55.00450772
575,65.6216712,55.00970225
576,65.62616315,55.01513984
577,65.63089297,55.02101245
578,65.63624414,55.03263367
579,65.64103343,55.03795286
580,65.64538644,55.04288123
581,65.65045821,55.04858531
582,65.65688597,55.05421255
583,65.70881813,55.09986432
584,65.71339056,55.10521484
585,65.71756773,55.11139022
586,65.72707915,55.12214998
587,65.73198431,55.12839066
588,65.7371381,55.13523819
589,65.74277482,55.14142215
590,65.76031812,55.16003437
591,65.76633882,55.16814871
592,65.77119117,55.17475911
593,65.77729338,55.18371414
594,65.78408154,55.18950892
595,65.78878471,55.19450819
596,65.7934243,55.19948075
597,65.79741332,55.20407634
598,65.80453317,55.20988959
599,65.80984333,55.21585851
600,65.8145183,55.22194187
601,65.81881697,55.22854765
602,65.82899895,55.24060224
603,65.8358271,55.25153416
604,65.83985303,55.28693772
605,65.84382309,55.29228956
606,65.84829453,55.29799595
607,65.85228253,55.30300149
608,65.85596703,55.30872668
609,65.85999348,55.3150851
610,65.86536361,55.32749655
611,65.86968484,55.33215381
612,65.87437775,55.33730117
613,65.87896659,55.35184682
614,65.98106326,55.36067256
615,65.98754792,55.36673878
616,65.99211881,55.37227268
617,65.99746075,55.37671094
618,66.00596531,55.38370195
619,66.0116902,55.38781667
620,66.01672301,55.39217941
621,66.02251096,55.39698145
622,66.02860088,55.40277722
623,66.03397255,55.4065618
624,66.0405459,55.4107105
625,66.0467604,55.41437733
626,66.05193521,55.42695797
627,66.05747555,55.43157994
628,66.06223203,55.43596148
629,66.06726124,55.44044526
630,66.07304663,55.44555832
631,66.08231915,55.45303283
632,66.08909296,55.45974415
633,66.09519825,55.46432325
634,66.10718275,55.51528564
635,66.11381814,55.51983802
636,66.12220734,55.52460445
637,66.12745085,55.52942331
638,66.1334085,55.53441632
639,66.13918518,55.53903895
640,66.14445996,55.54361706
641,66.15000183,55.54777136
642,66.17662233,55.552486
643,66.18168743,55.55676662
644,66.18742207,55.56098886
645,66.1925005,55.56501025
646,66.19762661,55.56935287
647,66.20633264,55.5753264
648,66.21116499,55.57969046
649,66.21619113,55.58406936
650,66.22340839,55.6502832
651,66.22795878,55.65484976
652,66.23303926,55.6601739
653,66.23722104,55.66536084
654,66.24268192,55.67296595
655,66.24722206,55.67985009
656,66.25202211,55.68452517
657,66.25634078,55.68938592
658,66.26111059,55.69380044
659,66.26605419,55.69798178
660,66.27109673,55.70345236
661,66.27532517,55.70777387
662,66.28578348,55.7131023
663,66.29317607,55.71926053
664,66.29788897,55.72516546
665,66.30318784,55.73090978
666,66.31289561,55.7978967
667,66.31754649,55.80335276
668,66.32215275,55.81082529
669,66.3273614,55.82209822
670,66.33306528,55.82774756
671,66.33816217,55.83228839
672,66.34248186,55.84020551
673,66.34671696,55.8449749
674,66.35113662,55.85343752
675,66.35528765,55.8634984
676,66.36133398,55.86804353
677,66.36526764,55.87256227
678,66.36956785,55.87685575
679,66.37794065,55.88208853
680,66.38199529,55.89673214
681,66.38598996,55.90055333
682,66.39215933,56.12119192
683,66.39609453,56.12513579
684,66.39941094,56.13378476
685,66.40336767,56.13757725
686,66.40850967,56.14224705
687,66.41256534,56.14581626
688,66.41638057,56.15032445
689,66.42108988,56.15369512
690,66.42502662,56.15762646
691,66.42876085,56.16101065
692,66.43274936,56.16737106
693,66.43668096,56.17059232
694,66.44082327,56.1736467
695,66.45004965,56.17871458
696,66.45402535,56.18224289
697,66.45762424,56.18575967
698,66.4644934,56.51910159
699,66.46840962,56.52282911
700,66.47315482,56.53709179
701,66.47730893,56.54080843
702,66.4826037,56.54599273
703,66.48834193,56.54996662
704,66.49286925,56.55439334
705,66.49817171,56.55832205
706,66.50410116,56.56258947
707,66.50919548,56.56610955
708,66.514419,56.57035883
709,66.5197189,56.57444222
710,66.52507263,56.57897151
711,66.53242216,56.58409579
712,66.53752109,56.58811717
713,66.54233191,56.5919443
714,66.54961377,56.71246778
715,66.55578161,56.71624939
716,66.56026586,56.72022394
717,66.56468757,56.72420905
718,66.56962656,56.72875648
719,66.57407237,56.73283624
720,66.57852176,56.73719701
721,66.58278301,56.74153402
722,66.58730981,56.74642314
723,66.59226572,56.75147815
724,66.59688993,56.7564395
725,66.60229237,56.76168646
726,66.60680994,56.76761514
727,66.61248819,56.77337034
728,66.61704678,56.77734984
729,66.62125369,56.78203118
730,66.62809363,56.78845754
731,66.63225542,56.7925505
732,66.63623214,56.79634431
733,66.64033343,56.80000687
734,66.64452804,56.80433003
735,66.64872161,56.80815682
736,66.65265168,56.8120387
737,66.65622032,56.81615738
738,66.66004478,56.82035356
739,66.66371083,56.8243578
740,66.66733996,56.82841678
741,66.67132847,56.8326908
742,66.67498837,56.83745888
743,66.67945109,56.841411
744,66.68328632,56.84584762
745,66.68714308,56.84910055
746,66.6933386,56.85450087
747,66.69669602,56.85780756
748,66.70004781,56.861012
749,66.70349956,56.86476129
750,66.70866515,56.87000693
751,66.71299868,56.87347391
752,66.7168216,56.87722221
753,66.72133098,56.88026735
754,66.72596544,56.88492263
755,66.72953767,56.88813301
756,66.73294431,56.89138858
757,66.736758,56.89488293
758,66.74050557,56.89965859
759,66.74487857,56.90312589
760,66.74849592,56.90642862
761,66.75206712,56.90988636
762,66.75916544,56.91511155
763,66.76259977,56.91825102
764,66.7664191,56.9215963
765,66.77075776,56.92509427
766,66.77447456,56.92852068
767,66.78105817,56.93304601
768,66.78517638,56.93670329
769,66.78868504,56.94000239
770,66.79295705,56.94419065
771,66.79687072,56.94779087
772,66.80156619,56.95160777
773,66.80587204,56.95535575
774,66.81061109,56.95930655
775,66.81711831,56.96371777
776,66.8219645,56.96884534
777,66.82696142,56.97259101
778,66.8367061,56.97912225
779,66.84179171,56.98250677
780,66.84641233,56.98570066
781,66.85031113,56.98894303
782,66.85600783,56.99290868
783,66.86304104,56.99711773
784,66.86703058,57.00053853
785,66.87043927,57.00376309
786,66.87527573,57.01005852
787,66.87904789,57.01364818
788,66.88289235,57.01713758
789,66.88621183,57.02049572
790,66.88965692,57.02392114
791,66.89396175,57.02845274
792,66.89742888,57.03286264
793,66.90114056,57.03713831
794,66.90824554,57.04305116
795,66.91240682,57.04785354
796,66.9162482,57.05147223
797,66.92004651,57.05550252
798,66.92406834,57.05952918
799,66.92805224,57.06319404
800,66.93174546,57.06709603
801,66.93523413,57.07058114
802,66.939966,57.07570805
803,66.94381865,57.07927232
804,66.94707918,57.08283626
805,66.95137786,57.08628443
806,66.95501007,57.08942687
807,66.95999468,57.09313164
808,66.96386579,57.09685421
809,66.96725244,57.09985879
810,66.97284302,57.10406949
811,66.97624966,57.10747874
812,66.97957838,57.11091274
813,66.98402418,57.11401824
814,66.9886284,57.11798256
815,66.99262973,57.12093866
816,66.99632859,57.12412101
817,66.99988185,57.12726971
818,67.00351662,57.13149162
819,67.00675767,57.13501829
820,67.01019917,57.13813962
821,67.01367297,57.14125436
822,67.01741899,57.14496044
823,67.02189043,57.14913882
824,67.02502587,57.15329048
825,67.02826795,57.15681187
826,67.03451935,57.16171517
827,67.03773784,57.16513663
828,67.04109783,57.16861877
829,67.04463469,57.17175428
830,67.04844889,57.17498181
831,67.05178274,57.17785249
832,67.05524474,57.1809725
833,67.0584699,57.18502159
834,67.06349296,57.19333316
835,67.0673205,57.19636973
836,67.07099885,57.19924799
837,67.07437678,57.20219584
838,67.07786083,57.2050586
839,67.08249991,57.20880822
840,67.08771215,57.21295658
841,67.09124952,57.21607263
842,67.09634641,57.22022165
843,67.10062662,57.22504184
844,67.10407889,57.22948341
845,67.10771418,57.23309682
846,67.11324067,57.23734049
847,67.11658682,57.24095621
848,67.11978019,57.24747295
849,67.12277055,57.25145014
850,67.12728249,57.25574922
851,67.1303682,57.25936032
852,67.13332524,57.26335994
853,67.13642684,57.26699545
854,67.13951871,57.27112039
855,67.1717667,57.27738119
856,67.17496981,57.28111366
857,67.17826418,57.28448829
858,67.18512257,57.289135
859,67.18847128,57.29246939
860,67.19206504,57.29613919
861,67.19530814,57.29993664
862,67.1988655,57.30348936
863,67.22878139,57.30704835
864,67.23210088,57.31036196
865,67.23538294,57.31336687
866,67.23907206,57.31665409
867,67.24270376,57.31992516
868,67.24712649,57.32310421
869,67.25083253,57.32609064
870,67.25466468,57.32935215
871,67.25999687,57.333205
872,67.2646134,57.33627224
873,67.26829534,57.33979231
874,67.27508555,57.34441098
875,67.27937448,57.34857848
876,67.28326507,57.35416844
877,67.28661788,57.35862683
878,67.2922951,57.36321285
879,67.29570379,57.51830975
880,67.29916426,57.52145582
881,67.30290516,57.53316312
882,67.30641228,57.53649586
883,67.31401096,57.53992457
884,67.31711205,57.54302777
885,67.32045051,57.54599804
886,67.32432213,57.54961739
887,67.32905144,57.55331622
888,67.33207461,57.55668788
889,67.33536231,57.55985967
890,67.34132098,57.56458322
891,67.34464149,57.56753305
892,67.34754829,57.57072595
893,67.35028437,57.57367347
894,67.35339776,57.57702732
895,67.35620664,57.5801193
896,67.35920879,57.58370995
897,67.36225349,57.58659513
898,67.3656791,57.59013533
899,67.36881608,57.59323621
900,67.37527818,57.59662864
901,67.37842439,57.59988058
902,67.38573342,57.60343165
903,67.38957531,57.60774855
904,67.39270306,57.61177389
905,67.39520895,57.61583156
906,67.39957324,57.62090735
907,67.40292503,57.62477999
908,67.40813675,57.62807249
909,67.41255692,57.63135774
910,67.41666899,57.63559548
911,67.41960039,57.63876067
912,67.4221801,57.64221709
913,67.42488952,57.64590174
914,67.42895442,57.64946271
915,67.43170639,57.65299631
916,67.43451168,57.65635741
917,67.43721341,57.71636618
918,67.44035398,57.72017385
919,67.4440067,57.7243829
920,67.44697552,57.72799829
921,67.44962855,57.73406351
922,67.45588046,57.74010994
923,67.4585904,57.74451885
924,67.46180889,57.74827803
925,67.46736204,57.75416186
926,67.47018117,57.75848568
927,67.47329713,57.76262184
928,67.47651306,57.76697865
929,67.47983665,57.77546369
930,67.48279266,57.78253748
931,67.48554976,57.78691341
932,67.48890052,57.79063895
933,67.49172529,57.7942738
934,67.49450545,57.79790238
935,67.49905943,57.80203689
936,67.50213489,57.80570571
937,67.50516472,57.80976106
938,67.51071429,57.81470295
939,67.51429524,57.81828635
940,67.51735634,57.82193373
941,67.51991709,57.82506099
942,67.5236098,57.82915857
943,67.52739529,57.83313048
944,67.5308291,57.8364619
945,67.53401069,57.83982037
946,67.5384406,57.84346016
947,67.54202872,57.8469489
948,67.54554456,57.85025525
949,67.54882918,57.85342672
950,67.55243012,57.8566681
951,67.55675084,57.8610348
952,67.56044765,57.86419373
953,67.56395887,57.86717291
954,67.57181029,57.87174706
955,67.57610435,57.87473349
956,67.57993445,57.88056092
957,67.58387733,57.88469543
958,67.58838722,57.88870923
959,67.59211889,57.89190213
960,67.59585261,57.89486186
961,67.59948328,57.90111837
962,67.60356356,57.90468495
963,67.6071645,57.90781716
964,67.61067931,57.91194178
965,67.61423052,57.91596811
966,67.61776122,57.9219113
967,67.62175589,57.92548942
968,67.62568185,57.93132477
969,67.62917821,57.93420699
970,67.63353481,57.93780918
971,67.63717266,57.94054496
972,67.64062595,57.94350403
973,67.64417665,57.94653202
974,67.64946835,57.9508631
975,67.65451141,57.95418562
976,67.65842405,57.95777462
977,67.66240794,57.96143354
978,67.66616935,57.96566996
979,67.66968723,57.96945421
980,67.67344197,57.97361907
981,67.67684348,57.97808141
982,67.68042033,57.98313148
983,67.68442883,57.98883622
984,67.68793185,57.99437341
985,67.69177374,57.99947328
986,67.69833428,58.00681685
987,67.70205006,58.01234943
988,67.70523471,58.01741961
989,67.70843577,58.02246308
990,67.71193213,58.02846333
991,67.7153398,58.03356551
992,67.71872849,58.03932368
993,67.72211975,58.04486582
994,67.72559868,58.05089971
995,67.72911349,58.05546133
996,67.7329764,58.05967796
997,67.73657836,58.06538732
998,67.74168499,58.07161349
999,67.74609183,58.07587333
1000,67.74999114,58.07966385
1001,67.75361259,58.08299791
1002,67.75888275,58.08833557
1003,67.76298303,58.09240181
1004,67.76701255,58.09816261
1005,67.7705166,58.10160287
1006,67.77449639,58.10642636
1007,67.77844799,58.11025183
1008,67.78224374,58.11416834
1009,67.78788764,58.11782462
1010,67.79228731,58.1230076
1011,67.7962589,58.12715168
1012,67.80035968,58.13192998
1013,67.80405598,58.13609186
1014,67.80797015,58.14350404
1015,67.81227088,58.14918305
1016,67.81614917,58.15570671
1017,67.81972909,58.15964202
1018,67.82649212,58.16623296
1019,67.8304709,58.17039517
1020,67.83426306,58.17518568
1021,67.83811418,58.17907349
1022,67.84356377,58.18401703
1023,67.85247333,58.18791506
1024,67.8560107,58.19367917
1025,67.85968085,58.1981082
1026,67.86473006,58.20414671
1027,67.86827973,58.20799659
1028,67.8720642,58.21256183
1029,67.87594146,58.21675472
1030,67.87990332,58.22206303
1031,67.88399487,58.22669456
1032,67.88762196,58.2336859
1033,67.89113318,58.23828379
1034,67.89615112,58.24541299
1035,67.90025805,58.25010653
1036,67.90394051,58.255524
1037,67.9076045,58.26021853
1038,67.91419119,58.26958549
1039,67.91805563,58.27426386
1040,67.92194623,58.28021992
1041,67.92576505,58.28492137
1042,67.93923781,58.29409539
1043,67.943173,58.29909994
1044,67.94707795,58.30683236
1045,67.95147249,58.31166211
1046,67.95616181,58.31904889
1047,67.96157501,58.3243628
1048,67.9663402,58.3300936
1049,67.97147041,58.33547315
1050,67.977284,58.34248988
1051,67.98174878,58.34746211
1052,67.98618074,58.35349732
1053,67.99015592,58.35888577
1054,67.99452022,58.36584511
1055,67.99880043,58.37100698
1056,68.00297299,58.37709562
1057,68.00715426,58.38169154
1058,68.011314,58.38774357
1059,68.01538198,58.39290577
1060,68.01940535,58.39838162
1061,68.02359329,58.40326381
1062,68.02770945,58.40862819
1063,68.03225061,58.4135648
1064,68.03661644,58.4193853
1065,68.04056035,58.4239489
1066,68.04680201,58.43825049
1067,68.05115964,58.4447692
1068,68.05517174,58.45075791
1069,68.05906745,58.45516583
1070,68.07108169,59.03375189
1071,68.07527681,59.03960703
1072,68.08001124,59.044822
1073,68.08384698,59.0493658
1074,68.08882493,59.05705897
1075,68.09313642,59.06261563
1076,68.09764682,59.0687887
1077,68.10185219,59.07385163
1078,68.13573967,59.10949265
1079,68.14036388,59.11550181
1080,68.14486608,59.12029462
1081,68.1524017,59.12518736
1082,68.15884279,59.13161241
1083,68.16404836,59.13737982
1084,68.16823271,59.14208589
1085,68.21170697,59.1728965
1086,68.21637886,59.17839775
1087,68.22116405,59.18345045
1088,68.22539248,59.18799426
1089,68.22973524,59.19254367
1090,68.23694379,59.20418204
1091,68.24200325,59.20977959
1092,68.24705861,59.21452326
1093,68.25620707,59.21883554
1094,68.26179098,59.22453269
1095,68.26703346,59.23025392
1096,68.27176277,59.23587093
1097,68.27665665,59.24066276
1098,68.28278193,59.24667587
1099,68.28809516,59.2518882
1100,68.29386979,59.2569508
1101,68.30020219,59.26233101
1102,68.3065997,59.27334043
1103,68.31256965,59.27885256
1104,68.31923631,59.28448474
1105,68.32471872,59.29008757
1106,68.33456183,59.29617027
1107,68.34668065,59.30158379
1108,68.35449363,59.30727336
1109,68.36182316,59.31303747
1110,68.37344521,59.31904036
1111,68.38123511,59.32541989
1112,68.3891706,59.33241749
1113,68.39713122,59.33848997
1114,68.40780587,59.3494166
1115,68.41918133,59.35544126
1116,68.42432949,59.36042701
1117,68.42855536,59.36502656
1118,68.4335897,59.37059641
1119,68.43810677,59.37508678
1120,68.44269048,59.38033177
1121,68.44731982,59.3861648
1122,68.45207784,59.39148432
1123,68.45604892,59.39628538
1124,68.45974111,59.40147067
1125,68.46376859,59.40637958
1126,68.47180098,59.4132779
1127,68.47705986,59.41868548
1128,68.48080896,59.42340343
1129,68.484414,59.42848417
1130,68.48974518,59.43428092
1131,68.493463,59.44109944
1132,68.49732796,59.44761188
1133,68.50119907,59.45350692
1134,68.50659792,59.45918726
1135,68.51091094,59.46451239
1136,68.51450778,59.46995163
1137,68.51827123,59.47559338
1138,68.52351115,59.48173775
1139,68.52728589,59.48694844
1140,68.53143076,59.49352652
1141,68.53566227,59.50004985
1142,68.54007886,59.506434
1143,68.54587091,59.51380329
1144,68.55051768,59.52028606
1145,68.55489838,59.52628037
1146,68.57085909,59.53823932
1147,68.57508086,59.54449056
1148,68.57925701,59.5508226
1149,68.585026,59.55762066
1150,68.59424161,59.56373931
1151,68.6018449,59.57116732
1152,68.60681619,59.57859367
1153,68.62735856,59.58540361
1154,68.63544068,59.59305456
1155,68.63989418,59.59933185
1156,68.64408673,59.60603526
1157,68.648005,59.61233531
1158,68.65227394,59.61895561
1159,68.65799525,59.62607985
1160,68.66200734,59.64829427
1161,68.66615888,59.65665531
1162,69.44363101,60.15646305
1163,69.44728116,60.1636869
1164,69.45088928,60.1718385
1165,69.45441947,60.17997527
1166,69.46340285,60.19063245
1167,69.46771434,60.19918973
1168,69.47121633,60.20800162
1169,69.47476395,60.21660836
1170,69.4807662,60.22617189
1171,69.48427076,60.23571761
1172,69.48784453,60.24533127
1173,69.49176434,60.25635454
1174,69.49527762,60.27561616
1175,69.50065647,60.28583799
1176,69.50412873,60.29509612
1177,69.50767174,60.30477871
1178,70.77299315,61.74233269
1179,70.77752508,61.75328011
1180,70.78220979,61.76330042
1181,70.78638799,61.77419804
1182,70.79427888,61.78925786
1183,70.81038621,61.79881183
1184,70.81424861,61.80748553
1185,70.81749427,61.81693329
1186,70.82291978,61.82823031
1187,70.82624234,61.83877634
1188,70.82969614,61.8489332
1189,70.83695442,61.85492059
1190,70.84026262,61.86207716
1191,70.84611261,61.8715424
1192,70.85029183,61.87926756
1193,70.85350161,61.88801712
1194,71.37695836,62.1021957
1195,71.38126165,62.10909502
1196,71.38449501,62.1211097
1197,71.38776374,62.12886949
1198,71.39129906,62.13694854
1199,71.39690861,62.14866771
1200,71.40063054,62.1588282
1201,71.40398181,62.1675108
1202,71.40750329,62.17848329
1203,71.41180401,62.18638852
1204,71.41505531,62.19434258
1205,71.41825176,62.20687539
1206,71.42614676,62.21626115
1207,71.43110369,62.2252297
1208,71.43438062,62.23550298
1209,71.43765243,62.24309787
1210,71.68812839,62.49736629
1211,71.69155656,62.50611453
1212,71.69511495,62.51613287
1213,71.69831755,62.52491046
1214,71.70217328,62.53744393
1215,71.70823295,62.54577199
1216,71.71166214,62.55498625
1217,71.71477862,62.56402901
1218,71.7189522,62.57546256
1219,71.72216351,62.5878097
1220,71.72568499,62.59616051
1221,71.72906395,62.61002972
1222,71.73245521,62.62179771
1223,71.73851128,62.63180219
1224,71.74219732,62.64428059
1225,71.74620686,62.65502187
1226,71.80688042,62.71572424
1227,71.81067925,62.72986522
1228,71.81439553,62.74107483
1229,71.81918841,62.75936384
1230,71.82683374,62.77236466
1231,71.83162765,62.78350501
1232,71.83545416,62.79514701
1233,71.84060436,62.80351299
1234,71.84448829,62.81712825
1235,71.84753914,62.82505229
1236,71.8508981,62.8313342
1237,71.85415812,62.83918634
1238,71.85820456,62.84942268
1239,71.86558126,62.85722271
1240,71.86878027,62.86247231
1241,71.8719557,62.87091778
1242,72.2689628,63.8696055
1243,72.27171836,63.87457212
1244,72.2747974,63.88022443
1245,72.27783647,63.88536354
1246,72.28101959,63.89077574
1247,72.28522085,63.89780566
1248,72.28791028,63.90313178
1249,72.29054997,63.9112316
1250,72.29359621,63.91835948
1251,72.29650044,63.92321397
1252,72.29977533,63.92819774
1253,72.30280004,63.93178839
1254,72.31700744,63.9501648
1255,72.32388224,63.9549398
1256,72.32694232,63.9588817
1257,72.33071449,63.96324939
1258,72.34976143,63.9855987
1259,72.35339774,63.98942253
1260,72.3562666,63.9924934
1261,72.35953277,63.99527008
1262,72.43012686,64.82842139
1263,72.4332787,64.83146125
1264,72.43621984,64.83412613
1265,72.43924763,64.83730517
1266,72.44599785,64.8426956
1267,72.48272189,64.84588488
1268,72.48647458,64.8489254
1269,72.48947878,64.85176013
1270,72.49276955,64.85468159
1271,72.50041437,64.86061226
1272,72.5044803,64.86453734
1273,72.5106225,64.88052657
1274,73.38461968,65.50827953
1275,73.38744547,65.51139096
1276,73.39054349,65.51410828
1277,73.39353949,65.51697433
1278,73.39668672,65.52008445
1279,73.40523228,65.5232137
1280,73.40844411,65.52641748
1281,73.41135757,65.52909192
1282,73.41475345,65.53295467
1283,73.41808575,65.53593781
1284,73.42097614,65.57189808
1285,73.42700607,65.60626604
1286,73.4311571,65.61466137
1287,73.43862761,65.62937787
1288,73.44906797,65.65970696
1289,73.45232543,65.66619038
1290,73.46422021,65.6772031
1291,73.46982054,65.68799847
1292,73.89704702,72.43618841
1293,73.89970824,72.44213127
1294,74.92014634,73.04454716
1295,74.93848477,73.04744719
1296,74.94186117,73.05030929
1297,75.04581931,73.05344381
1298,75.04873174,73.06112807
1299,75.05138323,73.06375601
1300,75.05364868,73.06626092
1301,75.05586185,73.06853893
1302,75.0585405,73.07136541
1303,75.06393115,73.07604048
1304,75.16680501,73.26562407
1305,75.16912891,73.2680584
1306,75.21185007,73.29004525
1307,75.27911339,81.52286935
1308,75.280697,81.52504775
1309,75.28277841,81.52708697
1310,75.28695148,81.53048073
1311,75.28895496,81.53403279
1312,75.29065085,81.53610532
1313,75.29189816,81.53812443
1314,75.38308486,81.72453985
1315,75.38463464,81.72639108
1316,75.38645254,81.72832641
1317,75.3877588,81.73040653
1318,75.41587986,81.7325536
1319,75.42059481,81.73474453
1320,75.42198771,81.73688467
1321,75.42340369,81.73879296
1322,75.48500414,81.76277978
1323,75.48640371,81.76519994
1324,75.53401823,81.81962864
1325,75.53548137,81.82153066
1326,75.53829742,81.82431393
1327,75.54019427,81.8334276
1328,75.54151386,81.83562117
1329,75.54296214,81.83912838
1330,75.54557415,81.84287141
1331,75.54683889,81.84941024
1332,75.54895516,81.85169946
1333,75.55071666,81.8537898
1334,75.59097346,81.8576377
1335,75.59562228,81.85988306
1336,75.59700852,81.86204662
1337,75.60042592,81.86527019
1338,75.6232399,81.92251548
1339,75.62498141,81.92449632
1340,75.62652555,81.92632051
1341,75.62812967,81.92835115
1342,75.69119122,81.97421665
1343,75.69291735,81.97883235
1344,75.69481676,81.98086563
1345,75.69651521,81.98783124
1346,75.79047695,82.05244352
1347,75.79199187,82.0538993
1348,75.79397895,82.05600119
1349,75.79582402,82.05747808
1350,75.79924501,82.05925148
1351,75.80539747,82.09749372
1352,75.80731534,82.10081788
1353,75.80938034,82.10250553
1354,75.88686615,82.25293297
1355,75.8894756,82.25487753
1356,75.89219066,82.25905492
1357,75.89556756,82.26072508
1358,76.81981588,82.27316225
1359,76.82415865,82.27474996
1360,76.83069919,82.27695013
1361,76.83678654,82.27960775
1362,76.86194543,82.31440775
1363,76.87088831,82.31587343
1364,76.88287076,82.31900598
1365,76.89603029,82.32369787
1366,76.92148653,82.35123576
1367,76.93857612,82.35583003
1368,76.94530173,82.35820104
1369,76.94670694,82.35995366
1370,76.95665823,82.36984469
1371,76.9575318,82.37222526
1372,76.96092563,82.38162191
1373,76.9618679,82.38283858
1374,77.04689343,82.40244452
1375,77.05094858,82.40344847
1376,77.05224613,82.40458401
1377,77.05392151,82.4056991
1378,77.05519343,82.43493024
1379,77.05599882,82.43584349
1380,77.05694622,82.4370628
1381,77.0581602,82.43868547
1382,77.05997092,82.44125041
1383,77.06419372,82.44251721
1384,77.07370002,82.44847393
1385,77.07552868,82.44983671
1386,77.09830011,82.46179466
1387,77.09924084,82.48105892
1388,77.10036152,82.48347413
1389,77.10156167,82.48518651
1390,77.10385685,82.61646018
1391,77.10495036,82.61887571
1392,77.43659099,83.02165241
1393,77.43725693,83.02342778
1394,77.44342631,83.02611541
1395,77.44409226,83.0272526
1396,77.44492533,83.02831261
1397,77.47109315,83.02993825
1398,77.47231175,83.03440719
1399,77.51391069,83.07394558
1400,77.51476581,83.07508607
1401,77.51574243,83.07680109
1402,77.52195026,83.08778808
1403,77.52267567,83.08879598
1404,77.57250233,83.09212575
1405,77.68927908,83.13799059
1406,77.6900696,83.15904539
1407,77.69070274,83.15997677
1408,77.6914702,83.16261064
1409,77.69209564,83.16412843
1410,77.69445491,83.16559675
1411,77.80627678,83.16658948
1412,77.8185412,83.18308003
1413,77.81917331,83.18398273
1414,77.85342888,83.19764943
1415,77.85801669,83.20142247
1416,77.85879081,83.2030336
1417,77.85943523,83.20477962
1418,77.86823559,83.21087551
1419,77.8688718,83.21237945
1420,77.91877792,83.25826176
1421,77.91962484,83.25946986
1422,77.9212428,83.26327885
1423,77.93450435,83.26403576
1424,77.93550352,83.2685832
1425,77.93664266,83.26978305
1426,77.93988525,83.27233545
1427,77.94087622,83.27303927
1428,78.02340252,83.27428431
1429,78.02418741,83.27536312
1430,78.04509275,83.28262918
1431,78.04667482,83.28360213
1432,78.05307848,83.28671422
1433,78.05356193,83.29227978
1434,78.45008712,83.47619491
1435,78.45061209,83.4769482
1436,78.5625816,84.74473067
1437,78.56312246,84.74582366
1438,78.71071225,84.75092551
1439,78.71164324,84.75146903
1440,78.72014625,84.75509333
1441,78.7265207,84.75881458
1442,78.72910913,84.76017736
1443,78.73008882,84.76181257
1444,78.82069058,84.77785985
1445,78.82158876,84.77990698
1446,78.95003267,84.78471563
1447,78.95216073,84.78598507
1448,78.98126302,84.79456774
1449,78.98188847,84.79584939
1450,78.9851531,84.80652966
1451,78.98598157,84.8104389
1452,78.98733499,84.81328979
1453,78.98781741,84.81388807
1454,79.04629986,84.87518212
1455,79.04802291,84.87594596
1456,79.05054572,84.87972691
1457,79.05264354,84.88471266
1458,79.05413282,84.88984155
1459,79.05515866,84.89404565
1460,79.05611221,84.91478714
1461,79.05687915,84.91844441
1462,79.05876831,84.92621608
1463,79.06117065,84.93155901
1464,79.0727727,84.94392561
1465,79.07385493,84.94756606
1466,79.4094528,85.22626721
1467,79.41295377,85.2335059
1468,79.5532658,85.26488939
1469,79.55376052,85.26537982
1470,79.56034259,85.27043384
1471,79.56235428,85.27110336
1472,79.56524774,85.27751851
1473,79.56572708,85.27801587
1474,79.70669071,85.3532009
1475,79.70758428,85.35379719
1476,79.74456773,85.35645712
1477,79.74525213,85.35740302
1478,79.76729097,85.372043
1479,79.76877974,85.37274351
1480,79.76999167,85.37763659
1481,79.77123642,85.37844067
1482,79.77401248,85.38058906
1483,79.77469278,85.38186279
1484,79.7752603,85.38928452
1485,79.77585242,85.38980859
1486,81.15030884,85.39834839
1487,81.15082509,85.39894996
1488,81.15199704,85.40387569
1489,81.15248407,85.40450299
1490,81.1621539,85.41960965
1491,81.16305875,85.42024421
1492,81.16361037,85.43291555
1493,81.16420557,85.43346831
1494,81.40667631,85.70257625
1495,81.43560942,85.70331997
1496,81.43626204,85.70415439
1497,81.43686134,85.70470782
1498,81.44445079,85.72323758
1499,81.44616001,85.72409905
1500,81.44685467,85.72477681
1501,81.44734426,85.72531012
1502,81.46409703,85.73418764
1503,81.46494139,85.73491322
1504,81.46571704,85.73605239
1505,81.46628302,85.73658635
1506,81.58445575,86.00432789
1507,81.58505454,86.00627509
1508,81.58608858,86.00829056
1509,81.58746354,86.00896668
1510,81.62202773,86.03907941
1511,81.89732217,86.08269625
1512,81.89816858,86.08394755
1513,81.91170593,86.08482584
1514,85.34303974,88.23964215
1515,85.34350678,88.24021998
1516,85.34400611,88.24087894
1517,85.34432037,88.2415567
1518,85.3470908,88.24300556
1519,85.34750964,88.24442375
1520,85.34792695,88.24513185
1521,85.34842526,88.24583006
1522,85.34908813,88.24732873
1523,85.34960182,88.24801836
1524,85.3500422,88.24945996
1525,85.35033646,88.25026734
1526,85.35429422,88.25356248
1527,85.35473254,88.25442857
1528,85.35513344,88.25517064
1529,85.35542925,88.25604497
1530,85.35601061,88.25796381
1531,85.35874002,88.26046411
1532,85.35929216,88.26155974
1533,85.35967255,88.26236415
1534,85.36013805,88.26378662
1535,85.36042514,88.26465139
1536,85.36114287,88.2667315
1537,85.36149661,88.26751382
1538,85.3623061,88.26886769
1539,85.36304126,88.26998476
1540,85.36493195,88.27098442
1541,85.36525955,88.27187689
1542,85.36584244,88.27305629
1543,85.36799101,88.27446425
1544,85.36833347,88.27566608
1545,85.36901941,88.27712154
1546,85.36966895,88.27902785
1547,85.36999398,88.27948727
1548,85.37032567,88.28023496
1549,85.37074657,88.28098198
1550,85.37152018,88.28319732
1551,85.37183392,88.28389619
1552,85.37232403,88.28469862
1553,85.37273108,88.28525831
1554,85.3746105,88.28798881
1555,85.37538155,88.28864843
1556,85.37600853,88.28946208
1557,85.37647608,88.29038489
1558,85.37696516,88.29127109
1559,85.37759471,88.29187069
1560,85.37797613,88.29259693
1561,85.37828475,88.2932206
1562,85.37875435,88.29447883
1563,85.37910194,88.29618791
1564,85.37941056,88.29690096
1565,85.3797766,88.29742536
1566,85.38736964,88.30671449
1567,85.38779874,88.30721679
1568,85.38866719,88.30782067
1569,85.3889876,88.30840345
1570,85.38957203,88.30918411
1571,85.38997447,88.30962573
1572,85.39046663,88.31024643
1573,85.39077423,88.31066364
1574,85.39123716,88.31185129
1575,85.39150272,88.312347
1576,85.39234195,88.31292516
1577,85.39263058,88.31336645
1578,85.39312376,88.31413787
1579,85.39345648,88.31458807
1580,85.39396965,88.31511115
1581,85.39438542,88.31577538
1582,85.39481657,88.31637333
1583,85.39573577,88.31682418
1584,85.39628073,88.31729713
1585,85.39665856,88.31773611
1586,85.3972066,88.31857878
1587,85.39755316,88.319182
1588,85.39789254,88.3208581
1589,85.39813862,88.32123409
1590,85.40315656,88.32202233
1591,85.40342365,88.32263512
1592,85.40378764,88.32334059
1593,85.40418188,88.32377858
1594,85.40587315,88.32465851
1595,85.40629405,88.32507441
1596,85.40740294,88.32562156
1597,85.40771874,88.32622215
1598,85.40805607,88.32682735
1599,85.40850465,88.32728084
1600,85.40925929,88.3277871
1601,85.40971453,88.3282241
1602,85.41020464,88.33650005
1603,85.41056145,88.33693012
1604,85.4108875,88.33748354
1605,85.4111628,88.33792483
1606,85.41228809,88.33863854
1607,85.41263619,88.33903596
1608,85.41295917,88.33959664
1609,85.41334469,88.34009334
1610,85.41376815,88.3408054
1611,85.41397783,88.34125295
1612,85.41433157,88.34180802
1613,85.41470991,88.34227042
1614,85.41519796,88.34327205
1615,85.41561527,88.34367871
1616,85.41605206,88.34518727
1617,85.41635197,88.34566055
1618,85.4170051,88.3466447
1619,85.41731526,88.34750056
1620,85.41765772,88.34799363
1621,85.41797147,88.34832179
1622,85.42230141,88.34933926
1623,85.4227341,88.34981419
1624,85.42304375,88.35031682
1625,85.42337082,88.35093521
1626,85.42384863,88.35146324
1627,85.42414392,88.35186858
1628,85.42445562,88.35247048
1629,85.42488574,88.35291078
1630,85.42535124,88.35377719
1631,85.42567063,88.35424618
1632,85.42612433,88.35478773
1633,85.4264309,88.35529498
1634,85.42705123,88.35592129
1635,85.42733883,88.35639226
1636,85.42764233,88.35701957
1637,85.42792942,88.35745459
1638,85.4284713,88.35854461
1639,85.42877172,88.35901921
1640,85.42913725,88.35968642
1641,85.42939255,88.36015607
1642,85.4298237,88.3608368
1643,85.43025947,88.36124609
1644,85.43192152,88.3619598
1645,85.43219528,88.36234799
1646,85.43266436,88.36288624
1647,85.43306116,88.36347924
1648,85.43353076,88.36396802
1649,85.43391116,88.36443504
1650,85.43448124,88.36558476
1651,85.43476628,88.36597921
1652,85.43507951,88.36643798
1653,85.43539634,88.36678362
1654,85.43613098,88.36733605
1655,85.43636425,88.36772919
1656,85.43664262,88.36820807
1657,85.43696457,88.36864672
1658,85.43762232,88.36950522
1659,85.43797093,88.36998608
1660,85.43862304,88.37041121
1661,85.43910443,88.37090395
1662,85.44407161,88.37192009
1663,85.44439202,88.37235973
1664,85.44477754,88.37306652
1665,85.44506566,88.37355398
1666,85.44553423,88.37430067
1667,85.44588746,88.37473206
1668,85.44621044,88.37530066
1669,85.44641653,88.37569082
1670,85.44673181,88.37636364
1671,85.44703121,88.37679074
1672,85.45238801,88.37735043
1673,85.45271868,88.37770531
1674,85.45333029,88.37826269
1675,85.45528968,88.37920067
1676,85.45564291,88.37963503
1677,85.45593153,88.38000574
1678,85.45629399,88.38146845
1679,85.45655852,88.38184675
1680,85.45683741,88.38223856
1681,85.45717525,88.38260729
1682,85.45769048,88.38312608
1683,85.45797962,88.38358155
1684,85.4582216,88.3840202
1685,85.45857995,88.38447204
1686,85.45897008,88.3852062
1687,85.45925666,88.38680183
1688,85.4595294,88.38950034
1689,85.45975599,88.38982355
1690,85.4602866,88.39040237
1691,85.4605337,88.39071239
1692,85.46086898,88.39174437
1693,85.46109097,88.39229021
1694,85.46145086,88.39284594
1695,85.46176153,88.39327766
1696,85.46323492,88.39386308
1697,85.46346972,88.39426116
1698,85.46389728,88.39519156
1699,85.46423974,88.39548179
1700,85.46455861,88.39607545
1701,85.46485698,88.39646496
1702,85.46512203,88.39697155
1703,85.46552857,88.39729146
1704,85.46582694,88.39773077
1705,85.46606481,88.39805893
1706,85.46650365,88.39876506
1707,85.46680459,88.39916611
1708,85.46715166,88.39962125
1709,85.46754179,88.39992302
1710,85.46791194,88.40045732
1711,85.46851483,88.40079076
1712,85.46948735,88.40129966
1713,85.46973599,88.4017571
1714,85.47023737,88.40281613
1715,85.47049678,88.40312582
1716,85.47074286,88.4035239
1717,85.47102226,88.40406116
1718,85.47130986,88.40480654
1719,85.47168,88.40522573
1720,85.47191429,88.40587941
1721,85.47231878,88.40622604
1722,85.47270789,88.40664754
1723,85.4730606,88.40696944
1724,85.47335897,88.40739555
1725,85.47368297,88.40781738
1726,85.47414386,88.40891268
1727,85.47437045,88.40925437
1728,85.47500667,88.40975238
1729,85.47527838,88.41004657
1730,85.47569466,88.41056965
1731,85.47599098,88.41094564
1732,85.47627089,88.41136747
1733,85.4766072,88.41170288
1734,85.47687173,88.41222662
1735,85.47712345,88.41261844
1736,85.47738081,88.41299475
1737,85.47784323,88.4133559
1738,85.47839895,88.41392581
1739,85.47866554,88.41430806
1740,85.4789557,88.41495614
1741,85.47923254,88.41563423
1742,85.47946888,88.41609564
1743,85.47976007,88.41643171
1744,85.47999795,88.41706099
1745,85.48028452,88.41755142
1746,85.48066492,88.41812166
1747,85.48105044,88.41847291
1748,85.48136624,88.41893861
1749,85.4816077,88.41925489
1750,85.48399415,88.41976841
1751,85.48430687,88.42015792
1752,85.48456987,88.42063284
1753,85.48478518,88.42105896
1754,85.4851625,88.42202465
1755,85.48540961,88.42238975
1756,85.48581051,88.42284357
1757,85.48608581,88.42335774
1758,85.48637136,88.42389072
1759,85.48658207,88.42421492
1760,85.48681123,88.42468952
1761,85.48715163,88.42510343
1762,85.48815491,88.42568291
1763,85.48844098,88.42595665
1764,85.4887578,88.42642597
1765,85.48910334,88.42679239
1766,85.49254894,88.42730063
1767,85.49285551,88.42774258
1768,85.49470725,88.42842364
1769,85.49636981,88.42935601
1770,85.49673944,88.42993681
1771,85.49721263,88.43029202
1772,85.49749562,88.43067361
1773,85.49771196,88.43103739
1774,85.49847019,88.43160302
1775,85.49870447,88.43206904
1776,85.4989485,88.43273163
1777,85.49923303,88.43317687
1778,85.49965085,88.43399942
1779,85.50001843,88.43443906
1780,85.50029373,88.43495884
1781,85.50051622,88.4353002
1782,85.50086893,88.435818
1783,85.50114218,88.43623884
1784,85.50146772,88.43679424
1785,85.50171944,88.43727247
1786,85.50207523,88.43810788
1787,85.50239821,88.43872561
1788,85.50264992,88.43928728
1789,85.50288934,88.43974506
1790,85.50319181,88.44033377
1791,85.50353426,88.44072031
1792,85.50375676,88.44113323
1793,85.50403514,88.44157221
1794,85.50438887,88.44217907
1795,85.50463444,88.44255835
1796,85.50494562,88.44330834
1797,85.5051512,88.44374897
1798,85.5054506,88.44427666
1799,85.50574897,88.44477435
1800,85.50605707,88.44515396
1801,85.50631187,88.44553093
1802,85.50673481,88.44635018
1803,85.50698192,88.44671759
1804,85.50730079,88.44716812
1805,85.50767247,88.44765393
1806,85.50802775,88.44824297
1807,85.5082769,88.44874395
1808,85.50858604,88.44927759
1809,85.50887518,88.44968688
1810,85.50923507,88.45035904
1811,85.50946525,88.45085738
1812,85.50972363,88.45134814
1813,85.50996202,88.45179965
1814,85.51045418,88.45246257
1815,85.51077152,88.45295432
1816,85.51109142,88.45366374
1817,85.51138312,88.4543072
1818,85.51182965,88.4549411
1819,85.51209111,88.45566273
1820,85.51232488,88.45626529
1821,85.51255148,88.45678936
1822,85.51300416,88.45740116
1823,85.5132892,88.45787246
1824,85.51361269,88.45842885
1825,85.51395925,88.45879824
1826,85.51603143,88.4593698
1827,85.51626315,88.45981472
1828,85.51662612,88.46046412
1829,85.51705778,88.46094828
1830,85.51745971,88.46201027
1831,85.51770527,88.46259799
1832,85.51795237,88.46298354
1833,85.51830509,88.46334567
1834,85.51870035,88.46380246
1835,85.51889055,88.46429685
1836,85.51926735,88.46483378
1837,85.51945806,88.46548054
1838,85.52005993,88.46621107
1839,85.52037317,88.46670051
1840,85.52081611,88.46737201
1841,85.52108218,88.46785155
1842,85.5214677,88.46844026
1843,85.52168507,88.46897753
1844,85.52200292,88.46976412
1845,85.52220183,88.47020673
1846,85.52252224,88.47081754
1847,85.52281856,88.47134887
1848,85.52314769,88.47191548
1849,85.52344196,88.47240459
1850,85.52388644,88.47335906
1851,85.52417661,88.47395272
1852,85.52449804,88.47456353
1853,85.52487075,88.47498305
1854,85.52546134,88.47553087
1855,85.52574433,88.47596622
1856,85.52602885,88.47639761
1857,85.52632107,88.47678547
1858,85.52668199,88.47726172
1859,85.52730538,88.47770136
1860,85.52892437,88.47947607
1861,85.52919711,88.48009644
1862,85.52960108,88.4817201
1863,85.5298164,88.48214061
1864,85.53015681,88.48261257
1865,85.53040853,88.48294634
1866,85.53125801,88.48350966
1867,85.53272166,88.48460166
1868,85.53295748,88.48658152
1869,85.53315434,88.48691561
1870,85.53517885,88.48750499
1871,85.53545774,88.48820781
1872,85.5357761,88.48871737
1873,85.53603858,88.48912271
1874,85.53641436,88.48971934
1875,85.53668812,88.49018404
1876,85.53696291,88.49070679
1877,85.53722796,88.49149108
1878,85.5375294,88.49229318
1879,85.53785853,88.49268797
1880,85.53812614,88.49322259
1881,85.53834556,88.49360979
1882,85.53902791,88.49423247
1883,85.53930219,88.49470212
1884,85.53956775,88.49516913
1885,85.53994097,88.49559459
1886,85.54023216,88.49619913
1887,85.54050182,88.49668132
1888,85.54086273,88.49707577
1889,85.54130362,88.49741251
1890,85.54209876,88.4980441
1891,85.5423838,88.49853386
1892,85.54266013,88.49945239
1893,85.54290774,88.49985212
1894,85.54338195,88.50026372
1895,85.54367879,88.5006463
1896,85.54393614,88.50110837
1897,85.54415915,88.50154174
1898,85.54448418,88.50214068
1899,85.54487175,88.50254503
1900,85.54517422,88.50316078
1901,85.54541569,88.50345563
1902,85.54568381,88.5038679
1903,85.54596885,88.50417
1904,85.54637026,88.50456644
1905,85.54660916,88.50504961
1906,85.54700135,88.50594043
1907,85.54732997,88.50634016
1908,85.54753964,88.50674088
1909,85.54787134,88.50711159
1910,85.5481815,88.50753639
1911,85.54842296,88.50789324
1912,85.54867981,88.50827054
1913,85.54894947,88.50860794
1914,85.54933345,88.50917522
1915,85.54964412,88.50946149
1916,85.54986611,88.50981373
1917,85.5500604,88.51027645
1918,85.55043157,88.51072698
1919,85.55067611,88.51103106
1920,85.55100627,88.51169332
1921,85.55127593,88.51202511
1922,85.55162659,88.51250037
1923,85.55362392,88.51280709
1924,85.55389768,88.51320023
1925,85.55414376,88.51349508
1926,85.55451134,88.5141359
1927,85.55477485,88.5144357
1928,85.5550927,88.51497758
1929,85.55622107,88.51531234
1930,85.55690188,88.51575132
1931,85.55718128,88.51616226
1932,85.55743761,88.51653989
1933,85.55771291,88.51681463
1934,85.55803179,88.51802602
1935,85.55823583,88.51831329
1936,85.55847883,88.51874204
1937,85.55876848,88.51911242
1938,85.55929191,88.51964078
1939,85.55952876,88.52000621
1940,85.55977689,88.52046629
1941,85.55995581,88.52073146
1942,85.56023162,88.52122288
1943,85.56043464,88.52154082
1944,85.5607207,88.52194319
1945,85.56101804,88.52227498
1946,85.56141331,88.52277299
1947,85.56164811,88.52311534
1948,85.56185881,88.52348439
1949,85.5620772,88.52386302
1950,85.56233354,88.52433498
1951,85.56266779,88.52464863
1952,85.56293643,88.52519842
1953,85.5632389,88.52550778
1954,85.56361365,88.52617763
1955,85.56385204,88.52650777
1956,85.56408838,88.52692795
1957,85.56430113,88.52724853
1958,85.56456105,88.52771818
1959,85.56476355,88.52804205
1960,85.56502963,88.52851863
1961,85.56531979,88.52898696
1962,85.56563969,88.52968451
1963,85.56590218,88.53007138
1964,85.56620567,88.53052058
1965,85.56652301,88.53087315
1966,85.56697005,88.531262
1967,85.5671987,88.53157763
1968,85.56742222,88.53205684
1969,85.56769291,88.53236752
1970,85.56819685,88.53392357
1971,85.56842653,88.53421743
1972,85.56866389,88.53456176
1973,85.56884434,88.53486221
1974,85.56914066,88.5353289
1975,85.56947031,88.53564749
1976,85.56971638,88.53614749
1977,85.56998604,88.5364463
1978,85.57032953,88.53690209
1979,85.57053613,88.53720354
1980,85.57074991,88.53756897
1981,85.57109698,88.53790109
1982,85.57135126,88.53870187
1983,85.57155787,88.53918603
1984,85.57180446,88.53964051
1985,85.57200952,88.53995746
1986,85.5724663,88.54051418
1987,85.57283747,88.54097658
1988,85.57346753,88.54135553
1989,85.5736931,88.54169656
1990,85.57402018,88.54228329
1991,85.57429343,88.54262365
1992,85.57776159,88.54362166
1993,85.57805586,88.54389409
1994,85.57837063,88.54434296
1995,85.57859518,88.54463583
1996,85.57884279,88.54532316
1997,85.57908016,88.54567408
1998,85.57970099,88.5462707
1999,85.58108825,88.54662096
2000,85.58127589,88.54701937
2001,85.5820618,88.54735974
2002,85.5824709,88.54783665
2003,85.58270468,88.54820603
2004,85.58303586,88.5486714
2005,85.58327476,88.54918458
2006,85.58365464,88.5500787
2007,85.58390277,88.55040653
2008,85.58415244,88.5507558
2009,85.5843252,88.55115323
2010,85.58480506,88.55213342
2011,85.58522339,88.55244444
2012,85.58540538,88.55286791
2013,85.58568991,88.55324423
2014,85.58594214,88.55363604
2015,85.58624256,88.55394376
2016,85.5865235,88.55447739
2017,85.58672292,88.55483359
2018,85.5873294,88.55538965
2019,85.5876088,88.55569044
2020,85.58796049,88.55606147
2021,85.58825425,88.55798625
2022,85.58856851,88.55870985
2023,85.58898223,88.55908419
2024,85.58928982,88.55964388
2025,85.58952257,88.56010792
2026,85.59009522,88.56047896
2027,85.59032848,88.56091464
2028,85.5906007,88.56138429
2029,85.59089702,88.5617362
2030,85.59124153,88.56236482
2031,85.59155682,88.56265769
2032,85.59233965,88.56305149
2033,85.59274465,88.56341395
2034,85.59324604,88.56409864
2035,85.59345674,88.56452805
2036,85.59369769,88.56500265
2037,85.59394223,88.56537072
2038,85.59431494,88.56579452
2039,85.59461331,88.56610224
2040,85.59483837,88.56655012
2041,85.59520492,88.56687993
2042,85.59562325,88.56752966
2043,85.59581806,88.56786838
2044,85.59615027,88.56839376
2045,85.59638712,88.5687117
2046,85.5967142,88.56910978
2047,85.5969331,88.56937858
2048,85.59719917,88.56977501
2049,85.59747191,88.57007085
2050,85.59821732,88.57060449
2051,85.59852543,88.57093265
2052,85.59877407,88.57147354
2053,85.59906629,88.57178719
2054,85.59941388,88.57239767
2055,85.59968149,88.57273704
2056,85.59993064,88.57310643
2057,85.60020286,88.57341415
2058,85.60065247,88.57427297
2059,85.60083344,88.57459883
2060,85.60123895,88.57544743
2061,85.60148811,88.57590026
2062,85.60190593,88.57636793
2063,85.60214124,88.57666245
2064,85.60244576,88.57708857
2065,85.60268312,88.57764133
2066,85.60305429,88.5783092
2067,85.60339418,88.578734
2068,85.60376843,88.5791677
2069,85.60403501,88.57950543
2070,85.60434005,88.57991703
2071,85.60465841,88.58022903
2072,85.60499318,88.58085303
2073,85.60528334,88.58111688
2074,85.60572321,88.58162611
2075,85.60592725,88.58201331
2076,85.60620152,88.58233289
2077,85.60638967,88.58263335
2078,85.60669111,88.58312378
2079,85.60707459,88.58343776
2080,85.60781384,88.58418874
2081,85.60802865,88.58453174
2082,85.60841058,88.5850258
2083,85.6086459,88.58922957
2084,85.60895657,88.58974836
2085,85.60921392,88.59009763
2086,85.60959688,88.59111279
2087,85.60995575,88.59160355
2088,85.61019208,88.59209563
2089,85.61041612,88.59248415
2090,85.61081087,88.59299173
2091,85.61100312,88.5933532
2092,85.61127073,88.59385352
2093,85.6115491,88.5942737
2094,85.61203049,88.59476842
2095,85.61228836,88.59504711
2096,85.61267491,88.59544915
2097,85.61293944,88.59575587
2098,85.61333932,88.59618561
2099,85.61355874,88.59657809
2100,85.61382635,88.59726608
2101,85.61407089,88.59751442
2102,85.68162284,88.60327259
2103,85.68187763,88.6035437
2104,85.68218933,88.60391968
2105,85.68241849,88.60422377
2106,85.68294807,88.60482633
2107,85.6831721,88.6051192
2108,85.68357608,88.60554169
2109,85.68382728,88.60654893
2110,85.68417026,88.60697703
2111,85.68442761,88.60733586
2112,85.68481262,88.60806277
2113,85.68500897,88.60835729
2114,85.68804444,88.61678132
2115,85.68825258,88.61714114
2116,85.68860017,88.61754384
2117,85.68879549,88.61784727
2118,85.68921075,88.61827371
2119,85.68948297,88.61863948
2120,85.68982338,88.61917212
2121,85.6900669,88.61968003
2122,85.69072669,88.62030766
2123,85.69092714,88.62059987
2124,85.69122039,88.62101378
2125,85.69147159,88.62135976
2126,85.692136,88.6218802
2127,85.69235644,88.62220704
2128,85.69262508,88.62258401
2129,85.69292447,88.62298572
2130,85.6932536,88.62347978
2131,85.69377498,88.62426638
2132,85.69415384,88.62465688
2133,85.69438197,88.62503352
2134,85.69847866,88.62625184
2135,85.69869551,88.62662816
2136,85.6991405,88.62727261
2137,85.69970136,88.6275978
2138,85.70022837,88.62834977
2139,85.70041293,88.62863275
2140,85.70080819,88.62919244
2141,85.70123729,88.62959415
2142,85.70195809,88.6318461
2143,85.70250357,88.63282168
2144,85.70284756,88.63329759
2145,85.70313465,88.63404593
2146,85.7035658,88.63459573
2147,85.70696424,88.63487145
2148,85.70737283,88.63531241
2149,85.70770452,88.63559638
2150,85.70804903,88.63604228
2151,85.70830126,88.63635197
2152,85.7087888,88.63679491
2153,85.70902924,88.63714649
2154,85.70944655,88.63769035
2155,85.70969314,88.638035
2156,85.71006687,88.63875465
2157,85.71036832,88.63910985
2158,85.71067643,88.63955246
2159,85.71089533,88.6398361
2160,85.71173405,88.64030014
2161,85.71196833,88.64066227
2162,85.71272605,88.64248877
2163,85.71295777,88.64282056
2164,85.71328588,88.64359231
2165,85.71354323,88.64428195
2166,85.71388672,88.64496697
2167,85.71413997,88.6452318
2168,85.71445526,88.64567705
2169,85.71471108,88.64601708
2170,85.71514633,88.64664768
2171,85.71537292,88.64700058
2172,85.71570154,88.64757115
2173,85.71598043,88.64792768
2174,85.71656589,88.64850584
2175,85.71678018,88.64892602
2176,85.71746664,88.64966776
2177,85.71766863,88.64999229
2178,85.71814027,88.65066544
2179,85.71834021,88.65099327
2180,85.71871343,88.65143093
2181,85.71894105,88.65176206
2182,85.71925737,88.65238936
2183,85.71957778,88.65279734
2184,85.71994587,88.6534497
2185,85.72017964,88.65378512
2186,85.72110141,88.65445497
2187,85.72127777,88.65489263
2188,85.72165201,88.65550574
2189,85.7220119,88.6558316
2190,85.72237128,88.65707202
2191,85.72259685,88.65769338
2192,85.72314283,88.65839489
2193,85.72337558,88.65873097
2194,85.72378058,88.65923294
2195,85.72404358,88.65964157
2196,85.72460289,88.66016465
2197,85.72484384,88.66054031
2198,85.72664073,88.6620957
2199,85.72688065,88.66248356
2200,85.72725336,88.6628691
2201,85.72747944,88.66313328
2202,85.72785112,88.66370814
2203,85.72804696,88.66399442
2204,85.72832585,88.66437337
2205,85.72883953,88.6646514
2206,85.72914867,88.66515568
2207,85.72944806,88.66541327
2208,85.72986588,88.6660597
2209,85.73008428,88.66634762
2210,85.73066564,88.66702274
2211,85.73089428,88.6675079
2212,85.7315469,88.66789608
2213,85.73175914,88.66812002
2214,85.73228616,88.66856329
2215,85.73252506,88.66880537
2216,85.73297467,88.66922192
2217,85.73321767,88.66967541
2218,85.73388618,88.67041254
2219,85.7341097,88.67067639
2220,85.73440346,88.67113648
2221,85.73461672,88.67151213
2222,85.73495867,88.67188515
2223,85.73515809,88.67215262
2224,85.73543749,88.67298573
2225,85.73563333,88.67329179
2226,85.73625673,88.67383928
2227,85.73653562,88.67415853
2228,85.73704572,88.6745299
2229,85.73726155,88.67484685
2230,85.7377819,88.67531452
2231,85.73804131,88.67556551
2232,85.73844733,88.67611761
2233,85.73868111,88.67643126
2234,85.73961415,88.6768831
2235,85.7398915,88.67713442
2236,85.74039494,88.67900544
2237,85.74060872,88.67932799
2238,85.74114855,88.68006677
2239,85.74148281,88.68032138
2240,85.74190883,88.68077883
2241,85.74212569,88.68106346
2242,85.7428916,88.68157334
2243,85.74801617,88.68327979
2244,85.74921324,88.68372041
2245,85.74951315,88.68412344
2246,85.75382412,88.68472469
2247,85.75422913,88.6850202
2248,85.75668375,88.68543345
2249,85.75689804,88.68571148
2250,85.75771984,88.68624446
2251,85.75792183,88.68650006
2252,85.75824788,88.68703765
2253,85.75846064,88.68731568
2254,85.75882719,88.68771409
2255,85.75905225,88.68796442
2256,85.75954902,88.68840736
2257,85.75982791,88.68875564
2258,85.76029033,88.68935358
2259,85.76048668,88.68959105
2260,85.76078402,88.69005971
2261,85.76101626,88.69031729
2262,85.76135513,88.69068173
2263,85.76166478,88.69095383
2264,85.76210054,88.69139149
2265,85.76245018,88.69166061
2266,85.76300026,88.69291422
2267,85.76347396,88.69315663
2268,85.76377695,88.69364014
2269,85.76397483,88.69393565
2270,85.76432293,88.69453228
2271,85.76467718,88.69478326
2272,85.76493966,88.69524764
2273,85.76513345,88.69553919
2274,85.76548667,88.69601807
2275,85.7660342,88.69664208
2276,85.7663341,88.6969455
2277,85.76658223,88.69721397
2278,85.76686266,88.69764371
2279,85.76703132,88.69794483
2280,85.7675081,88.69860247
2281,85.76815252,88.69883928
2282,85.768577,88.70177064
2283,85.76878001,88.70203218
2284,85.76904506,88.70244741
2285,85.76923833,88.70267597
2286,85.76955311,88.7031664
2287,85.76975869,88.70346455
2288,85.76998528,88.70400742
2289,85.7701519,88.70429831
2290,85.77054511,88.70499883
2291,85.77082041,88.70536162
2292,85.77112749,88.70589229
2293,85.77133256,88.70609413
2294,85.77164118,88.70672308
2295,85.77183702,88.70706674
2296,85.772059,88.71119466
2297,85.77221331,88.71145158
2298,85.77264959,88.71205579
2299,85.77286388,88.71228138
2300,85.77313508,88.71269365
2301,85.77334835,88.71311745
2302,85.77360878,88.71357193
2303,85.81242653,88.71431962
2304,85.81271567,88.71495945
2305,85.81303455,88.71528398
2306,85.81340572,88.71628793
2307,85.81359181,88.71660883
2308,85.81380969,88.71707881
2309,85.81401732,88.71733574
2310,85.81434799,88.71785552
2311,85.81462021,88.71813586
2312,85.8150406,88.71866059
2313,85.81520926,88.71892246
2314,85.81564349,88.71973808
2315,85.81583625,88.71997488
2316,85.81610591,88.72169914
2317,85.8163443,88.7220141
2318,85.81666522,88.72245605
2319,85.81692668,88.72270935
2320,85.81724658,88.72321726
2321,85.81746087,88.72350716
2322,85.81783922,88.72431586
2323,85.82332624,88.72476803
2324,85.82368716,88.72518095
2325,85.82390555,88.7253818
2326,85.82417213,88.72582045
2327,85.82437566,88.72609321
2328,85.82476016,88.72670369
2329,85.82491601,88.72698963
2330,85.82527333,88.7276011
2331,85.82545379,88.72786957
2332,85.82576292,88.72826765
2333,85.82600336,88.72852062
2334,85.82628533,88.72906579
2335,85.82662163,88.72937549
2336,85.82685489,88.73017495
2337,85.82703484,88.7303946
2338,85.82752802,88.73103279
2339,85.82772488,88.73127553
2340,85.82801556,88.7318649
2341,85.82821037,88.73211951
2342,85.82850259,88.73315974
2343,85.82902704,88.733884
2344,85.8294828,88.73435992
2345,85.8296689,88.73459244
2346,85.82997444,88.73523491
2347,85.83013286,88.73577019
2348,85.83042097,88.73619894
2349,85.83062399,88.73647104
2350,85.83145245,88.73706173
2351,85.83178824,88.73734108
2352,85.83206816,88.73794463
2353,85.83233218,88.73822069
2354,85.83278998,88.73887173
2355,85.83300325,88.73941493
2356,85.83334879,88.73998484
2357,85.83355539,88.74021044
2358,85.83563833,88.74071867
2359,85.83589928,88.7409812
2360,85.83613254,88.74160455
2361,85.83642527,88.74189643
2362,85.83691896,88.7425831
2363,85.8371389,88.74288553
2364,85.8374224,88.74337431
2365,85.83759312,88.7436751
2366,85.83786329,88.74415003
2367,85.83805297,88.74446928
2368,85.83835647,88.74511077
2369,85.83855384,88.74549302
2370,85.83890707,88.74893229
2371,85.83910547,88.74924561
2372,85.83932181,88.749927
2373,85.83949612,88.75017073
2374,85.83980884,88.75061795
2375,85.84012157,88.75094347
2376,85.84093516,88.75158858
2377,85.84112023,88.75187453
2378,85.84836722,88.75304107
2379,85.84859023,88.75336264
2380,85.84881324,88.7538501
2381,85.84899882,88.75408987
2382,85.84921107,88.75462614
2383,85.84942279,88.75490747
2384,85.84963145,88.75542
2385,85.84976525,88.75567725
2386,85.85020973,88.7565562
2387,85.85037583,88.75679036
2388,85.85059474,88.75734873
2389,85.85106844,88.75762577
2390,85.85171337,88.75959936
2391,85.85196047,88.75988399
2392,85.85219117,88.76057593
2393,85.8524352,88.76086089
2394,85.85278791,88.76148027
2395,85.85298887,88.76169135
2396,85.85324315,88.76457984
2397,85.85341695,88.76486315
2398,85.86143806,88.76599901
2399,85.86161646,88.76626154
2400,85.86187587,88.76690501
2401,85.86206197,88.76719524
2402,85.86241263,88.76790334
2403,85.86295195,88.76871798
2404,85.86324212,88.76922654
2405,85.86351536,88.76946434
2406,85.86433101,88.76991024
2407,85.86452275,88.77019553
2408,85.86493185,88.77074302
2409,85.86513589,88.77097487
2410,85.86552602,88.77165989
2411,85.86570033,88.77191253
2412,85.86605663,88.77246562
2413,85.86622581,88.77276212
2414,85.8664806,88.77325815
2415,85.86687791,88.77356752
2416,85.86710502,88.77421428
2417,85.86727728,88.77464666
2418,85.86761256,88.77565225
2419,85.8678571,88.77594809
2420,85.86829594,88.77691873
2421,85.86856201,88.77784121
2422,85.86880091,88.7784784
2423,85.8691121,88.77873335
2424,85.86932126,88.77988307
2425,85.86950736,88.78015978
2426,85.86983854,88.78119275
2427,85.87013793,88.7814378
2428,85.87038914,88.78210599
2429,85.87063368,88.78239557
2430,85.87088898,88.78303474
2431,85.87108841,88.7832854
2432,85.87126784,88.78407397
2433,85.87199941,88.78429924
2434,85.87331388,88.78519764
2435,85.87915361,88.78578273
2436,85.87933919,88.78620851
2437,85.87985698,88.78666167
2438,85.88007589,88.78722136
2439,85.8802707,88.78745586
2440,85.88059265,88.78817748
2441,85.88077772,88.78840868
2442,85.88182919,88.78919759
2443,85.88206348,88.78945517
2444,85.88236903,88.78987469
2445,85.88253052,88.79012007
2446,85.88290937,88.79180969
2447,85.88317647,88.79201615
2448,85.88340819,88.79267676
2449,85.88360403,88.79294028
2450,85.88390035,88.79361145
2451,85.88414438,88.7938786
2452,85.88448325,88.79435385
2453,85.8846555,88.79462397
2454,85.88508819,88.80307999
2455,85.88527172,88.80336033
2456,85.8855501,88.80405128
2457,85.88570748,88.80430887
2458,85.88607916,88.80502225
2459,85.88643085,88.80527422
2460,85.88665437,88.8058194
2461,85.88681227,88.80609215
2462,85.88741824,88.80666273
2463,85.88766226,88.80692031
2464,85.88789552,88.80756344
2465,85.88807701,88.80779431
2466,85.88918743,88.81008913
2467,85.88945402,88.81035397
2468,85.88974675,88.81081637
2469,85.88997232,88.81111485
2470,85.89059264,88.81156801
2471,85.89078284,88.81179063
2472,85.89149185,88.81289912
2473,85.89167743,88.8131478
2474,85.89201528,88.81403103
2475,85.89224956,88.81426355
2476,85.89245309,88.81469
2477,85.89265098,88.81491691
2478,85.89304163,88.81537468
2479,85.89321234,88.81560555
2480,85.89346098,88.81637302
2481,85.89366451,88.81670448
2482,85.89630472,88.81756958
2483,85.89655285,88.81785091
2484,85.89678816,88.81847194
2485,85.89702245,88.81878691
2486,85.89762483,88.81936045
2487,85.89792217,88.81967905
2488,85.89825438,88.82094717
2489,85.89844611,88.82120805
2490,85.89884599,88.82182084
2491,85.89903875,88.82206622
2492,85.89923202,88.822555
2493,85.89937813,88.82283237
2494,85.9008869,88.8251084
2495,85.90167281,88.82570601
2496,85.90190248,88.82678021
2497,85.90246384,88.82741278
2498,85.9028627,88.82799457
2499,85.90307955,88.82824193
2500,85.90343893,88.82858592
2501,85.90359888,88.82882668
2502,85.91869473,88.89043999
2503,85.91890543,88.89069559
2504,85.91933966,88.89140831
2505,85.91947244,88.89168338
2506,85.91981284,88.89228891
2507,85.92001483,88.89253099
2508,85.92028603,88.89298613
2509,85.92043009,88.89322228
2510,85.92077409,88.8935722
2511,85.92100581,88.89381066
2512,85.9213334,88.89440135
2513,85.92149386,88.89475458
2514,85.92939399,88.91513623
2515,85.92961494,88.91537865
2516,85.92979181,88.91580608
2517,85.92992869,88.91601848
2518,85.93016708,88.9163351
2519,85.93038035,88.91651386
2520,85.9307305,88.91723977
2521,85.93090173,88.91744128
2522,86.26511284,88.94759425
2523,86.26526048,88.94779676
2524,86.26573572,88.94822584
2525,86.26588747,88.94844549
2526,86.2663868,88.94901277
2527,86.26656777,88.94924067
2528,86.2670748,88.95126868
2529,86.26725115,88.95145238
2530,86.26753824,88.9520876
2531,86.26787506,88.95228119
2532,86.2681437,88.95258429
2533,86.26832262,88.95283099
2534,86.26909212,88.96134671
2535,86.26956121,88.96174248
2536,86.26972731,88.9624242
2537,86.26989341,88.96266002
2538,86.27042914,88.96321971
2539,86.27104075,88.9634321
2540,86.27123556,88.96377016
2541,86.27212452,88.96396244
2542,86.2877479,89.02238548
2543,86.28842205,89.02260184
2544,86.28869273,89.02313943
2545,86.28884346,89.02333831
2546,86.2893028,89.02382742
2547,86.28948992,89.02403982
2548,86.28972523,89.02458895
2549,86.29004103,89.02481619
2550,86.2902866,89.02521526
2551,86.29049833,89.02546889
2552,86.29068186,89.02583069
2553,86.29084899,89.02609256
2554,86.34213827,89.06622594
2555,86.34309798,89.06643603
2556,86.34333124,89.06681894
2557,86.34347427,89.06703331
2558,86.34369984,89.06736543
2559,86.34399155,89.06762433
2560,86.34423404,89.06803561
2561,86.34439245,89.06834266
2562,86.34903255,89.09961072
2563,86.34948472,89.09991646
2564,86.34987998,89.10029376
2565,86.35003942,89.10053023
2566,86.35024295,89.10086565
2567,86.35046134,89.10105364
2568,86.35082123,89.10134124
2569,86.35099861,89.10161597
2570,86.35134927,89.10217533
2571,86.35155998,89.1023963
2572,86.35175325,89.10271094
2573,86.35189833,89.10290817
2574,86.44583291,89.11609072
2575,86.44688694,89.11627112
2576,86.4471243,89.11655773
2577,86.44734885,89.11674275
2578,86.44765644,89.11719097
2579,86.44780922,89.11739017
2580,86.44825113,89.11779419
2581,86.44843159,89.11800626
2582,86.45575035,89.11841127
2583,86.45591748,89.11865599
2584,86.45614305,89.12022358
2585,86.45635888,89.12046665
2586,86.45673159,89.12081526
2587,86.45691358,89.1209894
2588,86.45710891,89.12124071
2589,86.45727501,89.12149236
2590,86.45760978,89.12185647
2591,86.45780357,89.12254874
2592,86.45802863,89.1229178
2593,86.45816807,89.12311833
2594,86.45868945,89.12380038
2595,86.45898679,89.12399332
2596,86.4591816,89.1242443
2597,86.45928824,89.12443427
2598,86.46023,89.12510082
2599,86.46039456,89.12530036
2600,86.46059706,89.12573241
2601,86.46074163,89.12591414
2602,86.4753402,89.12623636
2603,86.47546632,89.12643985
2604,86.47571598,89.12673075
2605,86.47586106,89.12698206
2606,86.47614252,89.12785903
2607,86.47640192,89.12805362
2608,86.47658084,89.13158425
2609,86.47690433,89.13215515
2610,86.4776723,89.13273726
2611,86.47796144,89.13293977
2612,86.47812652,89.1334546
2613,86.47827622,89.13370559
2614,86.48238264,89.13497404
2615,86.48258309,89.13521118
2616,86.48280251,89.13566829
2617,86.48295785,89.13586618
2618,86.48339053,89.13841331
2619,86.4838063,89.13859537
2620,86.48402008,89.13891627
2621,86.48416004,89.13917616
2622,86.48438356,89.13942022
2623,86.48454095,89.13964054
2624,86.48484239,89.14001718
2625,86.4850249,89.14024772
2626,86.48631681,89.14883468
2627,86.48648958,89.14922122
2628,86.48667619,89.14945637
2629,86.48682691,89.1496757
2630,86.4888509,89.15005564
2631,86.48906006,89.15036434
2632,86.48925539,89.15113478
2633,86.48938714,89.15134817
2634,86.48968295,89.15175614
2635,86.48982906,89.15192699
2636,86.48998286,89.1522779
2637,86.49013512,89.1524814
2638,86.49035966,89.15441442
2639,86.49052218,89.15459681
2640,86.49272252,89.15919998
2641,86.49292861,89.15940941
2642,86.49442456,89.17055207
2643,86.49509205,89.17078657
2644,86.49525712,89.17107713
2645,86.49540375,89.17126281
2646,86.49654237,89.17193068
2647,86.49679767,89.17257018
2648,86.49700018,89.17287262
2649,86.4971468,89.17304214
2650,86.49742722,89.17346364
2651,86.49757077,89.17375454
2652,86.497742,89.17414668
2653,86.49807318,89.17442009
2654,86.51809776,89.18272902
2655,86.51831615,89.1829744
2656,86.51851097,89.18326364
2657,86.51864375,89.1834457
2658,86.52038936,89.18397868
2659,86.5206098,89.1848906
2660,86.5210307,89.18561256
2661,86.52124807,89.18579692
2662,86.54168022,89.18818047
2663,86.54182479,89.18837571
2664,86.54205241,89.18869101
2665,86.54234822,89.1889697
2666,86.54268504,89.18961284
2667,86.54290651,89.18983315
2668,86.54305159,89.19017978
2669,86.54320077,89.19152343
2670,86.54363397,89.19189513
2671,86.54386775,89.19251814
2672,86.54409742,89.19280936
2673,86.54421738,89.1930178
2674,86.54463469,89.19722059
2675,86.54478336,89.19749664
2676,86.54500586,89.19776708
2677,86.54514838,89.19801906
2678,86.54592609,89.20144876
2679,86.54606143,89.20163576
2680,86.5464003,89.20194414
2681,86.54658178,89.20212883
2682,86.55716108,89.20259617
2683,86.55738203,89.2029494
2684,86.55758761,89.20320995
2685,86.55780908,89.20355032
2686,86.55812181,89.20401007
2687,86.55828124,89.2043102
2688,86.55850066,89.20473896
2689,86.55946139,89.20543387
2690,86.56375442,89.20668781
2691,86.56392976,89.20691043
2692,86.56414354,89.2073936
2693,86.56452701,89.20765251
2694,86.56479615,89.20800771
2695,86.56494073,89.20822011
2696,86.56509401,89.20857004
2697,86.56524166,89.20876727
2698,86.56556822,89.21269532
2699,86.56576304,89.21291827
2700,86.56638284,89.21317948
2701,86.56669044,89.21342816
2702,86.56685654,89.21441363
2703,86.56701342,89.21460954
2704,86.56721643,89.21502444
2705,86.56760144,89.21526949
2706,86.56787572,89.21567285
2707,86.56825457,89.21601684
2708,86.56841709,89.21639217
2709,86.56852423,89.21658709
2710,86.56925068,89.21725759
2711,86.5695188,89.21753166
2712,86.56974437,89.21786873
2713,86.5698833,89.21804287
2714,86.57535392,89.22172356
2715,86.57550977,89.22191452
2716,86.57610497,89.22240231
2717,86.57667556,89.22318034
2718,86.58902662,89.22380005
2719,86.5895726,89.224273
2720,86.59011859,89.22464206
2721,86.59029392,89.22511699
2722,86.59631514,89.22623538
2723,86.59647714,89.22665391
2724,86.59664683,89.22699988
2725,86.59677653,89.22718886
2726,86.5969898,89.22748932
2727,86.59715436,89.22777592
2728,86.59766446,89.22820797
2729,86.59804486,89.22862321
2730,86.59863544,89.22944477
2731,86.59884871,89.22962616
2732,86.59910761,89.23081249
2733,86.59928704,89.23102027
2734,86.63774131,89.23201927
2735,86.63786127,89.23221782
2736,86.63824987,89.23261986
2737,86.63841136,89.23282368
2738,86.63913216,89.23375737
2739,86.63948744,89.23401562
2740,86.65669238,89.23487774
2741,86.65684567,89.23508849
2742,86.6579807,89.23809472
2743,86.65847696,89.23838891
2744,86.75384083,89.28529924
2745,86.75410741,89.28551131
2746,86.75439604,89.30916997
2747,86.75456727,89.3127537
2748,86.75470108,89.31308615
2749,86.75489435,89.31525102
2750,86.75628059,89.31773153
2751,86.75644157,89.31797361
2752,86.75679171,89.31911146
2753,86.75691168,89.31933738
2754,86.76114934,89.32149072
2755,86.76194294,89.32170971
2756,86.79828659,89.32401839
2757,86.79850396,89.32430994
2758,86.79869467,89.32479542
2759,86.79891409,89.32498078
2760,86.79912633,89.32525947
2761,86.79931447,89.32547549
2762,86.80783389,89.326489
2763,86.80798872,89.32676242
2764,86.80814816,89.3284494
2765,86.80829273,89.32867235
2766,86.80907402,89.32951502
2767,86.80967179,89.32982966
2768,86.80984148,89.33040815
2769,86.8101096,89.33075379
2770,86.81046077,89.33126731
2771,86.81065354,89.33169903
2772,86.81091858,89.33529496
2773,86.81108725,89.33551164
2774,86.82968509,89.3522568
2775,86.82989323,89.35244546
2776,86.83071554,89.35275812
2777,86.83082423,89.3529659
2778,86.8311067,89.35373601
2779,86.83126358,89.35432604
2780,86.8315035,89.35454141
2781,86.83165577,89.35475084
2782,86.83501678,89.36981627
2783,86.83518237,89.36999701
2784,86.83573451,89.37057517
2785,86.83590368,89.37072688
2786,86.86274667,89.38577022
2787,86.8628733,89.3860245
2788,86.86338545,89.38625273
2789,86.86356796,89.38650273
2790,86.86478143,89.38779624
2791,86.86502238,89.387975
2792,86.86921288,89.38884372
2793,86.86945434,89.38907063
2794,86.88161674,89.39382684
2795,86.88194382,89.39403165
2796,86.88208583,89.39429847
2797,86.8822345,89.39451845
2798,86.88246468,89.39534925
2799,86.88271743,89.39584297
2800,86.88299785,89.39627898
2801,86.88311423,89.39648973
2802,87.15988308,89.49666553
2803,87.16003432,89.49715365
2804,87.16024092,89.49736505
2805,87.16070539,89.49759823
2806,87.20664043,90.25618951
2807,87.20733304,90.2564207
2808,87.20775342,90.25664959
2809,87.20793337,90.25682175
2810,87.20853165,90.2582848
2811,87.20868032,90.25875807
2812,87.20887103,90.259015
2813,87.20905046,90.25932733
2814,87.22658863,90.28225216
2815,87.22682035,90.28313605
2816,87.22697672,90.28335142
2817,87.22730636,90.28352424
2818,87.27244575,90.66472734
2819,87.27285895,90.66513927
2820,87.2731158,90.6653299
2821,87.27353874,90.66550305
2822,87.32580619,90.6739129
2823,87.32611993,90.67419423
2824,87.32625733,90.6743819
2825,87.32644958,90.67457154
2826,87.42535287,90.67814009
2827,87.42575121,90.67845242
2828,87.42593628,90.67871891
2829,87.42614955,90.67979244
2830,87.44886202,90.68028056
2831,87.44907272,90.68045899
2832,87.44926394,90.68114632
2833,87.44938903,90.68133398
2834,87.4644249,90.68563373
2835,87.46458741,90.68601136
2836,87.46490014,90.68687678
2837,87.46515339,90.68725574
2838,87.46627971,90.68836687
2839,87.4665504,90.68858916
2840,87.46668061,90.68886093
2841,87.46682775,90.68907497
2842,87.49441461,90.69584203
2843,87.4946043,90.6960165
2844,87.49477194,90.69653068
2845,87.49490369,90.69677111
2846,87.49692768,90.70047951
2847,87.4971148,90.70069982
2848,87.49751417,90.70205369
2849,87.49786739,90.70279577
2850,87.49911367,90.70358336
2851,87.49926286,90.70392603
2852,87.49938641,90.70419219
2853,87.49952329,90.70437457
2854,87.50762386,90.73852881
2855,87.50776279,90.73871284
2856,87.5119374,90.73919767
2857,87.51220245,90.73933454
2858,87.52336925,90.74711676
2859,87.52349281,90.74725231
2860,87.52422181,90.74749901
2861,87.52437202,90.74768073
2862,87.52946891,90.75644216
2863,87.52965142,90.75659321
2864,87.52981906,90.7568099
2865,87.5300395,90.75698338
2866,87.56145185,90.80668424
2867,87.56170715,90.80700218
2868,87.56195323,90.80761299
2869,87.56209985,90.80818422
2870,87.65030491,90.81442458
2871,87.65042693,90.81459443
2872,87.65055714,90.81487147
2873,87.65068941,90.81504759
2874,87.65881818,90.81749644
2875,87.65899351,90.81764947
2876,87.65936622,90.81787077
2877,87.65954308,90.8181056
2878,87.70831366,90.87204123
2879,87.70845362,90.87223483
2880,87.70896833,90.87275659
2881,87.70908778,90.87288192
2882,87.77981311,90.89079495
2883,87.78084869,90.89099613
2884,87.78100659,90.8912049
2885,87.78115731,90.89139091
2886,87.78244665,90.89223952
2887,87.78260866,90.89236781
2888,87.78313311,90.89256801
2889,87.78328896,90.89285396
2890,87.7926717,90.89707191
2891,87.79284857,90.89724671
2892,87.79312951,90.89752474
2893,87.79328587,90.89767843
2894,87.8243696,90.91898752
2895,87.82450238,90.91916001
2896,87.82576302,90.91937603
2897,87.82589221,90.91956007
2898,87.84800948,90.92518829
2899,87.84814431,90.92534363
2900,87.84964538,90.92603822
2901,87.84982174,90.92628722
2902,87.86223739,90.92984885
2903,87.86241426,90.92999529
2904,87.86274185,90.93032807
2905,87.86288232,90.93049165
2906,87.86345445,90.93097648
2907,87.86360363,90.93120009
2908,87.86385535,90.93146526
2909,87.86398916,90.93164368
2910,87.87083114,90.93239664
2911,87.87099212,90.93256056
2912,87.87160732,90.93292599
2913,87.87174778,90.93330032
2914,87.88224916,90.93636394
2915,87.88235476,90.93654368
2916,87.8825465,90.93679038
2917,87.88270132,90.93694605
2918,88.96760975,90.93873495
2919,88.96777791,90.93890711
2920,88.96794401,90.93911324
2921,88.96807525,90.93930123
2922,89.01498179,90.97799828
2923,89.01511662,90.97818891
2924,89.01526375,90.97844551
2925,89.01537397,90.9786269
2926,89.0203468,90.97982445
2927,89.02053802,90.97995868
2928,89.02072412,90.98020274
2929,89.02086305,90.9803627
2930,89.02120038,90.9807057
2931,89.02133623,90.98085807
2932,89.02165972,90.98150615
2933,89.02189555,90.98165325
2934,89.0901842,91.08224724
2935,89.09040669,91.08244678
2936,89.09058869,91.08267039
2937,89.09074607,91.08284717
2938,89.09625207,91.10442208
2939,89.09647712,91.10458765
2940,89.09778544,91.10482709
2941,89.09843139,91.10497518
2942,89.25175326,91.25393331
2943,89.25189937,91.25423047
2944,89.25240229,91.25450883
2945,89.25261863,91.25467901
2946,89.28167119,91.28584912
2947,89.28193573,91.28601105
2948,89.28210132,91.29133288
2949,89.28226742,91.2915433
2950,89.28479177,91.29303965
2951,89.2850117,91.29322138
2952,89.28525675,91.2934041
2953,89.28541004,91.29355449
2954,89.34977887,91.36714257
2955,89.35353515,91.36732463
2956,89.35366998,91.36764092
2957,89.35379404,91.36783089
2958,89.38573084,91.4759703
2959,89.38592924,91.47612663
2960,89.386061,91.47631858
2961,89.38625478,91.47648579
2962,90.87769352,92.11796614
2963,90.87953808,92.1181449
2964,90.87967855,92.11836917
2965,90.87977442,92.11851264
2966,90.8856485,92.12055021
2967,90.88582691,92.12078701
2968,90.88604735,92.12102349
2969,90.8862314,92.12119796
2970,90.88650721,92.12152513
2971,90.88665127,92.1217339
2972,90.88688043,92.1219961
2973,90.88702346,92.12218343
2974,91.62894862,92.82315409
2975,91.62909268,92.82336682
2976,91.6293285,92.8236531
2977,91.62942796,92.8238091
2978,91.62976426,92.82414023
2979,91.63071628,92.82585459
2980,91.63083778,92.82605148
2981,91.63098542,92.82622002
2982,91.63116691,92.82641329
2983,91.63147707,92.82664745
2984,91.631616,92.82685622
2985,91.63172878,92.82702805
2986,91.63217172,92.82762369
2987,91.63229989,92.82774836
2988,91.63247163,92.82805245
2989,91.63259621,92.82830607
2990,91.63271771,92.82850231
2991,91.63311297,92.82883047
2992,91.63334521,92.82900659
2993,91.63355694,92.82928561
2994,91.6338225,92.82961179
2995,91.63393785,92.8300102
2996,91.63432696,92.8352044
2997,91.6345961,92.83539404
2998,91.63484885,92.83566514
2999,91.6349483,92.83580531
3000,91.63539791,92.83598671
3001,91.63549172,92.8361028
3002,91.63575985,92.83629277
3003,91.63604079,92.83645735
3004,91.63614845,92.8366338
3005,91.6363125,92.83806386
3006,91.63646578,92.83840587
3007,91.6366365,92.83853483
3008,91.63694563,92.83874624
3009,91.63705996,92.83886695
3010,91.63729322,92.83944774
3011,91.63740344,92.83959286
3012,91.63760492,92.83978448
3013,91.63771514,92.83995631
3014,91.63803863,92.84025941
3015,91.63828214,92.84043916
3016,91.63848003,92.84061066
3017,91.63857385,92.84074786
3018,91.63882454,92.84109614
3019,91.63893425,92.84123268
3020,91.63908651,92.84145102
3021,91.63924236,92.84157898
3022,91.63937155,92.84177852
3023,91.63947357,92.8419675
3024,91.63986114,92.84213801
3025,91.63996521,92.84229203
3026,91.64019386,92.84251169
3027,91.64030665,92.84263735
3028,91.64045634,92.84282369
3029,91.64056247,92.8429853
3030,91.64072395,92.84318153
3031,91.64086289,92.84331049
3032,91.64099464,92.84351135
3033,91.64115664,92.8437686
3034,91.64140836,92.84399881
3035,91.64149961,92.84412578
3036,91.64166623,92.84433488
3037,91.64180875,92.84447571
3038,91.64191846,92.84464425
3039,91.64205483,92.84479101
3040,91.64218299,92.84499615
3041,91.64229014,92.84511258
3042,91.64251827,92.84534971
3043,91.64261824,92.84546745
3044,91.64302786,92.84576428
3045,91.64310835,92.8461937
3046,91.64325907,92.84638829
3047,91.64338108,92.8465466
3048,91.6435154,92.84696579
3049,91.64361281,92.8475357
3050,91.64379429,92.84797105
3051,91.6439204,92.84814651
3052,91.64405728,92.84833318
3053,91.64423005,92.84845917
3054,91.64436334,92.84869301
3055,91.64448843,92.84881174
3056,91.6446166,92.84899313
3057,91.6447381,92.84918508
3058,91.6449083,92.84983448
3059,91.64501801,92.8499951
3060,91.64527947,92.85034998
3061,91.64559066,92.85049015
3062,91.64575214,92.85110887
3063,91.64585211,92.85127081
3064,91.64597208,92.85147397
3065,91.64609614,92.85172265
3066,91.64628378,92.85191823
3067,91.6463658,92.852033
3068,91.64650268,92.85229091
3069,91.64664366,92.85246373
3070,91.64674466,92.85262171
3071,91.64685027,92.85274012
3072,91.64697946,92.85329618
3073,91.64728757,92.85341161
3074,91.6474834,92.85361906
3075,91.6476008,92.85374604
3076,91.64771718,92.85389577
3077,91.6478151,92.85404221
3078,91.64797505,92.85430408
3079,91.6481068,92.85441786
3080,91.64821036,92.85457815
3081,91.64838723,92.85470645
3082,91.64865381,92.85498151
3083,91.64882761,92.85513553
3084,91.64899268,92.85534595
3085,91.64912751,92.85564806
3086,91.64932848,92.85583374
3087,91.64944998,92.85597985
3088,91.64958378,92.85630603
3089,91.64968478,92.85646962
3090,91.6499165,92.85670939
3091,91.65001185,92.85682515
3092,91.65121712,92.85704184
3093,91.65134836,92.85715629
3094,91.65163392,92.85735351
3095,91.65174722,92.85746829
3096,91.65192306,92.85767046
3097,91.65203943,92.85791353
3098,91.65222553,92.85811241
3099,91.6523824,92.85825555
3100,91.65249673,92.85847091
3101,91.65258337,92.85872487
3102,91.65274486,92.85890692
3103,91.65288071,92.85904841
3104,91.65299298,92.85920144
3105,91.65310218,92.85937525
3106,91.65332058,92.85959293
3107,91.65349693,92.8597143
3108,91.65361228,92.85989965
3109,91.65389681,92.86003389
3110,91.65402036,92.86034127
3111,91.65417416,92.86046264
3112,91.65429617,92.86072055
3113,91.65449201,92.8608594
3114,91.65479294,92.86109126
3115,91.6549129,92.86123275
3116,91.65502979,92.86142503
3117,91.65517231,92.86159752
3118,91.65531534,92.86179574
3119,91.65549785,92.86192898
3120,91.65565524,92.86211697
3121,91.65577623,92.86230101
3122,91.6560423,92.86260806
3123,91.65616431,92.86273636
3124,91.65631709,92.86292468
3125,91.65674516,92.86315489
3126,91.66008977,92.8634537
3127,91.66043684,92.86357606
3128,91.66056398,92.86379604
3129,91.66071624,92.86401668
3130,91.66098026,92.8642746
3131,91.6610751,92.86441279
3132,91.66120019,92.8645833
3133,91.6613299,92.86475381
3134,91.66149139,92.86494213
3135,91.66162365,92.86510902
3136,91.66180872,92.86530525
3137,91.66199174,92.86547676
3138,91.66233471,92.87057629
3139,91.66247723,92.87072801
3140,91.6626095,92.8709569
3141,91.66270076,92.87116402
3142,91.6631965,92.87137971
3143,91.66332569,92.87150669
3144,91.66346667,92.87170689
3145,91.66368609,92.87184771
3146,91.66395575,92.87210761
3147,91.66408648,92.87222436
3148,91.66424489,92.87244533
3149,91.66438331,92.87259375
3150,91.66463862,92.87288563
3151,91.66480677,92.87304559
3152,91.66548041,92.87336781
3153,91.66562652,92.87350798
3154,91.66582235,92.87370917
3155,91.66592181,92.87381932
3156,91.66629964,92.87400105
3157,91.66640782,92.87412572
3158,91.66917875,92.87446707
3159,91.66937151,92.8745891
3160,91.66953198,92.8748081
3161,91.6696099,92.87496212
3162,91.66977242,92.87684171
3163,91.66994518,92.87698452
3164,91.67007284,92.8771679
3165,91.67022971,92.8773328
3166,91.67042452,92.87751651
3167,91.67055474,92.87765107
3168,91.67070239,92.87792349
3169,91.67083363,92.87812896
3170,91.67101716,92.8783562
3171,91.67115097,92.87851319
3172,91.67128631,92.87876418
3173,91.67139499,92.8788961
3174,91.67157801,92.87913192
3175,91.67166517,92.87928759
3176,91.67178256,92.87946536
3177,91.67189843,92.87970678
3178,91.67208504,92.87993303
3179,91.67218706,92.88006528
3180,91.6723183,92.88027834
3181,91.67241622,92.88040004
3182,91.67252798,92.88061772
3183,91.67272125,92.88079087
3184,91.67282532,92.88110815
3185,91.67292273,92.88129548
3186,91.67325749,92.88165596
3187,91.67337233,92.8817958
3188,91.67353946,92.88200029
3189,91.67367019,92.88213287
3190,91.67387269,92.88238353
3191,91.67399316,92.88256327
3192,91.67413671,92.8828634
3193,91.67422643,92.88307316
3194,91.67451249,92.88337824
3195,91.67463809,92.88366121
3196,91.67477497,92.88386306
3197,91.67486418,92.88403357
3198,91.67533583,92.88431853
3199,91.67544502,92.88449036
3200,91.67775508,92.88466879
3201,91.67789811,92.88487789
3202,91.67812676,92.88506819
3203,91.6782216,92.88522056
3204,91.67841282,92.88549628
3205,91.67855176,92.88578256
3206,91.67867377,92.88603981
3207,91.6792136,92.88629805
3208,91.67935151,92.8865342
3209,91.67950172,92.88671361
3210,91.67994158,92.88763016
3211,91.68013178,92.88780331
3212,91.68032505,92.88797085
3213,91.68048295,92.8881915
3214,91.68056652,92.88835871
3215,91.68070391,92.88863575
3216,91.68081875,92.88883298
3217,91.68245209,92.88969873
3218,91.68273303,92.88994642
3219,91.68329901,92.8901321
3220,91.68343589,92.89036462
3221,91.68353637,92.89051469
3222,91.68422129,92.89079502
3223,91.6844243,92.89094245
3224,91.68452991,92.89115452
3225,91.68464372,92.89135372
3226,91.68484571,92.89168123
3227,91.68502924,92.89185438
3228,91.6851651,92.89202654
3229,91.68529788,92.89217297
3230,91.68545321,92.89235371
3231,91.68559727,92.89263405
3232,91.68571006,92.89282138
3233,91.6858454,92.89293088
3234,91.68636216,92.89327026
3235,91.68652314,92.89343945
3236,91.68667591,92.89371649
3237,91.68680869,92.89385204
3238,91.68701888,92.89402058
3239,91.68723676,92.89412809
3240,91.68737006,92.89428871
3241,91.68747413,92.89441569
3242,91.68772174,92.89462743
3243,91.6878576,92.8948263
3244,91.68803959,92.89502749
3245,91.68812265,92.89517689
3246,91.68829951,92.89539886
3247,91.68843076,92.89558883
3248,91.68851227,92.89587675
3249,91.68865274,92.89613499
3250,91.68896546,92.89654396
3251,91.68930331,92.89668446
3252,91.68957297,92.89685827
3253,91.68977393,92.89704989
3254,91.68990107,92.89726361
3255,91.69004513,92.89740378
3256,91.69017842,92.89763992
3257,91.69030607,92.89777811
3258,91.69049627,92.8980004
3259,91.69064956,92.89822303
3260,91.69076183,92.89839849
3261,91.69084539,92.8986099
3262,91.69098586,92.89895521
3263,91.6911735,92.89907757
3264,91.69226803,92.89942519
3265,91.69393777,92.90058909
3266,91.69495899,92.90230873
3267,91.69532247,92.90313358
3268,91.6958095,92.90335456
3269,91.69612786,92.90351748
3270,91.69747258,92.90393008
3271,91.69761458,92.90426384
3272,91.69772737,92.90443139
3273,91.69790988,92.90457848
3274,91.69840255,92.90494985
3275,91.69909772,92.90540631
3276,91.70024659,92.90604647
3277,91.70209064,92.90750259
3278,91.70333025,92.90947453
3279,91.70379678,92.91049562
3280,91.70411668,92.91068757
3281,91.70432072,92.91081686
3282,91.70457346,92.9110342
3283,91.70469958,92.91164337
3284,91.70507536,92.91189567
3285,91.70571311,92.91215424
3286,91.70621398,92.91292534
3287,91.70693273,92.91390785
3288,91.70764174,92.91470533
3289,91.7080975,92.91526172
3290,91.70847021,92.91567102
3291,91.708725,92.91583065
3292,91.70884496,92.91603282
3293,91.70894852,92.9161753
3294,91.70917153,92.91647378
3295,91.70940992,92.91677292
3296,91.70980825,92.91707601
3297,91.71031425,92.91740285
3298,91.71082076,92.91804269
3299,91.71101403,92.91861623
3300,91.71132676,92.91895824
3301,91.71150414,92.91906048
3302,91.7116564,92.9192277
3303,91.71182866,92.91934676
3304,91.71192504,92.91956509
3305,91.71213061,92.9197079
3306,91.7123931,92.91997835
3307,91.7125105,92.92025209
3308,91.71263097,92.92053375
3309,91.71274068,92.92070987
3310,91.71285347,92.92129297
3311,91.71298881,92.92150537
3312,91.71314056,92.92170491
3313,91.71323899,92.92188301
3314,91.71342252,92.9221119
3315,91.71383573,92.9222425
3316,91.71395979,92.92241697
3317,91.71409155,92.92253834
3318,91.71434531,92.9227603
3319,91.71446579,92.92293708
3320,91.71594995,92.92430811
3321,91.71610785,92.92449643
3322,91.71631394,92.92477512
3323,91.71644877,92.92505612
3324,91.71679994,92.9252263
3325,91.71693221,92.92534338
3326,91.71707421,92.92556699
3327,91.71804007,92.92643143
3328,91.71813799,92.92816986
3329,91.71821643,92.92828892
3330,91.71852659,92.92851155
3331,91.71865219,92.92892744
3332,91.71882085,92.92907915
3333,91.71899516,92.92919821
3334,91.71923919,92.92946008
3335,91.71937453,92.92964049
3336,91.71966213,92.92981298
3337,91.71978876,92.92993633
3338,91.72034192,92.93019325
3339,91.72083664,92.9303265
3340,91.72096122,92.93052109
3341,91.72229414,92.93067379
3342,91.72402899,92.93087431
3343,91.72415972,92.9310224
3344,91.72425866,92.93117147
3345,91.7251835,92.93133176
3346,91.725487,92.93147985
3347,91.72558492,92.93159363
3348,91.72584227,92.93179317
3349,91.72595557,92.93192146
3350,91.72616781,92.9320867
3351,91.72636109,92.93223874
3352,91.72660204,92.93252436
3353,91.72670919,92.93265166
3354,91.72694911,92.93283141
3355,91.72836406,92.93299632
3356,91.7285399,92.93316155
3357,91.72865218,92.93336636
3358,91.72875625,92.93353952
3359,91.72884904,92.93364604
3360,91.72908486,92.93384327
3361,91.72917714,92.93395541
3362,91.72961906,92.93413746
3363,91.72970826,92.93427598
3364,91.72983181,92.93453291
3365,91.72994306,92.93464141
3366,91.73004559,92.93483204
3367,91.7301271,92.9349389
3368,91.73020913,92.93510942
3369,91.73036447,92.9353073
3370,91.73067155,92.93547748
3371,91.73078895,92.93557511
3372,91.73091917,92.93580861
3373,91.73102221,92.93599991
3374,91.73123394,92.93622088
3375,91.73130571,92.93632411
3376,91.7314226,92.93656685
3377,91.73157179,92.93672351
3378,91.73179941,92.93695075
3379,91.73190707,92.93707311
3380,91.73201678,92.93724329
3381,91.73263659,92.93735081
3382,91.73277244,92.93751934
3383,91.73289753,92.93765786
3384,91.73300775,92.93781782
3385,91.73314822,92.9379227
3386,91.73337584,92.93816083
3387,91.73348402,92.93838345
3388,91.73357886,92.93862289
3389,91.73370702,92.93874459
3390,91.73383109,92.93888608
3391,91.73394849,92.93900679
3392,91.73408383,92.93916477
3393,91.73422686,92.93926009
3394,91.73440476,92.93971028
3395,91.73448678,92.93980988
3396,91.73459701,92.93994906
3397,91.73469236,92.94004998
3398,91.73478156,92.94018686
3399,91.73489538,92.94028349
3400,91.7349733,92.94054965
3401,91.73505328,92.94065816
3402,91.73669226,92.94094872
3403,91.7367671,92.94163736
3404,91.73688809,92.94189462
3405,91.73696909,92.94199092
3406,91.73721927,92.94219046
3407,91.73730591,92.94228808
3408,91.73739614,92.94243913
3409,91.73749765,92.94253544
3410,91.73765042,92.94274652
3411,91.73778474,92.94289229
3412,91.73797237,92.94314856
3413,91.73809798,92.94324816
3414,91.73822409,92.9434223
3415,91.73837122,92.94352949
3416,91.7384676,92.94371781
3417,91.73859475,92.94385633
3418,91.7388357,92.94442723
3419,91.73892798,92.94456642
3420,91.73903563,92.94473495
3421,91.73918584,92.94486226
3422,91.74074331,92.9451139
3423,91.74087199,92.94521416
3424,91.74098939,92.94543382
3425,91.74107706,92.94563533
3426,91.74126161,92.9458164
3427,91.74134979,92.94593249
3428,91.74145335,92.94612147
3429,91.74159843,92.94624153
3430,91.74169071,92.94640544
3431,91.74178607,92.94657101
3432,91.74188193,92.94674383
3433,91.74199523,92.94683453
3434,91.74216185,92.94704923
3435,91.74230488,92.94729098
3436,91.74265759,92.94753109
3437,91.74273654,92.94766466
3438,91.74283754,92.94785595
3439,91.74292879,92.94797435
3440,91.74531011,92.94862144
3441,91.74544801,92.94879162
3442,91.74567153,92.94904888
3443,91.74577765,92.94917816
3444,91.74587455,92.94938166
3445,91.74593197,92.94952512
3446,91.74638311,92.94975764
3447,91.74682605,92.94997499
3448,91.74691013,92.95025763
3449,91.74699266,92.95039483
3450,91.74717004,92.95064483
3451,91.74725617,92.95077511
3452,91.74739049,92.9509532
3453,91.74752327,92.95112108
3454,91.74768219,92.95131369
3455,91.74779498,92.95142747
3456,91.74789803,92.95163327
3457,91.74798159,92.95176091
3458,91.74827329,92.95207951
3459,91.74864446,92.95226123
3460,91.74877365,92.9525076
3461,91.74885824,92.95263755
3462,91.74903613,92.95280179
3463,91.74915302,92.95293471
3464,91.74926888,92.95311281
3465,91.74940013,92.95328959
3466,91.74965851,92.95347989
3467,91.74975386,92.95359433
3468,91.74991638,92.9538872
3469,91.7500307,92.95404749
3470,91.75017219,92.95427341
3471,91.75063462,92.95447855
3472,91.75070793,92.95474108
3473,91.7508079,92.9548773
3474,91.75100835,92.95506694
3475,91.7510996,92.95533804
3476,91.75135491,92.95555011
3477,91.75146256,92.95579846
3478,91.7516015,92.95596072
3479,91.75172556,92.95607451
3480,91.75213415,92.95627075
3481,91.7522213,92.95640135
3482,91.75261913,92.95657813
3483,91.75301132,92.95670115
3484,91.7531605,92.95699798
3485,91.75325278,92.95713848
3486,91.75341786,92.95733076
3487,91.75352911,92.95752205
3488,91.7536383,92.95772159
3489,91.75382645,92.95786835
3490,91.75404382,92.95925191
3491,91.75411969,92.95938383
3492,91.75424991,92.9595992
3493,91.75433604,92.96007545
3494,91.75444831,92.96022617
3495,91.75463184,92.96037953
3496,91.7547759,92.96067636
3497,91.75485946,92.96081191
3498,91.75516399,92.96102101
3499,91.75530343,92.9612034
3500,91.75548594,92.96159357
3501,91.75557104,92.96173374
3502,91.7557879,92.96195108
3503,91.75589248,92.96226341
3504,91.7560309,92.96247944
3505,91.75613753,92.96259487
3506,91.75638771,92.96281057
3507,91.75649896,92.96296756
3508,91.75659021,92.96340654
3509,91.756683,92.96357111
3510,91.75736638,92.96378219
3511,91.7574479,92.96393456
3512,91.75754376,92.96409815
3513,91.75768987,92.9642713
3514,91.75786469,92.9644804
3515,91.75794928,92.96463047
3516,91.75810103,92.96485573
3517,91.75818459,92.96501371
3518,91.75835274,92.96524523
3519,91.75848706,92.96544774
3520,91.7590879,92.96592893
3521,91.75920735,92.96610439
3522,91.75936423,92.96632569
3523,91.75949137,92.96650808
3524,91.75959082,92.96667463
3525,91.7596872,92.96701764
3526,91.75979743,92.96742396
3527,91.76003428,92.96762779
3528,91.76016193,92.96786525
3529,91.76026292,92.96800773
3530,91.76045004,92.96824124
3531,91.76053361,92.96845001
3532,91.76075764,92.96880389
3533,91.76083967,92.96894373
3534,91.76107908,92.96921847
3535,91.76117392,92.9693372
3536,91.76125903,92.96951826
3537,91.76147537,92.9696492
3538,91.76166403,92.96990579
3539,91.76175682,92.97005355
3540,91.76191728,92.97032003
3541,91.76201571,92.9704668
3542,91.76338657,92.97081244
3543,91.76350397,92.97103737
3544,91.76360651,92.97137642
3545,91.76369725,92.9715344
3546,91.76387258,92.97194073
3547,91.76396332,92.97206341
3548,91.76405406,92.97249745
3549,91.7641935,92.97284078
3550,91.7645498,92.97303339
3551,91.76471847,92.97319071
3552,91.76482972,92.97402612
3553,91.76505734,92.97416299
3554,91.76526651,92.97445652
3555,91.76543927,92.97535196
3556,91.76553463,92.97580347
3557,91.76562588,92.97624476
3558,91.76585299,92.97645287
3559,91.76593399,92.97658479
3560,91.76602319,92.97684864
3561,91.76617238,92.97705609
3562,91.77376901,92.97740338
3563,91.77385001,92.9775739
3564,91.77393921,92.97787501
3565,91.77403662,92.97805278
3566,91.77415197,92.97827046
3567,91.77447597,92.97931365
3568,91.77458363,92.97963258
3569,91.77479023,92.98009299
3570,91.7749348,92.98027142
3571,91.77505989,92.98040961
3572,91.77515319,92.9806296
3573,91.77547771,92.98101943
3574,91.77561203,92.98119621
3575,91.77570687,92.98134957
3576,91.77577864,92.98154284
3577,91.77587195,92.98164343
3578,91.7761129,92.9818311
3579,91.77910172,92.98200755
3580,91.77923399,92.98243432
3581,91.77937958,92.98267838
3582,91.77980663,92.9829165
3583,91.77991019,92.98304249
3584,91.77997786,92.98327072
3585,91.78013319,92.98342177
3586,91.78033929,92.98359921
3587,91.78040901,92.98370178
3588,91.78056178,92.98390099
3589,91.78065047,92.98404908
3590,91.78081145,92.98427071
3591,91.78091244,92.98443001
3592,91.78099601,92.98474926
3593,91.78111597,92.98485612
3594,91.78139998,92.98512327
3595,91.78148098,92.98523738
3596,91.78156455,92.9854544
3597,91.78164862,92.98555796
3598,91.78178345,92.98579542
3599,91.78187368,92.98597913
3600,91.78197673,92.98622319
3601,91.78233149,92.98638315
3602,91.78255962,92.98663413
3603,91.78264524,92.98686665
3604,91.78276571,92.98720932
3605,91.78286004,92.98730629
3606,91.78309023,92.98753881
3607,91.78324454,92.98766875
3608,91.78346396,92.98787257
3609,91.78409761,92.98810047
3610,91.78423398,92.98833002
3611,91.78430678,92.98846953
3612,91.78442879,92.98866775
3613,91.78454055,92.98925481
3614,91.78465385,92.98947282
3615,91.7847369,92.9895899
3616,91.78480765,92.98994214
3617,91.78488352,92.99004537
3618,91.78507321,92.99025282
3619,91.78515626,92.99035638
3620,91.78550384,92.99065156
3621,91.78594883,92.99086693
3622,91.7862067,92.99106481
3623,91.7862995,92.99119146
3624,91.78664195,92.99151501
3625,91.78673321,92.99161032
3626,91.78693007,92.99177061
3627,91.78702337,92.99192595
3628,91.78726022,92.99231579
3629,91.7874376,92.99252324
3630,91.78774059,92.99273597
3631,91.78785132,92.99284085
3632,91.78797026,92.99302884
3633,91.78824146,92.99315153
3634,91.7884737,92.99336788
3635,91.78855162,92.99345627
3636,91.78872234,92.99367263
3637,91.7888746,92.99376003
3638,91.78942212,92.99390284
3639,91.78951748,92.99403938
3640,91.78997272,92.99487083
3641,91.79006756,92.99508884
3642,91.79023213,92.99544371
3643,91.79031518,92.99559873
3644,91.79046539,92.99587346
3645,91.79054639,92.99615808
3646,91.79065148,92.99643513
3647,91.79083604,92.99659772
3648,91.79118619,92.99682397
3649,91.79145534,92.9969714
3650,91.79168604,92.9988411
3651,91.79183727,92.99896708
3652,91.79190597,92.9993157
3653,91.79197774,92.99950764
3654,91.79217768,93.00082689
3655,91.79231353,93.0009631
3656,91.79241812,93.00115604
3657,91.79251399,93.00141857
3658,91.79281697,93.00170452
3659,91.79292001,93.00181434
3660,91.79305638,93.00204587
3661,91.79317686,93.0021712
3662,91.79331271,93.00237535
3663,91.79341371,93.00251552
3664,91.79351368,93.00285226
3665,91.79358442,93.00297198
3666,91.79384486,93.00352606
3667,91.79392791,93.00361445
3668,91.79406889,93.00378035
3669,91.79416681,93.0039314
3670,91.794782,93.00425593
3671,91.79489017,93.00434894
3672,91.79499322,93.00460553
3673,91.79506192,93.00470514
3674,91.79527108,93.0050267
3675,91.79535311,93.00519161
3676,91.79543257,93.00581363
3677,91.79561662,93.00604186
3678,91.79925652,93.00623744
3679,91.79934675,93.00634496
3680,91.79949644,93.00663981
3681,91.79959641,93.00682615
3682,91.79997168,93.00708703
3683,91.80008806,93.00740134
3684,91.80025211,93.00760088
3685,91.80032286,93.00792607
3686,91.8037782,93.00840891
3687,91.80390585,93.00853853
3688,91.80398788,93.00887955
3689,91.80406426,93.00898608
3690,91.80598623,93.00921101
3691,91.80611337,93.0093624
3692,91.80620514,93.0095085
3693,91.80628768,93.00963614
3694,91.80657733,93.00979973
3695,91.80668038,93.00994154
3696,91.80680906,93.01130169
3697,91.80691569,93.0114224
3698,91.80707462,93.01174165
3699,91.80733864,93.01195273
3700,91.8074345,93.01233432
3701,91.80754524,93.01255035
3702,91.80765802,93.01276638
3703,91.8089161,93.0139504
3704,91.80908066,93.01412553
3705,91.80921959,93.01426735
3706,91.80955077,93.01450877
3707,91.80963536,93.01461332
3708,91.80976917,93.01477855
3709,91.80985119,93.01491707
3710,91.81911807,93.04564457
3711,91.81928366,93.04578936
3712,91.81943029,93.04618447
3713,91.81955179,93.04633717
3714,91.82025926,93.0473995
3715,91.82036282,93.04755121
3716,91.82050431,93.04775008
3717,91.82058736,93.04787838
3718,91.82070015,93.04807561
3719,91.82078884,93.04821446
3720,91.82089599,93.04844071
3721,91.82102672,93.04857461
3722,91.82127484,93.04872534
3723,91.8214594,93.04881867
3724,91.8215727,93.04923291
3725,91.82166652,93.0493279
3726,91.82187568,93.04953271
3727,91.82222327,93.04984372
3728,91.82234887,93.05006997
3729,91.82244781,93.05016562
3730,91.8226862,93.0504575
3731,91.8227713,93.0506323
3732,91.82285538,93.05079721
3733,91.82294869,93.05088659
3734,91.82916984,93.06120538
3735,91.82926366,93.06131686
3736,91.82936158,93.06165524
3737,91.82943899,93.06176738
3738,91.82961842,93.06193262
3739,91.82971121,93.06223241
3740,91.82978504,93.06240359
3741,91.82991166,93.06250286
3742,91.83007571,93.06262984
3743,91.8301603,93.06270932
3744,91.83023003,93.06588012
3745,91.83032384,93.0660193
3746,91.83061247,93.06619344
3747,91.83072218,93.06627985
3748,91.83080421,93.06659482
3749,91.83089136,93.06670828
3750,91.89864786,93.07477578
3751,91.9311773,93.07511219
3752,91.93134699,93.07543112
3753,91.93156282,93.07553336
3754,91.93173559,93.07565935
3755,91.93181505,93.07576258
3756,91.93188734,93.0770086
3757,91.93196373,93.07710062
3758,91.93206882,93.07722562
3759,91.93217802,93.07737931
3760,91.93228824,93.07758544
3761,91.93238565,93.07767878
3762,91.93254098,93.0778206
3763,91.93673866,93.07807587
3764,91.93687605,93.07824177
3765,91.93697449,93.07833939
3766,91.93710214,93.0784888
3767,91.93720006,93.07870284
3768,91.9372949,93.07893932
3769,91.93738872,93.07909499
3770,91.93757738,93.07929584
3771,91.93767324,93.07950165
3772,91.93776296,93.07963819
3773,91.93785678,93.0797523
3774,91.93809927,93.08296301
3775,91.93829357,93.08308504
3776,91.93837457,93.08336274
3777,91.93847248,93.08345872
3778,91.93869549,93.08362659
3779,91.93879751,93.08374137
3780,91.94628956,93.10806163
3781,91.94636492,93.10833768
3782,91.94645771,93.10851182
3783,91.94678325,93.10892771
3784,91.94687194,93.10907415
3785,91.94696319,93.10919552
3786,91.94728874,93.10944353
3787,91.94745022,93.10989834
3788,91.94758403,93.11021364
3789,91.94767221,93.11032215
3790,91.94778909,93.11046859
3791,91.94793777,93.11055269
3792,91.94807772,93.11069088
3793,91.94819922,93.11078455
3794,91.94836071,93.11096462
3795,91.94844889,93.11106752
3796,91.94855245,93.11119483
3797,91.9486437,93.11129806
3798,91.94973208,93.11146264
3799,91.94987819,93.11157576
3800,91.95186578,93.11879499
3801,91.9519719,93.11887547
3802,91.95219901,93.11904895
3803,91.95229181,93.11915482
3804,91.97957671,93.13126713
3805,91.97965925,93.13139146
3806,91.98027239,93.13153526
3807,91.98038825,93.13166455
3808,91.98049489,93.1317968
3809,91.98059281,93.13188981
3810,91.98088246,93.13230603
3811,91.98099166,93.13238782
3812,91.98124337,93.1329396
3813,91.98134283,93.13306196
3814,91.98145613,93.13321796
3815,91.98154328,93.1333202
3816,91.98168631,93.13346598
3817,91.98178731,93.13358504
3818,91.98194367,93.13376775
3819,91.98208465,93.13389044
3820,91.98216104,93.13402105
3821,91.98243685,93.13410053
3822,91.98251836,93.13425686
3823,91.98262192,93.13481523
3824,91.9845603,93.14147412
3825,91.98462951,93.14158823
3826,91.98499093,93.14173467
3827,91.9852406,93.14183394
3828,91.98534621,93.14200808
3829,91.98540311,93.14209119
3830,91.98549642,93.14221421
3831,91.9858845,93.14231315
3832,91.98599216,93.14245069
3833,91.98603728,93.14252885
3834,91.99417886,93.14334019
3835,91.99426756,93.14346716
3836,91.99440649,93.14360568
3837,91.99459412,93.14371848
3838,91.9946987,93.14388668
3839,91.99480021,93.14475079
3840,91.99511704,93.14492559
3841,91.99529493,93.14502486
3842,91.99546565,93.1452056
3843,91.99554203,93.14533818
3844,91.99562047,93.14550902
3845,91.99569224,93.14559774
3846,91.99579631,93.14579728
3847,92.00014984,93.14612907
3848,92.00022879,93.14625341
3849,92.00032568,93.14636983
3850,92.00051844,93.1465565
3851,92.00059381,93.14663335
3852,92.00067993,93.14679067
3853,92.00073992,93.14688038
3854,92.00083219,93.14700966
3855,92.00103828,93.14711982
3856,92.00114133,93.14722833
3857,92.00123053,93.14732298
3858,92.00143406,93.14748096
3859,92.00151045,93.14758254
3860,92.00158632,93.14775339
3861,92.00174012,93.14782331
3862,92.0018529,93.14807693
3863,92.00199953,93.14815411
3864,92.00211744,93.14831769
3865,92.00228713,93.14845753
3866,92.00289668,93.14867653
3867,92.00299717,93.14875403
3868,92.00310995,93.14885825
3869,92.00317147,93.14896577
3870,92.01148531,93.14909967
3871,92.01156375,93.1491874
3872,92.0119826,93.14965112
3873,92.01206462,93.14973027
3874,92.01432905,93.15010956
3875,92.01442953,93.15022499
3876,92.01452694,93.15035032
3877,92.01460281,93.15044036
3878,92.01473252,93.15059702
3879,92.01506523,93.1506732
3880,92.01513137,93.15079919
3881,92.01601417,93.15150565
3882,92.01704872,93.15190142
3883,92.01711588,93.15202939
3884,92.01725891,93.15252971
3885,92.01734607,93.15475132
3886,92.01746859,93.15488786
3887,92.01756241,93.15503693
3888,92.01768391,93.1553984
3889,92.01778593,93.15549273
3890,92.01798741,93.15571238
3891,92.01805662,93.1558885
3892,92.01813249,93.15606528
3893,92.01819657,93.15617874
3894,92.01997449,93.15660353
3895,92.02051739,93.15688585
3896,92.02057635,93.15719488
3897,92.02090138,93.15751909
3898,92.02104185,93.15797027
3899,92.02113361,93.15817146
3900,92.02125409,93.15843728
3901,92.02135765,93.15858966
3902,92.02204154,93.15878952
3903,92.02218816,93.15889968
3904,92.02236605,93.15914242
3905,92.02242142,93.15923773
3906,92.02268185,93.16040395
3907,92.02287564,93.16058006
3908,92.02295869,93.16090097
3909,92.02305046,93.16108896
3910,92.02318888,93.16132049
3911,92.02328321,93.16147484
3912,92.02336011,93.16165756
3913,92.02345546,93.16179476
3914,92.02739732,93.16225451
3915,92.02746807,93.16240359
3916,92.02758444,93.16255332
3917,92.02770082,93.16268624
3918,92.03197129,93.16304342
3919,92.03220045,93.16314665
3920,92.03226915,93.16415027
3921,92.03237476,93.16426504
3922,92.03254189,93.16442731
3923,92.03261571,93.16452131
3924,92.03271414,93.16467203
3925,92.03279309,93.1647713
3926,92.03303507,93.16491675
3927,92.03328371,93.16512189
3928,92.03335087,93.16524293
3929,92.03350672,93.16534385
3930,92.03451051,93.17086819
3931,92.03504829,93.17096581
3932,92.03518825,93.17112082
3933,92.03532872,93.17125044
3934,92.03900707,93.17164291
3935,92.03909883,93.17173856
3936,92.03935517,93.17207431
3937,92.04006059,93.17218512
3938,92.04026309,93.1723741
3939,92.04032153,93.17246546
3940,92.0404133,93.17266797
3941,92.04049789,93.17283056
3942,92.04071116,93.17299712
3943,92.04121818,93.17321908
3944,92.04133712,93.1733886
3945,92.04179595,93.17363299
3946,92.04193078,93.17378899
3947,92.04203895,93.17386254
3948,92.04214251,93.17398358
3949,92.0422312,93.17408022
3950,92.0505189,93.17538924
3951,92.05065014,93.17558811
3952,92.05079573,93.1758048
3953,92.05090391,93.17597366
3954,92.05711788,93.17860984
3955,92.05770334,93.17876188
3956,92.05779408,93.17887633
3957,92.05787047,93.17898681
3958,92.05796275,93.17911148
3959,92.0580417,93.17917909
3960,92.05818935,93.17947362
3961,92.05825702,93.1795531
3962,92.05839185,93.17972064
3963,92.05845644,93.17985323
3964,92.05855231,93.18002737
3965,92.0586246,93.18014742
3966,92.05870303,93.18034003
3967,92.05878096,93.18047921
3968,92.05885171,93.18064609
3969,92.05891886,93.18073415
3970,92.06004313,93.18132155
3971,92.06039226,93.18140598
3972,92.06073471,93.18154582
3973,92.06081623,93.18181329
3974,92.06092696,93.18372026
3975,92.0610418,93.18388055
3976,92.06158112,93.18402699
3977,92.06164315,93.18417738
3978,92.0618636,93.18434261
3979,92.06197074,93.18442903
3980,92.06227885,93.18475785
3981,92.06314884,93.18485415
3982,92.06324881,93.18502565
3983,92.06331443,93.18517902
3984,92.06379582,93.18729112
3985,92.06388912,93.18740491
3986,92.06415468,93.18753156
3987,92.06437205,93.18763446
3988,92.06443562,93.18775484
3989,92.06452226,93.18787225
3990,92.06569985,93.18803419
3991,92.06581315,93.18819646
3992,92.06590081,93.18834355
3993,92.06602231,93.18845008
3994,92.06642373,93.18864005
3995,92.06651652,93.18875186
3996,92.06708096,93.18892336
3997,92.06715683,93.18902923
3998,92.06726603,93.18916412
3999,92.06735216,93.18925878
4000,92.06742854,93.18940554
4001,92.06754646,93.18953747
4002,92.06770846,93.18973733
4003,92.06816268,93.1900279
4004,92.06830878,93.19018291
4005,92.06837235,93.19028812
4006,92.06845694,93.19042334
4007,92.06854358,93.19051767
4008,92.06864612,93.19073237
4009,92.06872814,93.19088936
4010,92.06893269,93.19281942
4011,92.06923055,93.19348465
4012,92.06929874,93.19361987
4013,92.06937769,93.19456412
4014,92.06947765,93.19501233
4015,92.069613,93.19510006
4016,92.06985497,93.19525276
4017,92.0699288,93.19537677
4018,92.07003902,93.19550935
4019,92.07010772,93.1955928
4020,92.07022255,93.1957798
4021,92.07029125,93.19587841
4022,92.07062602,93.19884209
4023,92.07105922,93.1989318
4024,92.07115355,93.19905119
4025,92.07123403,93.19914156
4026,92.07138117,93.19937573
4027,92.07145961,93.19944499
4028,92.07153856,93.19955119
4029,92.0716821,93.19994762
4030,92.07178617,93.20010362
4031,92.07189588,93.20019036
4032,92.0720425,93.20034834
4033,92.07220963,93.20042552
4034,92.07249621,93.20058515
4035,92.07257311,93.20070157
4036,92.07264847,93.20091694
4037,92.07272383,93.20115902
4038,92.07294325,93.20133382
4039,92.07302015,93.20143606
4040,92.07310576,93.20180215
4041,92.07316113,93.20189977
4042,92.07330058,93.20207193
4043,92.07350359,93.20217516
4044,92.07575213,93.20367086
4045,92.07581006,93.2037609
4046,92.07616379,93.20397065
4047,92.07635553,93.20408972
4048,92.07646063,93.20418833
4049,92.07652932,93.20428628
4050,92.08671694,93.20497394
4051,92.0869297,93.20506332
4052,92.08701326,93.20518535
4053,92.08710657,93.20554319
4054,92.08790991,93.20571601
4055,92.08806063,93.20583211
4056,92.08812933,93.20596502
4057,92.08819341,93.2060511
4058,92.08839796,93.20627307
4059,92.08849024,93.20636937
4060,92.08857329,93.20648744
4061,92.08865686,93.20658672
4062,92.08876298,93.20677075
4063,92.08888243,93.20686079
4064,92.09977599,93.20715498
4065,92.0998334,93.20726019
4066,92.10006769,93.20741223
4067,92.10015331,93.20758472
4068,92.10024507,93.20772291
4069,92.10038298,93.20780834
4070,92.1005701,93.20798511
4071,92.10066546,93.20848379
4072,92.10073261,93.20860516
4073,92.10079721,93.20869487
4074,92.10142727,93.20899401
4075,92.10152211,93.20907745
4076,92.10174358,93.20921564
4077,92.10179844,93.20931293
4078,92.10196557,93.2095006
4079,92.10218345,93.20958635
4080,92.1023393,93.20977665
4081,92.10245618,93.20989703
4082,92.10261562,93.21006259
4083,92.15573306,93.22288465
4084,92.15583559,93.22305121
4085,92.15595863,93.22314949
4086,92.15610218,93.238676
4087,92.15676556,93.23877165
4088,92.1572126,93.23891742
4089,92.15727976,93.23910146
4090,92.15744433,93.23946392
4091,92.15751456,93.23980561
4092,92.15770732,93.24084154
4093,92.15776679,93.24098732
4094,92.15785856,93.24149886
4095,92.15792213,93.24160242
4096,92.15800415,93.24177194
4097,92.15811284,93.24292496
4098,92.15834148,93.24315451
4099,92.15839736,93.24359678
4100,92.158484,93.24372112
4101,92.1672172,93.24382435
4102,92.16732025,93.24402818
4103,92.16745713,93.24415218
4104,92.16816768,93.24474387
4105,92.16824714,93.24487216
4106,92.16851834,93.24519571
4107,92.16859165,93.24535468
4108,92.16872956,93.24599748
4109,92.16879005,93.24614952
4110,92.17283137,93.24651924
4111,92.17289545,93.24664984
4112,92.17297184,93.24684245
4113,92.17303848,93.24722965
4114,92.17340606,93.24741599
4115,92.17351372,93.24751527
4116,92.17361215,93.24769732
4117,92.17369008,93.24782595
4118,92.17378697,93.24817654
4119,92.17387463,93.24827482
4120,92.17401715,93.24850668
4121,92.17410431,93.24867422
4122,92.17451085,93.24917389
4123,92.17461697,93.2495469
4124,92.17472873,93.25075599
4125,92.17483844,93.25204357
4126,92.17492918,93.25225168
4127,92.17501377,93.25236613
4128,92.17669223,93.25480112
4129,92.17677118,93.25659331
4130,92.1788008,93.26634549
4131,92.17891718,93.26804633
4132,92.17919248,93.26827456
4133,92.17929501,93.26841374
4134,92.18585298,93.27125011
4135,92.18596885,93.27136159
4136,92.18613444,93.27171251
4137,92.18680192,93.27182398
4138,92.18696495,93.27217457
4139,92.18703826,93.27228407
4140,92.18715105,93.27408385
4141,92.18733509,93.27431735
4142,92.18748069,93.27733513
4143,92.18755502,93.27756533
4144,92.18764423,93.27774409
4145,92.18771805,93.27786678
4146,92.187878,93.27801553
4147,92.18795695,93.27809105
4148,92.18817893,93.27825728
4149,92.18863623,93.27945581
4150,92.20701106,93.29124754
4151,92.20708027,93.29138705
4152,92.21926061,93.29936485
4153,92.21944466,93.29955548
4154,92.22318402,93.30010494
4155,92.22345624,93.30034043
4156,92.2235398,93.30049874
4157,92.22364387,93.30093343
4158,92.22398992,93.30537631
4159,92.22408476,93.30554485
4160,92.22418832,93.30597789
4161,92.22614669,93.30609662
4162,92.22945798,93.31412158
4163,92.22963536,93.31420403
4164,92.22973328,93.31438939
4165,92.22983171,93.31448569
4166,92.23017622,93.31482375
4167,92.23031566,93.3151341
4168,92.23038641,93.31535375
4169,92.23047612,93.31565157
4170,92.32586819,93.34890147
4171,92.32594458,93.34920093
4172,92.32628447,93.35002909
4173,92.32640239,93.35039353
4174,92.32652542,93.3506366
4175,92.32669922,93.3508457
4176,92.35531243,93.72133819
4177,92.35565591,93.72159841
4178,92.35593275,93.72197868
4179,92.35639415,93.72291897
4180,92.35647053,93.72309509
4181,92.35674481,93.72595983
4182,92.36294546,93.72784404
4183,92.363413,93.72991295
4184,92.36479668,93.73299536
4185,92.36488383,93.73323348
4186,92.36510428,93.73367708
4187,92.36525602,93.73400854
4188,92.36621419,93.73449402
4189,92.36634594,93.73462759
4190,92.36969055,93.73506459
4191,92.37050466,93.73549104
4192,92.3711178,93.73570838
4193,92.37158484,93.73603721
4194,92.3809158,93.74688205
4195,92.38112189,93.74703244
4196,92.38121315,93.74896711
4197,92.38151408,93.74914554
4198,92.38366265,93.74963597
4199,92.38407124,93.75067685
4200,92.43195747,93.96112066
4201,92.43203949,93.96127534
4202,92.4321856,93.96145838
4203,92.43230454,93.96174565
4204,92.43242912,93.96220936
4205,92.43294793,93.9626213
4206,92.48727628,93.96340262
4207,92.48747365,93.96374331
4208,92.48767615,93.96434951
4209,92.48774793,93.96444449
4210,92.48788737,93.9647057
4211,92.48797298,93.96490425
4212,92.49757874,93.9651869
4213,92.49765205,93.96526902
4214,92.49780995,93.96704901
4215,92.4980309,93.96728383
4216,92.49808986,93.96744742
4217,92.49818829,93.96763475
4218,92.49922899,93.96806582
4219,92.49931358,93.96859153
4220,92.49949917,93.96900611
4221,92.49959965,93.96924159
4222,92.49971961,93.96944574
4223,92.49983701,93.96962879
4224,92.50425462,93.96993617
4225,92.50433665,93.97008987
4226,92.50551372,93.97036559
4227,92.5057152,93.97079236
4228,92.50582388,93.97089889
4229,92.50594692,93.97110436
4230,92.5177766,93.97248495
4231,92.51787554,93.97386389
4232,92.51794526,93.97465247
4233,92.51800166,93.97474911
4234,92.51819134,93.97509508
4235,92.51828875,93.97520194
4236,92.51980879,93.97548788
4237,92.51990261,93.97568709
4238,92.52000514,93.97588036
4239,92.52034811,93.9765004
4240,92.52066289,93.97663529
4241,92.52094024,93.97674314
4242,92.52124322,93.97830183
4243,92.52130987,93.97838329
4244,92.52216806,93.97858085
4245,92.52224701,93.9786976
4246,92.52238953,93.97885855
4247,92.52260126,93.97901587
4248,92.52270687,93.98009039
4249,92.52279197,93.98019923
4250,92.5327248,93.9821095
4251,92.53407925,93.9822124
4252,92.53424433,93.98232025
4253,92.53456321,93.98243766
4254,92.53702604,93.99229241
4255,92.53710909,93.99241774
4256,92.53720137,93.99474983
4257,92.53726647,93.99481678
4258,92.53743206,93.99502588
4259,92.5375874,93.9951931
4260,92.53897056,93.99705521
4261,92.53903516,93.99713865
4262,92.53911513,93.9972465
4263,92.53922741,93.99731543
4264,92.53931712,93.99749155
4265,92.53938633,93.99759247
4266,92.55046342,94.01517997
4267,92.55059056,94.01524758
4268,92.55071565,94.01541381
4269,92.55087201,94.01552759
4270,92.5509807,94.01568953
4271,92.55107811,94.01605826
4272,92.58005274,94.018735
4273,92.58013733,94.01881251
4274,92.58255402,94.01980425
4275,92.58263143,94.01989528
4276,92.58273909,94.02001797
4277,92.58280574,94.02011922
4278,92.58515424,94.02169473
4279,92.58525575,94.02177256
4280,92.58550285,94.0219909
4281,92.58559872,94.02210633
4282,92.58575047,94.02231147
4283,92.58585095,94.02243219
4284,92.58732947,94.02270692
4285,92.58740893,94.02278409
4286,92.58775242,94.02304069
4287,92.58782163,94.02313831
4288,92.58787494,94.02326397
4289,92.5879339,94.02365446
4290,92.66834188,94.04972272
4291,92.66850132,94.04979528
4292,92.6687151,94.04996382
4293,92.66892529,94.05017621
4294,92.66917393,94.05026625
4295,92.66924416,94.05064389
4296,92.67938821,94.06170509
4297,92.67944614,94.0617849
4298,92.67959174,94.0620471
4299,92.67967479,94.06221431
4300,92.68017771,94.0625527
4301,92.68023256,94.06275092
4302,92.68069242,94.06334161
4303,92.68074625,94.06341318
4304,92.6808047,94.06351377
4305,92.6810841,94.06396627
4306,92.68138042,94.06413348
4307,92.68144706,94.06422055
4308,92.68272718,94.06656353
4309,92.68281587,94.06688213
4310,92.68296044,94.06934219
4311,92.68307374,94.06944047
4312,92.68317832,94.06954403
4313,92.68324856,94.06961956
4314,92.69914518,94.08056236
4315,92.69926668,94.08062799
4316,92.69935691,94.08080807
4317,92.69961119,94.08137501
4318,92.69975269,94.08152606
4319,92.69981369,94.08159434
4320,92.71484649,94.08233311
4321,92.71492492,94.08240204
4322,92.71505565,94.08275065
4323,92.71517664,94.08283047
4324,92.71529353,94.08293898
4325,92.71545399,94.08312334
4326,92.72186586,94.08369028
4327,92.72193558,94.08379187
4328,92.72200838,94.08391851
4329,92.72208323,94.08406363
4330,92.72230726,94.08433012
4331,92.72239595,94.08442246
4332,92.72247951,94.08452537
4333,92.72256462,94.08459199
4334,92.72333515,94.08475887
4335,92.72342589,94.08484297
4336,92.72353303,94.08492642
4337,92.72365761,94.08504581
4338,92.72637728,94.08581262
4339,92.72644854,94.08593102
4340,92.72661003,94.08604448
4341,92.72668232,94.08615067
4342,92.72723651,94.08628227
4343,92.72732161,94.08638418
4344,92.72741748,94.08652204
4345,92.7275077,94.08661439
4346,92.72971676,94.08736966
4347,92.72977213,94.08745772
4348,92.72985877,94.0876058
4349,92.72992644,94.08778324
4350,93.42686652,94.10190113
4351,93.42694445,94.10197797
4352,93.42702699,94.10210297
4353,93.42709261,94.10217718
4354,93.4272705,94.10240607
4355,93.42734227,94.10250039
4356,93.42749659,94.10367023
4357,93.42758835,94.10374081
4358,93.42779393,94.10388758
4359,93.42787442,94.10397465
4360,93.42870134,94.10452609
4361,93.42878234,94.10467385
4362,93.42946777,94.10504324
4363,93.42953083,94.10516691
4364,93.42959491,94.10532852
4365,93.42966976,94.10565438
4366,93.42988354,94.10584336
4367,93.42996352,94.10591394
4368,93.43004349,94.10624573
4369,93.43016294,94.10634698
4370,93.49584521,94.18576216
4371,93.49593852,94.1858489
4372,93.4959903,94.18595939
4373,93.49607437,94.18605173
4374,93.5371017,94.24200845
4375,93.53718578,94.24209025
4376,93.537276,94.24224031
4377,93.53736623,94.2423165
4378,93.53762513,94.2424626
4379,93.53770049,94.24254538
4380,93.53781943,94.24271425
4381,93.53789889,94.24280264
4382,93.53799424,94.24292698
4383,93.53806499,94.24303285
4384,93.5381424,94.24314762
4385,93.5382152,94.24321754
4386,93.5542605,94.25060102
4387,93.55439584,94.25071744
4388,93.55449376,94.25083947
4389,93.55468242,94.25098822
4390,93.55476291,94.25111948
4391,93.55484596,94.2512049
4392,93.55497413,94.25139685
4393,93.55505923,94.25149052
4394,93.57503921,94.28595939
4395,93.5751197,94.28608274
4396,93.57524171,94.28619817
4397,93.57533758,94.2862892
4398,93.58479261,94.29122548
4399,93.58489565,94.29132641
4400,93.58500946,94.29146361
4401,93.58512481,94.29157442
4402,93.58536218,94.29180034
4403,93.58545907,94.29196657
4404,93.58555699,94.29210344
4405,93.58563901,94.29220172
4406,93.58572822,94.29230891
4407,93.58580153,94.29240126
4408,93.58586561,94.29255033
4409,93.58595738,94.2927037
4410,94.11865896,94.53093638
4411,94.11877226,94.53106402
4412,94.11883378,94.53127543
4413,94.11893478,94.53155082
4414,94.11910857,94.5320861
4415,94.12074806,94.53271835
4416,94.12087674,94.53288194
4417,94.12097568,94.53296868
4418,94.12118331,94.53327672
4419,94.12129661,94.53337072
4420,94.12135352,94.53352342
4421,94.1214094,94.53361313
4422,94.12430184,94.53486014
4423,94.1244018,94.53498811
4424,94.12446384,94.5351141
4425,94.12455304,94.53522425
4426,94.12644681,94.53541587
4427,94.12684208,94.53571699
4428,94.12694717,94.53628163
4429,94.12701689,94.53635089
4430,94.12730655,94.53648446
4431,94.1273814,94.53656329
4432,94.12754647,94.53701216
4433,94.12760851,94.53717772
4434,94.41842226,94.90721672
4435,94.4184725,94.90745913
4436,94.41854427,94.90760458
4437,94.41861348,94.90767879
4438,94.41921739,94.9077896
4439,94.4193917,94.90793505
4440,94.41945322,94.90801915
4441,94.41959882,94.90814118
4442,94.42003612,94.90825068
4443,94.42010327,94.90834599
4444,94.42019094,94.90845384
4445,94.42024016,94.90853992
4446,94.42123626,94.90875529
4447,94.42131111,94.9088295
4448,94.42143056,94.90897659
4449,94.42151463,94.90910027
4450,94.42166638,94.90938655
4451,94.42172534,94.9096128
4452,94.42180019,94.9097688
4453,94.42186581,94.90984103
4454,94.421995,94.90997361
4455,94.42212726,94.91006695
4456,94.4223108,94.91077274
4457,94.42236258,94.91086443
4458,94.42250869,94.91099932
4459,94.42257636,94.91109266
4460,94.42282295,94.91118501
4461,94.42288754,94.91125757
4462,94.42295829,94.91138026
4463,94.42310132,94.91146634
4464,94.42320949,94.91160288
4465,94.42332023,94.91179087
4466,94.42351043,94.91198117
4467,94.42356836,94.91204515
4468,94.42365038,94.91219324
4469,94.4237078,94.91225821
4470,94.42379598,94.91236309
4471,94.42384776,94.91243895
4472,94.42398823,94.91254515
4473,94.42404103,94.9126309
4474,94.42427583,94.91274237
4475,94.42433735,94.91287991
4476,94.42451832,94.91300589
4477,94.42457882,94.91306394
4478,94.42465982,94.91345477
4479,94.42473415,94.91355602
4480,94.42482848,94.91371532
4481,94.42489103,94.91379381
4482,94.4250315,94.91392178
4483,94.42512019,94.91398873
4484,94.42519555,94.91407613
4485,94.42534166,94.91419156
4486,94.42545547,94.91432975
4487,94.42556723,94.91440924
4488,94.42562823,94.91462757
4489,94.42569437,94.91470145
4490,94.42584253,94.91482876
4491,94.42596044,94.91494518
4492,94.42607476,94.91533271
4493,94.42613782,94.91542934
4494,94.42621882,94.91551345
4495,94.42632494,94.91556094
4496,94.4264972,94.91577927
4497,94.42660588,94.9158924
4498,94.42672277,94.91602366
4499,94.42707804,94.91610777
4500,94.4271452,94.91629906
4501,94.42720467,94.91638942
4502,94.42728157,94.91651178
4503,94.42735283,94.9165761
4504,94.42744921,94.91675387
4505,94.42753944,94.91691119
4506,94.42769529,94.91707378
4507,94.42776809,94.91717338
4508,94.42787882,94.91726507
4509,94.42796905,94.91742074
4510,94.42808491,94.91752529
4511,94.42820846,94.91760181
4512,94.42829562,94.91777694
4513,94.42838174,94.91795834
4514,94.42853759,94.91811631
4515,94.42866166,94.91819712
4516,94.42877342,94.91832344
4517,94.42884211,94.91840226
4518,94.42890978,94.91850483
4519,94.42896567,94.91858135
4520,94.42901129,94.9186892
4521,94.42909281,94.91881123
4522,94.42926711,94.9189448
4523,94.42933273,94.91901109
4524,94.42946397,94.91916116
4525,94.42956292,94.91932639
4526,94.42966545,94.91954637
4527,94.42974953,94.91960508
4528,94.42984744,94.91971491
4529,94.42993203,94.91977098
4530,94.43010377,94.91989499
4531,94.43018016,94.91997018
4532,94.43024835,94.92009617
4533,94.43034626,94.92017763
4534,94.43065796,94.9202868
4535,94.43075383,94.92033792
4536,94.43083586,94.92042664
4537,94.43089891,94.92051602
4538,94.43105835,94.92069214
4539,94.43115883,94.92076997
4540,94.43239076,94.92089695
4541,94.43246715,94.9209738
4542,94.43256507,94.92109055
4543,94.43264197,94.92115156
4544,94.43280243,94.92125249
4545,94.43292649,94.92145004
4546,94.43305568,94.92159252
4547,94.43324588,94.92166607
4548,94.43332842,94.92187187
4549,94.43340071,94.92210076
4550,94.43348991,94.92230953
4551,94.43358373,94.9223966
4552,94.43367549,94.92252259
4553,94.43374624,94.92261527
4554,94.43389235,94.92286295
4555,94.4339513,94.92294903
4556,94.43401487,94.92308162
4557,94.4340887,94.92320398
4558,94.43416047,94.92334943
4559,94.43435579,94.92342825
4560,94.43444705,94.92432171
4561,94.43449575,94.92588897
4562,94.43464596,94.92685894
4563,94.43471466,94.92698856
4564,94.43477772,94.92709311
4565,94.43484744,94.92719601
4566,94.43496535,94.9275842
4567,94.43505968,94.92785959
4568,94.43518477,94.92816598
4569,94.43528628,94.92836486
4570,94.43545084,94.92864751
4571,94.43553133,94.92875371
4572,94.43561951,94.92889355
4573,94.43568564,94.92898062
4574,94.43586251,94.92918939
4575,94.43592505,94.92951656
4576,94.43597478,94.92973358
4577,94.43603169,94.92985824
4578,94.43620651,94.93060032
4579,94.43628597,94.93068739
4580,94.43635723,94.93198091
4581,94.43640593,94.93450858
4582,94.43657152,94.93588752
4583,94.43671353,94.93602967
4584,94.43679966,94.93616654
4585,94.43685912,94.93626515
4586,94.43714006,94.93651779
4587,94.43721235,94.93679417
4588,94.43730411,94.93693665
4589,94.43735948,94.93703328
4590,94.43743382,94.93721864
4591,94.43750508,94.93735518
4592,94.43826946,94.93752404
4593,94.43833713,94.93764343
4594,94.43852169,94.9378898
4595,94.43857603,94.9386078
4596,94.43882467,94.93872587
4597,94.43897796,94.93881723
4598,94.43903179,94.93905733
4599,94.43925736,94.93914902
4600,94.43933067,94.9392628
4601,94.43939936,94.93933668
4602,94.43959315,94.93946696
4603,94.43966236,94.93956491
4604,94.43975208,94.93971893
4605,94.4398018,94.93981194
4606,94.43988793,94.93994386
4607,94.44000482,94.94001642
4608,94.44009197,94.94017968
4609,94.44015195,94.94030039
4610,94.4402873,94.94051708
4611,94.44035599,94.94063976
4612,94.44046365,94.94076081
4613,94.44056926,94.94089702
4614,94.44064821,94.94115229
4615,94.44072921,94.94130631
4616,94.44080457,94.94143395
4617,94.44087173,94.94153091
4618,94.4409999,94.94167537
4619,94.44106911,94.94182181
4620,94.44115882,94.94193229
4621,94.44122137,94.94199826
4622,94.44131211,94.94211468
4623,94.44139413,94.94220538
4624,94.44145309,94.94238809
4625,94.44151102,94.94248671
4626,94.44173454,94.94272681
4627,94.44178529,94.94281751
4628,94.4418827,94.94292503
4629,94.4419314,94.94298142
4630,94.44202112,94.9431305
4631,94.44210263,94.94324857
4632,94.44392002,94.9435233
4633,94.44402204,94.94361994
4634,94.44419686,94.94376637
4635,94.44430195,94.94384355
4636,94.44440141,94.94397712
4637,94.44447369,94.9440632
4638,94.4445347,94.94419678
4639,94.44460852,94.94426505
4640,94.44468594,94.94439565
4641,94.44475258,94.94446392
4642,94.44489305,94.94461069
4643,94.4449802,94.9448
4644,94.44506274,94.94489696
4645,94.44513605,94.9450777
4646,94.44539085,94.94526371
4647,94.44548569,94.94535738
4648,94.44556874,94.94549953
4649,94.4456318,94.94557176
4650,94.44578098,94.94570005
4651,94.4458425,94.94577228
4652,94.44596605,94.94586925
4653,94.44605577,94.94593257
4654,94.44614292,94.9460668
4655,94.44622239,94.94612155
4656,94.44634594,94.94625348
4657,94.44640951,94.94632768
4658,94.44662124,94.94647511
4659,94.44674171,94.94653942
4660,94.44680938,94.94666475
4661,94.44696575,94.94679964
4662,94.44776806,94.94692101
4663,94.44783932,94.94699324
4664,94.44790392,94.94711395
4665,94.45009657,94.94804204
4666,94.4502596,94.94821255
4667,94.45037649,94.94830688
4668,94.45045697,94.9483989
4669,94.45052772,94.94849124
4670,94.45110857,94.94861064
4671,94.45122904,94.94866703
4672,94.45129569,94.94878313
4673,94.45136746,94.94884744
4674,94.45152229,94.95176594
4675,94.45166327,94.9518385
4676,94.45174427,94.95197075
4677,94.45179502,94.95205485
4678,94.45190883,94.95225175
4679,94.45197702,94.95233519
4680,94.45203802,94.9524869
4681,94.45212159,94.95258618
4682,94.45223591,94.95276658
4683,94.45231948,94.95282529
4684,94.45241329,94.95301955
4685,94.45249993,94.95309508
4686,94.45260503,94.95321084
4687,94.45271935,94.95329593
4688,94.45278702,94.95343841
4689,94.45285316,94.95354428
4690,94.4530008,94.95373194
4691,94.45306796,94.95394269
4692,94.45316537,94.95426558
4693,94.45324534,94.95443642
4694,94.45348937,94.95464486
4695,94.45357447,94.95471544
4696,94.45364778,94.9548622
4697,94.45375339,94.95494696
4698,94.4539318,94.95583218
4699,94.45398717,94.95590803
4700,94.45407432,94.95602743
4701,94.45411379,94.95612142
4702,94.45460903,94.95624246
4703,94.45470746,94.95630315
4704,94.45481512,94.95640902
4705,94.45490688,94.95649708
4706,94.45506171,94.95673751
4707,94.45514066,94.95692649
4708,94.45519192,94.95706831
4709,94.4552437,94.95716132
4710,94.45557437,94.95733315
4711,94.45568305,94.95741527
4712,94.45578046,94.95755181
4713,94.4558671,94.95768407
4714,94.45600039,94.95798419
4715,94.45608088,94.95804851
4716,94.45615675,94.95823485
4717,94.45622391,94.95829685
4718,94.45629773,94.95845879
4719,94.45641924,94.9586105
4720,94.45653305,94.9587299
4721,94.45661302,94.95880542
4722,94.45674785,94.95894856
4723,94.45682321,94.9590264
4724,94.45689755,94.95911808
4725,94.45694779,94.95920647
4726,94.45702315,94.9593074
4727,94.45709697,94.95939018
4728,94.4571667,94.95952045
4729,94.45723898,94.95962138
4730,94.45746045,94.95977507
4731,94.45751018,94.95990501
4732,94.45763014,94.96005409
4733,94.45769628,94.96016293
4734,94.45778599,94.96029683
4735,94.45785059,94.96035455
4736,94.45791928,94.96050428
4737,94.45798644,94.96063258
4738,94.45824021,94.9608209
4739,94.45829968,94.96107353
4740,94.45836889,94.96121469
4741,94.45844681,94.96129879
4742,94.45859138,94.96143731
4743,94.45870263,94.96151647
4744,94.45876364,94.96167082
4745,94.45886258,94.96178658
4746,94.4590374,94.96195545
4747,94.45911122,94.96205109
4748,94.45921068,94.96218895
4749,94.45927784,94.96229614
4750,94.45936807,94.96244852
4751,94.45946701,94.96255274
4752,94.45961363,94.96271599
4753,94.4616407,94.96282945
4754,94.46176374,94.96298017
4755,94.461835,94.96304547
4756,94.46191856,94.96313584
4757,94.46198777,94.96320774
4758,94.46233689,94.96337528
4759,94.46239944,94.96345411
4760,94.46255683,94.96355833
4761,94.46318125,94.96364309
4762,94.46333659,94.96381723
4763,94.46350423,94.96388055
4764,94.46361957,94.96400621
4765,94.46367084,94.96410351
4766,94.46376312,94.96422653
4767,94.46384002,94.96432217
4768,94.46395998,94.96446498
4769,94.46404406,94.96467573
4770,94.46423682,94.96490792
4771,94.46432141,94.96500884
4772,94.46440138,94.96512988
4773,94.46447418,94.96520277
4774,94.46456646,94.96532282
4775,94.46465464,94.9653713
4776,94.46478691,94.96547387
4777,94.4648474,94.96570606
4778,94.46500274,94.96583963
4779,94.46511347,94.96594022
4780,94.46639923,94.96691449
4781,94.4665033,94.96719581
4782,94.46658225,94.96783829
4783,94.46668683,94.96831486
4784,94.46674374,94.96846196
4785,94.4668314,94.96853683
4786,94.46698879,94.96876011
4787,94.46856779,94.96939071
4788,94.46865648,94.97055362
4789,94.46871697,94.97062684
4790,94.46882258,94.97075777
4791,94.46890974,94.97101272
4792,94.46897587,94.97110671
4793,94.46908814,94.97119147
4794,94.46926296,94.97133197
4795,94.46933678,94.97149589
4796,94.46942496,94.97159648
4797,94.46949571,94.97168223
4798,94.46957517,94.97181251
4799,94.46965515,94.97189694
4800,94.46992942,94.97203678
4801,94.47000427,94.97225083
4802,94.47019959,94.97262022
4803,94.4702565,94.97277589
4804,94.47033955,94.97291573
4805,94.47041901,94.97305557
4806,94.47050822,94.97319606
4807,94.47058153,94.9732584
4808,94.47066201,94.97337944
4809,94.47074917,94.97344507
4810,94.47101831,94.97356117
4811,94.47113469,94.97364494
4812,94.47118852,94.97374982
4813,94.47124286,94.97380622
4814,94.47137718,94.97391835
4815,94.4714346,94.97398464
4816,94.47153662,94.97416571
4817,94.47159814,94.97422244
4818,94.47177142,94.9743758
4819,94.47188676,94.97454697
4820,94.47202313,94.97464921
4821,94.47212003,94.97473068
4822,94.47219077,94.97484512
4823,94.47229484,94.97494901
4824,94.47238456,94.97509182
4825,94.47246146,94.97516405
4826,94.47267421,94.97528113
4827,94.47273625,94.97535468
4828,94.47279315,94.9754866
4829,94.47288235,94.97559511
4830,94.47296541,94.97572604
4831,94.47306486,94.97581147
4832,94.47315355,94.97598594
4833,94.47328479,94.97605553
4834,94.47346935,94.9762455
4835,94.47355087,94.97631773
4836,94.47360982,94.97644503
4837,94.47366109,94.97650176
4838,94.47378003,94.97664061
4839,94.47384616,94.97671119
4840,94.47392716,94.97680519
4841,94.47399586,94.97730254
4842,94.47414094,94.97751032
4843,94.47422399,94.97759277
4844,94.47430961,94.97768644
4845,94.47437933,94.97775438
4846,94.47444495,94.97786883
4847,94.47453723,94.97793743
4848,94.47461003,94.97808122
4849,94.47469718,94.97815543
4850,94.4748438,94.97828604
4851,94.47490532,94.97833683
4852,94.47496479,94.97844962
4853,94.47502579,94.97853504
4854,94.47516011,94.97919895
4855,94.47523188,94.9792537
4856,94.47529033,94.97934869
4857,94.4753944,94.97940179
4858,94.47559177,94.97953899
4859,94.47568457,94.97960495
4860,94.4759532,94.98003766
4861,94.47602241,94.98011187
4862,94.47610085,94.98020026
4863,94.47618236,94.98025831
4864,94.47627515,94.98038232
4865,94.47635308,94.98043476
4866,94.47662428,94.98107558
4867,94.47668733,94.98112736
4868,94.47674629,94.98122432
4869,94.47680883,94.98130381
4870,94.47694264,94.98143046
4871,94.47701697,94.98148817
4872,94.47712156,94.98158547
4873,94.4772041,94.98169266
4874,94.47735892,94.98184503
4875,94.47745633,94.98191792
4876,94.47752502,94.98202609
4877,94.47763576,94.98209436
4878,94.4778521,94.98223651
4879,94.47793105,94.98234436
4880,94.47800795,94.98249476
4881,94.47809356,94.98261777
4882,94.47824172,94.98274904
4883,94.478354,94.98285623
4884,94.47841962,94.98300365
4885,94.4785078,94.98321374
4886,94.47861546,94.98333808
4887,94.47868569,94.9834334
4888,94.48006783,94.983939
4889,94.48015037,94.98399045
4890,94.4802934,94.98412567
4891,94.48036209,94.98422395
4892,94.48046001,94.98435225
4893,94.48052205,94.98442217
4894,94.4806215,94.98453398
4895,94.48095986,94.98465568
4896,94.48101933,94.98478232
4897,94.48109674,94.9848407
4898,94.48284646,94.98499142
4899,94.48292028,94.9850996
4900,94.48301205,94.98521833
4901,94.48308843,94.98529683
4902,94.48316841,94.98542974
4903,94.48324992,94.98549867
4904,94.48331554,94.9856052
4905,94.48336783,94.98567908
4906,94.48353137,94.98584135
4907,94.48375335,94.98590269
4908,94.48385435,94.98599801
4909,94.48393381,94.98605803
4910,94.48402404,94.98616126
4911,94.48410504,94.986248
4912,94.48418245,94.986404
4913,94.48425012,94.98646304
4914,94.48453824,94.98658573
4915,94.48458797,94.98666983
4916,94.48464898,94.98676185
4917,94.48471152,94.98682352
4918,94.48945313,95.01096272
4919,94.48959924,95.01108673
4920,94.48965358,95.01117578
4921,94.48974022,95.01123646
4922,94.48987967,95.0114172
4923,94.48994426,95.01156363
4924,94.4900104,95.01165631
4925,94.4900673,95.01173777
4926,94.49017035,95.01187333
4927,94.49022623,95.01192906
4928,94.49046718,95.01223381
4929,94.49051691,95.01235584
4930,94.49071377,95.01252833
4931,94.49080143,95.01260386
4932,94.49086603,95.01269983
4933,94.49091524,95.01278756
4934,94.4915207,95.01374434
4935,94.49157197,95.01384659
4936,94.4916381,95.01398412
4937,94.49174114,95.01405766
4938,94.49292437,95.01427237
4939,94.49297666,95.01433273
4940,94.49309714,95.01463549
4941,94.49316276,95.01469354
4942,94.49347445,95.01481623
4943,94.49353187,95.01488813
4944,94.49358058,95.01500686
4945,94.49364312,95.01513351
4946,94.49388612,95.01529347
4947,94.49399122,95.01536569
4948,94.4940794,95.01548937
4949,94.49415681,95.01557908
4950,94.49424447,95.0157242
4951,94.49433368,95.01579478
4952,94.49440852,95.01587492
4953,94.4944967,95.015961
4954,94.49980942,95.03026029
4955,94.49986684,95.03035593
4956,94.49993143,95.03047532
4957,94.49998885,95.03055646
4958,94.50122693,95.03072862
4959,94.50129665,95.0307893
4960,94.5018652,95.0309928
4961,94.50195953,95.03105447
4962,94.50211845,95.03119563
4963,94.50216767,95.03126423
4964,94.50225995,95.03134471
4965,94.50242246,95.03144629
4966,94.50263214,95.03154919
4967,94.50279414,95.03167683
4968,94.5029018,95.03182326
4969,94.50299613,95.03189219
4970,94.50313147,95.03199773
4971,94.50323964,95.03205479
4972,94.50329193,95.03213592
4973,94.50341344,95.03220189
4974,94.50450387,95.03233282
4975,94.50461768,95.03240373
4976,94.50467048,95.03252906
4977,94.50474738,95.03259799
4978,94.5212751,95.04080138
4979,94.52133867,95.0408835
4980,94.52145504,95.04103983
4981,94.52153143,95.04113844
4982,94.52181083,95.04124299
4983,94.52186261,95.04130401
4984,94.52191131,95.04163646
4985,94.52198821,95.04173573
4986,94.52210971,95.04197517
4987,94.52216149,95.04205928
4988,94.52221993,95.04214239
4989,94.52232349,95.04245043
4990,94.52241628,95.04255432
4991,94.52250907,95.042647
4992,94.52255983,95.0427875
4993,94.52264134,95.04284521
4994,94.52277156,95.04294614
4995,94.52284999,95.04301078
4996,94.52293151,95.0430873
4997,94.52299713,95.04315161
4998,94.52312376,95.04328122
4999,94.52319758,95.04333993
5000,94.52327602,95.04345042
5001,94.52337188,95.04355596
5002,94.52347903,95.04369382
5003,94.52352056,95.04374395
5004,94.52358925,95.04391314
5005,94.52380355,95.04400054
5006,94.52391633,95.04412257
5007,94.52397324,95.04419183
5008,94.52404962,95.04428715
5009,94.52423059,95.04440852
5010,94.5244331,95.04453286
5011,94.52684671,95.04460641
5012,94.52690413,95.04470799
5013,94.52694565,95.04481748
5014,94.52714354,95.04737121
5015,94.52720609,95.04747774
5016,94.52726555,95.04756976
5017,94.52734297,95.04762912
5018,94.53368562,95.06578423
5019,94.53376406,95.06583964
5020,94.53386762,95.06591846
5021,94.53393016,95.06599696
5022,94.53402962,95.06613943
5023,94.53409062,95.06620375
5024,94.53413574,95.06630335
5025,94.534207,95.06639932
5026,94.53436746,95.06651047
5027,94.5344177,95.06657478
5028,94.53454536,95.06667867
5029,94.53459919,95.0667265
5030,94.53466686,95.06681489
5031,94.53480323,95.06688547
5032,94.53486423,95.06697089
5033,94.53491806,95.06704345
5034,94.53510877,95.0671226
5035,94.53517439,95.06717372
5036,94.53524155,95.06726343
5037,94.53530256,95.0673505
5038,94.53721633,95.07233625
5039,94.53728092,95.07238836
5040,94.53748496,95.07248137
5041,94.53754084,95.07254535
5042,94.53797507,95.07269443
5043,94.53804479,95.07274126
5044,94.53809605,95.07282173
5045,94.5381504,95.07289132
5046,94.53823704,95.07300214
5047,94.53831394,95.07305293
5048,94.5386082,95.07329534
5049,94.53867741,95.07335042
5050,94.53881019,95.073452
5051,94.53888402,95.07351763
5052,94.53895015,95.07361262
5053,94.53899834,95.07367166
5054,94.56061012,95.08128897
5055,94.56068959,95.08134108
5056,94.56081827,95.0816013
5057,94.56086799,95.08170651
5058,94.56099257,95.08207095
5059,94.56105358,95.08218342
5060,94.56113458,95.08227049
5061,94.561192,95.0823193
5062,94.56125352,95.08239779
5063,94.56132478,95.08245221
5064,94.56137861,95.08256138
5065,94.56144935,95.0827309
5066,94.56158111,95.08287008
5067,94.56162007,95.08310821
5068,94.56183641,95.08327641
5069,94.56190255,95.08335293
5070,94.56197586,95.08348485
5071,94.56204558,95.08355708
5072,94.56212248,95.08363558
5073,94.56220861,95.08368867
5074,94.56361381,95.08716158
5075,94.56368405,95.0872259
5076,94.56375172,95.08730472
5077,94.56381119,95.08735551
5078,94.56389629,95.08746468
5079,94.56397011,95.08750986
5080,94.56407059,95.08759298
5081,94.56414698,95.0876408
5082,94.56440485,95.0877658
5083,94.56445407,95.08783539
5084,94.56462683,95.08790828
5085,94.56472116,95.0879937
5086,94.56493802,95.08814376
5087,94.56501287,95.08819521
5088,94.56509079,95.08828657
5089,94.56516564,95.08834725
5090,94.56528868,95.08845609
5091,94.56536712,95.08853591
5092,94.56551271,95.08869191
5093,94.56558038,95.08874962
5094,94.57033738,95.09001973
5095,94.57040402,95.09008668
5096,94.57046554,95.09016319
5097,94.57052655,95.09024037
5098,94.57065984,95.09041715
5099,94.57072341,95.09047355
5100,94.57079006,95.09059788
5101,94.57086491,95.09063878
5102,94.57091925,95.09104016
5103,94.57103152,95.09114108
5104,94.57133092,95.09122156
5105,94.57141345,95.09127235
5106,94.57153085,95.09159128
5107,94.57160519,95.09164273
5108,94.57170977,95.09174332
5109,94.57176668,95.09180235
5110,94.57185229,95.09189107
5111,94.57192304,95.09197287
5112,94.57199533,95.09204872
5113,94.57209427,95.09209556
5114,94.57226909,95.09223705
5115,94.57236649,95.09230664
5116,94.57248799,95.09247847
5117,94.57256592,95.09253322
5118,94.57264794,95.09263381
5119,94.5727069,95.09267339
5120,94.57278226,95.09277233
5121,94.5728607,95.09282147
5122,94.57300937,95.09291942
5123,94.57310934,95.09296659
5124,94.57319957,95.09303486
5125,94.57326827,95.09308367
5126,94.57358099,95.0932367
5127,94.57364558,95.09330135
5128,94.57375273,95.09343129
5129,94.57381169,95.09349692
5130,94.57405623,95.09361631
5131,94.57421156,95.09367403
5132,94.57436844,95.0937766
5133,94.57442329,95.09416842
5134,94.57454018,95.09427066
5135,94.57460785,95.09433167
5136,94.57468424,95.09445964
5137,94.57476831,95.09452362
5138,94.58040709,95.0946351
5139,94.58047732,95.09474163
5140,94.58057729,95.09489334
5141,94.58062651,95.09501273
5142,94.58072545,95.09510739
5143,94.58077261,95.09516016
5144,94.58082849,95.09527625
5145,94.5809018,95.09538641
5146,94.581031,95.09552163
5147,94.58108534,95.0955744
5148,94.5811484,95.09566114
5149,94.58123093,95.09571193
5150,94.58128681,95.09581978
5151,94.58137038,95.0958775
5152,94.58142575,95.09594016
5153,94.5815211,95.09599788
5154,94.58171027,95.0961176
5155,94.58181332,95.09618224
5156,94.58188663,95.09726139
5157,94.58193995,95.09734186
5158,94.5819907,95.09751303
5159,94.58207529,95.09759252
5160,94.58213527,95.0976631
5161,94.58220448,95.09773433
5162,94.58232034,95.09956479
5163,94.58360046,95.10057665
5164,94.58370299,95.10081675
5165,94.58380809,95.10086754
5166,94.58389524,95.10104201
5167,94.58396547,95.10108488
5168,94.58404237,95.10118251
5169,94.58409518,95.10124088
5170,94.58423155,95.1013639
5171,94.58428537,95.10144438
5172,94.58435561,95.10155981
5173,94.58440841,95.10160928
5174,94.58837488,95.10179827
5175,94.58843794,95.10186852
5176,94.58853791,95.10195031
5177,94.58861429,95.10201
5178,94.58873733,95.10214028
5179,94.58904596,95.10239094
5180,94.58911414,95.10250175
5181,94.589149,95.10257035
5182,94.58921411,95.10264159
5183,94.58926691,95.10270492
5184,94.58932536,95.10278341
5185,94.58936739,95.10285366
5186,94.58954631,95.10385497
5187,94.5895904,95.10390411
5188,94.58964833,95.10400107
5189,94.58970524,95.1040578
5190,94.59055626,95.10421083
5191,94.59062085,95.10425107
5192,94.59069365,95.10681106
5193,94.5907644,95.10687636
5194,94.59092281,95.10703929
5195,94.59101304,95.10712108
5196,94.59109148,95.10841493
5197,94.59116581,95.10846506
5198,94.59133397,95.10870517
5199,94.61924791,95.10898155
5200,94.61930943,95.10905378
5201,94.6194986,95.10912106
5202,94.6196483,95.11030211
5203,94.62331075,95.11048944
5204,94.62338765,95.11057157
5205,94.62343072,95.11063126
5206,94.62745101,95.11090303
5207,94.62752894,95.11094788
5208,94.62759712,95.11104485
5209,94.62767505,95.11110916
5210,94.6278309,95.11129352
5211,94.62791395,95.11136212
5212,94.62797393,95.11143567
5213,94.62804519,95.11148382
5214,94.63300468,95.11160355
5215,94.63317181,95.11174668
5216,94.63326204,95.11191654
5217,94.63334099,95.11200163
5218,94.6336168,95.1162397
5219,94.63367114,95.11651971
5220,94.63381469,95.11659721
5221,94.63386749,95.11666449
5222,94.63978208,95.1170761
5223,94.64011069,95.117366
5224,94.64017836,95.11747121
5225,94.6402527,95.11753421
5226,94.6404024,95.11778948
5227,94.64044905,95.11784555
5228,94.64050032,95.11793625
5229,94.6405685,95.11799891
5230,94.64082791,95.11814864
5231,94.64090942,95.11823374
5232,94.64101093,95.11845438
5233,94.64105348,95.11851045
5234,94.6411878,95.11876242
5235,94.64128623,95.11884059
5236,94.64134057,95.11896559
5237,94.64142054,95.11902099
5238,94.64730283,95.11999592
5239,94.64756685,95.12008628
5240,94.6476135,95.12018885
5241,94.64769963,95.12023536
5242,94.64782523,95.12032836
5243,94.64788111,95.12079571
5244,94.64794314,95.12089795
5245,94.64799595,95.1209494
5246,94.64809899,95.12108495
5247,94.64816667,95.12113607
5248,94.64837327,95.12127525
5249,94.64843171,95.12133297
5250,94.64855834,95.12142499
5251,94.64861217,95.12147083
5252,94.64868753,95.12313703
5253,94.64890439,95.12324389
5254,94.65315846,95.12490581
5255,94.65329841,95.12497144
5256,94.65336301,95.12507599
5257,94.65343119,95.12515053
5258,94.65363318,95.12524782
5259,94.65752377,95.12539624
5260,94.65758171,95.12548331
5261,94.65762938,95.12553509
5262,94.65770116,95.12562876
5263,94.65778472,95.12567031
5264,94.65789187,95.12577123
5265,94.65794826,95.12585237
5266,94.65805079,95.12611556
5267,94.65811898,95.12616602
5268,94.65819024,95.12625012
5269,94.65823484,95.12632993
5270,94.6583102,95.12640315
5271,94.65838043,95.12646615
5272,94.65867573,95.12686555
5273,94.65874032,95.12691073
5274,94.6588772,95.12830089
5275,94.65897974,95.12837113
5276,94.65904741,95.12847997
5277,94.65909816,95.12855517
5278,94.65915712,95.128665
5279,94.65920531,95.12874283
5280,94.65926785,95.12883122
5281,94.65932578,95.1288985
5282,94.65947035,95.12900437
5283,94.65952726,95.12909936
5284,94.65962877,95.12919962
5285,94.65968106,95.12925206
5286,94.65978923,95.12934639
5287,94.65991227,95.1294008
5288,94.66000506,95.12956538
5289,94.66006914,95.12962475
5290,94.66024704,95.13008615
5291,94.66031932,95.13015541
5292,94.66038494,95.13023754
5293,94.66051157,95.13030317
5294,94.66061615,95.13042751
5295,94.66078431,95.13049644
5296,94.66083814,95.13056339
5297,94.66089299,95.13063595
5298,94.66166814,95.13073984
5299,94.66172248,95.13080316
5300,94.66273191,95.13127875
5301,94.66278625,95.13134438
5302,94.66285033,95.13146608
5303,94.6629098,95.13154359
5304,94.66298465,95.13164088
5305,94.66304053,95.13169101
5306,94.6631769,95.13182788
5307,94.66332711,95.1318823
5308,94.66339068,95.1320261
5309,94.66343477,95.13209008
5310,94.66380747,95.13221607
5311,94.66391513,95.13228038
5312,94.66395666,95.1323691
5313,94.66401459,95.13242187
5314,94.66413968,95.13253434
5315,94.66421043,95.13261085
5316,94.66430424,95.13271277
5317,94.66435551,95.13275795
5318,94.66442677,95.13283216
5319,94.66566126,95.13298981
5320,94.66581096,95.13309139
5321,94.6658653,95.13313756
5322,94.66602525,95.13469328
5323,94.66610266,95.13476848
5324,94.66616572,95.13486742
5325,94.66625697,95.13494394
5326,94.66689268,95.13508576
5327,94.66694702,95.13513886
5328,94.66699572,95.13523285
5329,94.66767295,95.13528661
5330,94.66848911,95.13572064
5331,94.66857267,95.13577638
5332,94.66864137,95.13588093
5333,94.66871211,95.13593601
5334,94.66878953,95.13601549
5335,94.66944214,95.13607948
5336,94.66949956,95.13615236
5337,94.66956723,95.13620415
5338,94.66968617,95.1363087
5339,94.66978563,95.13636872
5340,94.66983228,95.1364614
5341,94.66990046,95.1367734
5342,94.66998095,95.13691357
5343,94.67004196,95.13697359
5344,94.67009271,95.13720644
5345,94.67019781,95.13730835
5346,94.6704567,95.13743401
5347,94.67054642,95.13748711
5348,94.67066587,95.1378255
5349,94.67071303,95.13787596
5350,94.67082582,95.1379871
5351,94.67090528,95.13804383
5352,94.67095962,95.13813519
5353,94.67102114,95.13822226
5354,94.67127799,95.13833571
5355,94.67160814,95.13853756
5356,94.67164454,95.13863155
5357,94.67187421,95.13883571
5358,94.6719224,95.13890266
5359,94.67198392,95.13895312
5360,94.67202545,95.13903953
5361,94.67209107,95.13912297
5362,94.67269345,95.13926809
5363,94.67305898,95.13932778
5364,94.67319586,95.13944058
5365,94.67324251,95.13953029
5366,94.6734527,95.13964111
5367,94.67351063,95.13972719
5368,94.67361368,95.13979348
5369,94.67365725,95.13987593
5370,94.67385924,95.14004282
5371,94.67395152,95.14011999
5372,94.67410173,95.14022553
5373,94.67418119,95.14027863
5374,94.67619852,95.14168066
5375,94.67626927,95.14174827
5376,94.67632104,95.14185414
5377,94.67639487,95.14193593
5378,94.67780366,95.14255103
5379,94.67789184,95.14259588
5380,94.67798156,95.14270901
5381,94.67805282,95.14276738
5382,94.68561356,95.1428782
5383,94.68568533,95.14291712
5384,94.68580735,95.14313743
5385,94.68586169,95.14322813
5386,94.68603343,95.14333928
5387,94.68608316,95.14340227
5388,94.68614775,95.14351309
5389,94.68622927,95.14365556
5390,94.68631129,95.14374989
5391,94.68667426,95.14383399
5392,94.68672911,95.14391644
5393,94.6870526,95.14405563
5394,94.69609904,95.14426736
5395,94.69616568,95.14433399
5396,94.69624463,95.14440852
5397,94.69632922,95.14450582
5398,94.69638818,95.14461334
5399,94.69644662,95.14467831
5400,94.69657069,95.14495238
5401,94.69660555,95.1450665
5402,94.6967614,95.14524064
5403,94.69696185,95.1453066
5404,94.69720895,95.14769014
5405,94.69726022,95.14780261
5406,94.69735506,95.14801072
5407,94.69742376,95.14811527
5408,94.69748374,95.14819277
5409,94.69756884,95.14824159
5410,94.69797179,95.14893683
5411,94.69809073,95.14925773
5412,94.69815122,95.14932897
5413,94.69823222,95.14939625
5414,94.69845267,95.14954995
5415,94.69853675,95.14973431
5416,94.6985916,95.14983358
5417,94.69878077,95.1499444
5418,94.69892791,95.15012283
5419,94.69960924,95.15020561
5420,94.69991222,95.15050376
5421,94.70073709,95.15060765
5422,94.71936416,95.16215037
5423,94.71942927,95.16224734
5424,94.71960101,95.16247854
5425,94.71964971,95.1625567
5426,94.7279046,95.1746258
5427,94.72798457,95.17471551
5428,94.72805224,95.17481973
5429,94.72809428,95.17488273
5430,94.72817067,95.17606543
5431,94.72825526,95.17611589
5432,94.7283096,95.17619834
5433,94.72837112,95.17637413
5434,94.72852953,95.17708586
5435,94.72863206,95.17745921
5436,94.72868641,95.17759806
5437,94.72875613,95.17776791
5438,94.72911756,95.17802978
5439,94.72921445,95.17821283
5440,94.72929442,95.17841566
5441,94.72935082,95.17864224
5442,94.72957382,95.17896348
5443,94.72961638,95.17902812
5444,94.72970609,95.17927449
5445,94.72974403,95.17949315
5446,94.7305771,95.17989552
5447,94.73073449,95.18012342
5448,94.73088316,95.18029229
5449,94.73102773,95.18049677
5450,94.73276617,95.18080349
5451,94.73286973,95.1809153
5452,94.73295124,95.18107757
5453,94.73301891,95.18117222
5454,94.73381251,95.18151687
5455,94.73389864,95.18156602
5456,94.73396426,95.18166001
5457,94.73401758,95.18173686
5458,94.73559299,95.18221871
5459,94.73590777,95.18234074
5460,94.7360308,95.182473
5461,94.73607848,95.18255809
5462,94.73619383,95.18279456
5463,94.73627432,95.18287635
5464,94.73651937,95.18298981
5465,94.73657833,95.1830815
5466,94.73670085,95.18327411
5467,94.7367675,95.18334996
5468,94.7368485,95.18358941
5469,94.73690284,95.18367483
5470,94.73832343,95.18386018
5471,94.73842852,95.18394164
5472,94.73851465,95.18405807
5473,94.7385531,95.18411545
5474,94.73866999,95.1842266
5475,94.73873202,95.18430674
5476,94.73880738,95.18441459
5477,94.73885455,95.18446868
5478,94.74032537,95.19253982
5479,94.74039048,95.19264832
5480,94.74045713,95.1927687
5481,94.74052736,95.19282246
5482,94.74168854,95.19371724
5483,94.74198435,95.19378188
5484,94.74204946,95.19389369
5485,94.74210175,95.19403584
5486,94.74237449,95.19437225
5487,94.74245702,95.19447581
5488,94.7426585,95.19462323
5489,94.74273591,95.19469744
5490,94.74317475,95.19489434
5491,94.74323063,95.19495799
5492,94.74339725,95.19508233
5493,94.74344851,95.19516082
5494,94.74721299,95.19711528
5495,94.7472581,95.1971641
5496,94.74732731,95.1972515
5497,94.74737345,95.19730855
5498,94.74779127,95.19876467
5499,94.7478897,95.1988801
5500,94.74811169,95.19908063
5501,94.74817321,95.19914923
5502,94.74824806,95.19937845
5503,94.74832342,95.19946387
5504,94.74848696,95.19963801
5505,94.74857718,95.19970133
5506,94.74872176,95.20000344
5507,94.748772,95.20007501
5508,94.74885812,95.20013833
5509,94.74893041,95.20020627
5510,94.74910984,95.20031214
5511,94.74921852,95.20125177
5512,94.74930722,95.20407594
5513,94.74935233,95.20527712
5514,94.75004083,95.20565508
5515,94.75010799,95.20571049
5516,94.75017003,95.20583417
5517,94.75021001,95.20590343
5518,94.75444614,95.20796013
5519,94.75454714,95.20833974
5520,94.75479578,95.20857951
5521,94.75484858,95.20863459
5522,94.75495368,95.21253065
5523,94.75504954,95.2126474
5524,94.75520591,95.21280406
5525,94.75527358,95.21384428
5526,94.75552991,95.21414243
5527,94.75560988,95.21417607
5528,94.75566474,95.21432911
5529,94.75624251,95.21441618
5530,94.75708994,95.21469718
5531,94.75726066,95.214776
5532,94.75737959,95.21485812
5533,94.75742625,95.2148977
5534,94.75913085,95.21505568
5535,94.75923082,95.21512263
5536,94.75953277,95.21544321
5537,94.75960455,95.21551181
5538,94.82951064,95.24167307
5539,94.8315536,95.24179675
5540,94.83166639,95.24195572
5541,94.83174482,95.24199563
5542,94.83180583,95.24212459
5543,94.83191964,95.24238876
5544,94.83211497,95.24317305
5545,94.83216572,95.24322154
5546,94.85832482,95.5645181
5547,94.85837865,95.56465333
5548,94.85845503,95.56472621
5549,94.85850169,95.56478822
5550,94.85899948,95.56497192
5551,94.85909227,95.56541222
5552,94.85917533,95.5654917
5553,94.85922454,95.56553557
5554,94.85958904,95.56635746
5555,94.85965877,95.56658998
5556,94.85971618,95.56671036
5557,94.85975053,95.56678193
5558,94.86104603,95.56791516
5559,94.86109473,95.56806951
5560,94.86114651,95.56856257
5561,94.86119932,95.56862656
5562,94.8618545,95.5688571
5563,94.86207853,95.5689844
5564,94.86217594,95.56907279
5565,94.86222874,95.5691348
5566,94.86230872,95.56927563
5567,94.86237998,95.56938842
5568,94.86246098,95.56947813
5569,94.86254915,95.56997647
5570,94.86267629,95.57101868
5571,94.86276293,95.57107804
5572,94.86283163,95.57114961
5573,94.86290699,95.5712037
5574,94.86966696,95.57847537
5575,94.86980025,95.57856013
5576,94.86987356,95.57863665
5577,94.86993559,95.57880386
5578,94.87874364,95.58153437
5579,94.87880003,95.58157428
5580,94.87888616,95.58165871
5581,94.87893743,95.58170554
5582,94.91208257,95.75165548
5583,94.91216152,95.75171254
5584,94.9122215,95.75180126
5585,94.91230045,95.75186458
5586,94.95998162,95.75217032
5587,94.96006775,95.75226431
5588,94.96012722,95.75241867
5589,94.96029742,95.7524965
5590,94.96046301,95.75258621
5591,94.96051325,95.75270956
5592,94.96060861,95.75285962
5593,94.96067371,95.75293251
5594,94.96906702,95.7541416
5595,94.96911521,95.75418777
5596,94.96915571,95.75425307
5597,94.9692362,95.75429628
5598,94.9694551,95.75450868
5599,94.96950893,95.75454957
5600,94.96957353,95.75463631
5601,94.96962941,95.75468315
5602,94.96989753,95.75478143
5603,94.97012208,95.75486586
5604,94.97017744,95.75494996
5605,94.97021384,95.75501988
5606,94.97197176,95.75511124
5607,94.97202149,95.75515313
5608,94.97207583,95.75527945
5609,94.9723824,95.75620786
5610,94.9734795,95.75649711
5611,94.97352461,95.75653438
5612,94.97357742,95.75661815
5613,94.97454738,95.75735693
5614,94.97607562,95.75765606
5615,94.97614022,95.75770817
5616,94.97618841,95.75779096
5617,94.97623352,95.75784603
5618,94.98490366,95.75942484
5619,94.98496672,95.75947662
5620,94.98503183,95.75962141
5621,94.98512462,95.75966791
5622,94.98531328,95.75984997
5623,94.98536916,95.75988822
5624,94.98545272,95.75995551
5625,94.98573879,95.76017252
5626,94.98586644,95.76027872
5627,94.98593258,95.76033083
5628,94.98597615,95.76041493
5629,94.98601768,95.760471
5630,94.98720347,95.76083775
5631,94.98800168,95.76090173
5632,94.98810114,95.76096967
5633,94.98828211,95.76100925
5634,94.988966,95.76119856
5635,94.98901573,95.76124177
5636,94.98908647,95.76135588
5637,94.989128,95.76145318
5638,94.99044041,95.76279782
5639,94.99074442,95.76312103
5640,94.99081568,95.76321008
5641,94.99086951,95.76328198
5642,94.99655596,95.76406231
5643,94.99660056,95.76409628
5644,94.99666721,95.76416884
5645,94.99671079,95.76422491
5646,94.9968369,95.76429978
5647,94.99687432,95.76435914
5648,94.99694456,95.76443401
5649,94.99703274,95.76449799
5650,94.99723268,95.77019877
5651,94.9972865,95.77031784
5652,94.99732188,95.77042535
5653,94.99738186,95.77046361
5654,94.99890959,95.77543353
5655,94.99895727,95.77549356
5656,94.99900546,95.77565286
5657,94.99908082,95.77571915
5658,94.9995899,95.77643352
5659,94.99964578,95.77653873
5660,94.99970319,95.77664856
5661,94.99976215,95.77670957
5662,94.99985135,95.77684117
5663,94.99991903,95.77695627
5664,94.9999626,95.77708127
5665,95.00003796,95.77717296
5666,95.00801857,95.78746339
5667,95.00806471,95.78756497
5668,95.00811906,95.78772295
5669,95.00815597,95.78782915
5670,95.00823082,95.78823449
5671,95.00826568,95.78831991
5672,95.00854662,95.78868369
5673,95.00859686,95.78872722
5674,95.03134829,95.7908898
5675,95.03138623,95.79094718
5676,95.03142929,95.79102502
5677,95.03148876,95.79124038
5678,95.03154566,95.79147983
5679,95.03159949,95.79157877
5680,95.03166614,95.79168101
5681,95.03172202,95.79175687
5682,95.03183378,95.79187263
5683,95.03194247,95.79196696
5684,95.03200245,95.79203358
5685,95.03222494,95.79209394
5686,95.03256125,95.79395044
5687,95.03262174,95.79401409
5688,95.03268531,95.79410182
5689,95.0327335,95.79417372
5690,95.03285911,95.79428058
5691,95.03290524,95.79433566
5692,95.03294421,95.79439107
5693,95.03298881,95.79444549
5694,95.0338388,95.79473176
5695,95.03390186,95.79477794
5696,95.03395313,95.79494185
5697,95.03398953,95.79509851
5698,95.04472621,95.79614962
5699,95.04476927,95.79621393
5700,95.04518453,95.79630859
5701,95.04527373,95.79635509
5702,95.08512757,95.81361905
5703,95.08518038,95.81370975
5704,95.08530239,95.81381858
5705,95.08534392,95.81397063
5706,95.08547106,95.81414279
5707,95.08551668,95.81418269
5708,95.08564075,95.81429846
5709,95.08569612,95.81433045
5710,95.09426731,95.82316905
5711,95.09433242,95.82320863
5712,95.09440214,95.82326602
5713,95.09444521,95.82330494
5714,95.09468206,95.82348501
5715,95.09473281,95.82355394
5716,95.09480407,95.82363969
5717,95.09484662,95.82370632
5718,95.09512192,95.82424457
5719,95.0952019,95.82432042
5720,95.09523727,95.82439958
5721,95.09528854,95.8244385
5722,95.09540594,95.82579006
5723,95.09545259,95.82585437
5724,95.0955136,95.8259365
5725,95.09556076,95.82600411
5726,95.09754579,95.82711953
5727,95.09759705,95.8271535
5728,95.09767447,95.82721254
5729,95.0977365,95.82725343
5730,95.09782724,95.82735699
5731,95.09786415,95.82739459
5732,95.09789542,95.82745759
5733,95.09793797,95.82750904
5734,95.10438726,95.83497629
5735,95.10445391,95.83532028
5736,95.10449595,95.83538954
5737,95.10453491,95.8354499
5738,95.10463744,95.83556071
5739,95.10469025,95.83560623
5740,95.1052916,95.83566064
5741,95.10532697,95.83569692
5742,95.10861058,95.83616822
5743,95.10867312,95.83620153
5744,95.10871618,95.83626321
5745,95.10875515,95.83630015
5746,95.10899251,95.83645714
5747,95.10908325,95.83651222
5748,95.10914221,95.83658807
5749,95.10918424,95.83662336
5750,95.11335578,95.83699473
5751,95.11340499,95.83703233
5752,95.11345985,95.8371095
5753,95.11350342,95.83715073
5754,95.11403505,95.83722988
5755,95.11407299,95.8372688
5756,95.11413348,95.83734862
5757,95.11417706,95.83739743
5758,95.11423602,95.83748153
5759,95.1143083,95.83752408
5760,95.11437802,95.83760059
5761,95.11443852,95.83764182
5762,95.11783747,95.83790105
5763,95.11787694,95.83794953
5764,95.11793282,95.8380277
5765,95.11796871,95.8380775
5766,95.118608,95.8385112
5767,95.11865106,95.83854418
5768,95.11871207,95.83860586
5769,95.11875155,95.83864972
5770,95.11887458,95.83879055
5771,95.11894584,95.83882716
5772,95.11898686,95.83889543
5773,95.11907093,95.8389482
5774,95.1191304,95.83903329
5775,95.11918372,95.83911937
5776,95.11923704,95.83919622
5777,95.11928625,95.83924866
5778,95.12790923,95.84624329
5779,95.1279728,95.84629111
5780,95.12802817,95.84634883
5781,95.12807533,95.84638709
5782,95.60249492,95.84739961
5783,95.60255285,95.84745073
5784,95.60276612,95.84751405
5785,95.60285276,95.84780066
5786,95.60296298,95.8478963
5787,95.60304142,95.84794874
5788,95.6030809,95.84800184
5789,95.60311576,95.84804043
5790,95.6031865,95.84885539
5791,95.6032388,95.84890486
5792,95.60327468,95.84896225
5793,95.60332441,95.8490048
5794,95.60345411,95.84910374
5795,95.60349974,95.84918289
5796,95.60355255,95.84925281
5797,95.60360484,95.84930492
5798,95.62691456,95.89824953
5799,95.62697095,95.8982868
5800,95.62703503,95.898362
5801,95.62708681,95.89840586
5802,95.62831515,95.90461092
5803,95.62835463,95.90465479
5804,95.62844588,95.90473493
5805,95.628491,95.90482035
5806,95.62854739,95.90497141
5807,95.62860122,95.90507662
5808,95.62864992,95.90516765
5809,95.62868837,95.90520294
5810,95.62983417,95.90765805
5811,95.6299162,95.90770059
5812,95.62997874,95.90776985
5813,95.63002693,95.90780877
5814,95.65327154,95.94367802
5815,95.65332281,95.94373475
5816,95.65336639,95.94381522
5817,95.65340176,95.94388481
5818,95.65356889,95.94403224
5819,95.65361144,95.9441048
5820,95.65413128,95.94437755
5821,95.65417383,95.94446957
5822,95.6542497,95.94458995
5823,95.65429123,95.94464899
5824,95.65436249,95.94473639
5825,95.65443016,95.94481785
5826,95.66462957,95.94892103
5827,95.66469878,95.9490081
5828,95.66477466,95.94910078
5829,95.6648167,95.94918026
5830,95.66497972,95.94997181
5831,95.66502843,95.95005294
5832,95.66509097,95.95013374
5833,95.6651489,95.95018223
5834,95.68009403,95.97384088
5835,95.68017657,95.97388673
5836,95.68022732,95.97399392
5837,95.68026936,95.97406186
5838,95.68032831,95.97415091
5839,95.68037804,95.97421423
5840,95.68044623,95.97434517
5841,95.68052877,95.97442399
5842,95.68672121,95.97660503
5843,95.68677658,95.97665054
5844,95.68684271,95.97674718
5845,95.68689859,95.97683095
5846,95.68704419,95.97712679
5847,95.68708982,95.97717033
5848,95.68714006,95.97724486
5849,95.68720158,95.97730951
5850,95.68733948,95.97738932
5851,95.68738255,95.97742692
5852,95.68743227,95.97752388
5853,95.68746303,95.97757039
5854,95.6875425,95.97763371
5855,95.68757992,95.97768186
5856,95.68767579,95.97776498
5857,95.68774141,95.97780983
5858,96.01268718,96.09499958
5859,96.01276408,96.09507049
5860,96.01280048,96.09515789
5861,96.0128379,96.09528652
5862,96.02884373,96.12231354
5863,96.02891088,96.1223508
5864,96.02894728,96.122426
5865,96.02902059,96.12250483
5866,96.02911954,96.12257013
5867,96.02916106,96.12260839
5868,96.02920823,96.12266281
5869,96.02924309,96.12269645
5870,96.02930307,96.12278088
5871,96.02943944,96.12283629
5872,96.02949019,96.12291841
5873,96.02953428,96.12294908
5874,96.02964143,96.12302527
5875,96.03106868,96.1231219
5876,96.03112148,96.12325218
5877,96.03118249,96.12331286
5878,96.03365557,96.12438178
5879,96.03372683,96.12441377
5880,96.0337699,96.12447776
5881,96.03381911,96.12451766
5882,96.03391652,96.12461265
5883,96.03396881,96.12464497
5884,96.03401085,96.12473435
5885,96.03405545,96.12479536
5886,96.03410005,96.12485902
5887,96.03415849,96.12490189
5888,96.03423744,96.12497379
5889,96.03433485,96.12507241
5890,96.03445943,96.12515915
5891,96.03450813,96.12520499
5892,96.03461015,96.12534945
5893,96.03464604,96.12541277
5894,96.26193736,96.36491523
5895,96.26195991,96.36495085
5896,96.26198811,96.36501747
5897,96.26203117,96.36506892
5898,96.26213524,96.36514082
5899,96.26219112,96.36517974
5900,96.26222906,96.3652302
5901,96.26226444,96.3652734
5902,96.26231827,96.36534827
5903,96.26237056,96.36539774
5904,96.2624208,96.3654825
5905,96.26245104,96.36551317
5906,96.2625382,96.36585453
5907,96.2625869,96.36588718
5908,96.26263355,96.3659637
5909,96.26266585,96.36603922
5910,96.26272481,96.36611772
5911,96.26278633,96.36616026
5912,96.26287297,96.36622853
5913,96.26294423,96.36627174
5914,96.26305445,96.36636079
5915,96.26309238,96.36644489
5916,96.26319287,96.36701942
5917,96.26324721,96.36705966
5918,96.26330258,96.36712001
5919,96.26332872,96.36715794
5920,96.2636963,96.36721698
5921,96.26372655,96.3672737
5922,96.26384241,96.36735352
5923,96.26388957,96.36741223
5924,96.26392238,96.36758076
5925,96.26397058,96.36772423
5926,96.2640162,96.36778326
5927,96.26406439,96.36781459
5928,96.26411002,96.36786473
5929,96.26415718,96.36789672
5930,96.26425203,96.36797983
5931,96.26432124,96.36801215
5932,96.26435815,96.36806888
5933,96.26439865,96.36812099
5934,96.26452681,96.36821037
5935,96.26456731,96.36825984
5936,96.26462781,96.36831327
5937,96.26471137,96.36838616
5938,96.26482057,96.36857217
5939,96.26485851,96.36860878
5940,96.2648949,96.36867078
5941,96.26493284,96.36870508
5942,96.26501333,96.36879347
5943,96.26507434,96.36883866
5944,96.26512663,96.36888945
5945,96.26518558,96.36892837
5946,96.2652835,96.36899664
5947,96.26531939,96.3690471
5948,96.26541269,96.36913978
5949,96.26545371,96.36918463
5950,96.26558187,96.36926444
5951,96.26581513,96.36931227
5952,96.26586691,96.3693746
5953,96.26590639,96.36941055
5954,96.26599046,96.36952466
5955,96.26602174,96.36955962
5956,96.26607557,96.36961042
5957,96.26611043,96.36965428
5958,96.26614324,96.36972684
5959,96.26618015,96.36975784
5960,96.26624731,96.36981688
5961,96.26628319,96.36986074
5962,96.26697683,96.36996166
5963,96.26701271,96.37000058
5964,96.26705116,96.37006325
5965,96.26709269,96.37010876
5966,96.26716241,96.37019154
5967,96.26722495,96.37022815
5968,96.26727725,96.37028389
5969,96.26731518,96.37035777
5970,96.26741361,96.37043296
5971,96.26756741,96.37050816
5972,96.26764431,96.37055763
5973,96.26778581,96.37058929
5974,96.26783451,96.37073375
5975,96.26789347,96.37077927
5976,96.26792986,96.37084193
5977,96.26801189,96.3708759
5978,96.2681216,96.37093494
5979,96.26818722,96.37098045
5980,96.26824772,96.3710352
5981,96.26829078,96.37108335
5982,96.26887009,96.37116514
5983,96.26891213,96.3711978
5984,96.2689962,96.37125057
5985,96.26902953,96.37129179
5986,96.2691336,96.37140657
5987,96.26918794,96.37146692
5988,96.2704414,96.37157675
5989,96.27047728,96.37160445
5990,96.27058699,96.37167866
5991,96.27062954,96.37171197
5992,96.27073208,96.37176936
5993,96.27077668,96.37179805
5994,96.27089305,96.37187094
5995,96.27092996,96.37190623
5996,96.27097918,96.37196428
5997,96.27101917,96.37201639
5998,96.27107761,96.37207938
5999,96.27112324,96.37211797
6000,96.27116066,96.37217371
6001,96.271215,96.37220768
6002,96.27131087,96.37234818
6003,96.27141545,96.3723838
6004,96.27146262,96.37243624
6005,96.27148825,96.37248208
6006,96.27158258,96.3725398
6007,96.27163539,96.37256849
6008,96.2716928,96.37262819
6009,96.27175381,96.37266512
6010,96.2718707,96.37271625
6011,96.27197118,96.37275912
6012,96.27202398,96.37285345
6013,96.27205269,96.3728917
6014,96.27212549,96.37373998
6015,96.27219932,96.37378813
6016,96.27225417,96.37383727
6017,96.27228801,96.37393655
6018,96.27238439,96.37420039
6019,96.27244283,96.37424162
6020,96.27252075,96.37430857
6021,96.27255151,96.37434815
6022,96.27260483,96.37440488
6023,96.27265661,96.37444643
6024,96.27270121,96.37451009
6025,96.27274274,96.37454505
6026,96.27285245,96.37467103
6027,96.27288731,96.37470303
6028,96.27291961,96.37476371
6029,96.27299958,96.37481945
6030,96.27306161,96.37493917
6031,96.2731016,96.3750866
6032,96.27374961,96.37523963
6033,96.27378395,96.37530295
6034,96.27393263,96.3754893
6035,96.27400901,96.37552722
6036,96.27405259,96.37558989
6037,96.2740936,96.3756387
6038,96.27414794,96.37579734
6039,96.27419152,96.37585374
6040,96.27422125,96.37590519
6041,96.27425663,96.37594905
6042,96.27436121,96.37604338
6043,96.27446785,96.37618091
6044,96.27453039,96.37626798
6045,96.27456884,96.37631877
6046,96.27468163,96.37639924
6047,96.27474417,96.37643915
6048,96.27480979,96.37653249
6049,96.2748549,96.37656415
6050,96.27495539,96.37669937
6051,96.27499999,96.37684185
6052,96.275041,96.37693255
6053,96.27509483,96.37697674
6054,96.27516609,96.37715319
6055,96.2752394,96.37718848
6056,96.27528554,96.37724587
6057,96.27533014,96.37740385
6058,96.27546754,96.37749784
6059,96.27550496,96.37753742
6060,96.27555007,96.37759712
6061,96.27558186,96.37762416
6062,96.275628,96.37770299
6063,96.27567106,96.37776565
6064,96.27715112,96.3778425
6065,96.27719264,96.37788109
6066,96.27730338,96.37797409
6067,96.27734696,96.37801598
6068,96.27739617,96.37809579
6069,96.27744487,96.37818121
6070,96.27756074,96.37829698
6071,96.27762072,96.3784322
6072,96.27768019,96.37851333
6073,96.27776272,96.37854895
6074,96.27785449,96.37864954
6075,96.27791088,96.37869374
6076,96.27795138,96.37876663
6077,96.27798727,96.37881247
6078,96.27804879,96.37892362
6079,96.27810723,96.37901168
6080,96.27829025,96.37929004
6081,96.2783651,96.37938304
6082,96.27845892,96.37945033
6083,96.27854402,96.37949848
6084,96.27859067,96.37956642
6085,96.27865168,96.379606
6086,96.27869474,96.37966569
6087,96.27874704,96.37970263
6088,96.27882188,96.37976925
6089,96.27885521,96.37981444
6090,96.27894595,96.38030223
6091,96.27897773,96.3804701
6092,96.27902387,96.38054365
6093,96.27906181,96.38058026
6094,96.2791141,96.38065611
6095,96.27916793,96.38070031
6096,96.27922535,96.38074747
6097,96.27927764,96.380792
6098,96.2793853,96.38135498
6099,96.27945041,96.38140973
6100,96.27953038,96.38152055
6101,96.27956473,96.38158024
6102,96.27961241,96.38165775
6103,96.27966624,96.38182892
6104,96.27969597,96.38188928
6105,96.27975544,96.3819493
6106,96.28125806,96.38202417
6107,96.28130317,96.38219435
6108,96.28138263,96.38232133
6109,96.28141032,96.38242852
6110,96.28146466,96.3825179
6111,96.28152874,96.38263663
6112,96.28158308,96.38287508
6113,96.28366449,96.38374216
6114,96.28375882,96.383819
6115,96.28380547,96.38386155
6116,96.28384802,96.38396247
6117,96.28388801,96.38401524
6118,96.28446322,96.38407164
6119,96.28451602,96.38410792
6120,96.28455704,96.3841653
6121,96.28460164,96.38420917
6122,96.28468674,96.38429294
6123,96.28476518,96.38433318
6124,96.28481183,96.38439386
6125,96.28484772,96.38455481
6126,96.28656257,96.39984452
6127,96.28663332,96.39990982
6128,96.28667484,96.3999837
6129,96.28673431,96.4000335
6130,96.28682915,96.40012387
6131,96.28687734,96.4001707
6132,96.28691938,96.40023237
6133,96.28694963,96.40027822
6134,96.28701064,96.40056779
6135,96.28708754,96.40060902
6136,96.28711932,96.40066245
6137,96.2871629,96.40070104
6138,96.28728594,96.40077326
6139,96.28732644,96.40082043
6140,96.28738539,96.40091047
6141,96.28788626,96.4009451
6142,96.28793856,96.40105129
6143,96.28799495,96.40110143
6144,96.28803135,96.40118388
6145,96.28808466,96.40122642
6146,96.28818002,96.40131316
6147,96.28825025,96.40138144
6148,96.28831024,96.40142365
6149,96.28834356,96.4015005
6150,96.28847121,96.40159746
6151,96.28852914,96.40256051
6152,96.28855426,96.40264824
6153,96.2886286,96.40268023
6154,96.28919765,96.40350113
6155,96.28925251,96.40355357
6156,96.28928737,96.40361821
6157,96.28932121,96.40364064
6158,96.28942528,96.40375706
6159,96.28948372,96.40380917
6160,96.28956318,96.40390251
6161,96.28960932,96.4039533
6162,96.28971442,96.4040285
6163,96.2897503,96.40406247
6164,96.28979798,96.40413008
6165,96.29174456,96.40427751
6166,96.29178814,96.4043471
6167,96.29182351,96.40439822
6168,96.29188964,96.40445626
6169,96.2919204,96.40450244
6170,96.29203729,96.40460501
6171,96.29208189,96.40465613
6172,96.29211726,96.40471846
6173,96.29217109,96.40483093
6174,96.29580638,96.40985362
6175,96.29587303,96.40993673
6176,96.29595659,96.41000138
6177,96.29600581,96.41003073
6178,96.29612423,96.41010164
6179,96.29619754,96.410193
6180,96.29629238,96.41024807
6181,96.29633801,96.41044464
6182,96.29638364,96.41050632
6183,96.29644003,96.41056139
6184,96.29652616,96.41061581
6185,96.29656512,96.4106643
6186,96.29666253,96.41073026
6187,96.29670251,96.41076588
6188,96.29676096,96.41081469
6189,96.29679121,96.41124542
6190,96.29686298,96.4112939
6191,96.29690707,96.41132754
6192,96.29693731,96.41138625
6193,96.29698499,96.41144133
6194,96.29707317,96.41152213
6195,96.29711469,96.4115561
6196,96.29714597,96.4116003
6197,96.29719108,96.41167088
6198,96.29838097,96.41183512
6199,96.29842455,96.41198717
6200,96.29846095,96.41205247
6201,96.2985035,96.41208941
6202,96.29860603,96.41215339
6203,96.29873881,96.41219429
6204,96.29879059,96.41226751
6205,96.29883109,96.4125274
6206,96.3022608,96.41515005
6207,96.30230284,96.41519062
6208,96.30234949,96.41525427
6209,96.30238896,96.41530012
6210,96.3025161,96.41604681
6211,96.30264734,96.41607781
6212,96.30270579,96.416185
6213,96.30277807,96.41622293
6214,96.30297801,96.41635716
6215,96.30301441,96.4163908
6216,96.3030867,96.41648018
6217,96.30314463,96.41663189
6218,96.30345479,96.4167348
6219,96.30417354,96.41679218
6220,96.30423711,96.41687431
6221,96.30430068,96.41690894
6222,96.30435964,96.41703921
6223,96.30449293,96.41707582
6224,96.30453292,96.41713057
6225,96.3046052,96.41736638
6226,96.30470671,96.41754646
6227,96.30476003,96.41759494
6228,96.30483077,96.41768432
6229,96.30486768,96.41772753
6230,96.30589045,96.41784989
6231,96.30594838,96.41790694
6232,96.30599657,96.41797719
6233,96.30604783,96.41805932
6234,96.30613242,96.41833537
6235,96.30618215,96.41838088
6236,96.3062288,96.41852006
6237,96.30629083,96.41856228
6238,96.3072003,96.4186444
6239,96.30725669,96.41871597
6240,96.30851066,96.41937394
6241,96.30857218,96.41940231
6242,96.30865574,96.41948839
6243,96.30869214,96.4195184
6244,96.30873111,96.41963779
6245,96.30878083,96.41969518
6246,96.30960212,96.41980995
6247,96.31000148,96.42026773
6248,96.31023936,96.42097682
6249,96.31029268,96.42102893
6250,96.31052132,96.42110776
6251,96.3106905,96.42125848
6252,96.31079098,96.42131257
6253,96.31098067,96.42138447
6254,96.31114113,96.42256585
6255,96.31117548,96.42260114
6256,96.31510606,96.4336917
6257,96.31515015,96.43374018
6258,96.31524243,96.43384209
6259,96.31529113,96.43387507
6260,96.31540084,96.43393378
6261,96.31542955,96.43398193
6262,96.31556489,96.43407659
6263,96.31560027,96.43412045
6264,96.31565871,96.43420125
6265,96.31570126,96.43423555
6266,96.31580431,96.43429426
6267,96.31585096,96.43509339
6268,96.315893,96.43515243
6269,96.31593965,96.43519267
6270,96.31608627,96.43558415
6271,96.31615599,96.43563494
6272,96.31621136,96.43570222
6273,96.31624981,96.4358513
6274,96.31638259,96.43593639
6275,96.31641079,96.43598751
6276,96.31798107,96.43888886
6277,96.31803131,96.4389347
6278,96.31809385,96.43900066
6279,96.31813846,96.43911544
6280,96.31825483,96.43918668
6281,96.31829841,96.43922889
6282,96.3184076,96.4393252
6283,96.31845016,96.43936478
6284,96.31848809,96.43947889
6285,96.31852142,96.43953133
6286,96.31855474,96.43958212
6287,96.31860344,96.43972064
6288,96.31864958,96.43981431
6289,96.31870238,96.43985751
6290,96.31877928,96.44000824
6291,96.31884747,96.44004023
6292,96.31890848,96.44010751
6293,96.31895461,96.44014478
6294,96.31899358,96.4402147
6295,96.3190269,96.44026516
6296,96.319112,96.44034102
6297,96.31915404,96.44037927
6298,96.31934731,96.44048382
6299,96.31942319,96.44052043
6300,96.31948163,96.44058013
6301,96.31952162,96.44061773
6302,96.31957083,96.44069259
6303,96.31960211,96.44072129
6304,96.33251504,96.44536437
6305,96.33256579,96.44547551
6306,96.33265141,96.44558303
6307,96.33271037,96.44563184
6308,96.33292312,96.44569352
6309,96.33308153,96.44571891
6310,96.33311434,96.44589866
6311,96.33317689,96.44595077
6312,96.3332097,96.44602894
6313,96.33324405,96.44605664
6314,96.33334402,96.44636073
6315,96.33337529,96.44646594
6316,96.33341322,96.44654014
6317,96.33345629,96.44662358
6318,96.33352345,96.44689568
6319,96.333566,96.44694977
6320,96.33361009,96.44701507
6321,96.33364854,96.44706058
6322,96.33372697,96.44716052
6323,96.33375927,96.44719943
6324,96.33468411,96.44925053
6325,96.33477024,96.44928813
6326,96.33481792,96.44937586
6327,96.33486252,96.44943885
6328,96.33489636,96.44948239
6329,96.33492865,96.44952526
6330,96.33501068,96.44967961
6331,96.33507681,96.44975778
6332,96.33511731,96.44982506
6333,96.33518293,96.4498521
6334,96.33523625,96.44991972
6335,96.33529213,96.44999887
6336,96.3361534,96.45035671
6337,96.33618621,96.45039069
6338,96.33626824,96.4504771
6339,96.3363031,96.45052525
6340,96.33637898,96.45059154
6341,96.33640563,96.45063145
6342,96.33649535,96.45068982
6343,96.33668862,96.45079899
6344,96.33672964,96.45087683
6345,96.33680346,96.45093388
6346,96.33702493,96.45099523
6347,96.33706492,96.4510226
6348,96.33710798,96.45107768
6349,96.33713977,96.45152787
6350,96.33717565,96.4515813
6351,96.3372628,96.45162715
6352,96.3372992,96.45171191
6353,96.3373515,96.45174951
6354,96.33939702,96.45214924
6355,96.33957184,96.45218387
6356,96.33961695,96.45224093
6357,96.33966873,96.45227654
6358,96.33972563,96.45232898
6359,96.33976101,96.45238505
6360,96.33979689,96.45245926
6361,96.33983586,96.45248795
6362,96.33993839,96.4525991
6363,96.33999017,96.45265946
6364,96.34003477,96.45271255
6365,96.34006963,96.4527518
6366,96.34010962,96.4528082
6367,96.34018652,96.45288406
6368,96.34022497,96.45295266
6369,96.34026137,96.45299652
6370,96.34036441,96.4530638
6371,96.34040081,96.45310437
6372,96.34044797,96.4531611
6373,96.34048591,96.45319375
6374,96.34056999,96.4532729
6375,96.34061715,96.45330424
6376,96.34085041,96.45339988
6377,96.34095192,96.45343946
6378,96.34110726,96.4534952
6379,96.34113802,96.45352191
6380,96.3412144,96.45365878
6381,96.34123953,96.4537254
6382,96.34128618,96.45385271
6383,96.34137538,96.45388866
6384,96.34144818,96.45394176
6385,96.3414774,96.45398134
6386,96.34161941,96.45406445
6387,96.34169374,96.4541126
6388,96.34174962,96.45418087
6389,96.34178859,96.4543029
6390,96.34183216,96.45437117
6391,96.34186497,96.45441372
6392,96.34191265,96.45445923
6393,96.3419429,96.45458192
6394,96.34212284,96.45466438
6395,96.3422992,96.45478838
6396,96.34240942,96.45489359
6397,96.34245915,96.45494109
6398,96.34258219,96.45508818
6399,96.34264473,96.45511094
6400,96.34296258,96.4552488
6401,96.34300308,96.45528178
6402,96.34309229,96.45536621
6403,96.34314201,96.45541865
6404,96.34318405,96.45553508
6405,96.34322096,96.45557894
6406,96.34664196,96.45564424
6407,96.34673834,96.45572505
6408,96.34683574,96.45579596
6409,96.34686753,96.45583784
6410,96.34695263,96.45591436
6411,96.34704389,96.45595987
6412,96.34710182,96.45600605
6413,96.34714027,96.45604332
6414,96.34724177,96.45610664
6415,96.34728279,96.45613896
6416,96.34732944,96.45620393
6417,96.34737096,96.4562412
6418,96.34745196,96.45630453
6419,96.34750016,96.45643315
6420,96.34755091,96.45667062
6421,96.34757962,96.45670129
6422,96.34763037,96.4567656
6423,96.34769292,96.45680683
6424,96.34772726,96.45687378
6425,96.34776982,96.45690445
6426,96.34799436,96.45698427
6427,96.34802512,96.45701824
6428,96.34807536,96.45706804
6429,96.34814457,96.45732298
6430,96.3482794,96.45740807
6431,96.34834297,96.45745458
6432,96.34841013,96.45750504
6433,96.34846499,96.45754692
6434,96.34860494,96.45761981
6435,96.34864237,96.45766862
6436,96.34867364,96.45772337
6437,96.34880078,96.45774712
6438,96.34893202,96.45811882
6439,96.3489715,96.45938364
6440,96.34900738,96.46017552
6441,96.34909402,96.46048323
6442,96.34920271,96.46055348
6443,96.35114467,96.46058679
6444,96.35118158,96.460661
6445,96.35122157,96.46069728
6446,96.35127642,96.46078897
6447,96.35133282,96.46110229
6448,96.35137178,96.46115143
6449,96.3514902,96.46184601
6450,96.35156967,96.46218209
6451,96.35161324,96.46223255
6452,96.35165272,96.46233644
6453,96.3516763,96.46243736
6454,96.35284825,96.46253103
6455,96.35290105,96.46257324
6456,96.35294053,96.46262107
6457,96.35299692,96.46264976
6458,96.35315431,96.46275035
6459,96.35319839,96.46285094
6460,96.35328298,96.46301057
6461,96.35330759,96.46319131
6462,96.35335424,96.46328728
6463,96.35339731,96.4633229
6464,96.35349676,96.4633915
6465,96.3535429,96.46342152
6466,96.35364185,96.46355773
6467,96.35368799,96.46361545
6468,96.35377258,96.46369526
6469,96.35379718,96.4637256
6470,96.35385358,96.46382883
6471,96.35388485,96.46385885
6472,96.35399815,96.4639103
6473,96.35403967,96.46394295
6474,96.35548077,96.46413325
6475,96.35552486,96.46417118
6476,96.35577965,96.464344
6477,96.35581451,96.46438094
6478,96.35623541,96.4644591
6479,96.3562877,96.46448186
6480,96.35643278,96.46456101
6481,96.35647174,96.46470382
6482,96.356563,96.46486246
6483,96.35660196,96.46490237
6484,96.35663374,96.46544392
6485,96.35669526,96.46547492
6486,96.35678703,96.46553923
6487,96.35684342,96.46557683
6488,96.35687623,96.4656329
6489,96.35691571,96.46566654
6490,96.35701927,96.46586937
6491,96.35706951,96.46590499
6492,96.35710642,96.4659792
6493,96.35713461,96.46603065
6494,96.35917296,96.46621666
6495,96.35922525,96.4662447
6496,96.35939956,96.46630439
6497,96.3594216,96.46634595
6498,96.35951183,96.46641191
6499,96.35955233,96.46644984
6500,96.35959437,96.46653295
6501,96.35970408,96.4665722
6502,96.36010959,96.46662695
6503,96.36016804,96.46666587
6504,96.3601988,96.46673315
6505,96.36024186,96.46677075
6506,96.36034542,96.46914176
6507,96.36038541,96.4691721
6508,96.36044385,96.46922685
6509,96.36047205,96.46925587
6510,96.36279902,96.4694564
6511,96.36282927,96.46952038
6512,96.36285336,96.46957579
6513,96.36289591,96.46961735
6514,96.3650009,96.46969782
6515,96.36504294,96.46974037
6516,96.36511881,96.46984228
6517,96.36514804,96.46988185
6518,96.36521161,96.46993792
6519,96.3652598,96.46998146
6520,96.36531158,96.47003093
6521,96.36536489,96.4700649
6522,96.36545922,96.47012459
6523,96.36549818,96.47016351
6524,96.36554381,96.47022849
6525,96.36559098,96.47028884
6526,96.36922421,96.47091713
6527,96.36929804,96.47097155
6528,96.36934623,96.47103553
6529,96.36938929,96.47107049
6530,96.36947798,96.47113909
6531,96.36951079,96.47118362
6532,96.36954206,96.47123705
6533,96.3695882,96.47127069
6534,96.36966151,96.47137623
6535,96.36972406,96.47141119
6536,96.36978045,96.47145736
6537,96.36981275,96.4714877
6538,96.36991426,96.47155433
6539,96.36995271,96.47158929
6540,96.37006037,96.47168493
6541,96.37010753,96.47171461
6542,96.37025108,96.47178255
6543,96.3703049,96.47181751
6544,96.37033977,96.47186896
6545,96.37038949,96.47190261
6546,96.37048075,96.47197022
6547,96.37051766,96.47200188
6548,96.37056072,96.47205465
6549,96.37059764,96.47208565
6550,96.37062891,96.47215887
6551,96.37066684,96.47219317
6552,96.37070119,96.4722466
6553,96.37074528,96.47227397
6554,96.3732845,96.47298439
6555,96.373325,96.47302034
6556,96.37336191,96.47308465
6557,96.37338908,96.4731206
6558,96.37344701,96.47319283
6559,96.37348085,96.4732169
6560,96.37351571,96.47325747
6561,96.3735762,96.47328913
6562,96.37365208,96.47335015
6563,96.37376281,96.47338741
6564,96.3738151,96.47347745
6565,96.37385304,96.47355067
6566,96.37389508,96.47362389
6567,96.37398377,96.47367765
6568,96.37408322,96.47403978
6569,96.37412629,96.47407507
6570,96.37421959,96.47415093
6571,96.37428932,96.47418853
6572,96.3743334,96.47423965
6573,96.37437749,96.4742779
6574,96.37441748,96.47517334
6575,96.37446259,96.47523469
6576,96.3745195,96.47542664
6577,96.37455385,96.47546094
6578,96.37469944,96.47552327
6579,96.37474046,96.47555394
6580,96.37479275,96.47561298
6581,96.37483735,96.47564728
6582,96.37489579,96.47571555
6583,96.37493219,96.47575645
6584,96.37497628,96.47582076
6585,96.37501217,96.47584846
6586,96.37518852,96.47593652
6587,96.37525261,96.47597148
6588,96.37531618,96.47604239
6589,96.3753577,96.47608032
6590,96.37540384,96.4761542
6591,96.37545203,96.47618091
6592,96.37555149,96.47623698
6593,96.37560429,96.47626666
6594,96.37569196,96.4763323
6595,96.37572938,96.47635472
6596,96.37578885,96.47645828
6597,96.37585191,96.47649753
6598,96.37593547,96.47655723
6599,96.37596469,96.47661758
6600,96.3760216,96.47671686
6601,96.37605441,96.47675314
6602,96.376139,96.47689429
6603,96.37617232,96.47692892
6604,96.37622718,96.47707833
6605,96.37626306,96.47710372
6606,96.37668037,96.47715155
6607,96.37671728,96.47719871
6608,96.37675163,96.4772937
6609,96.37679572,96.47732239
6610,96.37688185,96.47739759
6611,96.37691107,96.47743123
6612,96.3769608,96.47746784
6613,96.37699822,96.47751368
6614,96.37703103,96.47758063
6615,96.37707512,96.47761988
6616,96.37710998,96.47841604
6617,96.3771633,96.47845067
6618,96.37726583,96.47851565
6619,96.37731248,96.47856512
6620,96.37735196,96.47862053
6621,96.37740938,96.47866868
6622,96.37748474,96.47872475
6623,96.37817273,96.47944835
6624,96.37837421,96.47954202
6625,96.3784265,96.47957566
6626,96.37853621,96.47963074
6627,96.37857773,96.47966998
6628,96.37863772,96.47972044
6629,96.37866232,96.47974749
6630,96.37965945,96.48005223
6631,96.37988964,96.48020164
6632,96.37992142,96.48024451
6633,96.37995372,96.48028046
6634,96.380046,96.48105123
6635,96.3800865,96.48108223
6636,96.3801957,96.4823243
6637,96.38023056,96.482571
6638,96.38028746,96.48275405
6639,96.38032848,96.4828398
6640,96.3803577,96.48499016
6641,96.38039256,96.4850713
6642,96.38050227,96.48513594
6643,96.38329628,96.48529986
6644,96.38333883,96.4853866
6645,96.38338035,96.48542782
6646,96.38343418,96.48547927
6647,96.40581957,96.48567584
6648,96.40586161,96.48589187
6649,96.40600259,96.48633744
6650,96.40617331,96.48657721
6651,96.40637376,96.48679654
6652,96.40641119,96.48686052
6653,96.40645322,96.48690109
6654,96.40649731,96.48697859
6655,96.40662394,96.48702444
6656,96.4066629,96.48720287
6657,96.40670033,96.48730874
6658,96.40680542,96.48741757
6659,96.40688386,96.48746309
6660,96.40690949,96.48753729
6661,96.40696076,96.48756368
6662,96.40699613,96.48776289
6663,96.40718223,96.48824969
6664,96.40721658,96.48832785
6665,96.40724836,96.4883638
6666,96.40731757,96.48845087
6667,96.40735961,96.48849408
6668,96.40739857,96.48866096
6669,96.40757442,96.48892052
6670,96.40776769,96.48913424
6671,96.41071191,96.48926649
6672,96.41087545,96.48957915
6673,96.41091441,96.48960917
6674,96.41100105,96.48972889
6675,96.41103027,96.48977143
6676,96.41107026,96.48983443
6677,96.4111082,96.48985916
6678,96.41117689,96.48993271
6679,96.41122457,96.48998383
6680,96.41125841,96.49126218
6681,96.4112866,96.49129549
6682,96.41134505,96.49137036
6683,96.41138606,96.49141389
6684,96.4114363,96.49148348
6685,96.411566,96.49153295
6686,96.41164957,96.4916009
6687,96.41189821,96.49166092
6688,96.41193205,96.49170742
6689,96.41201663,96.49173843
6690,96.41210532,96.49182583
6691,96.41213455,96.49185749
6692,96.41217505,96.49193203
6693,96.4122217,96.49196138
6694,96.41229142,96.49202371
6695,96.4124729,96.49205472
6696,96.41251648,96.49215069
6697,96.41255647,96.49218433
6698,96.41263542,96.4922648
6699,96.41267951,96.49230702
6700,96.41272975,96.49238848
6701,96.41324446,96.49241718
6702,96.41329778,96.49247555
6703,96.41335161,96.49252107
6704,96.41548992,96.49351446
6705,96.41552017,96.4935547
6706,96.41641579,96.49386571
6707,96.41675722,96.49389671
6708,96.41678593,96.49396069
6709,96.41683463,96.49400918
6710,96.41734012,96.49405865
6711,96.41749853,96.49415
6712,96.41754467,96.4942031
6713,96.41760106,96.49423312
6714,96.42348591,96.49431128
6715,96.42381248,96.49436075
6716,96.42384734,96.494431
6717,96.42389604,96.49448707
6718,96.42393398,96.49455039
6719,96.42403138,96.49461207
6720,96.42418672,96.49473146
6721,96.4242426,96.49476378
6722,96.42432668,96.49532281
6723,96.42458506,96.4953736
6724,96.42825111,96.4955019
6725,96.42833877,96.49553488
6726,96.42890167,96.49562789
6727,96.42898165,96.49566219
6728,96.42901446,96.49571298
6729,96.42904112,96.4957453
6730,96.42911135,96.49581852
6731,96.42914314,96.49585678
6732,96.42918313,96.49596067
6733,96.42921799,96.49598903
6734,96.42926823,96.49604081
6735,96.42933334,96.49606917
6736,96.42937179,96.49612458
6737,96.42941024,96.49617208
6738,96.42949893,96.49628619
6739,96.42952405,96.49634061
6740,96.42958557,96.49638414
6741,96.4296112,96.49641844
6742,96.43020589,96.49652398
6743,96.4302428,96.49657148
6744,96.43028022,96.49664008
6745,96.43031867,96.49667009
6746,96.43042633,96.49675914
6747,96.43046786,96.49679344
6748,96.43052579,96.49683664
6749,96.43058013,96.49712589
6750,96.43165467,96.49717701
6751,96.4321822,96.49720768
6752,96.43222116,96.49726573
6753,96.43225859,96.49736863
6754,96.43236009,96.49749561
6755,96.43239906,96.49753782
6756,96.43251235,96.49763413
6757,96.43254414,96.49770537
6758,96.43325059,96.497802
6759,96.43332646,96.4978462
6760,96.43336081,96.49790952
6761,96.43760668,96.5015259
6762,96.43767742,96.50159516
6763,96.43773382,96.50164199
6764,96.43779944,96.50168684
6765,96.43784096,96.50171389
6766,96.43788403,96.5112883
6767,96.43792965,96.5113193
6768,96.43801322,96.51137438
6769,96.44329723,96.51149509
6770,96.44339668,96.51178895
6771,96.44343411,96.511816
6772,96.44350127,96.51185887
6773,96.44354074,96.51189284
6774,96.44362841,96.5128206
6775,96.44366737,96.51284897
6776,96.44370377,96.51297495
6777,96.44432563,96.51303333
6778,96.44487366,96.51319989
6779,96.44490545,96.51324342
6780,96.44495313,96.51333214
6781,96.44499004,96.51336677
6782,96.44504848,96.51342119
6783,96.4453002,96.51345681
6784,96.44534275,96.51352343
6785,96.44539555,96.51355674
6786,96.44613891,96.51553396
6787,96.44617121,96.51556298
6788,96.446203,96.51561542
6789,96.44623222,96.51564247
6790,96.44627323,96.51572195
6791,96.44635218,96.51578824
6792,96.44641011,96.51583178
6793,96.44653059,96.51610321
6794,96.44660082,96.51619655
6795,96.44663158,96.51623316
6796,96.44670951,96.51628988
6797,96.44675411,96.51632979
6798,96.4467941,96.5163786
6799,96.4468346,96.51641983
6800,96.44694072,96.51653296
6801,96.44699352,96.51670182
6802,96.44707042,96.51676712
6803,96.44710887,96.51682187
6804,96.4472801,96.51703328
6805,96.44730932,96.51707813
6806,96.44771945,96.51727833
6807,96.44776559,96.51732945
6808,96.44782147,96.51749996
6809,96.44787274,96.51755339
6810,96.44812138,96.51765365
6811,96.4481911,96.51772918
6812,96.44822647,96.51777535
6813,96.44826954,96.51781757
6814,96.44834541,96.5179861
6815,96.44854586,96.51810846
6816,96.44858277,96.51819355
6817,96.44871607,96.51849071
6818,96.44880014,96.51857053
6819,96.44883295,96.51860681
6820,96.4488673,96.51869091
6821,96.44889499,96.51872785
6822,96.44893138,96.51879546
6823,96.44899547,96.51884427
6824,96.44907442,96.51892211
6825,96.4491144,96.51895937
6826,96.45011461,96.52424789
6827,96.45120504,96.52438081
6828,96.45126297,96.52453516
6829,96.45129681,96.5245876
6830,96.45132193,96.52465092
6831,96.45136038,96.52475119
6832,96.45143676,96.52487816
6833,96.45149623,96.52491906
6834,96.45159364,96.52507176
6835,96.45177102,96.52512816
6836,96.45218525,96.52557472
6837,96.45222062,96.52568125
6838,96.45225907,96.52580559
6839,96.45250874,96.52586298
6840,96.45253642,96.52597083
6841,96.45275123,96.52605361
6842,96.4528107,96.52611034
6843,96.45285017,96.52614035
6844,96.45290093,96.52626898
6845,96.4529604,96.52630031
6846,96.45328901,96.52642399
6847,96.45332387,96.52645169
6848,96.45337924,96.52696554
6849,96.45341308,96.52708921
6850,96.45352074,96.52717629
6851,96.45363865,96.5272185
6852,96.45372529,96.52749224
6853,96.45374785,96.5275216
6854,96.45627578,96.52836459
6855,96.45634089,96.52842759
6856,96.45638293,96.52943318
6857,96.45642138,96.52950244
6858,96.45651878,96.52962216
6859,96.45665515,96.52966999
6860,96.45669565,96.52980257
6861,96.45767689,96.52994472
6862,96.45773533,96.53006312
6863,96.45777942,96.53015448
6864,96.45784043,96.53029992
6865,96.45789016,96.53037974
6866,96.45797833,96.5304711
6867,96.45800755,96.53050177
6868,96.45819314,96.53055718
6869,96.45822544,96.53064821
6870,96.45825927,96.53072076
6871,96.45833207,96.53076925
6872,96.45854944,96.5308418
6873,96.45858584,96.5309236
6874,96.45871605,96.53118349
6875,96.45875809,96.53123626
6876,96.45891087,96.53132267
6877,96.45894932,96.53135169
6878,96.45899648,96.53141436
6879,96.45905749,96.53147636
6880,96.45910516,96.53154364
6881,96.45914823,96.53168051
6882,96.45929844,96.53425337
6883,96.45935586,96.53431603
6884,96.46131576,96.53520751
6885,96.46135062,96.535255
6886,96.46141368,96.53889282
6887,96.46145162,96.53893965
6888,96.46148443,96.53900825
6889,96.46154544,96.53936181
6890,96.46172743,96.53946504
6891,96.46175358,96.53950759
6892,96.461791,96.53957025
6893,96.46182176,96.53979386
6894,96.46198222,96.53999802
6895,96.46203554,96.54097722
6896,96.46207604,96.54104879
6897,96.46211757,96.54109068
6898,96.46223343,96.54119457
6899,96.46276198,96.54123942
6900,96.46307625,96.54145512
6901,96.46311162,96.54149437
6902,96.46315725,96.54171468
6903,96.46320492,96.54175624
6904,96.4632444,96.54186211
6905,96.46330643,96.54189542
6906,96.491509,96.55305655
6907,96.49177148,96.55314725
6908,96.49181608,96.55321354
6909,96.49184531,96.55326631
6910,96.49189503,96.55338735
6911,96.49198988,96.55343979
6912,96.49220981,96.55351037
6913,96.49224672,96.55369309
6914,96.49237591,96.55384117
6915,96.49241026,96.55393253
6916,96.51161715,96.80378116
6917,96.51166329,96.80382799
6918,96.51170532,96.80389296
6919,96.51177812,96.80416407
6920,96.51184631,96.80422739
6921,96.51190167,96.80426334
6922,96.51197755,96.80448365
6923,96.5120201,96.80463735
6924,96.51205496,96.8054655
6925,96.51210007,96.80549452
6926,96.51243536,96.80564426
6927,96.51247534,96.8057244
6928,96.51252969,96.80584643
6929,96.51257685,96.80587579
6930,96.51264862,96.80593977
6931,96.5128055,96.80601332
6932,96.51288035,96.80611292
6933,96.51293776,96.80618977
6934,96.51305619,96.80690579
6935,96.51309259,96.80696647
6936,96.51347247,96.8070796
6937,96.51350938,96.80711159
6938,96.51358167,96.80744766
6939,96.51363755,96.80782299
6940,96.51367805,96.80788334
6941,96.51370061,96.80792853
6942,96.51374264,96.80798064
6943,96.51384518,96.80805188
6944,96.51388055,96.80863136
6945,96.51391234,96.80867291
6946,96.51417533,96.80874778
6947,96.51421891,96.80888465
6948,96.51426556,96.80893445
6949,96.51429683,96.80896677
6950,96.51454547,96.80904197
6951,96.51458238,96.8090766
6952,96.51461725,96.80912211
6953,96.51468697,96.80993741
6954,96.51871957,96.81432686
6955,96.51874982,96.81438293
6956,96.52280805,96.81681562
6957,96.52283676,96.81684068
6958,96.52288238,96.81687102
6959,96.52291468,96.81691093
6960,96.52297005,96.81698646
6961,96.52300132,96.8170821
6962,96.5231018,96.81719853
6963,96.52313615,96.81724536
6964,96.54803564,96.94140929
6965,96.54807511,96.94145118
6966,96.58044563,96.94169524
6967,96.58049894,96.94172492
6968,96.58053534,96.94177373
6969,96.5806107,96.94180177
6970,96.58068658,96.9418674
6971,96.58071119,96.94189972
6972,96.58076502,96.94194161
6973,96.58078501,96.94197228
6974,96.58089318,96.94276647
6975,96.58093266,96.94279186
6976,96.58485145,96.94286046
6977,96.58489451,96.9428974
6978,96.58499755,96.94299239
6979,96.58505959,96.94324865
6980,96.5851047,96.94336804
6981,96.58515699,96.94340333
6982,96.58519134,96.94373479
6983,96.58524825,96.94377041
6984,96.58540512,96.94387529
6985,96.58543127,96.94390728
6986,96.5868539,96.94399402
6987,96.5868903,96.94404349
6988,96.58693952,96.94413518
6989,96.58698976,96.9441863
6990,96.58739733,96.9442648
6991,96.58743578,96.94430866
6992,96.58747833,96.9443545
6993,96.58752447,96.94439507
6994,96.58837754,96.9444584
6995,96.58842983,96.94470213
6996,96.58848776,96.94492673
6997,96.58852467,96.94495443
6998,96.58860311,96.94514407
6999,96.58864668,96.94516881
7000,96.58869231,96.945213
7001,96.58879074,96.94526643
7002,96.58887328,96.94535152
7003,96.58890763,96.9454033
7004,96.58990476,96.94567672
7005,96.58994013,96.94571102
7006,96.59458485,96.94622552
7007,96.59463099,96.94625883
7008,96.59467559,96.94630863
7009,96.59471507,96.94638746
7010,96.5947853,96.94644386
7011,96.59481862,96.94647453
7012,96.59485502,96.94652268
7013,96.59488219,96.9465583
7014,96.59497242,96.94663449
7015,96.59501395,96.94671595
7016,96.59505394,96.94680665
7017,96.59509546,96.9468492
7018,96.59516672,96.94693956
7019,96.59519338,96.94702795
7020,96.59522773,96.94710381
7021,96.59531488,96.94719814
7022,96.59540152,96.94726311
7023,96.59544458,96.94729873
7024,96.59645658,96.94738976
7025,96.59660115,96.94743098
7026,96.59783513,96.94770604
7027,96.59786179,96.9477443
7028,96.5979028,96.94780565
7029,96.59795714,96.94785083
7030,96.59799815,96.94789404
7031,96.5980971,96.94792966
7032,96.59813606,96.94797715
7033,96.59818169,96.94800617
7034,96.60223582,96.94888182
7035,96.60227017,96.94892338
7036,96.60231374,96.94899495
7037,96.60242909,96.94902562
7038,96.60248241,96.94907905
7039,96.60250856,96.94911895
7040,96.60254342,96.94917898
7041,96.60260442,96.94921724
7042,96.60272797,96.94952297
7043,96.60276489,96.94956387
7044,96.60280385,96.95061069
7045,96.60283922,96.95063806
7046,96.60287716,96.95247148
7047,96.60291561,96.95251172
7048,96.60295303,96.95254305
7049,96.60298687,96.95259285
7050,96.60306172,96.95264265
7051,96.60324012,96.95270301
7052,96.60327857,96.95275083
7053,96.60335291,96.95278414
7054,96.60416292,96.95577586
7055,96.6041947,96.95580422
7056,96.60446949,96.95616833
7057,96.60452024,96.95620659
7058,96.60461816,96.95628443
7059,96.60468173,96.95641767
7060,96.6047171,96.95647077
7061,96.60475043,96.95650903
7062,96.60477452,96.95655619
7063,96.60481553,96.9565895
7064,96.6048504,96.95665645
7065,96.60489038,96.95668911
7066,96.6085713,96.96161945
7067,96.60859796,96.96167057
7068,96.60865179,96.96173884
7069,96.60886608,96.96229919
7070,96.60912446,96.96242023
7071,96.60917675,96.96244958
7072,96.60924852,96.96250037
7073,96.60929825,96.96254754
7074,96.61010877,96.96303929
7075,96.6101626,96.96309107
7076,96.61648578,96.96415438
7077,96.61652217,96.96420451
7078,96.6165473,96.96425695
7079,96.61666469,96.96429092
7080,96.61671545,96.96439646
7081,96.61676415,96.96443175
7082,96.61684003,96.9644954
7083,96.61687437,96.96452475
7084,96.6169159,96.96467383
7085,96.61694922,96.96481664
7086,96.61699434,96.96486941
7087,96.61709533,96.96490569
7088,96.61712507,96.96496373
7089,96.61717479,96.96504421
7090,96.61725579,96.9651006
7091,96.61730296,96.96512963
7092,96.61732911,96.96519196
7093,96.61736602,96.96521373
7094,96.61742651,96.96660487
7095,96.61747009,96.96664544
7096,96.6175029,96.9666926
7097,96.61753212,96.96672855
7098,96.61761876,96.96679781
7099,96.61767464,96.96701714
7100,96.61772078,96.96706496
7101,96.61775103,96.96712169
7102,96.61778589,96.96718633
7103,96.61781716,96.96721073
7104,96.61838724,96.96735519
7105,96.6184344,96.96757847
7106,96.62116433,96.96797095
7107,96.62119612,96.96800657
7108,96.62122226,96.96804878
7109,96.62124892,96.96807352
7110,96.62131864,96.96812365
7111,96.62134325,96.96816389
7112,96.62137965,96.96820973
7113,96.62141348,96.96824832
7114,96.65067163,96.97900906
7115,96.65070238,96.97904105
7116,96.65073366,96.97909184
7117,96.65091053,96.97913901
7118,96.65095564,96.97918518
7119,96.65102382,96.9792307
7120,96.65105561,96.97927522
7121,96.65108586,96.97930193
7122,96.65136679,96.97936856
7123,96.65139038,96.97944046
7124,96.65759205,96.98571181
7125,96.65761666,96.98573226
7126,96.65768894,96.98591662
7127,96.65774431,96.98593608
7128,96.65778635,96.98598357
7129,96.65782172,96.98601919
7130,96.65789657,96.98607988
7131,96.65793246,96.98611484
7132,96.6579827,96.98618443
7133,96.65807293,96.98621444
7134,96.65824108,96.98689847
7135,96.65827184,96.98693079
7136,96.65830004,96.987005
7137,96.65837386,96.98703138
7138,96.6584646,96.98708547
7139,96.65849485,96.98711812
7140,96.65853022,96.9871732
7141,96.65863583,96.9872019
7142,96.65869274,96.98725994
7143,96.6587276,96.98730183
7144,96.65920181,96.98787108
7145,96.65923872,96.98790736
7146,96.65930998,96.98798883
7147,96.65934125,96.98802346
7148,96.65938022,96.98806963
7149,96.65942072,96.98809898
7150,96.65947352,96.98815208
7151,96.65949403,96.98818209
7152,96.65952735,96.98825663
7153,96.65955811,96.98828994
7154,96.66146163,96.99264642
7155,96.66149649,96.99278692
7156,96.66154109,96.99283045
7157,96.66165695,96.99286277
7158,96.66169079,96.99292544
7159,96.66172257,96.99295479
7160,96.66175025,96.99299766
7161,96.6617928,96.99302669
7162,96.66187586,96.99307913
7163,96.66189893,96.99310617
7164,96.66397572,96.99339904
7165,96.66401161,96.99342708
7166,96.66406082,96.99347193
7167,96.66413362,96.99351976
7168,96.66417207,96.9938687
7169,96.66419873,96.99388881
7170,96.66428024,96.99394455
7171,96.66432331,96.99398578
7172,96.66437406,96.99414343
7173,96.66446224,96.99417245
7174,96.66746387,96.99434197
7175,96.66750284,96.99437496
7176,96.66753154,96.99444916
7177,96.66756692,96.99448379
7178,96.66764382,96.99457713
7179,96.66769406,96.99462561
7180,96.66831541,96.99468432
7181,96.66835437,96.99471235
7182,96.66840768,96.99477304
7183,96.66843844,96.99480503
7184,96.66847023,96.99485582
7185,96.66851739,96.99489935
7186,96.66948786,96.99518332
7187,96.66951247,96.99521663
7188,96.669554,96.99527732
7189,96.66960014,96.99530205
7190,96.66964833,96.99537131
7191,96.66967857,96.99544585
7192,96.6697119,96.99549862
7193,96.66974009,96.9955283
7194,96.66982109,96.99561603
7195,96.66985339,96.9956411
7196,96.66988774,96.99568628
7197,96.66992158,96.99572355
7198,96.66996874,96.99578226
7199,96.67001027,96.99584195
7200,96.67012151,96.99588417
7201,96.6701492,96.99591484
7202,96.67025839,96.99597025
7203,96.67029633,96.99601049
7204,96.67033888,96.99606722
7205,96.67037579,96.99609459
7206,96.67502154,97.00022514
7207,96.67505332,97.00025021
7208,96.67510151,97.00030034
7209,96.67513279,97.00032409
7210,96.67522045,97.00039565
7211,96.6752466,97.00042732
7212,96.67529274,97.00046327
7213,96.67533836,97.00048635
7214,96.94710569,97.00121458
7215,96.94715285,97.00130989
7216,96.94718925,97.00136365
7217,96.94722463,97.00139498
7218,96.9472964,97.00148766
7219,96.94733946,97.00151108
7220,96.94737791,97.0015678
7221,96.94742559,97.00159617
7222,96.94757529,97.00168192
7223,96.94760759,97.00171292
7224,96.94763219,97.00220863
7225,96.94765936,97.00223633
7226,96.95971461,97.03368479
7227,96.95974589,97.03370689
7228,96.95977255,97.03374416
7229,96.95979972,97.03377516
7230,96.95983304,97.03381672
7231,96.95987303,97.03388169
7232,96.95990071,97.03392556
7233,96.95992993,97.0339526
7234,96.96080864,97.03834931
7235,96.96083632,97.03837405
7236,96.96087323,97.038441
7237,96.96090143,97.03846903
7238,96.96094859,97.03851916
7239,96.96099166,97.03854423
7240,96.96103421,97.03858842
7241,96.96105881,97.0386247
7242,96.96112341,97.03867352
7243,96.96116596,97.03871111
7244,96.96120236,97.03878994
7245,96.9612362,97.03883182
7246,96.96190881,97.04067415
7247,96.96195341,97.04069427
7248,96.96200929,97.04080277
7249,96.9620462,97.04084499
7250,96.96212361,97.040969
7251,96.96215694,97.04099868
7252,96.96222563,97.0410376
7253,96.96225537,97.04107256
7254,96.97798692,97.06337339
7255,96.97801973,97.06339812
7256,96.97805664,97.06345683
7257,96.97809458,97.06349377
7258,96.97817096,97.06354192
7259,96.9782048,97.06356765
7260,96.97824581,97.06361481
7261,96.97828529,97.06364614
7262,96.97916707,97.06369924
7263,96.97921013,97.06372859
7264,96.97925319,97.0637751
7265,96.97929113,97.06380445
7266,96.98596343,97.06502871
7267,96.98599419,97.06505048
7268,96.98602649,97.06510984
7269,96.98604956,97.06514645
7270,96.98707949,97.06523649
7271,96.98711077,97.06533576
7272,96.98713845,97.06538029
7273,96.98717177,97.06542118
7274,96.99742245,97.08126761
7275,96.99745885,97.08131543
7276,96.99750243,97.08134182
7277,96.9975619,97.08141603
7278,96.99767622,97.08148628
7279,96.99772133,97.08156939
7280,96.99879741,97.08233554
7281,96.99883894,97.08246647
7282,96.9989266,97.08254332
7283,96.99897531,97.08263171
7284,96.99903375,97.08269503
7285,96.99907066,97.08278639
7286,97.00255625,97.08429297
7287,97.00260342,97.08435992
7288,97.00265058,97.08442159
7289,97.0026998,97.08444699
7290,97.0028131,97.08450636
7291,97.00283924,97.0845423
7292,97.00287718,97.08459376
7293,97.00293408,97.084633
7294,97.00302277,97.08483287
7295,97.00304738,97.08497238
7296,97.00311915,97.08502713
7297,97.00316427,97.08505285
7298,97.00323245,97.08509969
7299,97.0032627,97.08512442
7300,97.00439056,97.08735295
7301,97.00441824,97.08737934
7302,97.00446489,97.08742848
7303,97.00449668,97.08745684
7304,97.00452949,97.08748686
7305,97.00457717,97.08752314
7306,97.19117234,97.15434152
7307,97.1912072,97.15439858
7308,97.19123796,97.15443683
7309,97.19127077,97.15448004
7310,97.19131025,97.15452852
7311,97.19134203,97.15455787
7312,97.19137074,97.15459514
7313,97.19141073,97.15462878
7314,97.20557917,97.1699894
7315,97.20564633,97.17002205
7316,97.20568632,97.17007878
7317,97.205734,97.17011011
7318,97.20578526,97.1701609
7319,97.20581859,97.17020081
7320,97.20585345,97.17024204
7321,97.20588267,97.17026413
7322,97.20596418,97.17034527
7323,97.20601237,97.17039243
7324,97.20605646,97.17043135
7325,97.20609235,97.17046862
7326,97.20613336,97.17052171
7327,97.20617181,97.17055239
7328,97.20620923,97.17059823
7329,97.20625076,97.17062297
7330,97.20631843,97.17067838
7331,97.20636252,97.17070707
7332,97.20639892,97.1707572
7333,97.20643532,97.170776
7334,97.20984965,97.18197605
7335,97.21125537,97.18200573
7336,97.21129689,97.18208258
7337,97.21137174,97.1821426
7338,97.21144557,97.18222901
7339,97.21160039,97.18226101
7340,97.2116291,97.18230421
7341,97.21165627,97.18234445
7342,97.21171676,97.18239425
7343,97.21174701,97.18241305
7344,97.21180597,97.18246054
7345,97.21183621,97.18248528
7346,97.21194131,97.18253871
7347,97.21197207,97.18261127
7348,97.21201923,97.18265744
7349,97.21204794,97.18268811
7350,97.21210126,97.18274814
7351,97.21216124,97.18309972
7352,97.21222174,97.18322208
7353,97.21224429,97.18326
7354,97.30159464,97.33031348
7355,97.30162847,97.33034382
7356,97.30165462,97.33039857
7357,97.30168897,97.33043452
7358,97.30172127,97.33048663
7359,97.30176792,97.33051895
7360,97.30182072,97.33055358
7361,97.30188891,97.33057304
7362,97.30196017,97.33065945
7363,97.30200528,97.33067726
7364,97.30205142,97.33071915
7365,97.30208116,97.33075345
7366,97.3021155,97.33079137
7367,97.30214524,97.33081512
7368,97.30220625,97.33086393
7369,97.30224111,97.33089658
7370,97.30238158,97.3309454
7371,97.30242208,97.33097739
7372,97.30245642,97.33106644
7373,97.3024959,97.33109546
7374,97.30259689,97.33117033
7375,97.30262663,97.33119638
7376,97.3026861,97.33134282
7377,97.30272352,97.33136986
7378,97.3027876,97.33141439
7379,97.30282759,97.33143121
7380,97.30305624,97.33147375
7381,97.30307726,97.33149618
7382,97.30311109,97.33153312
7383,97.30314749,97.33156676
7384,97.30317108,97.33161491
7385,97.30321619,97.33166867
7386,97.30327873,97.33172672
7387,97.30332949,97.33176366
7388,97.30335256,97.33179169
7389,97.30343202,97.33184776
7390,97.30348277,97.33189624
7391,97.30351148,97.33191603
7392,97.30354532,97.33196022
7393,97.30357198,97.33198595
7394,97.30668384,97.33569797
7395,97.30671152,97.33571875
7396,97.30675253,97.33576426
7397,97.3067715,97.3358012
7398,97.30680944,97.33592686
7399,97.30685353,97.33594929
7400,97.30692479,97.33601294
7401,97.30695093,97.33604493
7402,97.30701604,97.33609539
7403,97.30707602,97.33612937
7404,97.30711345,97.33617917
7405,97.30714523,97.33619961
7406,97.3071765,97.33631571
7407,97.30720265,97.33638002
7408,97.30723649,97.33643411
7409,97.30728519,97.33646808
7410,97.30737285,97.33652052
7411,97.30740618,97.33654361
7412,97.30744719,97.33658384
7413,97.30748103,97.33660528
7414,97.30751742,97.3366475
7415,97.30755793,97.3366785
7416,97.3075974,97.336725
7417,97.30764559,97.336757
7418,97.30770403,97.33683252
7419,97.30772915,97.33686056
7420,97.30776145,97.33691432
7421,97.3077876,97.3369374
7422,97.30782553,97.33704591
7423,97.30785783,97.33706702
7424,97.30789167,97.33710989
7425,97.30800907,97.3371686
7426,97.30810647,97.33721642
7427,97.30812852,97.33724248
7428,97.30816697,97.33731108
7429,97.30818594,97.33733021
7430,97.30822644,97.33737935
7431,97.30825822,97.33740079
7432,97.30829308,97.33744432
7433,97.30832025,97.337474
7434,97.31084819,97.33999211
7435,97.31087895,97.34001322
7436,97.31215599,97.34005873
7437,97.31218829,97.34008083
7438,97.31225647,97.34011645
7439,97.31228057,97.34014778
7440,97.31236106,97.34018604
7441,97.31239387,97.34021803
7442,97.31247282,97.34028498
7443,97.3125087,97.34031071
7444,97.31253177,97.3403648
7445,97.31255587,97.34040437
7446,97.31260098,97.34047199
7447,97.31264353,97.34050991
7448,97.31266763,97.34055411
7449,97.31270557,97.34057786
7450,97.31278246,97.34061842
7451,97.31281322,97.34064349
7452,97.31284809,97.34071011
7453,97.3128809,97.34072759
7454,97.31290499,97.34078036
7455,97.31293934,97.34081301
7456,97.31300342,97.34084335
7457,97.31304597,97.34086908
7458,97.31320849,97.34107026
7459,97.31323617,97.34109203
7460,97.31326796,97.34112996
7461,97.31332948,97.34115074
7462,97.31337715,97.34118636
7463,97.31341817,97.34122824
7464,97.31344739,97.34126584
7465,97.313472,97.34129223
7466,97.31353505,97.34134236
7467,97.31358068,97.34137369
7468,97.3136181,97.34140436
7469,97.31364322,97.34143339
7470,97.31368578,97.34149077
7471,97.31371295,97.34152276
7472,97.31422151,97.34159895
7473,97.31425073,97.34162764
7474,97.31437531,97.34168668
7475,97.31439786,97.34171142
7476,97.3144358,97.34174572
7477,97.31446246,97.34177771
7478,97.31449578,97.34186577
7479,97.31453833,97.34189248
7480,97.31458447,97.34192315
7481,97.314606,97.3419502
7482,97.31468495,97.3420122
7483,97.31471007,97.34203562
7484,97.31476493,97.34206596
7485,97.314788,97.3420907
7486,97.31486182,97.3421527
7487,97.3148931,97.34218436
7488,97.31492385,97.34223417
7489,97.31495051,97.34225824
7490,97.31505305,97.34232981
7491,97.31507817,97.34235389
7492,97.31510431,97.34239544
7493,97.3151361,97.34243469
7494,97.318614,97.35296424
7495,97.31867603,97.35300975
7496,97.31989565,97.35305691
7497,97.31992282,97.35308857
7498,97.32089381,97.35322512
7499,97.32093943,97.35332934
7500,97.32098301,97.3533765
7501,97.3210271,97.35340288
7502,97.32134444,97.35347214
7503,97.32138083,97.35349886
7504,97.32142287,97.35353217
7505,97.32146183,97.35355954
7506,97.32152951,97.35362815
7507,97.32156591,97.35365882
7508,97.3216141,97.35371324
7509,97.32165716,97.35375677
7510,97.32172688,97.35382306
7511,97.32175405,97.35384384
7512,97.32179507,97.35390222
7513,97.32183608,97.35392728
7514,97.32347352,97.3563227
7515,97.32352069,97.35635568
7516,97.32356067,97.35640021
7517,97.32358887,97.35642923
7518,97.32482285,97.35655027
7519,97.3248654,97.35658193
7520,97.32490231,97.35662712
7521,97.32533859,97.35670231
7522,97.3254119,97.35676399
7523,97.32543907,97.35678971
7524,97.32547393,97.35683655
7525,97.32550418,97.35685337
7526,97.32555698,97.35691075
7527,97.32558825,97.3569378
7528,97.32562927,97.35697935
7529,97.32566977,97.35701761
7530,97.32573898,97.3571027
7531,97.32576666,97.3571347
7532,97.32579793,97.35718054
7533,97.32583125,97.35720528
7534,97.32656487,97.35729663
7535,97.32659512,97.35731807
7536,97.326651,97.35736227
7537,97.32667099,97.35771582
7538,97.32759327,97.35779959
7539,97.32763275,97.35782301
7540,97.32766761,97.35787017
7541,97.32776245,97.35791965
7542,97.32781987,97.35796879
7543,97.32785883,97.35799319
7544,97.32790805,97.35806608
7545,97.32794752,97.35812974
7546,97.32801468,97.3581769
7547,97.32804237,97.35820031
7548,97.32811209,97.35825572
7549,97.32814797,97.35828837
7550,97.32818591,97.35834444
7551,97.32821462,97.35837413
7552,97.3282541,97.35842063
7553,97.32829049,97.35844174
7554,97.33862833,97.36231273
7555,97.3386637,97.36233779
7556,97.33870984,97.3623843
7557,97.33877238,97.36240672
7558,97.33887082,97.36248324
7559,97.33890824,97.36250666
7560,97.33894054,97.36253931
7561,97.34088199,97.36321575
7562,97.34096196,97.36332756
7563,97.34098093,97.36334734
7564,97.34101015,97.36338626
7565,97.34103579,97.36341595
7566,97.34153615,97.36346113
7567,97.34157767,97.36348224
7568,97.34161151,97.36353303
7569,97.34164534,97.36356733
7570,97.34172378,97.36361977
7571,97.34178376,97.36364879
7572,97.34182067,97.36370948
7573,97.34184579,97.36374411
7574,97.3426071,97.36528235
7575,97.3426394,97.36531269
7576,97.34267579,97.36538294
7577,97.34423377,97.36545187
7578,97.34429273,97.36550827
7579,97.34431785,97.36553993
7580,97.34434143,97.36557027
7581,97.34437373,97.36560292
7582,97.34440398,97.36564976
7583,97.34447831,97.36567779
7584,97.34451625,97.36572594
7585,97.34456547,97.36575826
7586,97.34464442,97.36582291
7587,97.34469158,97.36584896
7588,97.34472285,97.36589052
7589,97.34475669,97.36593933
7590,97.3447977,97.36599111
7591,97.34483564,97.36601683
7592,97.34487204,97.36605773
7593,97.34493356,97.36608511
7594,97.3450161,97.3661293
7595,97.34505352,97.36615272
7596,97.34509864,97.36619658
7597,97.34512683,97.3662543
7598,97.34516374,97.36630476
7599,97.34520886,97.36633576
7600,97.34526064,97.36638688
7601,97.34530473,97.36644361
7602,97.34537137,97.36650627
7603,97.34540623,97.36653002
7604,97.34544622,97.36689446
7605,97.34547647,97.36693206
7606,97.34551594,97.36700957
7607,97.34554978,97.36706135
7608,97.34560617,97.36712104
7609,97.34562924,97.36718766
7610,97.34568871,97.36727243
7611,97.34571639,97.36734136
7612,97.34575536,97.36742216
7613,97.34579432,97.36748746
7614,97.3471498,97.36778594
7615,97.34717902,97.36785124
7616,97.34722157,97.36794425
7617,97.34724361,97.36800856
7618,97.34734563,97.36805705
7619,97.34737742,97.36810883
7620,97.34741125,97.36814576
7621,97.34743381,97.36818831
7622,97.34752404,97.36822789
7623,97.34759427,97.36824998
7624,97.34763067,97.3683044
7625,97.34769424,97.36833112
7626,97.34778499,97.36839213
7627,97.34782702,97.36843138
7628,97.34790854,97.36847294
7629,97.34793725,97.36849866
7630,97.34797262,97.36854517
7631,97.34801415,97.36859002
7632,97.34804901,97.36863356
7633,97.34808694,97.36867049
7634,97.34817666,97.36874602
7635,97.34820998,97.36876812
7636,97.34827253,97.36879483
7637,97.3483079,97.36882616
7638,97.34837096,97.36887992
7639,97.34842479,97.3689383
7640,97.34849092,97.36901086
7641,97.34852937,97.3690412
7642,97.34858679,97.36909793
7643,97.34861755,97.36912069
7644,97.34865395,97.36916719
7645,97.34868266,97.3691972
7646,97.34871752,97.36925921
7647,97.34877391,97.36929021
7648,97.34881185,97.36933605
7649,97.34883697,97.36939179
7650,97.34891489,97.36944522
7651,97.3494778,97.36947391
7652,97.34951368,97.36951085
7653,97.349547,97.36954647
7654,97.34958853,97.3696032
7655,97.34962237,97.36962398
7656,97.34966492,97.36966685
7657,97.34970132,97.36973446
7658,97.34981103,97.36981197
7659,97.3499192,97.36992509
7660,97.34995611,97.36996467
7661,97.34998687,97.36998908
7662,97.35001917,97.37007153
7663,97.35006172,97.37009693
7664,97.35010478,97.37013881
7665,97.35014118,97.37016685
7666,97.35020116,97.37021632
7667,97.35023243,97.37024666
7668,97.35026832,97.37030141
7669,97.35030216,97.37031889
7670,97.35033292,97.37037562
7671,97.35035957,97.37040266
7672,97.350397,97.3704429
7673,97.35042827,97.3704673
7674,97.35066051,97.37053887
7675,97.35069486,97.37057251
7676,97.35075125,97.37061209
7677,97.3507856,97.37064342
7678,97.35095734,97.37069421
7679,97.35099066,97.37073049
7680,97.35101578,97.37077139
7681,97.3510491,97.37079711
7682,97.35112344,97.37088188
7683,97.3511542,97.37090463
7684,97.35120188,97.37098049
7685,97.35124392,97.37104348
7686,97.35128698,97.37109131
7687,97.35133004,97.37111571
7688,97.35135773,97.37116716
7689,97.35138849,97.37119421
7690,97.35156279,97.3712915
7691,97.35158791,97.37133075
7692,97.35161765,97.37146234
7693,97.35165712,97.37149565
7694,97.35181246,97.37154117
7695,97.35184476,97.37156887
7696,97.35209494,97.37161933
7697,97.35212262,97.3716477
7698,97.35222003,97.37170311
7699,97.35224309,97.37174466
7700,97.35325919,97.37227335
7701,97.35332276,97.37229446
7702,97.35337454,97.37233898
7703,97.35339966,97.3723713
7704,97.35342478,97.37242242
7705,97.35346323,97.37245376
7706,97.35351706,97.37252302
7707,97.35381184,97.37286107
7708,97.35384004,97.37313482
7709,97.35388105,97.37316021
7710,97.35394206,97.37325124
7711,97.35397128,97.37332314
7712,97.35400358,97.37336535
7713,97.35403229,97.37340328
7714,97.35409586,97.37345407
7715,97.35412559,97.37351113
7716,97.35415738,97.37457048
7717,97.35419583,97.37465953
7718,97.35422453,97.37473572
7719,97.3542635,97.3748251
7720,97.35431784,97.37492965
7721,97.35437064,97.37503057
7722,97.35446702,97.37517041
7723,97.35449727,97.37526111
7724,97.35453418,97.37543723
7725,97.35457366,97.37553683
7726,97.35477975,97.37571987
7727,97.35481666,97.3758076
7728,97.3548428,97.37597515
7729,97.35488484,97.37604804
7730,97.35501814,97.37619876
7731,97.3550735,97.37628484
7732,97.3551099,97.37634388
7733,97.35515091,97.37637125
7734,97.35647615,97.37646063
7735,97.35650844,97.37650614
7736,97.35654433,97.37658365
7737,97.35657406,97.37663345
7738,97.35664789,97.37668391
7739,97.35669146,97.37671129
7740,97.35677554,97.3767634
7741,97.35681553,97.37678318
7742,97.35685347,97.37683167
7743,97.35690422,97.37685178
7744,97.35693703,97.37689499
7745,97.35697035,97.37696293
7746,97.35706109,97.37879569
7747,97.35708621,97.37882175
7748,97.35714209,97.37887023
7749,97.35716978,97.37891145
7750,97.35762348,97.37896983
7751,97.35766142,97.37899951
7752,97.35769269,97.37904569
7753,97.35775062,97.37907603
7754,97.35780548,97.37912583
7755,97.35783931,97.37914826
7756,97.35789161,97.37922181
7757,97.35791878,97.37925479
7758,97.35796697,97.37933295
7759,97.35800439,97.37935901
7760,97.35802695,97.37939397
7761,97.35805053,97.37943486
7762,97.35813563,97.37976171
7763,97.35816691,97.37978743
7764,97.3581951,97.37986428
7765,97.35825303,97.37988308
7766,97.35880773,97.38032337
7767,97.35885234,97.38034778
7768,97.3588872,97.38041572
7769,97.35893282,97.38044442
7770,97.35899639,97.38052027
7771,97.35901639,97.38055556
7772,97.35908662,97.38060239
7773,97.35915737,97.38063142
7774,97.35978333,97.38066374
7775,97.35982537,97.38069804
7776,97.35985613,97.38073597
7777,97.35989048,97.38076763
7778,97.36004376,97.38085602
7779,97.36009246,97.38089494
7780,97.36014835,97.38094639
7781,97.36017347,97.38098003
7782,97.36077994,97.38106281
7783,97.3608107,97.38109744
7784,97.36147973,97.38138833
7785,97.36151356,97.38141901
7786,97.36158175,97.38147442
7787,97.361612,97.38149849
7788,97.36166583,97.3815417
7789,97.36169095,97.38157732
7790,97.36175657,97.38162118
7791,97.36196061,97.38177454
7792,97.36200469,97.38183886
7793,97.36204776,97.38186623
7794,97.36212773,97.38374285
7795,97.36215388,97.38376759
7796,97.36222924,97.38381871
7797,97.36225949,97.38383949
7798,97.36298132,97.38393085
7799,97.36302746,97.38395097
7800,97.36306642,97.38399615
7801,97.36310179,97.38402122
7802,97.36319253,97.38408982
7803,97.3633125,97.38411224
7804,97.36333659,97.38414951
7805,97.3633612,97.38418909
7806,97.3634381,97.38446217
7807,97.36347706,97.3844968
7808,97.36351859,97.38455089
7809,97.36355396,97.38458025
7810,97.36363599,97.38463301
7811,97.36366111,97.38465478
7812,97.36369956,97.38472008
7813,97.36372775,97.38474977
7814,97.36684525,97.38524284
7815,97.36691446,97.38531045
7816,97.36693804,97.38535299
7817,97.36697547,97.38537443
7818,97.36704416,97.3854206
7819,97.36707492,97.3854526
7820,97.36722001,97.38554527
7821,97.36724205,97.38556011
7822,97.36727025,97.38561486
7823,97.36730306,97.38563828
7824,97.36742866,97.38568214
7825,97.36746147,97.38570094
7826,97.36760399,97.38575899
7827,97.36763373,97.38578768
7828,97.36768602,97.38583913
7829,97.36770806,97.38586189
7830,97.3677542,97.38591037
7831,97.36779778,97.38593478
7832,97.36782392,97.38598722
7833,97.36785263,97.38604823
7834,97.36791364,97.38612376
7835,97.36794389,97.38614916
7836,97.36796593,97.38618478
7837,97.36801925,97.38622402
7838,97.36806385,97.38628669
7839,97.36809307,97.38631538
7840,97.36836632,97.38639948
7841,97.36839554,97.3864262
7842,97.36853396,97.38650172
7843,97.3685678,97.38652382
7844,97.36866469,97.38657725
7845,97.36869288,97.38660528
7846,97.36874723,97.38667454
7847,97.36882874,97.38672896
7848,97.36885745,97.38676722
7849,97.36887283,97.38678998
7850,97.36893384,97.38684737
7851,97.36896613,97.38687078
7852,97.36899536,97.38691729
7853,97.36903944,97.38693641
7854,97.37103062,97.38736385
7855,97.37107164,97.38738628
7856,97.3711024,97.38758284
7857,97.37113521,97.38761352
7858,97.37119878,97.38766695
7859,97.37122851,97.38769102
7860,97.37126337,97.38774148
7861,97.37129311,97.38776853
7862,97.37133309,97.38781998
7863,97.37137206,97.38784702
7864,97.37145255,97.38789452
7865,97.37148587,97.38791859
7866,97.37154431,97.38799016
7867,97.37159148,97.38801556
7868,97.37162941,97.38806338
7869,97.37176271,97.38825599
7870,97.37179295,97.38830579
7871,97.37186114,97.38834207
7872,97.37188933,97.38838198
7873,97.37191189,97.38840407
7874,97.37198982,97.38915208
7875,97.37352011,97.38917715
7876,97.37355907,97.38922728
7877,97.37358881,97.38925565
7878,97.37370928,97.38929687
7879,97.37374004,97.3893226
7880,97.37377593,97.3893813
7881,97.37383027,97.38943968
7882,97.37390768,97.38952081
7883,97.37392819,97.38956468
7884,97.37397023,97.38962767
7885,97.37400714,97.38968011
7886,97.37405789,97.38973288
7887,97.37408865,97.38979291
7888,97.37412608,97.3898559
7889,97.37425014,97.38997002
7890,97.37431576,97.3900495
7891,97.37435216,97.39008446
7892,97.37439318,97.39013492
7893,97.37444342,97.39020187
7894,97.37448187,97.39029323
7895,97.37452852,97.39034468
7896,97.37456389,97.39038327
7897,97.37458696,97.39041031
7898,97.37470846,97.39048749
7899,97.37475204,97.39052014
7900,97.37478382,97.39058808
7901,97.37481766,97.39063063
7902,97.37485406,97.3907045
7903,97.37488431,97.39072924
7904,97.37518114,97.39089316
7905,97.37520933,97.39094593
7906,97.375297,97.39102607
7907,97.37532878,97.39107554
7908,97.37539082,97.39114249
7909,97.37541542,97.39120549
7910,97.37546208,97.39125727
7911,97.37548873,97.39128233
7912,97.37552052,97.39134104
7913,97.37555538,97.39139942
7914,97.37592193,97.3914789
7915,97.37595372,97.39150463
7916,97.37597781,97.39154585
7917,97.37601011,97.39157323
7918,97.37605933,97.39162962
7919,97.37608804,97.39165799
7920,97.37611059,97.39170086
7921,97.37614597,97.39173055
7922,97.37625978,97.39179057
7923,97.37628797,97.39181861
7924,97.37641768,97.39188061
7925,97.37644587,97.39190733
7926,97.37648843,97.39195482
7927,97.3765279,97.39198318
7928,97.37655969,97.39202771
7929,97.37659301,97.39206168
7930,97.37665196,97.39210356
7931,97.37667657,97.3921316
7932,97.37671092,97.39218865
7933,97.37674988,97.39221042
7934,97.37677859,97.39225264
7935,97.37680628,97.39227836
7936,97.37685652,97.39233476
7937,97.37688676,97.39235455
7938,97.37702877,97.39243832
7939,97.37705338,97.39245877
7940,97.37719385,97.39257453
7941,97.37724255,97.39259927
7942,97.3772728,97.39267051
7943,97.37730612,97.39268865
7944,97.37733893,97.39272954
7945,97.37736559,97.39274999
7946,97.37743224,97.39325131
7947,97.37747684,97.39328429
7948,97.37750042,97.39331958
7949,97.37752862,97.3933453
7950,97.3775563,97.3934769
7951,97.37759424,97.39349602
7952,97.37767216,97.39357287
7953,97.37769677,97.39360288
7954,97.37777111,97.39363586
7955,97.3778034,97.39365763
7956,97.37783929,97.39370117
7957,97.37787108,97.39372953
7958,97.37790132,97.39375987
7959,97.37793157,97.39378692
7960,97.38278084,97.39594355
7961,97.38281057,97.39596631
7962,97.38307357,97.39602007
7963,97.38309869,97.39604151
7964,97.38313765,97.3960768
7965,97.38317405,97.39610615
7966,97.38321609,97.39615067
7967,97.38326941,97.39618069
7968,97.38330632,97.39622191
7969,97.38335297,97.3962516
7970,97.38361289,97.39630239
7971,97.38364416,97.39633141
7972,97.38367595,97.39642475
7973,97.3837062,97.39644552
7974,97.38374259,97.3964884
7975,97.38377592,97.39650456
7976,97.38380463,97.39654249
7977,97.3838523,97.39656525
7978,97.38392664,97.39660878
7979,97.38395227,97.39663055
7980,97.38487455,97.39675654
7981,97.38489967,97.39678226
7982,97.3849412,97.39681458
7983,97.38497452,97.39683734
7984,97.38500067,97.39686702
7985,97.38502989,97.39688945
7986,97.38509756,97.39695541
7987,97.38513293,97.39697157
7988,97.38516421,97.39709657
7989,97.3851924,97.39712296
7990,97.38522829,97.39720508
7991,97.38525802,97.39722751
7992,97.38535697,97.397275
7993,97.38538055,97.39730303
7994,97.38543951,97.39737988
7995,97.38552256,97.39741418
7996,97.38555332,97.39744419
7997,97.38559023,97.39746926
7998,97.38564457,97.39752005
7999,97.38568661,97.39754149
8000,97.38571891,97.39758106
8001,97.38574454,97.39760019
8002,97.38588911,97.39767242
8003,97.38591372,97.39769584
8004,97.38594704,97.39774597
8005,97.38598088,97.39776543
8006,97.38601215,97.3979056
8007,97.38604496,97.39794386
8008,97.38608238,97.3979709
8009,97.38610545,97.39799003
8010,97.38682062,97.39809557
8011,97.38686419,97.3981203
8012,97.38691444,97.39823145
8013,97.38693494,97.3982585
8014,97.38762601,97.39834326
8015,97.38766805,97.39836305
8016,97.38768958,97.39839735
8017,97.38771829,97.39842736
8018,97.38777878,97.3984643
8019,97.38782851,97.3985019
8020,97.38785466,97.39853719
8021,97.38787773,97.39858072
8022,97.38794284,97.39868659
8023,97.38797975,97.39870836
8024,97.38801256,97.39876904
8025,97.38805665,97.39879642
8026,97.38816225,97.39885908
8027,97.3881925,97.39896363
8028,97.3882653,97.39903784
8029,97.38829965,97.39905598
8030,97.38912401,97.39914898
8031,97.38916246,97.39917405
8032,97.38919219,97.39920769
8033,97.38921936,97.39922187
8034,97.39004014,97.39979245
8035,97.39013703,97.39986632
8036,97.39018163,97.39995109
8037,97.39023444,97.39997417
8038,97.39027596,97.40002991
8039,97.39032825,97.40007806
8040,97.39036824,97.40035675
8041,97.39041746,97.40038347
8042,97.3904718,97.40044151
8043,97.39050563,97.40049362
8044,97.39053178,97.40052825
8045,97.39055844,97.40055266
8046,97.39584193,97.40064138
8047,97.3958809,97.40067403
8048,97.39591012,97.40074032
8049,97.39596702,97.40079309
8050,97.39690571,97.40083927
8051,97.39693185,97.4008673
8052,97.39696825,97.40095767
8053,97.39700363,97.40098075
8054,97.3994603,97.40105232
8055,97.39950388,97.40111037
8056,97.39953413,97.40114137
8057,97.39956796,97.40116116
8058,97.39962897,97.40120404
8059,97.39965204,97.40122745
8060,97.39968998,97.40131584
8061,97.39972484,97.40133398
8062,97.39975611,97.40138774
8063,97.3998812,97.4014194
8064,97.39991247,97.40145568
8065,97.399934,97.40148207
8066,97.39999501,97.40153253
8067,97.40003705,97.40156782
8068,97.40008678,97.40161036
8069,97.40011497,97.40165126
8070,97.40016778,97.40173437
8071,97.40020418,97.40175779
8072,97.40028364,97.40202889
8073,97.40031747,97.40205396
8074,97.40042001,97.40210145
8075,97.40045743,97.40213311
8076,97.40049229,97.40607403
8077,97.40051177,97.40610305
8078,97.40054817,97.40613471
8079,97.40058867,97.40616571
8080,97.400622,97.40621354
8081,97.4006666,97.40626136
8082,97.40076708,97.40631941
8083,97.4221456,97.41002318
8084,97.42217431,97.41006705
8085,97.42222968,97.41010069
8086,97.4222671,97.41013565
8087,97.42230812,97.41016665
8088,97.42236553,97.41630179
8089,97.42239066,97.41632818
8090,97.42246653,97.41638326
8091,97.42250805,97.4164225
8092,97.42253779,97.41645252
8093,97.42256445,97.41648022
8094,97.4226029,97.41654849
8095,97.48241468,97.41690007
8096,97.4824521,97.41729057
8097,97.48257053,97.41731761
8098,97.48264537,97.41739347
8099,97.48267357,97.41742381
8100,97.48421873,97.42024963
8101,97.48424078,97.42027997
8102,97.48430948,97.42036045
8103,97.48503284,97.42106624
8104,97.48506104,97.42110549
8105,97.48508257,97.42112297
8106,97.48515896,97.4289263
8107,97.48517434,97.42895037
8108,97.48522048,97.43227883
8109,97.4852456,97.43230686
8110,97.48526969,97.43233885
8111,97.48531532,97.43236029
8112,97.48948275,97.43245363
8113,97.4895171,97.43248199
8114,97.48958323,97.43265646
8115,97.49165234,97.43270296
8116,97.49167438,97.43274914
8117,97.4917887,97.43277288
8118,97.49187637,97.43335467
8119,97.49191123,97.43338006
8120,97.49202607,97.43341634
8121,97.49205221,97.43344075
8122,97.49213885,97.43348461
8123,97.4921609,97.43350341
8124,97.49218961,97.4335575
8125,97.49221062,97.43358026
8126,97.49225471,97.43365249
8127,97.49229009,97.4336792
8128,97.49232187,97.4337234
8129,97.49235725,97.43375275
8130,97.49241159,97.43382069
8131,97.49252642,97.43385301
8132,97.49255616,97.43388896
8133,97.49258179,97.43391337
8134,97.4926105,97.43395756
8135,97.49264024,97.43397768
8136,97.49266587,97.43404035
8137,97.49270175,97.43407564
8138,97.49276327,97.43412841
8139,97.49282172,97.43415314
8140,97.49285043,97.43419173
8141,97.49287914,97.43421251
8142,97.49291964,97.43425077
8143,97.4929545,97.43427616
8144,97.49298474,97.43432662
8145,97.49301755,97.43436191
8146,97.49307959,97.43444074
8147,97.49312214,97.43445756
8148,97.49316469,97.43448889
8149,97.4932016,97.43451
8150,97.49326004,97.43458091
8151,97.49334822,97.43467952
8152,97.49337898,97.43471118
8153,97.49341077,97.4347346
8154,97.49366146,97.43492226
8155,97.49368709,97.43494535
8156,97.49371375,97.4349846
8157,97.49379936,97.43500603
8158,97.49384038,97.43505419
8159,97.49387934,97.43509706
8160,97.49392958,97.4351683
8161,97.49395316,97.43518941
8162,97.49400597,97.43525702
8163,97.49409773,97.43528011
8164,97.49412542,97.43533419
8165,97.49415413,97.43535563
8166,97.49419155,97.43541731
8167,97.49421308,97.43544996
8168,97.49436381,97.43689684
8169,97.49440584,97.43693048
8170,97.49446377,97.43697105
8171,97.49449556,97.43699281
8172,97.49451965,97.43703041
8173,97.49453606,97.43705185
8174,97.49529019,97.44064415
8175,97.49536606,97.44082621
8176,97.49540707,97.44086348
8177,97.49543527,97.44088623
8178,97.49551781,97.44093406
8179,97.49554959,97.44095318
8180,97.49560804,97.44103234
8181,97.49562803,97.44106136
8182,97.49567314,97.44110391
8183,97.49570595,97.44112666
8184,97.49573877,97.44120912
8185,97.49576594,97.44123089
8186,97.49583361,97.44134269
8187,97.49585514,97.44136512
8188,97.49588949,97.4414047
8189,97.49591307,97.44145021
8190,97.4962099,97.44182422
8191,97.49623297,97.44184664
8192,97.49626886,97.44188754
8193,97.49650007,97.44190832
8194,97.4965662,97.4419502
8195,97.49659542,97.44196669
8196,97.49662259,97.44200099
8197,97.49664003,97.44202045
8198,97.49666566,97.44206762
8199,97.49671487,97.44221339
8200,97.49675127,97.44225198
8201,97.49677332,97.44227309
8202,97.49684048,97.44239545
8203,97.4968615,97.44241985
8204,97.49687893,97.44255178
8205,97.49690866,97.44258938
8206,97.49694455,97.44262533
8207,97.49697018,97.44265072
8208,97.49699171,97.44272988
8209,97.49702709,97.44277902
8210,97.4970763,97.44283311
8211,97.49708963,97.44287433
8212,97.4971168,97.4429149
8213,97.49714192,97.442999
8214,97.49891214,97.44446699
8215,97.49894137,97.44449568
8216,97.49897366,97.4445412
8217,97.49900237,97.44456527
8218,97.49910747,97.44506263
8219,97.49913566,97.44510023
8220,97.4992951,97.44524765
8221,97.49932432,97.44527602
8222,97.49935867,97.4453245
8223,97.49938789,97.44535154
8224,97.49941148,97.44538288
8225,97.49998053,97.44540662
8226,97.50042655,97.44554283
8227,97.50045885,97.44557911
8228,97.50047986,97.44563089
8229,97.50051114,97.44575589
8230,97.50056087,97.4458677
8231,97.50058752,97.44589012
8232,97.50066647,97.44596796
8233,97.50068852,97.44599533
8234,97.50082027,97.44627699
8235,97.50084744,97.44630668
8236,97.50088077,97.446339
8237,97.50090537,97.44635813
8238,97.50104123,97.44639111
8239,97.50106481,97.44644058
8240,97.50109403,97.44647257
8241,97.50112787,97.44651512
8242,97.50117606,97.44656459
8243,97.50123758,97.44660779
8244,97.50128116,97.4466477
8245,97.50131397,97.44667936
8246,97.50263868,97.44742078
8247,97.50267098,97.44744683
8248,97.50269354,97.44748014
8249,97.50272327,97.44751939
8250,97.50415514,97.45124065
8251,97.50419718,97.45139137
8252,97.50425203,97.45347973
8253,97.50428023,97.45351008
8254,97.50430535,97.45356417
8255,97.50434534,97.45359979
8256,97.50437558,97.45363145
8257,97.50440378,97.45366476
8258,97.50471804,97.46103603
8259,97.50476316,97.46129494
8260,97.50479187,97.46132759
8261,97.50481135,97.46139916
8262,97.5049795,97.46155351
8263,97.50499847,97.46158352
8264,97.5050605,97.46163068
8265,97.50509075,97.46164717
8266,97.50518046,97.46170291
8267,97.50539527,97.46172996
8268,97.5056962,97.46257592
8269,97.50573106,97.46272631
8270,97.50577977,97.46285329
8271,97.50584487,97.46292816
8272,97.50587153,97.46297169
8273,97.50588999,97.46299544
8274,97.5249036,97.47140034
8275,97.52612015,97.47225224
8276,97.52616116,97.4724033
8277,97.52677123,97.48141703
8278,97.52718392,97.48151169
8279,97.52726697,97.48155159
8280,97.52748075,97.48219209
8281,97.52750998,97.48222474
8282,97.52762738,97.48230686
8283,97.52773811,97.482512
8284,97.52808621,97.48354332
8285,97.5281062,97.48357597
8286,97.5430826,97.67736168
8287,97.54370395,97.67775317
8288,97.54373778,97.67814433
8289,97.54451549,97.67852922
8290,97.54459137,97.67870533
8291,97.54462828,97.67880494
8292,97.54474824,97.67894478
8293,97.54478156,97.67897545
8294,97.54554389,97.67933626
8295,97.5457428,97.67958296
8296,97.54602784,97.68010307
8297,97.54611448,97.6803656
8298,97.54619138,97.68044377
8299,97.54633595,97.68048071
8300,97.54636774,97.68053611
8301,97.54694243,97.68056019
8302,97.54730181,97.68078743
8303,97.54733616,97.68082866
8304,97.5476253,97.68093288
8305,97.54765503,97.68096388
8306,97.54771809,97.68102918
8307,97.5477832,97.68105425
8308,97.54782883,97.68119013
8309,97.54786676,97.68148003
8310,97.54818769,97.68223893
8311,97.54827587,97.68228345
8312,97.54843172,97.68232369
8313,97.54846607,97.68236459
8314,97.54852451,97.68245496
8315,97.5485604,97.68264427
8316,97.5491033,97.68270759
8317,97.54912279,97.68280719
8318,97.54915662,97.68320725
8319,97.54918225,97.68324254
8320,97.5492489,97.68329465
8321,97.54927453,97.68331477
8322,97.54933503,97.68373528
8323,97.5493622,97.68377783
8324,97.54939706,97.68385665
8325,97.54941449,97.68387776
8326,97.5494796,97.68394339
8327,97.5495078,97.68397044
8328,97.54955188,97.68401166
8329,97.54957803,97.68403277
8330,97.54964006,97.68440282
8331,97.54968671,97.6845011
8332,97.54972158,97.6845354
8333,97.54976823,97.68457399
8334,97.55645283,97.68916826
8335,97.55649487,97.68922564
8336,97.5565164,97.68925236
8337,97.55653742,97.68927841
8338,97.55666866,97.68931964
8339,97.55669532,97.689348
8340,97.55673684,97.6893922
8341,97.55676812,97.6894232
8342,97.55681426,97.68951687
8343,97.55685322,97.68953468
8344,97.55688603,97.6895759
8345,97.5569373,97.689629
8346,97.60302562,97.7821954
8347,97.60310355,97.78221717
8348,97.60313841,97.78225377
8349,97.60317481,97.78246485
8350,97.60321633,97.78249157
8351,97.60325427,97.78251202
8352,97.60330502,97.78255456
8353,97.60334142,97.78257237
8354,97.60347881,97.78316471
8355,97.60367311,97.78319505
8356,97.60370695,97.78323496
8357,97.60373104,97.78325211
8358,97.60631076,97.78329895
8359,97.6063446,97.7833161
8360,97.60649788,97.78337843
8361,97.60653889,97.78341075
8362,97.60658914,97.78344967
8363,97.60661887,97.7834688
8364,97.60666142,97.78351101
8365,97.60668039,97.78354103
8366,97.60790822,97.78357698
8367,97.60795743,97.78361095
8368,97.60798255,97.78363865
8369,97.60805279,97.78367658
8370,97.60814455,97.78374254
8371,97.60815686,97.78376926
8372,97.60817377,97.78380586
8373,97.60820248,97.78384214
8374,97.60825221,97.78391041
8375,97.60828041,97.78393449
8376,97.60831629,97.78396285
8377,97.60836961,97.78412743
8378,97.60842293,97.78426727
8379,97.60845523,97.78428673
8380,97.60848547,97.78432037
8381,97.60852495,97.78498956
8382,97.60904069,97.78503342
8383,97.60907452,97.78504826
8384,97.60910221,97.78512841
8385,97.60911912,97.7851482
8386,97.6091791,97.78520921
8387,97.60920781,97.78522999
8388,97.60925549,97.78529958
8389,97.60928215,97.78532003
8390,97.6093083,97.78548295
8391,97.60934316,97.7855067
8392,97.60938058,97.78554397
8393,97.60940109,97.78556013
8394,97.61302715,97.78592061
8395,97.61307277,97.78594997
8396,97.61310507,97.78599911
8397,97.61313993,97.78603836
8398,97.61316864,97.78608684
8399,97.61319633,97.78610926
8400,97.61322503,97.78620722
8401,97.61325784,97.78625834
8402,97.61333423,97.78630319
8403,97.61335628,97.78632265
8404,97.61341985,97.7863619
8405,97.61344445,97.78638664
8406,97.61351161,97.78643347
8407,97.61353673,97.78645062
8408,97.61355878,97.78648063
8409,97.61358082,97.78649547
8410,97.6136408,97.78653109
8411,97.61367566,97.78655121
8412,97.61374385,97.78680088
8413,97.61380742,97.7868299
8414,97.61459077,97.78701493
8415,97.61461794,97.78703438
8416,97.61482454,97.78707231
8417,97.61493938,97.78709441
8418,97.61554022,97.78715444
8419,97.6155638,97.78717818
8420,97.61561096,97.78722501
8421,97.61562634,97.78724546
8422,97.61566428,97.78728075
8423,97.61570222,97.78730516
8424,97.61572683,97.78735166
8425,97.6157581,97.78738497
8426,97.61868847,97.7875512
8427,97.61872487,97.78757264
8428,97.6187541,97.78760529
8429,97.61878075,97.78762475
8430,97.618811,97.7881066
8431,97.61884381,97.78812243
8432,97.61893865,97.78815838
8433,97.61900786,97.78817982
8434,97.61906067,97.78822995
8435,97.61910014,97.78825172
8436,97.61913552,97.78829987
8437,97.61916115,97.78832757
8438,97.61919345,97.7891455
8439,97.61922677,97.78916562
8440,97.61925343,97.78920223
8441,97.61927547,97.78924643
8442,97.61934776,97.79102609
8443,97.61937595,97.79104192
8444,97.61939646,97.79111415
8445,97.61942466,97.79116527
8446,97.61955231,97.79135194
8447,97.61958102,97.7913747
8448,97.61960768,97.79139943
8449,97.61962818,97.79141889
8450,97.61968458,97.79145913
8451,97.6197056,97.79148221
8452,97.61973789,97.79151487
8453,97.61975174,97.79154158
8454,97.62043973,97.79391523
8455,97.62046485,97.79393568
8456,97.62050432,97.79396602
8457,97.62052996,97.79399109
8458,97.62058891,97.79406134
8459,97.6206248,97.79411477
8460,97.62066222,97.79414511
8461,97.62069247,97.79416556
8462,97.62072374,97.79421107
8463,97.62074733,97.79423548
8464,97.62076783,97.79426186
8465,97.62080167,97.79428099
8466,97.62182494,97.79770938
8467,97.62185929,97.79772982
8468,97.62188544,97.79776841
8469,97.62191209,97.79778688
8470,97.62194696,97.79781459
8471,97.62198335,97.79783635
8472,97.62201668,97.79787098
8473,97.62204282,97.79789374
8474,97.62272364,97.79817903
8475,97.62274671,97.79839142
8476,97.62277439,97.79842737
8477,97.62280054,97.79846464
8478,97.62705871,97.79928521
8479,97.62709818,97.79930368
8480,97.62713356,97.79933139
8481,97.62716227,97.79937129
8482,97.62725967,97.79940922
8483,97.62727864,97.79943264
8484,97.6273053,97.79947222
8485,97.62742475,97.79950124
8486,97.62752831,97.79957446
8487,97.62755189,97.79961733
8488,97.62757804,97.79965262
8489,97.62760572,97.79967571
8490,97.62766826,97.79977465
8491,97.62769441,97.79979378
8492,97.62772209,97.79983962
8493,97.62775183,97.79987261
8494,97.62784718,97.79991086
8495,97.62787487,97.79992867
8496,97.62790255,97.79996561
8497,97.62792357,97.79998969
8498,97.62799791,97.80005433
8499,97.6281594,97.80010314
8500,97.62818913,97.80013382
8501,97.62821169,97.8001602
8502,97.62825014,97.80149
8503,97.62826962,97.8015088
8504,97.62829269,97.80154178
8505,97.6283173,97.80156289
8506,97.62837164,97.80161467
8507,97.62839368,97.80164006
8508,97.62841521,97.80167436
8509,97.62842957,97.80169778
8510,97.62844956,97.80174362
8511,97.62848083,97.80176671
8512,97.62851006,97.80179969
8513,97.6285403,97.80181486
8514,97.62969738,97.80220206
8515,97.62971943,97.80221525
8516,97.6297425,97.80225087
8517,97.62976249,97.80227363
8518,97.62978812,97.80232772
8519,97.62986092,97.80234553
8520,97.62995679,97.80243227
8521,97.62998088,97.80245272
8522,97.6301839,97.8025134
8523,97.63021107,97.8025322
8524,97.63024183,97.80256716
8525,97.63028028,97.8026318
8526,97.64798199,97.80982069
8527,97.64800711,97.80983718
8528,97.64803223,97.80986258
8529,97.6481891,97.81026165
8530,97.6483265,97.81034147
8531,97.64835059,97.81036224
8532,97.64838392,97.81040149
8533,97.64840699,97.81051528
8534,97.64847004,97.81063797
8535,97.64852285,97.81065248
8536,97.6486869,97.81068183
8537,97.64870689,97.81070723
8538,97.65322191,97.81535096
8539,97.65324293,97.81537438
8540,97.65326549,97.81540472
8541,97.65328189,97.81542847
8542,97.65415649,97.82106692
8543,97.6541893,97.82109528
8544,97.65436309,97.82112529
8545,97.6543877,97.82114244
8546,97.65452971,97.82168268
8547,97.65455278,97.8216995
8548,97.65458662,97.82173149
8549,97.65474349,97.8217549
8550,97.65481783,97.82180734
8551,97.65484346,97.82182087
8552,97.65486345,97.82187858
8553,97.65488652,97.82190299
8554,97.65493369,97.82194949
8555,97.65495932,97.82197654
8556,97.65500444,97.82208471
8557,97.65502751,97.82210516
8558,97.65549967,97.82216783
8559,97.65554991,97.82232251
8560,97.65557195,97.82235648
8561,97.65563552,97.82237891
8562,97.65636658,97.82277831
8563,97.65639631,97.82279909
8564,97.65642451,97.82285614
8565,97.65649526,97.82288154
8566,97.65653832,97.82293299
8567,97.6565578,97.82296399
8568,97.6566065,97.82309987
8569,97.65663214,97.82311504
8570,97.65670135,97.82316221
8571,97.65672288,97.8231876
8572,97.65674851,97.82321893
8573,97.65678799,97.82323773
8574,97.65766361,97.82600056
8575,97.65768976,97.82602958
8576,97.65772462,97.82608532
8577,97.65775128,97.82609687
8578,97.65781485,97.82612919
8579,97.65784151,97.82614865
8580,97.65786663,97.82618196
8581,97.65789072,97.82619581
8582,97.65792661,97.82624
8583,97.65795737,97.8262588
8584,97.65796814,97.82628321
8585,97.65800351,97.82633829
8586,97.65935386,97.82653057
8587,97.65938001,97.82655926
8588,97.65941538,97.82660477
8589,97.65943999,97.82662192
8590,97.65947946,97.82665622
8591,97.65951432,97.82667436
8592,97.65955175,97.8267057
8593,97.65957277,97.82672054
8594,97.65994137,97.82679475
8595,97.65995931,97.82681288
8596,97.65998238,97.82684356
8597,97.66000853,97.82686038
8598,97.66188436,97.82696163
8599,97.66190743,97.82698637
8600,97.66192742,97.82702396
8601,97.66194639,97.82708465
8602,97.66201201,97.82715424
8603,97.66203252,97.8271793
8604,97.662052,97.82720701
8605,97.66206533,97.82722086
8606,97.66219093,97.8273386
8607,97.66222015,97.8273518
8608,97.66223656,97.82738478
8609,97.66226783,97.82741149
8610,97.66301376,97.82750483
8611,97.66305631,97.82753187
8612,97.66308348,97.82757739
8613,97.66309629,97.8276041
8614,97.66548427,97.83054008
8615,97.66557348,97.83056481
8616,97.66560936,97.83060769
8617,97.6656391,97.83062748
8618,97.66568883,97.83065947
8619,97.66571343,97.83068091
8620,97.66598207,97.83071686
8621,97.66599899,97.83073533
8622,97.66603385,97.83078513
8623,97.66605692,97.83080459
8624,97.66611382,97.83083856
8625,97.66614253,97.83085769
8626,97.66619175,97.83089364
8627,97.66621072,97.83091211
8628,97.66627172,97.83096619
8629,97.66629941,97.83098236
8630,97.66633273,97.83101929
8631,97.66636862,97.8310371
8632,97.66639169,97.83106877
8633,97.66642296,97.83109878
8634,97.66976295,97.83305324
8635,97.66977628,97.83307402
8636,97.66984293,97.83314526
8637,97.6698619,97.83316339
8638,97.66988548,97.83322738
8639,97.66991419,97.83324255
8640,97.6699634,97.83326827
8641,97.66998699,97.83328773
8642,97.67003979,97.83333523
8643,97.67006901,97.83335271
8644,97.67009362,97.83338305
8645,97.67011515,97.83340251
8646,97.86466633,97.83380686
8647,97.86469863,97.833825
8648,97.86472119,97.83385501
8649,97.86474374,97.83387908
8650,97.86480885,97.83398627
8651,97.86482423,97.83400936
8652,97.86485602,97.83403904
8653,97.86487293,97.83406576
8654,97.87264797,97.85580756
8655,97.87266745,97.85582603
8656,97.87269001,97.85584977
8657,97.8727141,97.85587583
8658,97.87277408,97.85619574
8659,97.87280177,97.85620828
8660,97.87282689,97.85623499
8661,97.87284022,97.85625016
8662,97.8751718,97.85710305
8663,97.8752,97.8571268
8664,97.8752405,97.85720299
8665,97.87526921,97.8572231
8666,97.8759531,97.85997999
8667,97.87597361,97.85999319
8668,97.87599514,97.8600265
8669,97.87606076,97.86005618
8670,97.87616483,97.86012742
8671,97.87618534,97.86014655
8672,97.87622174,97.86018184
8673,97.87624224,97.86020097
8674,97.87630479,97.86026594
8675,97.87632837,97.8602788
8676,97.87637912,97.86032135
8677,97.87639604,97.8603418
8678,97.87643295,97.86038137
8679,97.87644885,97.86039688
8680,97.87648371,97.86042656
8681,97.87650524,97.86044602
8682,97.87691793,97.8617745
8683,97.8769451,97.86178901
8684,97.87697586,97.86181045
8685,97.87699944,97.86183419
8686,97.87703482,97.86188004
8687,97.87706096,97.86189982
8688,97.8770948,97.8619272
8689,97.87712505,97.86194567
8690,97.87719323,97.86198459
8691,97.87723219,97.86199745
8692,97.87727116,97.86202845
8693,97.87728654,97.8620522
8694,97.88622019,97.8765276
8695,97.88624684,97.87654508
8696,97.88627145,97.87657674
8697,97.8862935,97.87659587
8698,97.88636066,97.87663875
8699,97.88637655,97.87665557
8700,97.88642166,97.8766836
8701,97.88644473,97.87670966
8702,97.8864878,97.87673901
8703,97.88651804,97.87675484
8704,97.88653496,97.87678452
8705,97.88656264,97.8768053
8706,97.89079775,97.87760575
8707,97.89081774,97.87762158
8708,97.89084337,97.87765819
8709,97.89087054,97.87767699
8710,97.89089515,97.8777103
8711,97.89091771,97.87773306
8712,97.89094539,97.8778165
8713,97.89097154,97.87785179
8714,97.89854099,97.88903766
8715,97.89855996,97.88905316
8716,97.89858508,97.88911088
8717,97.89860867,97.88912935
8718,97.89870658,97.88923225
8719,97.89873581,97.88924544
8720,97.89876913,97.88927875
8721,97.89879066,97.88929491
8722,97.89891934,97.88933185
8723,97.89893933,97.88934966
8724,97.89897983,97.88939715
8725,97.89899726,97.88941694
8726,97.8990311,97.88945883
8727,97.89906032,97.8894773
8728,97.89910236,97.88951753
8729,97.89912799,97.88952776
8730,97.90157595,97.8906976
8731,97.90162773,97.89071838
8732,97.90404186,97.89799994
8733,97.90407211,97.898026
8734,97.90411004,97.89849499
8735,97.90414439,97.89852038
8736,97.90416695,97.8985438
8737,97.90421001,97.89855963
8738,97.90428845,97.89860086
8739,97.90432024,97.89861669
8740,97.90444994,97.89871827
8741,97.90448377,97.89874927
8742,97.9045212,97.89887757
8743,97.90458374,97.89889802
8744,97.9045981,97.89892341
8745,97.90462527,97.89894749
8746,97.90468064,97.89898311
8747,97.90470268,97.89900059
8748,97.90473549,97.89903555
8749,97.90475651,97.89905237
8750,97.90479035,97.89908964
8751,97.90481598,97.89910184
8752,97.90626784,97.90082873
8753,97.90630014,97.90084522
8754,98.02493682,97.94118011
8755,98.02496912,97.94120914
8756,98.02498655,97.94124113
8757,98.02500398,97.94126026
8758,98.02512189,97.94129621
8759,98.02517162,97.94132226
8760,98.02519366,97.94135887
8761,98.02522699,97.94138097
8762,98.02526441,97.94141989
8763,98.0252803,97.94143605
8764,98.02530235,97.9414621
8765,98.02532029,97.94148387
8766,98.03362644,97.95169845
8767,98.0336531,97.95171757
8768,98.03366899,97.9517433
8769,98.03370078,97.95176111
8770,98.03375922,97.95181619
8771,98.03378844,97.95184158
8772,98.03382433,97.9518683
8773,98.03384586,97.95188182
8774,98.03390123,97.95191645
8775,98.03395608,97.95193558
8776,98.03398889,97.95196229
8777,98.03400991,97.95197615
8778,98.03405554,97.95201177
8779,98.03407861,97.9520398
8780,98.03409758,97.95209422
8781,98.03411757,97.95210939
8782,98.03414269,97.95216612
8783,98.03419191,97.9521892
8784,98.0342119,97.9522212
8785,98.0342683,97.95226704
8786,98.03432059,97.95234356
8787,98.03433904,97.9523673
8788,98.03436314,97.95241282
8789,98.03438057,97.95243162
8790,98.03626665,97.95305265
8791,98.03628972,97.95307508
8792,98.03630664,97.95310839
8793,98.0363333,97.95312455
8794,98.036382,97.9531638
8795,98.03717253,97.95318325
8796,98.03719867,97.95322811
8797,98.03722379,97.9532535
8798,98.03779182,97.95357705
8799,98.0378154,97.95359321
8800,98.03783181,97.95362355
8801,98.03786872,97.95364367
8802,98.03793947,97.95370798
8803,98.037961,97.95372283
8804,98.04440209,97.9566743
8805,98.04442054,97.95669343
8806,98.04499831,97.95675709
8807,98.04510238,97.956796
8808,98.04513314,97.95682833
8809,98.04514699,97.9568778
8810,98.04521056,97.95692793
8811,98.04524849,97.95696124
8812,98.04550585,97.95729303
8813,98.04553405,97.95731447
8814,98.10586566,98.05850971
8815,98.10588156,98.05852719
8816,98.10593641,98.05856412
8817,98.10596461,98.05857897
8818,98.10601229,98.05862679
8819,98.10603074,98.05863965
8820,98.1060451,98.05866175
8821,98.10607278,98.05867593
8822,98.10639473,98.05873365
8823,98.10641729,98.05874816
8824,98.1070089,98.05994076
8825,98.10703043,98.05996285
8826,98.10708734,98.05999847
8827,98.10710938,98.0600143
8828,98.10713758,98.06004069
8829,98.10721499,98.06007862
8830,98.10724934,98.06010731
8831,98.10728625,98.06012512
8832,98.1073083,98.06015414
8833,98.10732675,98.0601736
8834,98.10737597,98.06021615
8835,98.10743133,98.06023429
8836,98.10744774,98.06025803
8837,98.10747235,98.06028838
8838,98.10792246,98.06034016
8839,98.10794502,98.0603583
8840,98.10800603,98.06038006
8841,98.10807985,98.06041667
8842,98.10813009,98.06045394
8843,98.10815368,98.06047307
8844,98.10818033,98.0605011
8845,98.10821058,98.06055124
8846,98.10827723,98.06058916
8847,98.10831004,98.06061258
8848,98.10833208,98.06063633
8849,98.10835156,98.06065084
8850,98.10840949,98.06069206
8851,98.10842898,98.06071548
8852,98.1085233,98.06080189
8853,98.10853817,98.060823
8854,98.10862584,98.06085301
8855,98.10865455,98.06086884
8856,98.10867762,98.06089457
8857,98.10870274,98.06091205
8858,98.10875452,98.06096779
8859,98.10878476,98.06119305
8860,98.10880732,98.06121844
8861,98.1088268,98.06123262
8862,98.10884526,98.06126297
8863,98.10886423,98.06127913
8864,98.10888781,98.06131145
8865,98.10893292,98.06133124
8866,98.10898829,98.06136026
8867,98.1090129,98.06138005
8868,98.10904058,98.06139852
8869,98.1090616,98.06141732
8870,98.10909646,98.06224119
8871,98.1091144,98.06226526
8872,98.10913286,98.06228868
8873,98.10915183,98.06230187
8874,98.10988442,98.06245227
8875,98.10990595,98.06247074
8876,98.1099403,98.06249811
8877,98.10995466,98.06251427
8878,98.10997875,98.06255616
8879,98.10999362,98.06257298
8880,98.11002643,98.0626086
8881,98.11004027,98.06261948
8882,98.11008949,98.06265708
8883,98.11010846,98.0626772
8884,98.11912875,98.06275338
8885,98.11915438,98.0630324
8886,98.11918309,98.06307
8887,98.1192077,98.06308946
8888,98.11927588,98.06313563
8889,98.11929639,98.06316334
8890,98.11934663,98.06320193
8891,98.11937482,98.06321446
8892,98.11939584,98.06326228
8893,98.11943737,98.06327976
8894,98.11946864,98.06331703
8895,98.11949633,98.06333913
8896,98.11950863,98.06336848
8897,98.1195481,98.06338497
8898,98.1196291,98.06374974
8899,98.11965115,98.06376656
8900,98.11966704,98.06379559
8901,98.12001258,98.06381274
8902,98.12004385,98.06384605
8903,98.12008281,98.06386485
8904,98.12012895,98.06389519
8905,98.12014638,98.06390475
8906,98.12026122,98.06394598
8907,98.12028121,98.06396313
8908,98.1203012,98.06399017
8909,98.12034529,98.06402546
8910,98.12036529,98.06405548
8911,98.12039092,98.06406801
8912,98.12221549,98.06414914
8913,98.12223292,98.06416267
8914,98.12227854,98.06419796
8915,98.12230007,98.06424281
8916,98.12231392,98.06427579
8917,98.12233237,98.0642936
8918,98.1223498,98.06437506
8919,98.12237339,98.06439386
8920,98.1223903,98.06442388
8921,98.12241183,98.0644463
8922,98.12249847,98.06447928
8923,98.12252052,98.06449742
8924,98.12256512,98.06452348
8925,98.12258614,98.06453766
8926,98.12260562,98.06456602
8927,98.1226333,98.06464617
8928,98.12358378,98.06468608
8929,98.12360941,98.06470257
8930,98.12366222,98.06473093
8931,98.1236858,98.06475072
8932,98.12376885,98.06481272
8933,98.12378628,98.06483779
8934,98.12380884,98.0648744
8935,98.12382883,98.0648899
8936,98.12385395,98.06492024
8937,98.12387446,98.06493178
8938,98.12394521,98.06496872
8939,98.12397443,98.06498785
8940,98.12400057,98.06503897
8941,98.12402006,98.06505612
8942,98.1240503,98.06513
8943,98.12408055,98.06515111
8944,98.12412003,98.06517716
8945,98.12413643,98.06520124
8946,98.12421128,98.06524741
8947,98.1242282,98.06526456
8948,98.12425691,98.0652982
8949,98.12427741,98.06531601
8950,98.12430817,98.06534998
8951,98.12433637,98.06536812
8952,98.12435534,98.06549081
8953,98.12437687,98.06551555
8954,98.12443275,98.06555744
8955,98.12447274,98.06558613
8956,98.12449376,98.06560658
8957,98.12451221,98.06562142
8958,98.12454348,98.06566265
8959,98.12456707,98.06567848
8960,98.12461526,98.06574642
8961,98.12463576,98.06577445
8962,98.1246819,98.06580842
8963,98.12469882,98.06583217
8964,98.12473727,98.06585558
8965,98.12475726,98.06587109
8966,98.1247788,98.06589945
8967,98.12481571,98.06591825
8968,98.12483724,98.06594562
8969,98.12486646,98.06596541
8970,98.12491824,98.06600763
8971,98.12493823,98.06602379
8972,98.1249613,98.06606534
8973,98.12499668,98.06608645
8974,98.12503769,98.06611647
8975,98.12506691,98.06613526
8976,98.12508844,98.06615703
8977,98.12513305,98.06617352
8978,98.12518226,98.06621013
8979,98.12521558,98.06623157
8980,98.12529146,98.06626884
8981,98.1253094,98.06628764
8982,98.1253335,98.06632458
8983,98.12535862,98.06633942
8984,98.12538733,98.06637009
8985,98.12541398,98.0663968
8986,98.12546935,98.06644628
8987,98.12550062,98.06646442
8988,98.12555035,98.06650894
8989,98.12671768,98.06654555
8990,98.12673511,98.06722826
8991,98.12677613,98.06726784
8992,98.12679048,98.06728993
8993,98.12680791,98.06798682
8994,98.1271191,98.06802211
8995,98.12713807,98.0680386
8996,98.12717805,98.06807191
8997,98.12719754,98.0681016
8998,98.12721702,98.06813986
8999,98.12723957,98.06815536
9000,98.12726059,98.06818735
9001,98.12729494,98.06820714
9002,98.12736261,98.06824375
9003,98.12738363,98.06826881
9004,98.12761689,98.06832587
9005,98.12764765,98.06834368
9006,98.12766867,98.0683671
9007,98.12768713,98.06837897
9008,98.12770661,98.06841789
9009,98.12915334,98.06893833
9010,98.12920102,98.0689911
9011,98.1292287,98.06901254
9012,98.12925844,98.06919822
9013,98.12928202,98.06921207
9014,98.13042218,98.0692589
9015,98.13045909,98.06927803
9016,98.13047191,98.06930376
9017,98.13049293,98.06932454
9018,98.13054009,98.06939808
9019,98.13057598,98.06942051
9020,98.13060776,98.06943997
9021,98.13061802,98.06946108
9022,98.13067441,98.06949241
9023,98.13069697,98.06950725
9024,98.1307185,98.06953364
9025,98.13074926,98.06955211
9026,98.13089639,98.06961444
9027,98.130921,98.0696339
9028,98.13094458,98.06966919
9029,98.13096612,98.069687
9030,98.13100046,98.06973515
9031,98.13102763,98.06977902
9032,98.13106403,98.06980507
9033,98.13108762,98.0698242
9034,98.13208782,98.06993897
9035,98.13211038,98.06995547
9036,98.13213755,98.06999306
9037,98.13215805,98.07001252
9038,98.13313519,98.07012862
9039,98.13315928,98.07014511
9040,98.13320286,98.07016753
9041,98.13322183,98.07017974
9042,98.13329104,98.07021041
9043,98.13332487,98.07023185
9044,98.13339818,98.07041687
9045,98.13341767,98.07050757
9046,98.13347355,98.07054616
9047,98.13350636,98.07061344
9048,98.13354378,98.07085288
9049,98.13356377,98.07087366
9050,98.13360479,98.07094556
9051,98.13363093,98.07096798
9052,98.13520839,98.07108606
9053,98.13522531,98.07110684
9054,98.13658797,98.0712292
9055,98.13662283,98.07124635
9056,98.1366459,98.07128229
9057,98.13666435,98.07130208
9058,98.13670793,98.07134628
9059,98.13672946,98.07135947
9060,98.13674997,98.07138454
9061,98.13676176,98.07140037
9062,98.13678227,98.07146666
9063,98.13682584,98.07149568
9064,98.13685507,98.07153229
9065,98.13688275,98.07154548
9066,98.13694734,98.07158902
9067,98.13696683,98.07160485
9068,98.13698528,98.07163025
9069,98.13700425,98.07164575
9070,98.13752768,98.07171468
9071,98.13754049,98.07173216
9072,98.13755792,98.07176448
9073,98.13758202,98.07178163
9074,98.13821157,98.07189904
9075,98.13823105,98.07192642
9076,98.13832487,98.07197523
9077,98.13834537,98.07199205
9078,98.1383869,98.07204317
9079,98.13841663,98.07207021
9080,98.13843509,98.07209396
9081,98.13845508,98.07210814
9082,98.13850379,98.07317805
9083,98.14040115,98.07318893
9084,98.14042524,98.073245
9085,98.14043704,98.07326149
9086,98.14047856,98.07328886
9087,98.14050368,98.07331063
9088,98.14052675,98.073339
9089,98.14055597,98.07336439
9090,98.14060878,98.07340859
9091,98.14063236,98.07342244
9092,98.14065338,98.07345344
9093,98.14067491,98.07347422
9094,98.14070157,98.07353358
9095,98.14074053,98.07355601
9096,98.14076309,98.07359295
9097,98.14078667,98.07360878
9098,98.14083999,98.07364902
9099,98.14087382,98.07376049
9100,98.14089587,98.07378457
9101,98.14091022,98.07380304
9102,98.14244923,98.07415726
9103,98.14247538,98.07417375
9104,98.14251178,98.07419617
9105,98.1425369,98.07422058
9106,98.1426261,98.07425422
9107,98.1427112,98.07427467
9108,98.1427353,98.07430204
9109,98.14275017,98.07432612
9110,98.14277067,98.07435119
9111,98.14279272,98.07437295
9112,98.14282143,98.07441484
9113,98.14284757,98.07443331
9114,98.14289986,98.07446794
9115,98.14291781,98.07448839
9116,98.14297061,98.07454445
9117,98.1430024,98.0745804
9118,98.14303469,98.07462097
9119,98.14308083,98.07470243
9120,98.14310032,98.07473344
9121,98.14311826,98.07474696
9122,98.14317158,98.07479148
9123,98.14319259,98.07481754
9124,98.14325411,98.07488053
9125,98.14327257,98.07490197
9126,98.14330077,98.07493264
9127,98.14332948,98.07494452
9128,98.14334793,98.07497387
9129,98.14336639,98.07498541
9130,98.14350737,98.07503752
9131,98.14352839,98.07506061
9132,98.14355453,98.07509326
9133,98.14358427,98.07511008
9134,98.14362015,98.07514141
9135,98.1436463,98.07515592
9136,98.14366527,98.07518363
9137,98.14368372,98.07519979
9138,98.14382266,98.07524794
9139,98.14384778,98.07526509
9140,98.14386111,98.07529873
9141,98.14387905,98.07531258
9142,98.14393134,98.07534919
9143,98.14395646,98.07536535
9144,98.14413077,98.07539174
9145,98.14415025,98.07540394
9146,98.1442051,98.07544979
9147,98.14423176,98.07546957
9148,98.14424817,98.0754953
9149,98.14430558,98.0755141
9150,98.14434403,98.0755451
9151,98.14435993,98.07556159
9152,98.14438095,98.07559259
9153,98.1444076,98.07560348
9154,98.1456344,98.0758538
9155,98.14565594,98.07587194
9156,98.14568208,98.07590064
9157,98.1457072,98.07591218
9158,98.14573335,98.07594417
9159,98.14575642,98.07597188
9160,98.14644441,98.07638579
9161,98.14649465,98.07640624
9162,98.14653464,98.07645703
9163,98.14655104,98.07646758
9164,98.14656847,98.07650089
9165,98.14660231,98.07651606
9166,98.14663153,98.0765441
9167,98.14683096,98.07675419
9168,98.14684634,98.07684126
9169,98.14687095,98.07685907
9170,98.14693657,98.07690194
9171,98.14699911,98.07692734
9172,98.14713292,98.07699132
9173,98.14715188,98.07701903
9174,98.147177,98.07752364
9175,98.14721187,98.07754343
9176,98.14722878,98.07757146
9177,98.14725595,98.07759817
9178,98.14731696,98.07764864
9179,98.14733901,98.07766842
9180,100,100
