19468
16645
17343
17533
14768
19593
15418
18050
16942
15139
15611
16773
17273
15192
16898
14942
19707
21135
20963
21739
18591
17679
16778
19631
16686
15387
15651
18324
17455
18311
16963
18734
18471
16512
20273
16723
14578
16458
15623
19152
15668
17320
15499
17956
15446
18169
16092
24009
18203
14428
18527
15710
15040
14846
17206
16113
15637
15899
15679
17563
13964
15541
15996
15880
17043
15208
15482
15521
16330
16340
13568
15441
15669
16126
16763
15079
16234
14949
15534
16934
16833
14615
15896
15963
17071
15743
14282
15402
15166
16320
19165
15907
16564
15136
18065
19357
16530
16772
29410
23812
17702
17991
15704
16050
17137
15334
18437
16198
15311
15264
16639
16850
16643
13917
15454
17276
15180
17039
14952
15930
17104
14883
17406
17849
14951
17944
16271
16457
19237
15885
16370
17992
15382
21086
15891
15926
16789
16856
16113
18129
14747
16024
16088
16704
19395
15462
16496
18074
16287
21209
17681
16907
18641
16955
21034
22755
19364
19919
16561
17810
19601
16156
16057
17095
15181
20627
16724
15340
16514
14881
17143
20171
15658
15863
16972
16423
17932
18043
16599
17745
15480
20135
21021
15590
17384
15366
17270
20916
17380
15769
16140
14339
18507
17665
14728
16622
15355
18735
19160
14879
15629
14921
14413
28995
18728
16366
16478
14870
19147
18323
16839
16672
15133
22534
17620
15695
15271
17965
18072
19055
16563
16232
16798
17320
20420
17695
16178
17054
15936
19291
27409
27676
16346
15996
16784
17856
15832
15793
16825
15835
20513
17235
15726
16431
17299
18046
19040
17943
16203
17271
16060
18957
17108
16492
16831
16246
20152
19104
15959
15566
16794
16694
18438
17733
17395
17352
16478
19934
17077
18014
17447
16295
19560
15833
17601
17285
18080
16535
18596
17163
16692
16908
15683
20563
17127
17517
16681
17443
18570
18722
16492
17782
19543
19502
18975
18526
17068
17977
16006
18177
17443
15448
16287
15829
17933
15506
16928
16838
16101
17971
15842
16282
16355
16446
16451
19048
17189
15431
17035
15784
15971
13822
16242
15478
17297
15529
16887
16923
15992
15840
16456
17833
16515
15684
17606
16374
15774
17104
16585
16963
16267
15442
17349
15570
18237
16152
14965
17104
16505
17145
18560
16119
17919
16758
17479
17474
15929
17320
18309
25073
18914
17719
16474
18365
16767
16852
26684
26484
21258
15737
15187
17580
14524
16917
15842
16229
18992
14584
15998
18483
15923
18427
17963
14973
18328
15759
16184
19497
15765
17878
18071
16740
18838
15918
15961
19531
16447
17567
18960
15341
17902
16513
16878
19118
15457
16228
16981
16721
19546
16404
15459
18581
16924
17216
20139
16135
17356
17460
17900
20725
16295
16608
19652
17520
17997
18973
16768
16397
17415
17730
20479
16132
17528
16765
15851
15654
14516
16100
17630
16077
16860
15540
15276
16413
16265
17159
15407
15647
15575
17517
16624
17154
15827
15019
16706
18600
17034
15736
16378
16303
16692
17961
16479
15773
15628
15519
17690
16044
16041
15435
15345
15965
16814
14980
15838
14482
15186
15355
15650
17959
14756
14918
15818
14591
17614
15881
15372
16405
14982
15751
16727
15041
16136
14677
15674
16826
13922
16664
14255
15935
16522
16378
14872
17361
14603
16859
27859
25759
21008
15612
16661
19967
15959
16268
24648
20921
18707
18948
16596
18662
15621
16362
19599
17159
17632
15644
14544
18857
15609
15055
17764
14916
17803
17556
14942
18334
15138
16919
19075
15382
15346
18345
15229
18563
17952
16263
18402
15496
17422
15804
18584
15535
16334
20233
15933
16104
18139
16323
17995
18005
16693
18266
17192
17778
20068
15511
16441
17552
15468
18694
16776
15786
18984
15840
18490
19662
19940
28326
24938
26043
28810
24647
24402
23763
19949
17232
16956
15519
17387
15851
16486
18389
15289
15780
15629
15101
17492
16470
15218
17216
15491
17139
17726
15656
17523
15743
17521
15347
14967
16327
15810
15938
17209
15149
17533
16563
15457
15342
15886
15240
17574
15912
16089
16870
17244
15904
15916
17737
15613
16756
14627
14683
16246
15603
17351
15480
15582
16176
15046
18295
32079
19420
14811
16315
16511
15879
16289
15242
16794
14904
17519
19028
15327
15340
14708
18158
16206
17682
15816
15335
17865
18429
18534
15349
15741
17710
18227
29237
17785
16246
15911
19315
17456
18560
16216
15805
16682
16849
18566
15940
15315
18574
17182
18040
15703
15431
16916
17979
19222
15834
16815
15182
19028
18222
18015
15479
15730
17772
19531
18830
15381
14976
16882
19232
19151
18277
15986
15986
19593
19013
18685
16208
15815
17382
18889
19440
16381
15738
16007
20345
19178
18674
16645
16653
18187
18663
20159
15595
16648
16874
19141
19245
18046
16421
16231
19561
18793
18755
16261
16493
17004
21015
18670
16627
15831
16310
19513
20131
18473
15977
15373
18870
16568
19916
15699
16805
18541
17968
19276
16283
16357
16217
19474
16050
19062
16998
16580
18419
16840
19207
18040
15935
18574
22364
21084
16774
19929
16630
20700
16587
16837
19565
16123
17166
17975
16456
18531
16052
17338
16862
17200
16641
19114
18271
17686
17637
16592
20451
17940
18043
16185
15790
16731
19331
19085
16353
16515
15858
23028
17309
19603
18461
16158
18521
20053
18997
16956
16294
16892
19482
19827
18121
16752
22657
18706
18792
16458
16308
17608
20194
18857
18383
15894
16445
19518
19386
21241
15567
15749
18215
16745
18712
15475
14556
17356
19012
19590
17920
17804
15563
19490
17751
19738
17161
16923
17165
18204
18578
17660
16813
15580
19192
17103
17983
16682
15833
18368
18553
16870
17548
15744
17063
18447
17131
16980
16903
15891
19409
17392
16939
16846
15720
17911
19605
18019
17139
14763
15607
18372
16101
16048
16076
16701
15278
15983
17421
16158
15416
16612
16416
15723
17268
15071
17573
16716
15878
18487
15539
16984
18566
20465
18000
16134
14888
17825
17527
18123
17838
16544
17470
17782
15688
18755
16877
18720
17428
17332
18490
18246
15632
17025
18151
16493
17284
16830
17001
19233
15211
17616
17368
15672
18630
18272
17297
17749
16301
16875
18769
16265
18300
16939
16615
18277
17625
17553
17803
15727
17083
20142
16364
18596
18232
16210
19208
15083
17903
16681
16535
17523
16662
17363
17115
15585
16255
19775
16316
20704
15361
15329
20209
14914
17565
15633
15063
16626
19312
18293
14922
14889
14070
20178
15950
17497
14915
14908
19233
16584
17730
15908
14957
16839
19989
17344
17095
16639
15855
20623
18146
18438
17307
16126
17449
19060
18670
16433
15056
16739
20817
15634
16882
15515
15580
18750
16094
15562
15315
18774
19781
18058
15566
14542
26840
24754
16886
15469
15595
17212
21428
26155
21463
15459
15585
15545
22364
16079
15583
15494
15617
19187
19119
19219
20878
15097
15293
19126
14997
15577
17357
15882
18059
16861
15815
17142
14876
17017
19179
15931
15681
16486
17689
19697
15750
16794
16977
16333
17685
18472
14989
17093
15389
16388
19542
16182
16712
15642
17594
19678
16802
18057
18060
17152
17022
16619
15757
17771
17087
17642
17217
15061
19033
15681
17383
18623
15013
17503
15831
17329
17263
16384
15337
17808
15535
20421
17261
15316
17159
15934
17897
17113
16093
16509
16808
18017
16720
16694
15371
18129
15192
20257
17232
14952
17117
15430
17740
17828
14985
15476
18153
15671
18683
16740
15649
18106
49215
18247
16867
15508
17912
15244
18034
16712
15282
16374
16202
17560
16350
15514
14960
17612
15050
16863
16443
14699
17677
17088
16163
16703
14331
15469
19159
16302
16483
16915
15412
19690
16738
17721
17721
15218
19309
16886
17211
16937
15922
15574
20717
18048
20951
17063
15851
18600
17951
17133
17624
15668
17290
18205
15826
16919
16978
15951
19449
16265
18940
15969
15996
20973
15325
18049
16875
16672
17715
17644
15358
16489
15093
15159
20063
15885
17209
15558
15119
19560
16103
17115
15069
16927
16800
20020
16241
16248
15457
15434
20174
16858
16596
15843
16585
18879
18543
18548
16857
15668
16477
21401
17435
17840
15981
14996
20692
17426
19095
15685
15704
17719
19129
16658
17494
15433
16900
19820
17769
16945
16469
16331
23397
17586
18530
16834
17170
19566
19192
17275
16748
16690
16177
21863
16364
18113
16561
16345
21810
18344
17459
16273
17723
17942
18806
15432
16816
16877
15111
20002
15601
16655
16313
17648
19244
18266
17548
17318
17564
15635
19785
15856
17948
17141
17230
20663
16509
18396
15665
17824
18661
16888
17099
15365
16959
18007
19905
20168
17350
18978
15490
17599
15589
17247
15648
19385
16341
15570
15964
15982
20562
16260
17984
16254
16341
19348
17900
18925
17131
16092
16711
21803
18213
16875
16082
16086
20482
16693
17156
14948
15169
18972
16404
17117
16954
15132
16434
20912
18531
17850
16201
15723
19634
17092
16525
16272
16328
17399
20416
17198
16593
15310
21927
17305
16260
15716
15128
19330
17853
17573
17538
15970
17107
20670
17471
18076
16164
15997
21116
18218
18351
16688
15737
20075
17242
17279
18031
16161
15140
21749
18127
18130
17071
16408
20435
17855
18477
16923
15953
17948
21604
17467
16445
15903
15623
21054
17067
18637
17460
16119
20452
19909
18302
19597
16895
16093
22313
18714
17764
17069
21021
20150
18912
22084
22962
16108
20917
19771
17580
16414
15959
19202
18371
16368
16767
15544
18083
19114
18036
17279
16363
16921
21079
18439
17874
16442
16640
18935
19737
24690
31275
19351
18428
19547
19495
17182
17030
17490
18824
19143
18004
16629
15171
16747
17086
18302
15792
15442
16064
17878
16475
16846
15634
16005
17037
19191
17475
18812
16089
19250
18558
16535
18442
17113
16348
20311
16668
18924
16896
16737
17875
20481
19002
17232
16877
18474
20280
17721
18478
17757
17057
18265
19130
18719
17164
17224
17566
20429
17686
18771
17262
17593
20646
15781
19098
17707
16751
17633
18299
17773
17658
16266
17065
19735
16604
16790
17461
17759
18298
18749
18635
18408
16071
17719
20639
18572
18035
15630
17329
19447
18268
19092
16261
16901
18361
17778
20296
17331
16748
18129
20292
20293
17149
16679
17705
19511
19251
17789
17370
15725
18113
19491
18876
16643
15228
15003
19923
18101
16648
15334
15260
16420
16344
18032
17652
15109
25373
17021
19062
17644
15112
14409
16395
17272
17060
17522
14572
16350
15329
16542
20740
26589
22298
16651
15309
16561
14137
14616
17223
14353
13563
16770
14365
16624
16515
14964
15530
14497
16306
17156
13720
15520
14328
16457
16914
15733
14509
15578
15565
17762
15529
14047
16887
14409
18468
15482
14778
16113
15351
16221
16765
16436
15393
17567
17675
17145
16311
15437
16547
13881
18250
15055
16394
16383
16481
17224
17438
15588
15210
16694
15577
18217
15356
15645
16887
14579
18230
14952
17324
14351
17527
16345
17003
15403
15408
17185
17597
17551
14469
15368
16542
16923
16304
17052
15290
14424
17026
17212
15252
16184
14405
17665
16978
17209
15963
14065
17775
16437
17244
14505
16267
16233
17011
16354
17131
16588
14302
16876
16344
17847
16174
14645
17252
15303
18183
15697
15525
13878
17167
16794
17146
16372
14693
17059
18207
17265
15578
15101
16013
17054
15291
15505
15409
14334
16829
15180
15289
16488
14391
17317
25775
19108
27849
20059
14610
16975
16775
15580
15598
14691
17198
14435
17634
15190
15853
16686
15247
15695
14298
15344
15881
14413
16325
16038
16500
13952
16792
15684
15652
17442
14499
16042
16728
15764
15985
15856
15798
16305
15885
16480
16926
14305
16487
16783
16041
16173
16656
16125
17600
16542
16239
14096
16612
17130
15660
17162
14433
15885
17391
15315
15451
15132
15115
15740
16982
15663
14673
13842
15153
17079
14867
16297
15153
14892
16044
16236
17205
15854
16548
15858
15632
16330
18528
14539
14877
17573
15233
16514
15907
16425
15398
17698
17612
15701
13512
15171
18554
14974
17706
14976
14679
17996
15652
17222
15956
13804
15083
17208
17244
16419
14548
14141
17825
14988
17315
16638
14725
16707
14161
17084
17542
14228
17671
13849
17807
18567
15358
15981
18455
17041
17928
16521
14638
18732
16007
16180
19679
17258
16692
15952
18190
29495
23756
15015
14005
16053
15193
19667
13909
16006
16130
14817
22800
21383
15764
15915
14290
17036
18194
14594
16398
15464
15107
20425
14746
13922
17490
14688
18816
14445
14536
16518
15085
15921
18865
15205
15663
15758
15024
19914
13561
14217
17006
14318
17663
15222
14384
16528
13881
16718
18092
15246
14362
15729
14894
19355
13833
13962
16774
14248
16769
16498
13503
14906
14841
14607
18862
13232
13996
15394
14767
18701
13537
13538
15540
14136
16104
17488
13559
14460
14523
14716
18328
13877
13867
16029
14255
17830
15810
14154
16637
14441
15687
18415
13553
14586
16307
15167
17938
14374
18885
18817
15277
16847
18048
16312
17891
16034
16184
17338
16796
16504
15834
15786
17734
15807
15529
16716
15617
16567
18849
16263
15989
15968
16017
14499
17150
16879
16789
16564
16298
32355
24109
17071
15389
16839
17811
17450
18064
16574
15437
16767
18016
18417
17043
17165
15211
19068
16575
16282
15258
18526
17295
20240
16823
15797
16858
15152
19977
19410
15576
16806
15632
19321
18029
20980
21584
16129
16085
17702
18935
15158
15847
14936
19121
18640
15101
15748
15103
18380
18073
17245
15610
16703
16094
18520
19327
15736
16616
15315
19695
18745
15438
16570
16535
19446
18768
17071
15748
16605
18143
17099
19077
15109
17308
15717
18146
19820
15401
15660
17186
16659
18609
17250
15313
17108
16584
16867
18383
13888
15628
14326
16063
17848
14407
13583
15678
15457
15432
15802
13783
15341
14317
16352
15340
13879
14059
15367
15012
14304
15378
13410
14833
14571
13617
14248
14491
14631
13722
15537
13420
15194
14765
14991
15262
14789
13859
16029
15580
14766
13736
15464
16004
15545
13858
23312
27359
15680
15285
15382
13978
14626
15290
16878
15710
14445
15498
15307
16339
16980
13835
13821
15734
16803
16499
14844
14386
16683
17017
17524
15301
14506
15189
15823
17336
15433
14070
14276
17060
16657
16263
14875
13811
17898
15977
16934
15797
15064
15654
15629
15807
17055
14298
14233
15530
16806
16117
15067
16238
24076
16399
16338
16171
15002
15129
15574
17705
17330
14987
16069
15529
18184
16987
16842
14912
15421
17913
15484
15950
14822
16218
15994
15808
16767
14264
14203
16325
16936
15091
15396
14738
15580
17307
17094
16355
14663
16455
16946
16259
17682
14016
13513
15418
19459
16266
16125
15531
16040
17040
17552
15622
14268
14985
16150
17694
16061
14159
14079
15819
16535
16495
15649
13864
14407
15761
16754
15640
15051
13842
15762
16725
16091
15130
13896
16982
28261
24585
15812
13276
13498
15963
15991
15536
14042
13690
15238
14787
15646
14988
14530
14012
16891
15437
14931
13554
14856
14748
14329
15684
14796
16296
14502
15153
15376
14935
16167
14306
16459
13833
15628
14296
16802
15255
15537
16310
15281
15640
15076
16409
14904
14612
14505
15663
14460
14799
14534
14967
15883
13675
16924
14732
14995
14623
15978
15901
15902
17235
17408
15520
14019
16234
16442
14848
16217
13684
16075
15796
15168
16658
14953
15666
19654
24587
15176
16628
13918
18463
16250
14926
16170
13982
17949
15317
14934
15171
15417
13975
18968
15441
14475
16647
13659
17429
16018
15233
16673
16503
13398
20474
15408
15367
17654
14100
18689
15057
15308
15786
15085
16475
16104
15798
16157
15889
14046
17620
14841
15037
16371
13572
17582
15280
14991
16564
15117
15171
16086
14752
16115
14333
14403
15845
23496
23293
20555
13439
14693
17835
13720
15333
14003
14310
17355
15857
17255
20915
19304
15002
17879
14486
14945
12947
14150
18039
13302
14570
13240
14154
16539
14627
13061
14623
12796
15713
16963
13475
13989
12665
14034
16589
14072
12948
13893
13456
14238
15462
12841
13943
12390
15189
15088
12896
14811
12895
14391
15028
14671
12866
13991
12336
15015
17776
15411
17967
16226
19296
16903
17916
18108
19035
24617
27237
20124
12558
14232
13007
15745
12880
14527
14427
12456
17806
15219
14542
13230
14243
13003
15904
13059
14410
15473
13525
15569
13975
14857
13891
21043
17721
15703
13418
14525
14407
13518
15396
14544
14673
14388
13153
14499
15267
13445
13231
13942
13499
15816
13109
14350
14370
13134
14452
14564
13219
14879
13672
15015
14229
13308
14461
15031
14286
16235
13344
15688
14806
13943
16111
15490
13533
13938
14983
19608
32423
17204
13273
14660
13756
15944
15151
13974
15208
14146
15253
15734
15375
13698
14310
14948
17302
15894
13670
14356
13133
18522
15548
14309
13859
14641
14109
16201
13865
14763
14036
20576
16466
14911
14924
13901
15596
17652
15325
12891
14685
14789
18572
15167
14713
14566
13764
18165
15315
14781
13331
15226
14521
18119
15325
15503
14718
13424
22576
21387
19840
20186
19598
22405
23167
23575
35386
36980
32268
30494
26687
15843
15026
14279
16627
15938
14283
14269
14846
13378
18498
14278
15288
15796
13446
16916
15848
15828
14989
14078
14901
18116
15854
15214
14875
13632
17563
14505
14941
13765
13673
18834
14940
15058
15573
13681
17949
26359
16017
15638
14292
14889
16259
14805
14686
15619
13624
16077
15049
14776
13668
13106
15991
15168
15144
19486
26753
16521
14032
14602
17540
13985
14650
16605
15264
14827
16806
13262
16082
13997
15098
17558
15518
15781
13688
14741
15335
17298
14465
15743
14693
15524
16302
14194
16023
13057
14751
15306
15291
16295
13454
14071
15070
17675
13255
15833
13787
14207
15475
14245
14554
14864
15283
14751
16321
14686
14474
13519
15714
17827
14444
16255
14975
15697
16645
15669
15444
15595
15140
15017
18010
15008
15182
14355
15530
17831
14993
15640
15500
15071
15758
16276
14798
15068
15277
16357
16125
16272
15414
16260
16884
17215
14514
17026
15084
15383
16994
16058
15134
15692
16236
16241
15030
14975
16384
15662
14189
17270
15981
15741
15078
15472
16714
15359
15584
16353
15468
15222
17347
15458
15333
14593
13633
15617
16168
17758
15072
14115
15539
15758
16226
15770
13777
25595
25282
16216
14903
15662
14252
14752
20167
26405
15069
14494
13981
17468
18986
15712
14655
14863
17264
16670
16078
15257
13940
14470
19727
15194
16489
13827
13364
20297
14727
15127
13495
13609
19272
14231
14955
14735
13686
15260
17970
15983
14987
14342
13077
19852
14929
15968
13674
12986
17485
16502
16326
14333
14555
15062
20194
15060
16483
14406
14719
19421
15985
18393
14418
13769
15892
18005
18687
14911
14186
14188
18652
18247
16366
14986
13422
17830
17085
16424
14189
14259
15231
19295
16163
15560
14757
14183
18901
16620
17929
13975
14775
18613
17241
17106
15495
15490
15898
20150
15712
16024
14005
14137
18289
15791
16692
13587
13397
18169
14769
17022
13915
13284
18068
16346
16179
15616
13603
15507
17540
14448
15181
13835
13699
17753
15755
17985
26303
21986
15558
16314
17151
15773
13554
14031
16525
15490
17644
13928
14248
14453
13623
17243
15746
13758
13222
17270
14469
16029
13288
12793
14533
15054
17012
14127
12827
12637
15648
15100
15260
13037
13405
21599
20153
13780
14273
12690
13332
15785
16884
14393
13560
13230
14350
16701
16407
13452
13285
14331
17134
18237
14401
14266
13513
17304
17880
17179
14562
15332
16194
18083
15103
14635
13779
16083
16598
16744
13712
13959
15217
17365
17514
13782
14044
13614
16306
17101
15662
13490
13166
16009
17373
16347
13567
13989
14086
16167
18276
13545
13450
13478
16891
16807
16066
13796
14357
14660
16281
15883
13764
13610
13241
15916
16605
14274
13175
13218
14173
16527
16307
13359
12791
14177
16043
18850
13735
13842
13064
15380
16843
16084
13677
13447
14498
16408
21568
27963
17736
14452
16011
17564
14403
13700
12724
14644
15955
14949
14732
13711
15376
16034
14614
15516
13525
13426
14319
15511
15263
14332
13509
13288
14337
14555
16350
13425
13152
14753
14336
17826
13006
12453
14726
13666
14375
17803
12548
14596
13992
13515
16824
13723
17960
15407
14114
17060
16137
14363
16564
15320
14079
18759
14809
17793
14885
13893
18094
21412
19103
17883
13873
13962
19886
14060
17037
15144
14941
19293
15533
16748
16537
14100
18127
16183
14130
16724
15828
14222
19776
13980
16243
15087
15583
19119
18838
19391
20477
17644
21941
18972
20775
17070
14203
18073
15454
14305
17896
13898
13599
18711
14970
16221
15067
15076
18227
15793
13549
17816
14306
16624
16998
13654
16389
15289
14250
19132
15154
17061
15229
13937
17870
15846
14890
16758
21998
25174
20280
14369
16187
15991
13889
17250
14300
17023
16258
14510
17022
16637
14364
18247
14158
14106
18185
12844
15930
14556
13575
14887
15130
13171
17239
12883
13943
16149
12664
15385
13374
13450
18783
13385
13942
13471
12890
15518
13102
14681
13510
13165
17708
13218
13168
14182
13288
17248
14968
14069
14202
13512
14642
18611
14182
13916
13799
14927
19074
16284
14285
13685
13552
19714
16696
14449
13806
14720
17317
18784
18604
14052
14018
15386
18441
18610
13887
13623
13582
18545
20052
14557
14427
14079
15604
31324
16569
13843
14091
13734
19132
19417
14344
15283
13837
17811
19351
15114
14091
14089
16350
16966
18268
13804
14235
14251
19511
19812
14198
13918
13904
16695
16893
18869
14766
14561
15296
20612
21174
15343
13552
13217
18418
19285
14333
13755
13469
16227
18133
16548
24441
24850
16280
15992
19182
14927
13995
13893
19853
19398
14906
14394
13808
16342
17341
18542
14460
13465
14951
17597
20440
14264
13480
13673
17157
17323
16600
13875
12951
15310
17373
18554
14515
13530
17131
24961
26060
21754
19875
20626
23497
25477
21717
24216
18218
15063
17950
19303
15127
14165
14037
18228
20031
14945
13513
13297
14796
18172
17805
14536
13621
13253
18242
20197
14494
15648
14305
17427
18166
16017
13898
13551
17412
18122
15032
16597
15271
17804
20785
22124
19723
17060
17860
21340
21524
19897
19255
17098
19093
20714
21528
18899
14839
13693
19463
17877
16431
14273
13713
17350
15643
16722
15600
13422
13622
18946
17711
14375
13743
13321
27048
19963
16527
15528
13825
16547
17060
17922
15233
14470
14175
17891
17699
17626
16428
13883
18616
16651
18025
15671
15964
26243
28529
16776
18106
15417
12809
17648
15835
18253
13979
14118
15571
16717
16631
16418
14857
12592
19073
17406
17581
17693
14960
16750
17513
17411
14324
13046
17659
17079
15266
15329
17154
17362
19538
17032
15562
17146
14148
19525
17708
14694
14837
16681
15930
18923
14622
16142
16414
13546
19579
16550
15869
13640
15257
16571
18630
14717
14523
15011
14028
19435
16441
15344
14663
14126
17103
18783
13818
14207
15160
14430
20868
14579
15025
14990
16112
19640
17850
14693
14721
15964
18045
20715
14637
14444
15316
15847
21108
16008
14579
13813
15041
18482
18762
13769
13771
16044
16409
19537
15330
14545
15773
15076
19641
18099
14214
14697
16183
17940
17919
15485
14800
15585
16155
20699
15310
14161
13925
15888
19950
16356
13479
18070
16054
20275
15792
13596
13764
17341
18402
15027
15890
19154
31536
17737
17378
15727
13467
23714
19203
17838
13720
15478
13539
16898
19311
15747
14399
12929
12951
19432
16760
13403
14152
12747
18534
18368
13996
16779
12979
14229
21029
15268
14304
15736
13362
19295
17334
13961
15496
13897
15817
19473
14422
13896
16847
14110
19834
16887
15765
16771
13919
18479
17891
14918
14056
15731
15120
18377
15494
15118
16468
13498
17513
17170
16086
15337
14438
16248
17835
16680
14382
16377
14598
18214
15266
15175
15720
14615
20485
16900
15893
15617
13941
17648
18467
15153
14928
16960
15425
19197
15561
15748
16908
14164
19155
16330
15462
17852
14142
15497
17208
14982
14993
15411
14555
18130
16803
14558
16837
13557
16709
17390
16214
16105
16387
16026
17639
15686
14980
16106
14005
17301
17993
14564
17048
13760
15905
17699
14685
15598
16321
14822
18375
16368
14833
16064
13760
17749
18346
14696
15243
22748
25478
22065
16421
16901
15492
15062
18782
17607
16335
17312
14950
19185
18106
15914
14951
15937
17647
19736
17111
24538
16077
14878
19075
17722
14764
15479
15262
19150
18548
14592
14096
15767
17188
19058
17673
14535
15885
15820
20190
18923
15608
14998
15341
19640
20224
16459
14568
15730
17078
18506
18128
15532
15343
13817
21008
18521
15989
14171
15824
17612
21066
17035
15092
16006
14692
21193
17998
15702
16090
15420
16346
21070
16605
15521
16731
14055
20708
16377
14981
14647
14122
17695
18710
17580
15484
13483
14172
22284
17592
19206
20975
19593
22662
22400
19471
19845
18280
19109
25112
22990
20869
20571
18983
19000
17666
14923
15625
14128
19125
18416
14087
15025
13832
16352
18928
16839
15269
13329
14190
18495
19106
13491
14926
13638
17063
19035
16197
15169
12907
14386
18677
16572
30032
19720
16256
17325
19055
14160
16519
15044
16471
18796
15733
16685
13861
15936
19504
16804
14723
15343
15459
17433
16477
15102
16378
13700
16987
17146
16912
16165
14538
17059
18134
18512
14316
16897
13851
19052
16339
16438
17271
13917
17635
18626
17053
15861
18338
23789
20205
18295
15399
17472
14393
18571
18415
16833
16721
15032
15632
19909
17157
16515
14205
15831
19334
17818
14373
15251
13595
18389
16992
17218
14192
14085
16553
18128
18234
15490
14515
14831
19830
15329
16847
14028
13596
17495
16974
16949
14498
14629
16574
18690
17007
15465
14007
14872
18426
17160
16939
13970
15098
16065
17242
16301
15174
12967
15274
17790
16091
16715
13361
14715
16102
18717
15740
14171
14603
16592
18168
17660
16692
13553
14748
19149
16620
16784
14021
15443
16099
22480
31530
16369
13996
16657
17766
15643
16673
13919
16194
16692
18976
16793
15246
16888
17183
17723
16088
16831
15356
17480
18724
17075
16880
16493
17533
18055
17727
16372
15965
17722
17225
17060
15961
15962
17029
16847
18375
15640
14853
18231
15456
17897
15204
15454
15970
17054
17072
18439
15563
13921
18967
15969
18374
17412
16460
20182
15466
19067
17393
15610
14986
17023
16213
19714
16273
15435
18898
16213
18291
16249
15983
25170
17843
16676
18656
14925
14350
17147
15570
17790
16026
14851
17506
14747
18399
16929
14819
14324
15680
15148
20312
14404
14404
15522
15656
18283
15606
14237
14577
14318
15638
18054
14076
14026
14567
15279
20270
19402
18442
20088
18942
22834
19601
18666
15420
15299
16904
17195
13639
16045
14377
15112
18710
13569
16572
15855
15239
18811
28058
24211
15500
17315
16366
16845
15415
14482
13887
14577
18240
14372
15276
15309
14504
16051
16883
15698
14899
14316
14510
18768
13801
16006
14228
14726
18055
14327
14739
13374
14804
14739
16163
13226
15139
13041
14544
17323
13400
14811
13355
14823
16020
15400
14550
14772
13332
17366
16600
14062
15058
13603
14786
17334
15167
13871
13603
14715
16896
14851
13736
13506
13614
14773
17143
15648
14298
13444
15463
17511
15227
13916
14205
14374
16434
15520
15911
13509
13442
16428
16588
16008
16307
13866
15108
14820
14984
16118
13391
13345
14838
16555
15926
13394
13312
14036
14787
23619
17413
13214
13672
14251
14817
15529
12925
13218
14477
15274
13197
16112
12783
14244
14452
15160
16466
13715
13877
15877
16882
13867
16994
14439
15141
15853
17135
16881
13640
23057
29319
17246
14866
17319
15039
17268
15998
17183
18116
14787
18109
16318
17516
17555
15104
15942
18913
17260
16818
14653
18952
15682
15956
17930
13567
16577
16670
15609
17329
16808
14434
19052
16332
17420
19238
13997
19626
17731
17136
17000
18589
14665
18727
16111
16281
19228
13844
19646
18689
17438
17144
17005
16107
19439
17350
17248
19422
14184
19804
16789
16845
17292
16394
17801
18232
18242
14711
16451
13916
19981
16158
17492
16212
16068
16922
18175
17324
15943
16208
16995
17495
17696
16884
15927
15634
17222
17679
17396
15178
16063
16420
17530
18106
15338
14953
13918
17221
17126
16769
15203
13509
16557
17186
13579
14934
14400
19680
16393
16251
15799
13886
17702
17452
18496
15166
15841
15424
16329
17204
17541
16025
14088
25272
22637
16654
14944
15115
16717
15908
20045
28471
22228
16208
17211
15581
14818
16100
14374
18575
16946
15556
15808
14977
18248
15714
16110
15328
16329
13371
18627
16641
15823
15788
15326
18640
14275
18055
14852
15516
15924
17005
17526
16732
15550
15075
20167
15927
19208
14258
16554
17222
17419
17303
16963
15377
18027
17885
16136
17067
15056
17486
63663
37752
17395
15559
17063
16651
17877
16353
17566
16594
18704
16789
17721
15981
16911
18732
17934
15411
17804
16355
16156
17988
16948
15324
16471
17000
18207
19188
17300
17748
17086
15585
17153
16557
15651
15764
16361
18275
15635
15998
15409
15926
16285
15898
17468
15062
16298
17088
15398
15087
15967
16862
16548
13988
17027
14878
16078
18585
16323
17103
14330
17245
17501
16331
14788
17475
16904
19359
17923
16133
15642
16065
17320
17449
17540
14807
16593
16307
19796
16938
15616
16309
14776
18222
21194
14807
15211
15906
17475
18936
15936
14387
18933
26299
26895
17033
14929
15448
15313
17200
24569
19792
14354
15481
15500
19919
17947
14709
17310
16129
19166
19139
16031
14666
18683
16647
20438
16780
15076
18452
16025
18450
18592
14580
16718
15676
18549
19683
15221
15502
18127
18016
18005
17575
15471
18283
16043
17685
20392
15230
18292
15461
18577
19431
16453
16068
17267
15776
17863
19254
15607
17393
16407
17595
19262
15086
15859
16280
17633
16631
17508
16427
16774
15239
16043
17916
14166
16116
15485
17046
17691
15276
16072
16983
14814
16969
18328
15081
18008
16452
16328
18456
16386
18269
16033
17416
17475
18056
16774
17368
16602
16004
19464
16416
17129
16625
17774
19745
16682
14949
18095
15931
17362
18559
14879
17548
15298
17058
19528
14685
16198
15882
16091
21521
14662
14782
18051
14694
17205
19662
15994
18520
15884
16361
21045
14585
15205
17261
14668
18201
16687
16135
18358
16577
15170
27272
29747
17400
16625
16334
21372
17050
17104
18139
15170
16288
20438
16263
16399
17620
16346
22461
14613
17199
18531
17301
20364
19674
17136
17269
17327
15935
22549
15052
16792
18534
17324
22445
16506
18053
18127
17600
18241
20971
17777
17491
17864
17049
23159
15948
17363
19178
17446
21405
16863
17324
17217
18076
16693
21185
16794
15808
17693
17254
22395
15287
16753
16869
17413
17459
20189
17620
16361
17371
15949
20464
17347
18119
18640
17547
21394
17515
15983
16354
17937
21193
17155
16772
16656
19381
18743
20375
17072
16513
18941
15575
22838
15509
17898
17580
19531
19792
18645
17614
16136
19563
15396
21717
15973
15548
16074
18899
19352
16374
16788
17856
17742
15691
20287
16587
16815
18981
15751
20028
18158
19037
17624
18387
18247
20368
17412
18768
18913
17917
21551
18539
16728
18998
18352
18558
20997
17071
18468
18828
22738
31752
22857
18510
17871
16075
19108
17855
16485
19462
16835
16594
17728
18764
20188
17617
16443
19117
17725
18590
18001
16949
16661
18919
18247
18843
16799
16052
17614
16085
19969
15947
15402
17934
17066
15902
18193
15819
17138
21000
23270
19358
16637
15594
19257
16477
18504
16817
15909
18492
17927
17813
19038
15906
16572
17450
16202
20894
15836
15608
19480
17531
17484
19779
16782
18012
17908
16418
20433
16917
16120
17850
16600
18514
16564
16049
17834
18528
17019
19137
16868
17612
16614
16787
20772
17845
16959
18943
18113
16665
18717
16445
17971
16849
18303
19824
17134
15237
18477
16883
19223
15310
16834
18453
16919
16397
19705
15451
18430
15783
16140
19093
16716
16536
17375
14964
17789
20231
16885
17876
15328
17446
17779
16806
18255
17404
15260
20201
17362
16586
18449
15612
17036
21493
16260
18471
27638
28533
19844
16279
17039
19174
15176
16292
19466
18510
18132
16465
16377
18561
16289
18506
15625
14584
19244
16573
18083
19367
14511
16624
18874
16223
18261
16168
15342
19979
14834
17811
18528
14582
15579
18310
16080
18656
15823
15757
18906
15135
17994
17432
15302
21249
16752
17205
17812
15697
15878
19173
15369
17751
17082
15683
17262
16222
18297
17092
25949
16002
18493
16177
16916
17258
16320
18674
16005
17588
18490
16185
17678
16271
18665
17188
15306
18985
16706
16161
17110
16747
15322
18936
16037
17754
15485
15243
17738
16701
16524
15508
15807
15239
18959
14252
17440
16885
15108
19424
17400
17435
16510
14110
18490
16515
14616
16255
15280
14077
20549
18378
17477
15580
15019
19314
17317
16391
15996
17018
19014
18497
14675
16556
15701
14202
21267
16309
17432
15318
14221
20488
16380
15676
16070
15542
14982
26627
32637
15770
15533
14527
20734
16641
17551
13810
15535
17247
17935
18155
15361
14055
21188
15147
17780
15458
15379
17904
17157
18425
15733
15458
14506
20743
15493
17769
15743
14300
18386
18203
18469
17200
15379
17245
18325
17900
13727
15627
14331
18358
16953
17240
15002
14817
17686
17240
18332
13797
15920
14006
19287
18653
16521
14832
14686
18591
17742
17772
14293
14738
16750
18663
19275
14054
13372
13607
16461
18627
16886
14029
13701
15531
16438
18843
13742
23043
15785
16106
18433
17145
15182
14623
16151
15879
18685
15769
14139
15842
14691
19623
16630
14259
13916
15161
15786
18026
15116
14051
13728
14758
20507
13973
15104
14632
18133
15723
15092
13651
15363
15617
18749
15128
14511
16096
16526
16716
16240
16640
14285
15751
17447
18595
14898
14774
15784
17212
17603
15561
15733
15126
16142
15406
15846
25743
25664
15153
16337
18034
16122
14440
15831
18052
17362
15459
15481
14938
17856
16473
18733
15851
14405
16021
18694
18597
15201
16606
15960
17958
17558
16817
17156
15263
16842
18240
19090
15621
16281
16095
17217
17575
16696
16567
14141
18428
15303
16843
15191
15700
16030
17869
17628
15399
16661
16976
18950
16555
16871
16679
15451
16593
17247
17517
14602
15746
18514
15755
16609
15903
14729
15483
16794
15683
15515
15184
14449
18363
15563
15689
15829
14541
18232
15769
16605
16126
15162
15016
19072
15820
16159
17945
14254
19684
15611
15874
15956
14382
14512
18885
17111
16547
16593
14612
18871
16007
26906
16135
14184
15711
17800
15802
16820
15162
15593
16303
15779
15912
17617
14170
16827
17574
15844
17444
14714
16368
16822
17026
16189
18032
14799
18336
17281
16482
17432
14876
15904
17658
17302
14810
17260
14513
17242
17348
16179
22009
27124
21065
16954
16815
15943
17658
17628
15865
16965
15505
18006
16044
17270
16336
15917
17736
17335
16143
16235
15158
17145
16110
17639
17003
16346
17300
16518
18703
16932
17749
16410
17811
17348
16907
17898
15595
18014
16631
18182
16025
18673
16220
17841
18920
17775
18888
15412
18411
16914
18328
16442
18373
15630
17883
19058
15214
17062
15391
18017
16738
17017
16739
16576
16250
19162
16044
15611
17733
14070
17620
16862
16038
17152
18385
15293
17796
15832
16735
19211
16204
16249
16690
17895
16803
16212
15881
17671
16230
17394
17006
14523
16224
16811
15040
17573
17415
16621
18491
16433
18804
18942
15817
17817
17988
16469
18441
15636
16913
15171
14292
17476
17684
14092
17195
14651
27737
17843
14767
17469
14268
15290
18170
17330
16502
16290
15310
18230
16703
16223
18650
15793
18900
17411
17054
17263
25837
28101
21192
18700
16142
18646
15794
18666
17317
17584
18692
16592
17799
19758
17810
20395
16175
16432
17649
16888
15842
17188
14496
16826
17991
16252
17197
15379
15775
20225
17052
18341
16616
15606
19309
17452
17196
17426
14793
16970
16461
16537
18723
16657
15421
18091
16367
16773
16167
15239
17730
17584
14971
18941
14813
13912
17050
16619
17373
16546
15114
16836
16177
14857
19202
14938
15793
17622
15048
18185
16114
14726
19312
15958
17045
19668
15466
17059
18191
17217
19820
16706
16230
18482
17739
17231
19885
16306
18149
18616
16690
21053
19298
19565
23058
16495
16554
15210
15027
17125
17610
15495
15822
14091
14924
19058
16100
17848
14649
14193
17363
17708
18339
16287
15266
15918
17841
14487
17901
14986
14622
22748
14683
17487
15823
15512
16220
19215
14975
17377
15008
16876
18338
14898
16850
15408
14985
32164
35734
17509
17166
14092
15585
17968
14675
16881
15096
14292
17879
16577
15686
15321
14331
15512
18866
14688
16642
15146
15154
16694
15320
15049
15366
14118
15579
17217
15679
15345
13674
15763
16512
15812
18081
15124
16299
17142
14259
16000
15669
13646
18985
14010
14981
15308
13938
16293
16148
13806
15091
15220
15547
16925
13690
15954
14920
13400
16999
15220
14765
14272
14672
15675
16176
13729
15465
16093
16194
17376
15829
16336
15507
15969
18152
18070
15048
16394
17134
17208
17490
15296
16022
14596
17810
16100
18111
15189
16244
15881
16660
16415
14324
16020
14212
16930
15667
16980
15488
15701
15517
17343
18159
15679
17396
16140
18992
18680
16145
17677
15169
18101
16584
18288
17908
16916
18858
16523
19294
17244
17871
15920
19091
19599
16419
18853
16325
19781
16256
20917
18196
28937
27493
20546
17645
15921
18815
17863
18241
17277
18393
17041
17889
21006
16098
19948
15866
19493
16619
18865
18518
16404
19590
15903
18833
16507
18804
16687
21217
24897
18705
18268
17065
17456
17696
19115
17360
19395
17684
19789
18053
19908
19707
17034
20112
17770
20284
20411
19308
19591
20179
19559
19126
19476
16927
19456
18158
19760
18707
15936
18765
18113
17474
19916
17712
17601
18377
16587
18670
20154
16601
17760
17864
19497
19352
17749
18122
18468
19346
20769
18027
19169
18371
16492
19505
16620
16569
16897
16503
17746
17710
17444
16196
18225
17949
18498
17090
16012
17878
18389
17368
18998
18001
16832
19190
17971
19312
17759
15266
17138
17901
16905
19293
17737
15948
17277
18176
19352
18856
15665
17459
17137
18667
20398
20719
19781
21489
20213
17490
17802
15098
16563
15920
18174
17827
14456
15615
16781
16438
24769
32142
16969
16574
16319
17083
18336
14782
15603
15875
15621
20256
14342
13860
16679
15951
17811
16262
14230
15612
16519
16206
18471
14605
17707
15845
16295
19076
14572
17226
14595
16653
19847
14348
17468
15276
14477
16018
19032
14712
16018
14677
15744
20557
15032
16323
15317
14965
19166
28686
15285
16602
15065
15618
18321
13947
15299
15365
14843
19853
14677
15173
14460
13431
16688
18003
14388
15438
13537
14857
18559
13961
15620
13809
13829
17408
17355
14025
15371
14018
16537
19453
13627
15357
14322
15242
20592
14323
14315
15547
14640
15735
18760
13988
15277
13960
15465
19887
14368
15793
14475
15742
15181
18282
16149
15969
15300
15066
20180
14623
17615
14656
16516
19160
15452
18081
16401
15045
20226
14717
17509
14535
15984
17709
17154
16718
15330
15938
17128
18536
31229
17187
16512
18103
31594
22358
16847
15352
17376
16419
18940
16107
16174
17222
14023
18022
18133
17636
15067
17279
16489
18245
16044
16336
17662
15970
16684
18961
16305
16754
15415
15955
17082
15564
17501
17598
15864
14633
17283
17303
16609
15636
17188
17848
16957
17745
18308
16373
17215
18348
18892
18190
16563
16002
18330
17618
17035
16714
16679
16831
17274
18889
14894
19599
14639
15436
18310
15770
16137
14750
15897
18718
16414
15306
16830
16054
16009
20235
21681
22865
15571
15040
19297
16755
16195
17399
15285
15329
21997
15659
17260
15437
14829
20452
15319
47452
16353
16331
17317
18466
15134
16598
16840
15097
19402
15342
17176
16797
15717
19036
15565
16337
16429
15743
15176
19048
15810
16738
16497
15530
19407
16856
17188
16802
16346
15734
19795
17013
15938
17114
15153
18294
17046
18072
17043
15297
30872
21182
16271
16019
15792
17840
18939
16750
16200
15214
16830
18251
16748
16629
16828
15257
20270
18267
17383
16764
16354
19118
16919
18093
17020
15635
16955
17221
17043
17751
17001
15086
18285
17849
17905
17005
15587
17852
16666
15797
17497
17294
14466
17717
15382
17326
16543
15307
18283
14998
17144
17177
15186
17165
15400
64774
18208
19572
20815
19293
18726
19783
19951
17651
21439
15791
18178
19631
16692
16810
16702
16954
17923
16715
16966
17076
16440
15656
17767
15076
19245
15109
17491
17577
16924
17891
15360
18014
17415
15215
17239
18167
16804
17537
17020
18734
26520
16509
18611
17752
15441
17654
16895
19382
16545
15395
19409
16068
17981
18430
15786
18587
16645
18002
18195
15522
16364
18233
17072
18257
15429
15558
19277
16109
19264
16897
14566
17763
16503
15611
16483
22230
25932
23179
17573
18222
15373
15296
17899
16670
17214
17229
15697
15922
17300
17380
17453
15511
14935
18876
15472
17974
16346
17277
16817
16533
16990
17354
15143
14849
18269
16111
16283
16207
14798
17305
16317
16815
16960
14394
17532
16905
15680
16897
14714
14732
18479
14926
16613
15866
13890
16503
16317
16682
14731
14857
15013
18204
15408
16294
14831
17705
17210
18403
18249
16733
15959
20176
16139
16518
15908
14043
18209
16127
17510
18046
14046
14703
18949
15850
16450
15734
15516
19221
14599
16465
17480
14936
16435
17437
16930
17659
15050
14652
17689
15971
16641
16938
14731
18115
15980
15205
20648
15009
16066
16411
15826
18589
14809
14933
16912
17817
16266
18061
15627
17442
18613
21920
24927
14296
14891
18096
19783
19264
17151
15498
16592
19142
15374
27963
28554
15940
18323
15798
19338
16168
16901
17038
18856
18270
17205
14630
16030
19099
15502
19398
16124
17057
15463
19881
17697
15515
16670
19639
16186
18839
15807
15833
16341
20152
19646
15476
15744
16539
19315
16862
16846
15468
15757
17861
14703
18746
14522
14704
14885
18474
17412
15283
15358
16036
17576
16015
18586
15865
16380
15813
17116
19649
15826
16140
19110
17038
18277
17254
16185
17783
15724
15982
19708
15541
17708
16094
17053
19413
15772
15378
17905
17138
17728
18202
16945
17836
15597
18270
19936
20395
21263
25740
16098
19256
17244
16629
19260
15469
17491
18213
16029
17925
17379
17822
20046
15973
15624
19037
20076
21908
22438
19971
21721
22691
21551
22810
18751
17294
16691
16417
18036
15082
16557
16550
16152
18199
16449
15426
18020
15905
16137
20624
16672
17213
15291
17779
17332
17472
16075
26604
29837
18433
19008
16271
20252
16457
26257
23248
16464
18708
17142
17285
18888
17818
16788
17849
16967
16402
17869
15931
17835
16977
16871
16530
15927
16797
17045
17105
17609
18005
15354
18853
16185
16970
16351
16211
17308
16738
15886
16295
18435
16595
18107
16641
16927
17481
15470
18368
16421
18733
17738
15816
18050
17054
17696
17388
17522
16435
19085
15698
18629
16863
15344
17568
16233
17673
17384
16150
16942
17274
15713
19431
15536
17154
17555
16186
17240
18337
15419
17258
16853
19335
17405
16531
17936
17651
16967
18786
16080
16161
18570
17914
18986
15701
15256
16081
17478
15229
18025
15649
14768
17581
16351
17331
15345
16325
18162
15484
16787
16666
14658
15772
16729
14898
17994
14974
16203
18069
17219
17274
16057
14950
17208
18038
16714
17326
15037
15129
17517
17684
17789
14709
14861
16102
18936
16348
23567
31286
16606
17142
17693
18415
15046
14699
16100
18085
15993
14654
14181
16983
17294
16523
16061
13432
15800
15115
16398
15565
14068
13722
16294
17900
16623
13826
13833
16659
25837
19540
16231
14895
17883
16683
19195
18858
16410
17294
19078
22990
22867
19401
19293
22564
19401
26645
23011
21382
23770
21476
30062
35820
24401
15542
17693
15886
18301
16058
15033
17833
14934
17069
19088
14861
15721
16850
16723
18075
17081
14884
16694
15373
17343
18044
15148
16422
15408
16834
18013
16435
15504
16824
16590
17506
17356
15196
18250
17348
16332
20962
18736
17535
18124
16684
18322
16075
14721
16231
15975
14984
17560
15403
15792
16677
16137
18234
16888
15655
18517
19458
19800
20642
18889
19619
19528
20102
16550
16521
16829
16546
16073
17657
15959
16126
16158
16856
17044
15962
16136
16583
16239
16765
15753
15561
16839
16093
15817
15539
27366
26007
15780
15758
17296
15842
15746
16239
17333
15667
17240
16402
16532
16581
17527
16313
17057
15107
16423
17747
16501
18522
16395
15943
17894
17129
16497
17344
15109
16879
16163
19346
15790
15813
16041
18423
14610
16987
15618
14853
17245
17587
16439
16117
16094
16461
30142
15282
18050
15667
17597
18522
15869
16165
16599
16281
16024
19018
16312
15372
16364
16032
18642
14184
14932
15689
14875
17248
14419
15709
15549
14004
15606
15564
15385
13781
15893
15120
16229
15947
15630
15231
16056
15954
15463
15499
14591
17240
16114
16141
14894
16027
15103
16691
16223
16493
16708
15293
17406
16502
16611
15048
16892
18076
14711
16426
16207
16166
14616
17349
16332
16162
15011
20506
20381
17688
18229
18249
18664
17095
19855
16235
15517
13990
14859
16815
17085
15450
14187
15832
15555
16408
15113
16025
22147
30379
17170
16693
16588
15944
16493
16484
18637
16716
15857
15352
17488
17401
16611
16833
15004
16283
16921
17287
17034
16794
18106
18573
17682
17392
16684
17402
17613
17632
17604
16937
16496
16692
17545
16917
17028
16624
16402
16718
18251
17982
18333
19293
19431
19338
20432
19415
17730
18653
18410
18178
20862
19020
20155
19948
19595
20839
19330
19828
20280
18800
21356
18615
18631
18231
18749
18293
28857
19836
19080
18714
19670
19440
18403
17905
19679
19553
18187
18328
15790
17219
17456
15811
17119
15773
17295
17727
15296
16789
16784
15720
16689
18382
17413
16362
15921
16833
18062
16799
16941
16533
15191
17511
16952
16493
17288
15380
16697
18095
16756
16869
16738
17249
18233
16950
14687
16138
14417
19742
14549
16418
17329
14403
15783
17885
15786
16835
15408
16162
20959
18573
20696
20148
19287
20516
16698
19169
18604
16785
25524
32308
18109
15979
18490
15859
20569
15643
18004
17012
15943
16219
19680
17171
16490
16630
15925
19253
17562
16741
17117
17258
18462
17864
17863
15774
17236
16795
21119
17101
15773
16763
16363
16895
18589
15912
15270
17472
16630
19195
16971
15646
15787
16208
17649
17237
17094
16805
17134
17397
18385
16731
16460
16394
16601
18370
18195
17144
15425
17004
18250
18537
16289
15605
17582
16314
17969
17301
16729
17407
16112
18740
17438
15805
15124
16001
17459
17965
16778
15133
17003
15713
18644
18713
17465
25985
18279
17886
18251
16771
17366
17394
16475
19401
15583
16561
14524
16641
17277
16917
16144
15452
16150
17739
18747
16316
16572
16199
14697
19810
16335
17062
16132
16405
17879
17859
15865
15967
16964
15952
17901
15571
17657
14097
16397
17250
17953
14977
16510
14552
19958
16242
15449
16730
17524
16564
19559
15490
17334
23838
27229
25146
15747
15624
18602
16972
18382
20536
17356
19948
17161
18814
21710
16281
16303
18943
16131
20872
17243
15332
19652
16631
17899
20892
16691
18673
18904
17705
20323
17731
16947
19920
16622
19733
20847
18029
18136
18241
17773
18272
17539
16726
20511
15820
19425
18998
18037
20480
16997
18468
19112
18961
16962
20208
17893
18296
16958
18259
21433
16099
18835
16455
17967
21020
18962
21295
22094
21717
21649
26728
22849
24968
22359
26241
21726
20993
20941
18491
19134
20237
16692
19988
16723
18812
21579
17530
20621
18852
19301
18264
20740
18191
20346
18274
19400
19519
16380
18169
16245
15960
19023
15632
27549
16535
16458
16255
17835
14741
18294
15101
16368
19062
15858
17378
16477
18191
17308
17817
17054
17052
15182
17884
29702
20509
18954
15681
18189
20650
16949
17686
19038
17797
18278
19753
16771
33253
24954
19244
18520
16597
18927
15245
17910
17510
17398
17555
17694
18368
19662
19049
15656
19380
16878
18058
19044
18187
17232
15978
19382
18187
15662
20023
16215
17198
18733
16893
19844
17543
17572
17722
22580
17244
21647
15939
18000
18294
17343
19533
17277
16895
16703
18530
18124
19019
15431
16951
18826
16741
19837
16393
17449
15478
19492
18663
17563
15285
15310
17859
17040
20100
16866
15528
19568
17038
20294
15280
15868
16102
16904
15529
17413
14694
15083
15723
15826
19998
14514
13853
14398
16658
17479
16302
15057
15231
16310
17240
17627
14320
13819
15996
15674
17810
15048
15395
14152
16303
18567
15698
15004
15876
15656
15795
17968
14708
13836
15727
17554
17455
14786
15235
16402
16214
19302
15982
26529
15552
16781
17791
16993
15344
15880
16262
15831
18775
15309
15591
14770
16039
17184
16069
16176
21037
31136
18270
17045
15873
16115
18005
16282
16676
14599
16014
16490
16592
19974
15584
16564
14964
17169
18317
17299
14926
16947
16896
16338
18960
14805
17159
16552
15511
20066
16034
17723
14860
18220
15942
19027
14649
17429
15314
14613
20119
14958
17745
17552
15983
19272
16653
15547
20102
17060
15336
20058
15100
16679
17631
13826
18090
15629
15638
15475
15345
14024
18734
14416
16557
17634
14308
20528
14266
15267
16984
15143
16387
15456
15580
15407
15787
13579
19129
14639
16070
17362
13501
17428
15784
14712
15943
13496
15214
18465
15301
15036
16572
13919
18165
15232
15941
16539
14730
15530
16771
16462
16291
16084
15268
17845
15900
16774
17658
15206
17104
16762
15759
16170
15206
17223
17269
15795
16726
16332
16292
16529
15845
16280
17074
14642
15543
17971
16546
16942
16832
16021
16955
16665
26704
29217
25776
15906
18371
15960
18586
17129
15974
15565
17396
16498
16032
15487
16401
17417
16192
17714
15961
16038
16942
16075
16614
16587
15992
15833
15899
17099
16540
15756
16015
16384
16133
16734
15505
15473
14269
14930
15945
16009
16838
14322
15290
15119
16308
16687
15855
14252
16927
16266
15737
16532
14955
15216
15308
15288
17872
14838
13801
15537
14880
15026
16926
13668
14306
16255
13709
17193
13281
16590
14458
18465
20539
17539
17008
19108
19177
17864
19979
17222
20317
19183
18827
20409
18524
18673
17871
15908
15680
17327
14525
15185
17603
15296
17152
14192
15056
15742
15932
15591
16115
13780
15604
17151
13936
16751
13584
15198
15140
15351
17049
14206
16370
14000
16720
14387
17456
15419
16906
17489
14115
15997
14598
15618
14177
16835
15327
14908
13844
15967
16107
14108
16346
13176
14758
15251
15682
16774
27450
23933
15662
15437
15558
17340
14984
15433
17115
14855
17467
15282
15868
16118
14104
14858
16319
14042
18142
14144
14355
23563
20357
15517
16629
14396
15907
17396
16073
17867
14543
14582
16682
14561
16709
14721
15817
15644
15348
13234
16413
13059
14316
15948
12707
15511
13059
14410
14429
14487
15258
13769
13294
14358
16352
14253
14686
13152
14221
14484
14941
15261
14674
12967
15684
14767
14570
15744
14538
15809
15902
16530
16789
13931
13753
16818
15287
15019
16035
14244
15441
15680
16979
15465
13967
15095
16220
15566
15246
14160
14486
16104
15176
16713
13916
13708
16857
16094
15843
15425
14634
15766
15880
17557
16373
14903
15117
17281
15776
17513
14511
14543
17282
15605
15507
15423
14373
15705
17110
15322
15788
14236
13800
16763
15087
16476
15227
14589
16265
17322
16364
18008
14547
14729
30589
25228
19472
15897
14328
17491
16048
19163
16019
14892
16676
16996
17030
16986
15012
14359
18052
14614
18651
15126
14963
16671
17408
18874
15876
15056
14544
18731
14340
18498
15914
14453
16786
16497
18511
15228
13493
13592
16789
16467
16118
14019
14233
15684
15351
16570
13231
13464
13198
16192
21901
20772
14863
13646
15439
13964
15728
15193
15128
16667
15704
16675
14909
13437
14149
17343
16758
16611
16456
14195
16961
16276
18157
16768
13743
14820
17443
17941
16030
14594
14523
17072
15045
17059
15660
14218
16715
16060
16223
16584
14937
14244
16585
16269
16727
15654
14556
16632
15566
16686
16585
14266
14703
17570
17486
15980
15713
14449
17273
15802
17135
16308
14934
16363
16578
15531
16251
15450
14253
17211
16957
15697
16561
14764
17582
18215
16092
16627
15901
17079
16050
15970
16368
16031
15598
16076
18170
15619
16521
15350
17308
17318
16015
15104
27409
26712
16502
18377
14283
15753
15321
17719
17317
16347
15090
16398
18771
17311
16726
15179
16316
15271
18823
17965
14888
15672
15284
18553
16330
16175
15526
15776
17157
16562
16406
14197
15768
14152
18360
15051
17246
14606
14864
20071
16043
17442
14563
15304
16651
20147
17330
18204
15487
16079
20457
18072
19873
15742
14879
17812
18109
16566
16405
15755
15724
19892
16472
19048
15651
14914
23893
23283
17085
15879
15022
16683
19768
17457
15910
15990
15398
21051
16178
17761
15156
15241
20092
17757
16607
16930
15154
16407
19346
18365
17030
15132
16064
19068
15565
16766
17360
16230
18637
17241
23440
33122
31700
34107
36096
34338
33799
31532
21086
18654
15958
17450
15564
15259
17359
18143
18483
16659
15484
16257
19873
16281
15683
16723
14881
17789
18580
15804
17979
14899
17021
18130
16075
17776
16068
16078
17294
17701
30407
22659
14690
15592
16895
16277
17564
14156
14796
16797
16352
14943
16191
14127
15579
16138
15518
17396
14350
15828
18274
16313
15819
15743
15157
17271
15574
14843
14910
13890
14054
15724
16201
13895
14230
16195
17274
14203
16424
14656
14594
19060
14670
17265
16311
14931
16906
17693
16601
16865
15714
15448
20230
15195
18923
15257
15834
17503
17069
16489
16572
14869
16445
18036
14781
17766
16553
14268
18818
14552
17218
13886
13933
15481
17517
16650
16814
14769
16618
19445
15044
17301
27186
14881
19407
16289
16025
16190
14813
18449
18588
15941
16544
15022
15963
19995
15690
16457
16228
15134
17554
18276
16669
16691
15203
17330
19330
14942
17309
15574
14983
19618
16498
16139
16307
14809
17036
18041
15932
16177
14445
15206
17626
17686
14373
15819
15000
17088
16368
15637
15520
14009
16485
24104
31531
14726
15729
14378
18466
16465
16013
14964
13842
16905
17406
15322
14791
14975
16720
15990
17417
14630
15820
14309
18584
17705
15800
15099
15171
16809
15665
17667
15729
14179
14513
17302
16017
15409
14274
14022
18465
15877
16803
14095
13971
16840
15792
15773
15712
15840
14766
17290
17260
16232
15128
15899
19109
15937
16015
16582
16879
16063
16892
15482
16934
16808
14686
17579
15477
17050
15405
16225
17416
15815
15497
16709
15931
14783
18357
15366
16987
16446
15502
17923
17674
16545
16602
16009
17826
17166
15696
17529
16840
15899
19000
16981
15872
17556
16957
17940
18160
16187
15913
16821
16621
18932
15070
15880
18090
21840
21200
18440
16038
15249
16876
16084
18778
15714
15166
16948
16142
17381
18538
16191
16064
14660
16248
19533
17183
15387
16242
17058
19558
17379
21033
17733
17033
16930
17940
16134
15885
16056
16769
19636
17163
16916
17564
17228
17600
19220
17809
17019
16506
17410
18029
16810
15770
17607
16174
17667
17972
17169
17122
16412
16912
17779
18959
16807
16988
17254
18546
16169
19430
17151
20236
17276
17117
18880
16054
16912
17296
17061
19572
15854
17665
17638
17310
17350
18212
17561
18201
17517
17441
20144
17672
18139
19488
18783
20658
17679
19477
19231
18155
19243
20398
19719
19234
18531
18875
20281
17151
18689
19483
18600
18776
19500
18498
16860
19832
19689
19901
19937
18126
19256
18228
18385
17974
18400
18840
20102
18145
21107
17990
15578
19463
16695
18553
23262
20372
23032
21571
20312
21552
20720
20532
21233
20464
22934
20487
19278
22056
20114
21237
16292
16786
18064
17146
15329
17869
16117
15406
17976
16988
18716
16831
15273
18955
16812
16454
18425
17517
18040
18057
17217
18232
29047
23974
18570
16842
18145
16825
16142
16317
16659
16126
17560
14913
17420
16018
17538
16866
18663
16788
15958
16048
17289
16291
14891
18626
17196
17516
18639
14992
17943
15439
17399
18977
16696
17531
17687
16790
17964
15659
15946
18014
17229
16954
16633
15319
18776
16154
16884
17007
14800
16100
17868
16805
18728
14598
15372
18885
16429
17535
17109
15344
18073
17194
18296
19145
16155
17409
18888
17896
18613
17625
16616
19815
16634
18168
18309
16672
17210
19602
17572
18680
15559
15686
19617
18130
17270
17327
15408
19807
18739
16368
19312
14807
17095
19527
15487
16044
15550
19159
16734
16729
16528
15281
16515
19232
16160
17215
15579
15093
19312
17647
15671
16580
14756
18209
16877
16822
17155
14733
16719
18964
18492
17802
15989
16121
18873
18818
16470
16425
15294
17486
18952
17226
18596
15316
15307
18444
27423
28716
16596
14963
18924
18436
15506
17947
14987
16760
18192
17173
17378
18850
19233
23618
21902
20785
20779
19771
21780
21724
21781
21829
18997
19192
24447
23050
16308
15537
14830
18010
17025
15747
17422
16130
14785
18940
15492
17543
13792
14125
16789
16493
17147
15770
15937
17829
15420
18434
14109
14395
18034
15769
17748
15904
14964
16298
17309
17120
15591
14635
14360
17266
16528
18983
14473
14456
15907
17912
17114
15864
15401
14117
17957
16142
18529
15545
15322
16861
17443
18047
15808
15524
15893
17413
15136
18657
14704
14361
16342
16712
18291
13833
16590
17104
17108
17497
15482
14814
14776
17790
14863
18158
13495
14430
16142
17547
19566
15308
15299
16812
17436
15230
19164
15849
16039
18922
15352
19427
15000
15353
16435
18086
16885
18203
15160
16776
17426
15019
19681
15810
15757
15926
17654
18707
14978
14861
15986
17135
14864
18976
14063
15174
17079
17521
15675
14479
15505
16862
14260
18659
15160
14273
14830
17411
18425
14638
14328
15274
17119
14254
18155
14019
14042
16524
14574
16836
14830
14784
15958
17350
17519
16846
15326
16449
17123
15870
17441
15339
14387
16168
18936
17303
16079
15241
16778
16912
17273
17016
16238
15377
17076
16587
17661
16696
15482
15736
15569
16614
16245
14087
15096
18034
15973
16579
14920
16035
15404
16190
16418
15547
15965
14617
18251
15330
18280
14912
14437
15526
16990
15901
17122
14242
16055
17148
14512
17701
15083
14625
17189
15763
16925
16425
15245
17071
17244
16383
17705
14985
15511
18017
15800
17827
16711
15354
18070
16243
16571
17737
15572
16482
18006
14830
19299
15773
14756
17834
16873
17378
16114
15496
16756
18216
15379
19484
14945
15785
17922
15256
16905
15122
14213
17175
15758
15213
18400
14146
15138
17133
16310
21229
18633
15174
17809
16052
17740
17597
14731
15871
17956
15167
19034
14807
16031
17085
16257
18805
15235
16773
16450
15160
19144
15457
16906
16534
14616
16301
18092
16420
16123
16512
14933
18873
14798
17919
16545
14689
16047
16431
16913
16190
16376
15230
19249
20419
17080
16675
14552
18787
16620
16890
18024
14496
14479
19013
17386
16533
16328
14768
17240
15832
16602
15854
16429
15882
17822
15951
16116
16256
16846
16669
16822
15905
16425
18160
16715
17662
17328
18668
17550
16932
18850
17355
17131
17019
17910
16873
17666
16924
17765
18010
14990
18528
16787
17468
16414
16223
16463
17094
15913
16051
17324
15252
16697
16627
15443
16344
15739
16406
17298
16533
15667
18399
16913
16773
15009
17097
18221
16639
17398
15061
16596
18596
14876
18416
16884
16800
16502
16224
18680
16907
15980
16782
15827
16810
17363
16540
17473
17795
15170
17982
16779
16798
17668
15797
16651
16747
15141
16947
16460
15679
18514
15088
16508
16126
14725
18972
15047
15867
16725
14970
17930
16361
15819
17087
16935
15508
19652
15338
16930
16429
15438
18134
15445
16675
15929
16702
14799
17718
15867
16140
16453
13788
17817
14076
17391
23075
15144
17163
15357
15321
16783
16331
15020
17469
15824
17366
15941
15000
18109
15735
18831
17317
17120
16834
17337
17226
18081
16972
16068
19319
15800
18355
18193
16918
16941
16497
17782
19016
17546
16017
17377
16264
17078
16311
15864
17977
15225
17422
16336
15146
16655
16069
17438
16852
16523
16707
16969
16886
18360
17868
18312
20039
15669
18709
19106
16013
17046
16977
16671
18555
18052
16512
19346
16315
19843
17103
16196
15999
18077
18019
17048
17069
16259
17849
16605
19117
17528
16035
18534
16044
18622
16535
16793
15843
18806
17472
18219
16850
16039
16858
16201
17886
16131
15144
16967
15527
16746
17255
16791
16342
16492
16542
18625
16718
15631
17712
15384
18905
15941
16730
16750
16564
15595
17991
16178
17864
17138
15489
16993
15798
18127
18188
15980
16598
15469
17303
18448
16969
15956
17242
15858
17751
17749
15564
18666
16042
17638
19730
15988
15867
14561
15274
17844
17253
16029
15466
14972
17925
17808
16019
16623
15184
16336
17339
18397
16536
15143
15900
17299
19116
15581
15383
14667
17243
17090
16255
16139
14826
16370
16124
18963
16694
15186
14739
17142
17055
17074
16886
15188
15838
16909
18241
16612
14754
15734
16755
17040
17103
14814
14427
17028
15890
16155
17362
15437
17334
17102
18963
18668
15414
15499
18559
16897
18288
17405
15474
16547
17021
18758
18800
16423
16973
17450
17029
18633
15744
15488
18155
16704
16570
18675
16274
17556
18702
16542
18980
15778
15742
19093
17007
18391
17191
14892
18124
17544
17885
14529
16632
16373
15986
16605
16479
14785
18166
15860
15320
19335
15115
15148
18319
15512
19790
15736
15131
16572
16804
17934
17892
16416
16285
17685
15871
18337
15095
15219
17014
15858
16455
16694
15423
16355
17456
15405
18219
14252
15137
17739
15028
17089
16959
16158
17223
15555
15083
19565
15046
17442
17060
14662
18644
14948
14516
18223
15340
16062
17662
14703
17215
15558
13778
19005
14167
17790
15598
14255
16505
15035
14623
16799
15544
14884
18501
13962
17926
16819
15121
18422
15933
14577
19597
15476
15771
17536
14390
17866
14785
18266
15267
14920
17558
13993
16411
17412
14848
17678
16251
16900
18460
14122
18332
16307
14322
17872
15764
15166
17909
19962
18546
20049
18037
20347
20297
18960
22423
18306
18498
20739
19270
20840
19851
18147
20756
19324
18564
20126
16683
19290
19000
16287
20792
18236
17325
20459
19158
18706
20868
18397
20907
19424
19664
20188
17481
21186
19607
19252
21298
19735
18936
20715
20046
18736
19419
17380
19064
16246
15637
17622
14963
14754
17263
15853
15862
15735
15042
17112
15625
16199
15155
14704
17836
16490
16273
17115
16543
16231
17847
17124
16964
16859
17529
18541
16102
16533
16752
14844
19192
15862
17749
16987
15425
17155
16349
20937
15752
16365
15329
18066
14726
17420
16006
14003
17591
15802
16177
16851
16372
16543
17628
15813
16816
16872
15474
17745
15263
16485
14954
17018
17918
16754
15954
17409
16326
15900
20559
13651
17356
15811
16477
17762
15968
16528
16206
16119
15769
17148
15105
17515
15586
15177
17790
15315
18709
15692
15064
15987
16324
15180
15191
15409
15476
18204
15079
17748
16098
14828
18474
16072
16483
16754
16271
15796
17547
14605
16734
15198
16219
16971
14916
18103
16044
15386
18596
14660
16423
16415
15956
16680
17423
16124
16510
16349
16163
17526
15090
17302
15323
14925
17144
16315
17353
16796
17294
16491
19014
15834
19920
17282
15725
18897
16122
17762
17242
16476
16091
18427
16277
19228
17413
15080
18285
15066
19284
15955
15519
16014
16988
16555
17311
16490
15348
17769
15501
19505
16688
15616
17856
15928
18844
15530
17724
15370
17454
16450
18234
16160
15016
17662
14580
18179
16999
16034
15496
16341
16068
22054
16031
15127
17141
14824
19585
16406
14758
16977
16344
17813
16014
15400
17450
15714
17585
16271
14696
16820
13938
16018
16284
16002
14466
15765
15105
16771
15116
14026
16613
14212
17074
15197
14896
16243
14613
15810
16626
15235
14497
16316
15346
17464
15725
14675
17474
15863
16376
16644
15125
15618
18266
16370
17855
15910
15511
17512
16087
17616
15801
14533
17619
14303
15862
18135
15285
15148
17732
15950
17846
15867
15107
17856
16294
18072
17054
15528
15155
16884
16171
15761
16028
14672
15811
15908
17400
14428
14269
15769
15512
16546
17154
14471
15287
15486
15938
19323
14636
15118
18352
16101
17349
15268
14339
16502
14538
15027
17743
14345
14283
16438
15809
16950
14086
13805
16766
14261
16634
15062
13212
14196
16597
14808
17997
14712
14455
15952
16007
17867
14462
14149
16343
14701
18191
15784
15823
16324
15186
16437
17752
14180
15304
19547
19896
20316
18845
15510
17963
14286
16882
15346
13051
14628
14720
13688
18837
13999
14012
16975
14568
19185
16259
15545
17208
14552
17000
18576
15051
14469
16879
14070
19343
14773
14830
15712
14622
17840
15873
14016
14844
15712
14856
19395
14512
14417
19384
14900
18643
16396
14710
17422
14888
15423
18699
14349
16196
16123
15143
20491
15670
14984
18949
14927
18935
16417
15738
15395
17986
14387
20320
16046
15406
18012
14253
17956
15389
15927
15819
14332
19007
14342
15920
16430
14881
19970
17186
14515
16586
16646
17391
18445
15315
15984
15997
15961
17762
15096
15041
17331
14404
17687
17367
13939
15265
15521
15628
18123
13401
14778
15693
13603
19177
14165
14529
15621
15502
15041
18467
14030
16514
15987
15529
18825
14870
14729
17139
16170
16589
18005
13460
15058
15740
16043
19169
13056
15617
15455
13516
22990
13800
13319
14962
15397
15020
17146
13719
14996
15582
15098
17562
14918
14840
14996
15953
17088
15690
16152
16340
16911
16387
18348
17098
16580
14663
18050
18141
15092
19578
15663
16299
18466
15042
17183
15980
14875
16440
17122
15929
17941
14791
16744
18123
16279
19025
15923
16637
17845
18540
17234
20872
20308
21843
24834
24721
22678
20453
20198
21912
19166
22267
21168
19744
21060
21970
20773
20727
20128
21003
16770
16100
18315
17107
15702
16666
16590
16663
17795
16246
16131
17493
17641
17122
16776
16432
18317
17776
19693
17345
16237
17046
16963
18381
18419
16722
16874
18149
16519
19180
17449
15229
19143
16208
19551
18430
16440
17315
17458
18000
16724
17022
15919
17803
15378
18080
16312
15576
18575
18265
18827
16662
14871
17792
14682
19092
17334
15057
14924
18240
17640
17302
16375
15108
16735
15398
18634
17233
15063
17397
14994
17873
16536
17319
15310
17922
15476
19021
17073
15530
20303
16056
17488
18837
15651
16268
19374
16523
18811
15969
14940
19119
14858
15993
19477
14924
17291
17105
16954
19116
17153
14812
19451
15589
16758
20122
15586
17624
17548
16184
19325
15363
16568
16603
16267
18439
16491
15180
17338
16337
15924
19046
15661
16883
18432
16050
18381
15665
16652
18445
16379
18025
16483
15769
17721
17313
16948
18805
17087
17025
20438
16344
16533
18681
15442
18094
15306
16625
16645
17328
17503
16195
15799
16270
15976
16084
16994
14466
15983
18528
17829
21123
19356
18997
18985
17239
17788
16306
16054
17274
16943
16224
17837
15377
17718
18775
16941
17045
16272
15981
18433
15837
16493
16801
15123
15405
20460
15670
16136
14983
18043
18344
17429
19788
20567
17626
16598
17600
16266
17199
16547
17269
18987
16546
18231
16718
16336
17830
16818
16842
16862
16571
16273
19131
16694
19042
16492
17073
17242
16154
17020
16584
18093
19365
16974
17258
16461
18936
17157
18836
18314
16211
18060
17225
17224
16740
17283
16723
17770
19942
16842
18863
16241
18519
16545
17066
17907
17467
16751
19567
19142
18803
17634
15412
18540
17588
16460
17605
17329
17140
17610
17488
15908
15921
15790
17161
17392
14958
17290
16701
16300
18020
14950
16463
17857
15606
16518
17836
15830
16773
16637
15770
18157
14596
17206
17182
15589
18493
14723
18138
17118
17784
18823
18049
16873
18976
18885
17981
19333
16043
17201
15881
13799
15789
15893
16520
14390
15317
15611
16855
14366
16831
15269
16014
17158
17879
15232
16589
17487
17342
16007
17194
16557
15751
19473
15257
18196
17770
17026
18610
17122
20073
19431
20767
21178
21910
19552
22643
20718
20467
22362
19747
18460
17809
17939
18782
16886
15990
18293
18248
15237
20433
15243
18253
19011
15291
17125
18166
17174
18652
18556
16785
19880
16003
18759
19321
17310
19786
15968
17380
17168
18755
16312
18770
15932
18397
18341
15346
20424
16981
17593
18449
15567
17363
18487
16615
17604
17994
16443
19311
15230
18350
17135
14657
17320
16864
17426
15696
17876
16743
17181
14689
17628
17954
14914
18067
15119
16981
16336
15899
16080
17681
15013
16261
18500
15580
18063
14779
15435
18772
15671
17834
17469
16437
17919
16070
14620
18050
14226
16727
18755
15455
17665
16076
16275
19816
16268
17970
17205
16628
17856
17845
14958
19799
15567
16852
19846
15388
17664
17188
15732
17674
17034
15938
18439
15277
16075
19408
14897
17854
16687
16126
19032
14077
17541
17217
15792
16746
16336
14860
17200
16828
16747
17605
15835
16908
17313
16705
17063
16838
16110
18330
15956
17398
18906
17559
17161
16641
17073
17454
15894
15992
15720
15482
15555
16704
16408
16819
15556
16304
17781
15859
16575
17792
16475
17533
16987
16595
18010
16749
17664
17249
18506
16848
17021
17818
16447
19199
18587
17025
16748
18148
16909
16608
17549
17261
18641
17491
16877
17334
16519
18390
16485
17053
17914
17250
16516
17540
16737
16858
16463
16978
16508
14577
15956
17419
16441
17117
16094
15442
15573
15923
16896
16140
15675
13945
16974
15346
16750
14397
15616
16891
14474
17158
16134
16495
15938
16734
18554
15970
14845
17140
18041
14806
17874
16440
18123
20838
20385
22039
18973
16098
15744
17132
16341
17179
14744
16091
16654
15884
18433
16586
16581
16413
16220
17100
18052
15681
15462
18135
14884
17156
16858
16423
16567
15188
16428
17451
16002
17095
16565
15477
17659
15304
16385
18648
14982
17388
17691
16708
15534
17532
16496
17478
16109
16230
18488
14983
17054
17555
16466
17863
15503
16722
18412
16610
15332
17664
16386
17538
16271
16620
18347
15431
16658
18524
16451
16119
17113
17041
18812
17015
15523
18096
14593
16984
16994
16095
17960
14995
16046
17151
16496
15442
18367
16716
17276
15482
17088
18493
15458
16848
18731
16530
15795
16713
16526
18156
16126
15938
15128
16603
17651
16466
14980
17487
13685
17140
16385
16565
17253
15491
16157
18184
16634
16768
16909
18468
16835
16995
15795
17939
15404
18716
16962
16300
17345
14968
16660
18212
16444
15832
16872
15019
18698
15953
16078
17534
14722
15566
16919
15757
16142
15265
14735
18267
17658
15407
17335
14554
18682
15062
16892
17021
15151
15708
17713
15697
16090
16996
14580
18533
14891
15586
16815
14924
15768
17593
15611
18136
15530
14861
19102
16794
17100
17289
15657
19472
15382
16490
18132
14856
16321
17115
16017
15980
15960
14168
17436
14777
14965
16588
14167
15646
16134
15614
17143
14469
14507
18521
16282
16961
14271
15269
16569
15207
15678
15658
13409
16765
16502
15988
14780
12971
15739
15853
15473
15431
13671
14888
14920
15717
15830
17125
13582
16096
16970
16589
16450
14691
15440
15722
17515
15655
16990
15199
18476
18868
16248
18314
14085
15642
16604
16672
15464
15074
14499
16341
16639
14641
15867
13689
16081
16045
15281
17801
14577
15637
16277
18647
15846
15620
15479
16898
16312
17053
17468
14691
15946
17811
15889
16313
17225
16724
14806
17370
17575
18226
15610
16417
16822
16329
18603
15338
16066
15564
14917
15962
18246
15505
15698
18472
15151
60559
144504
138505
137842
136342
136916
139863
135275
136483
135541
137830
139747
135557
138367
135974
133194
138414
132524
135598
134239
133937
134936
136534
135944
135542
133938
135640
141269
135452
134939
42707
14354
16917
17761
16269
16621
15123
14611
18860
14952
16732
15993
14069
18209
14109
17529
15675
13786
16994
15974
15217
17692
13784
14626
17784
16168
15692
15642
14353
17482
15953
17742
17713
15793
17432
18600
17678
16763
17409
17002
19925
17288
17080
18336
16800
19017
17870
17808
17862
17997
16885
19308
17577
17056
18295
15935
18932
16518
17578
17149
17064
17575
18990
18088
19047
17855
16162
21245
17012
16126
18118
17551
18935
17571
18873
18365
17142
15856
20403
17749
17392
18796
16544
19018
16189
17206
18137
18231
16660
18262
17781
16582
17331
16594
16746
15840
14827
16210
18093
16458
14633
16269
17359
17631
19330
18230
18164
18743
17022
20741
18670
18370
17254
19296
19681
18306
17237
18441
19315
17196
19130
18402
17797
16767
18073
19164
19123
17200
17461
18896
18729
18812
17724
17772
19745
18870
21481
21014
19997
15335
18417
17366
18289
15420
17444
18229
16764
20965
17302
15866
17181
17105
18166
17598
16402
15902
18480
16584
17927
15507
16042
16594
16011
18476
17048
16737
15195
17560
19583
17591
16568
15687
17186
18432
18537
16603
16734
17319
17048
18844
17664
17416
16531
16068
20091
17930
18123
16383
17236
18906
21930
18627
19139
18045
15578
19556
17479
17458
15251
17652
19912
18125
16874
16564
17641
17759
18973
15931
17714
15840
17944
21257
16649
17737
15598
16354
19395
19387
16082
16673
18222
14964
19070
16861
16697
15622
16414
19317
17908
16293
16260
17198
14886
19275
16021
22204
19965
22294
21560
20003
20125
15659
17934
18356
16973
15847
16770
15350
17332
19311
16756
16607
16042
18978
20044
17257
17319
16746
16354
18540
20339
16641
17820
15542
19975
18064
16645
17222
17358
14922
19214
16729
16197
16646
16593
16532
18273
15047
17231
16989
14544
20507
16513
15118
18001
16730
19421
19212
16203
16757
16846
16776
18227
17995
14963
17646
15105
32424
33482
17634
16955
15821
16341
17894
16456
17045
17794
15512
19282
16666
15273
18217
15614
17607
18663
15172
16846
16224
15282
18684
16047
15138
17922
14914
17680
16870
15335
18113
15494
16924
18386
16892
17796
17308
15679
19294
17713
15813
18167
14976
17749
18029
15096
17046
46040
47791
21824
16562
15248
17990
14579
18787
17528
15364
17309
15662
17605
18346
16962
16404
18460
19429
18381
15762
17278
16623
16124
20000
15885
15743
18220
16730
18775
17603
15891
18819
16608
19174
19774
16337
19516
15869
16908
19877
19767
16620
17807
15698
17230
16876
15077
18701
15415
16805
18149
15475
15833
18474
16525
18324
15753
15734
16176
16033
18413
17357
16102
16903
17973
16452
18027
17592
17321
17791
17418
16272
18085
15803
16237
16310
17491
16174
16718
16663
16608
16183
16177
17545
14812
16590
16007
17278
16955
15416
16569
16412
16750
17052
18046
15426
18256
18026
17095
18059
15560
16750
16729
18406
15883
18006
15586
18578
17137
16969
18583
15749
17166
17249
18621
16769
18075
17518
17579
17366
18940
16061
17241
16982
17873
15367
18475
15692
18151
16828
16851
18056
15651
16942
17316
18547
16797
16932
15632
18330
18169
15825
18704
15987
17708
17770
19021
18930
16834
18203
18002
18855
17644
18583
17059
18609
17002
17934
19197
16249
17707
17876
17134
17614
17574
18909
18540
18264
17010
19642
18127
17981
18000
19756
19863
16998
17795
17631
16758
17439
17789
17096
18770
16901
20719
21035
17088
19135
16524
19136
17087
17519
19408
17841
20187
16328
17771
20576
17630
15320
18228
17757
19871
15058
17818
19492
16867
18384
17322
17229
17414
17171
17418
19788
16734
15658
17572
16605
16701
15605
17165
18331
16440
17097
17653
17104
16089
17138
16719
18620
15868
17691
18380
16047
17052
16370
16784
17662
17281
17536
16829
17044
18135
16869
16092
18668
16505
19363
19734
18798
18880
18202
17346
18516
17556
16150
18629
17418
15777
17988
17136
17798
16228
17609
18984
17561
16490
17655
17168
16104
19369
16174
18361
17419
15798
18922
17383
18408
15763
17251
17029
18430
17713
18041
17774
15945
19742
17209
18490
15306
16801
18114
16852
16206
14792
16046
16090
17520
15439
18000
14645
16114
17889
18003
16794
15558
16044
16255
18115
15328
17265
16898
16552
20081
15854
18894
18507
15466
15914
17491
16537
17217
16690
16737
17889
15755
17318
16562
15853
18186
16725
15959
18390
15407
18066
17636
16283
19253
16051
17085
17708
17459
17765
16905
15958
16372
18128
15920
19483
15843
16963
19367
15155
19513
16472
16759
17777
18272
17199
19790
16873
17229
17922
16268
19818
16597
16395
17479
16687
18051
16900
15337
16373
17749
15033
19840
15210
15717
16950
15991
19101
16214
15592
18343
18038
16572
18872
15436
16522
15938
16050
19111
15062
16040
16743
17762
19935
15129
15010
18082
15477
15593
19676
15646
17225
17152
17226
19125
15395
15283
17913
15787
16668
18435
15063
16424
15884
15922
18862
14576
14520
17221
16762
18408
14264
15370
17722
15620
15688
17840
15251
17876
15739
16537
18780
14930
15375
17746
17193
17834
16350
16448
17846
17084
16812
18720
15661
15427
17091
17923
19407
16509
15453
16844
15908
18559
15432
15458
15384
17264
17064
17103
14814
14801
16618
16581
17560
15037
14693
16169
15476
18523
15051
15396
14895
16394
18331
17702
15246
14986
16224
17610
19851
14840
15287
17684
16040
17828
17348
15504
16019
16540
19336
17983
14888
15267
16984
16518
20639
14765
15633
15762
16222
18142
17618
15668
15499
17906
17345
20440
14854
15721
17200
16477
18961
17850
16299
15677
16766
18691
18570
16187
15404
15450
17424
19113
15167
14898
14508
15781
19870
15218
15395
15066
15713
15555
18499
15172
16180
14818
16556
19970
14591
15754
14167
16791
16973
17853
14822
15438
14205
16890
18558
14021
15172
14162
15607
18881
14711
15086
15869
15303
16580
17508
14996
17665
15054
16698
19055
15051
16472
16021
16566
18052
17036
18341
19108
15724
16978
19702
15559
18713
17374
15695
18176
17231
15724
18038
15662
17094
18401
15445
18715
15739
16087
18669
15591
16988
16955
17181
15572
18640
16986
17933
17209
15754
17293
16710
19438
16014
17021
18600
17977
18237
18405
17741
17716
17827
17367
18463
16959
17805
17649
15851
18114
17114
17300
18034
16048
17243
18697
17209
17432
17248
16829
18340
16134
18065
18087
16433
18820
17922
17401
17457
17092
17274
18956
17971
17858
17566
17157
19702
16225
18339
19223
16864
19113
20161
18167
17928
17727
17903
19321
17107
19019
17457
16098
17381
17486
16904
16914
16960
17348
18031
16630
16971
17200
17791
18482
16403
18771
17509
15634
17776
19135
18637
17830
17704
17804
19426
17970
18899
17849
16460
19454
17859
18755
18380
18071
17955
18800
17299
17613
17319
17086
17387
17227
16993
15802
16225
19549
17087
16490
16249
16464
15508
17229
16830
16457
15413
15791
16785
16890
16707
16832
16658
16771
18208
14836
16219
15827
16343
17603
16283
17104
15592
17242
15626
17760
16807
16551
17998
15192
16986
17690
16558
15227
18682
16578
17931
17531
17202
18032
15572
18860
16442
16641
16271
19316
18374
18136
15814
16912
18209
17516
18886
17544
17398
18577
16881
20053
17634
17917
17070
18894
19175
17440
18057
17897
18809
16935
19124
17761
17535
18190
16661
20429
17511
15585
16935
18274
17534
18293
17628
16496
18289
15860
18971
16659
15555
17941
16498
17108
17276
18357
19159
17026
20562
18522
17584
18448
17983
20891
17692
15392
18094
16918
14145
19221
16605
15444
17104
15180
19552
16356
16626
14809
16933
17273
16920
16322
15948
17347
14567
19026
15792
15203
16374
16479
17276
17169
14271
17126
16516
15401
18249
16465
16013
16965
14365
18999
15151
14854
16446
16635
17505
15360
15968
16449
17024
16427
19543
18968
20079
20476
21492
15225
15407
14359
15651
17409
18759
18082
16272
15853
18226
18942
17224
16308
15861
16578
18577
17178
16996
16534
16412
18511
19071
18060
16236
15737
17902
19366
17788
16743
16321
17619
20128
18585
17850
16154
16228
21186
19268
18446
16067
16082
18184
18992
18442
17305
16200
17800
19126
19648
18271
16677
16482
19434
18170
18184
17073
16253
17368
20251
18123
17671
16521
16208
19013
19928
18459
15932
16249
18722
19165
19363
16387
16081
17501
18998
17712
18674
16003
16856
18957
19346
20433
16832
17023
18651
19337
18542
18394
16877
16547
18771
20203
18627
16604
17090
18842
19176
17246
18812
17426
16458
20264
17852
18364
16753
15917
18773
19196
19427
16147
16206
17833
19773
18016
17003
15791
16502
18161
17230
15943
14740
14795
18100
18502
16976
14781
15468
16962
18393
18935
15084
16408
14509
18104
16885
16798
14415
14467
16049
18904
16843
15079
14802
15176
17267
16826
15719
14278
14310
16551
18200
16326
14137
14401
16085
18778
16930
14772
14351
14596
18645
18355
16297
15319
14668
16625
19807
16345
14793
13902
15093
17327
16480
16058
14272
14359
16459
17061
15416
14193
14341
15250
18022
16151
15018
13754
14016
17935
16633
15671
13859
14555
15741
18367
15689
14267
15827
15686
17797
15296
16091
15272
14604
15083
18167
15680
14365
15464
18048
13904
16378
16397
14575
15359
18740
16089
13958
15395
15786
18282
14099
16374
15753
14647
16611
17118
15411
16042
14582
14690
20173
14773
14479
16019
14436
21680
15078
15018
15446
15019
16162
19254
14691
14379
15121
15389
19727
14168
14543
15292
13539
16834
18434
14372
16683
14091
18408
16483
14110
15991
15747
14757
19971
15367
14029
15488
19400
15919
14103
14637
15633
16142
17612
15829
14611
15411
14671
19731
15995
15493
15546
15961
18803
17757
15479
15811
16680
16099
20920
17710
15123
16765
15101
19088
16980
15219
14771
16727
18755
16403
16391
14537
16107
14775
19829
16529
14312
16164
14636
18825
17403
15262
14868
16006
14821
20414
16709
16061
16382
15468
20460
18030
16237
16183
16649
19494
17486
16111
15288
17760
16108
20316
18772
15723
16916
15829
20045
18515
14900
15823
16409
16306
18944
19052
15843
17242
15392
19217
20190
15210
16040
16908
19174
19146
16120
15173
16491
15066
20040
18016
15552
17223
20443
17741
15963
14954
15978
16434
17894
18482
14943
15864
17048
19897
17461
15568
15783
16389
19373
17696
15362
15973
17019
15818
17061
18611
14866
16610
15015
18086
18028
15058
16561
17953
16882
17385
17985
15564
15984
15148
18000
16498
15690
14692
16301
16538
17960
15974
16324
16121
18634
17177
17264
15760
15906
17176
18849
17352
16416
16474
18788
17077
17033
14700
15660
15728
16865
18989
16562
15796
17008
18542
16217
16899
15737
17027
19098
15910
17967
16169
15475
17405
17998
16826
17991
15597
17494
18248
17272
16575
15258
15727
19307
16517
16903
15250
16896
19475
15630
19016
15926
15679
20212
17244
16570
17439
15513
16594
19780
15621
17993
15578
17253
19354
15740
17279
17783
15307
19877
17238
18308
19554
15971
16982
19793
15204
16731
14923
14844
19170
16293
13820
14511
14172
16697
17491
14013
14797
14529
13851
19003
16007
14619
15555
13904
18611
16056
15642
16185
15043
15899
19386
16570
16030
16803
14674
18941
16288
15129
16198
14269
17353
18121
15607
16220
16489
15375
20406
16548
15250
15436
15552
18550
16909
15616
16098
13911
14147
19453
16192
13913
15404
13483
18479
16377
14291
16169
13467
15785
16983
15935
15136
14223
13696
18004
15267
13949
15372
14702
16305
16002
14079
16110
13908
15105
17860
16201
16551
16334
15196
18255
17671
15632
17156
14806
17142
18326
15154
17506
15174
14948
19227
15599
14683
17887
15449
16716
18226
15505
18098
16666
17447
18343
17810
15933
17133
15577
20106
15860
14923
19474
14789
17104
17945
15330
18670
15595
16043
19476
16898
15281
18026
14879
18365
17353
15222
18473
15094
18052
16421
16170
17871
15462
14966
18399
16277
15093
17917
15231
17278
16115
16713
17180
15579
15275
19205
16930
14996
18275
14960
19162
16490
16299
17573
14023
15778
18197
16683
15288
16365
17300
16568
16165
17264
14980
15330
19205
15697
16005
18221
14755
19336
15043
15921
18049
13733
16568
17700
15806
16053
15137
14991
17909
14450
13664
17714
14263
16979
16289
16785
17624
14636
14990
19832
15664
14150
17585
16504
17744
15185
15913
17584
14551
15671
17481
16516
15741
17127
14672
17535
15497
15957
16646
15178
16012
15753
16804
15965
15158
15956
17109
16142
15857
16947
19079
16775
15603
19059
16837
15745
18585
16686
16651
18572
15688
18423
17001
16146
18221
16343
14849
19481
14722
17923
16766
14582
17492
16260
16627
16509
17454
16726
17424
16438
17641
16466
17471
18555
14823
17155
16285
14948
20063
15351
17723
17096
16916
17742
17592
15908
16334
16966
15192
18900
15496
18020
15506
16063
18869
15516
16587
16278
16297
15866
18107
15084
17101
16337
14681
19045
14893
16820
16847
15185
16120
17573
15342
16874
15757
14568
18625
13809
17133
16450
14842
17655
13913
15575
14958
15266
15188
16600
15235
15550
15897
14000
17803
14790
16580
16028
14978
17043
15238
15662
15747
17881
16227
15939
14944
16361
16624
15651
18766
14973
15836
16696
16922
17215
16022
15860
17294
16511
16499
18236
14050
16786
15580
15573
15434
15817
17428
15162
18761
14862
14752
16109
15673
15362
17057
14759
16322
15486
17267
18381
14717
16235
15959
16039
18670
16915
18385
21154
19512
20653
22072
18851
21061
18611
16909
19990
15308
15441
15894
15084
15362
18980
14498
15996
13861
15332
17013
13222
15233
15349
13522
17654
14804
15669
14421
14026
14887
17505
14191
15266
13969
14199
19293
13502
16623
14045
13800
16451
17201
15430
15699
13478
14680
19493
14102
15136
14094
12879
17368
15341
16023
14234
13294
14385
18494
15700
14580
13714
12810
17478
14173
17051
13701
13325
15865
14754
15376
13638
14033
12983
17512
13758
14776
13754
13338
16462
14722
16050
14284
14735
17837
14488
17148
13688
14846
17941
14862
16992
15420
14652
16556
17628
16639
17866
14915
15057
19477
15472
18119
15132
16263
15605
17942
18042
15612
16850
15533
17558
16487
16405
18254
16310
18830
17281
16969
16170
15841
15829
15655
14998
14166
15344
14001
16593
15177
15716
16567
14514
17948
15207
16788
14649
15185
15602
16353
15824
13909
15544
14016
18324
15589
16203
16528
15544
17741
16979
16329
15120
17340
14963
19171
16343
18162
17076
14486
19216
16266
15829
15005
18433
15688
20410
16413
16501
18557
15750
19234
16479
15034
16558
16197
16570
18468
16841
16190
17610
15059
17652
16637
14796
17493
15955
17854
16183
15335
15671
16127
17154
17920
16388
14601
18007
14798
20635
17518
14680
16683
14356
17586
15287
15348
13790
15999
14860
17133
15989
14474
16781
14790
17374
15152
16785
16795
16655
16460
16602
16813
15006
15119
14428
16828
14477
14413
14954
14810
17418
13895
14949
14953
15206
14557
15975
14620
16452
13585
14642
17137
15512
15017
16524
14042
15549
14975
16911
16196
14371
14751
17256
17601
15303
16430
14171
16672
14679
17318
17453
14406
14525
15509
17160
15714
16225
16215
14586
17812
16933
14562
14360
16678
17572
15192
15643
14534
16739
16834
14670
16106
13422
14751
15870
16334
15814
13907
13742
16358
16129
16083
15859
13828
16510
15140
16888
17123
13509
14728
15112
16363
15119
14886
13415
15509
16180
14555
14614
13609
16101
12967
15831
14970
14344
14139
15957
16007
14123
14465
13293
16542
15441
14472
15410
13355
16665
13251
17133
17228
15412
13487
17715
17035
15897
15845
14453
17963
15775
17290
15833
15475
15653
15286
17312
13782
16972
14474
17063
16211
15054
16987
14254
16520
14903
17546
15795
15185
14902
17311
16989
13914
16819
13625
16647
14621
16162
15693
15295
15992
14797
15358
14225
15294
15608
16465
16008
14799
16398
15738
17056
14753
15420
17472
14203
16854
16567
15715
14845
15291
15710
16481
15331
14420
16576
14840
16216
14933
14164
16509
14330
16066
14989
15417
15577
15789
15576
15287
15789
13700
17739
15190
15425
13372
16785
16269
13170
15727
13367
16327
14347
15871
14910
13328
16639
15708
17281
14821
14405
15450
15950
15421
15276
14628
15457
14924
14621
15177
14669
13850
15586
15127
16435
13489
14762
14290
16523
13844
15816
14298
13220
15164
16156
16009
13396
14846
14343
16214
15531
14306
16377
14624
16016
14478
16658
17130
14409
17336
15969
18256
14197
17160
15728
17553
15443
16785
17113
14875
18760
17241
16666
14718
16311
16188
17485
17375
16292
16984
15127
16039
14951
16343
17296
14585
17394
15755
16685
15570
16037
19499
21611
20145
18421
19330
18333
19243
18554
16417
17377
15167
16745
17308
16132
15193
16655
15436
18015
14479
15875
16441
14749
16538
16743
15360
16897
14582
17215
16495
15973
14054
17357
15161
17182
15231
15785
16219
14569
17034
17834
14985
15443
15359
15995
17077
14562
15945
16763
16783
14752
16402
15592
15846
15041
14568
18324
15078
16177
16473
13990
16980
14674
15941
16462
13037
13081
17595
14715
14803
14551
13719
17518
14389
14504
15843
13197
14356
16523
15535
15764
13006
12917
17110
14538
13705
14610
13357
16224
13870
16229
17127
16598
14945
19426
15918
16395
15712
15199
20470
17665
15630
16426
15549
20366
17401
16600
20969
19545
19585
27543
19464
21036
20261
19998
22851
15604
16432
17766
15829
17680
22599
16716
17593
17051
16388
22983
15725
16149
17835
16769
16513
17040
14575
15174
14851
15631
19239
14514
14294
14226
16313
19177
16538
14306
14311
16931
17188
19100
14711
13772
16755
14670
19122
14626
14454
13930
16398
18016
16298
14605
14730
16519
14867
19556
14255
14643
14938
16238
19277
15297
15099
14651
17622
15745
17724
14817
13511
16998
14781
17669
14536
14455
14848
16553
14198
16437
13679
13248
15438
13474
16241
13272
13478
15668
14313
15251
14317
12807
14236
15683
14242
14677
13520
14018
16887
14834
15618
15424
13168
16432
15882
14525
15800
14845
15127
17220
15478
13947
14506
13072
16358
16190
14453
15188
13288
15510
18865
14995
14574
14735
14619
16073
17817
13926
14816
13846
15235
18427
13324
15685
14744
16022
16071
16181
14288
16185
14249
15715
17122
13745
16253
13644
15152
17078
15022
15025
15373
15338
15202
17197
14551
16317
13777
14963
16641
14868
17270
14401
15316
14084
16340
15523
15308
14900
14226
16277
14826
17177
14075
15136
15056
15497
16277
15461
15470
13820
17833
15139
16415
14523
15121
15336
15543
17780
13982
16667
13426
16575
16923
15201
15658
15166
16532
18721
15471
16417
14990
17620
16831
16150
15059
14291
15206
16229
17987
14599
17021
13390
16247
16743
15766
15350
14056
14718
15815
16567
14972
13745
15165
15807
17380
14143
15360
14763
16578
16845
15626
16256
14124
18726
15940
16695
14386
15382
17986
16500
17955
14519
16162
15991
17908
15490
16214
15646
14602
17356
14386
17048
14843
15863
16330
16340
17181
14307
15688
13569
18662
15685
13925
17284
14088
17591
14584
16744
15399
15230
14032
18126
15744
14263
17031
14004
18011
13737
15872
15571
15193
14879
16838
15318
15041
15621
14805
17818
13603
13669
16451
14269
16456
15191
13826
15246
14775
14490
17624
13641
13886
13836
16641
15190
14146
15364
15016
15114
17171
14143
14374
16781
14150
16869
15362
14136
16158
14641
15294
16526
13456
15063
15364
13699
16347
15093
13872
16214
13582
15669
16886
13680
14833
14787
14882
14960
14599
14035
15292
13394
14759
16069
13856
15081
13202
14330
15972
14915
14463
13201
13418
15961
16607
13670
15371
14802
15206
16672
15432
15411
13801
13661
17928
15369
14647
14503
13887
17021
15660
13940
15285
13813
15086
16582
14180
14998
13904
14248
18591
15527
14855
14815
14247
16805
17180
14469
15480
14783
15540
17412
16578
15168
21298
22596
22575
22040
18661
19799
20751
19413
21089
19801
20672
19775
21707
20931
14231
16296
17196
15774
17599
16142
16312
14586
16831
17735
17043
14573
16355
17336
16539
17943
16957
15517
17918
15362
19315
16510
15624
16718
18204
18033
18015
15791
17233
18211
16804
18880
16552
16991
16740
16699
18721
17256
15378
16629
16272
16873
17828
15223
15499
16326
15219
19352
15320
16113
15151
15515
17540
18179
15220
15386
14259
16561
17922
16482
15945
15035
15920
19301
16417
14125
15457
13858
15281
17942
14512
15478
14574
14502
18791
14172
14869
15380
14885
18305
14943
14512
15593
13835
17057
15294
15473
15698
13823
14052
18037
16248
14409
15189
15064
16932
15658
15928
16010
13724
14788
18222
15704
16095
14402
13814
18539
15909
15856
14140
14029
17591
16092
15447
14768
16494
16055
17404
16448
15883
16553
14411
18472
16310
15988
16358
15061
17108
17577
18051
15573
16384
18527
17770
16237
15788
15896
15058
19171
15542
15940
14122
15572
16672
15860
17070
14857
15853
16516
18378
17186
16213
15576
16217
19845
15787
17524
14779
15458
17777
18519
15985
16169
17148
15745
20003
16030
17259
14259
15565
18698
16981
16303
15281
14164
14774
18643
17376
16773
14997
16101
19228
15437
17892
16001
14610
18450
16328
16673
15063
16348
18600
16212
18452
15824
16359
17466
20096
17818
17532
16768
14991
17801
16424
17813
14791
15296
17608
17374
16920
15735
14417
15017
18272
16846
16693
14665
14823
17305
15519
17626
14884
15925
14186
18247
15651
15762
14679
14276
17238
15494
16744
14392
14285
17348
16370
17189
15916
15205
14925
19424
15880
15535
14061
13954
17709
16977
15502
16311
15246
15556
17612
16950
15688
16060
15481
18443
17636
16904
14950
15738
16902
16611
16684
16874
15027
14987
18797
16398
16204
17218
15207
17355
17558
15830
17558
15066
17882
17226
16307
16577
16658
15191
18569
15978
16597
16064
15181
18507
17468
16736
16956
14796
16797
16569
16424
16513
16162
15062
17479
16134
15620
15635
14662
15600
16191
15807
15497
13998
15138
16197
15318
15689
15972
14488
19070
15794
16336
16877
15005
17011
18429
16019
17451
15360
14767
17102
16955
16835
15782
14245
16449
18986
17365
16114
14634
14607
16228
18076
16043
16974
14850
14600
18493
16589
16893
15927
14321
17660
16630
15774
16957
14395
15156
20022
15785
15584
16590
14316
18302
16232
15765
16181
14643
14937
18559
16259
16186
15834
14618
19074
16599
16689
16115
15307
18132
16671
16679
15216
17943
15146
19502
14947
16452
15872
16425
17429
14992
16395
15086
17673
15191
17577
14541
14627
17102
14080
18605
14348
14156
15804
15968
17035
14232
14249
14720
18499
15916
16245
16277
14894
19072
15681
18690
14349
14658
16208
16798
16311
14835
14707
14089
19769
16585
15798
14274
13772
16205
18961
17635
13886
13158
15389
17741
17470
13571
15031
13402
18083
15489
16790
13266
13469
14899
18168
17671
14246
13902
13501
18777
16834
17846
15253
14560
16860
19401
18592
15281
15171
15486
22245
17780
14197
13543
13447
19645
15616
15331
13632
13992
13588
17434
15774
13467
13969
14121
16239
16602
16536
14301
14567
14472
16419
16521
13510
13580
14103
16170
13445
15346
13739
14455
14190
16430
15328
14605
14642
15224
16514
15457
13910
14211
15432
15309
14452
15479
14255
15120
14443
13378
16544
13290
13487
16297
14184
16448
13970
13751
14727
14805
13933
16486
13048
13577
16047
13629
15300
14020
13485
14468
14468
14633
14378
13143
13247
14332
13716
15222
14131
14879
15418
14571
15160
14548
13616
14364
14353
13529
15205
12792
14469
15062
14775
15291
14564
14589
13895
14577
15166
13987
12763
13878
14126
13871
14103
13896
13731
14287
14612
14429
14358
12719
14873
14973
15290
15691
14843
14964
14378
15294
16245
15412
13991
15300
16590
15061
15438
15792
14703
14292
15996
16579
14761
15069
13471
16382
16891
14272
13465
14297
14832
16979
15235
14947
15359
13741
14714
17889
13449
15355
13914
15750
17109
15970
15366
15402
13741
17019
16658
14558
16227
13936
14915
19478
15530
17202
17019
16781
17341
15749
15063
15115
13624
16475
16843
14119
16375
14829
15235
16096
16100
15653
15180
14060
15959
16734
15033
15837
13195
14671
16942
15594
15724
14514
14137
16420
15801
15280
15290
14253
15399
15985
15587
16867
14547
15365
16665
15538
14744
15419
13514
17251
13484
16745
13949
14473
14889
16769
14411
14324
13784
14442
15487
13826
16829
15563
16311
17619
16193
16225
15408
15247
15041
16515
14556
15060
13097
13966
17482
13514
15452
13985
15099
16463
15342
15716
15254
13772
16014
19474
14071
18585
15497
16641
19985
17216
17994
16666
16230
18195
19736
16493
18622
16139
16488
19418
18375
16958
18311
21027
28959
25322
16776
13786
15093
17726
14435
16411
14047
14318
17165
16591
14398
16864
13941
15270
16602
14022
17990
13886
14408
17906
14306
16804
16212
14168
16102
16618
14217
18708
14209
13942
17893
13990
17149
15941
14162
16090
15717
14428
17263
13951
15210
17252
14167
17315
14458
14771
16605
15481
15022
16379
13930
16254
16339
14783
18546
14084
14603
17278
15323
17016
14382
13867
16860
15354
13901
16358
13251
14684
16574
13935
16710
13994
14279
15352
15463
14489
17138
15379
15311
14884
14982
17289
15407
14074
14645
14871
14587
16387
15621
13936
15660
14649
17041
15838
14408
16470
16579
17013
17438
15580
16793
16823
16340
17336
15775
15535
15643
18221
16265
16065
15635
16370
16469
20994
17259
15489
16418
16215
15968
18723
15832
15965
14767
16805
19207
16196
14909
16310
16949
18395
17562
15092
16695
15976
17489
16365
16520
14982
15945
16015
18278
15588
14391
15893
16324
16637
18461
15374
15755
14883
16637
19799
16802
15187
16920
16403
18943
16030
15405
15624
15084
17685
17769
16485
14504
15960
14553
18416
16569
15870
16416
14065
17069
16071
15832
14808
15500
14809
16653
17019
14721
16674
14397
16832
17701
14691
15434
15629
16030
16163
15728
13663
15095
14700
16771
16698
14155
15514
14453
16994
14565
17226
14653
15671
15598
16840
17160
16069
16746
15757
18200
15802
18334
17118
15639
16278
17044
14712
15785
14388
16669
15120
16658
14706
14832
16843
15140
17666
14607
14674
14976
17167
18725
14917
14557
14656
17027
15874
17211
14518
13926
13827
17085
18322
13881
14235
14641
17180
17055
16511
15207
14625
16513
16493
18067
14784
15020
14632
15886
17343
17739
16150
15733
16545
15723
17722
16443
15778
14721
15169
18571
17321
14942
16781
15522
16726
19386
16726
17179
16496
16037
21431
16288
16278
15500
15045
16481
20091
14741
16113
15339
14669
20076
15817
16260
14936
14966
17803
19054
14793
16498
14973
16564
19560
14692
16174
14955
15555
19030
16365
16252
14870
14691
17209
19175
14484
15858
14993
16053
18407
16126
15975
14703
13881
18472
14406
14339
14204
15621
18256
13712
14338
14511
15943
16475
16501
14854
14063
14047
16123
19099
15531
14821
14807
17694
17679
15994
14759
14347
14414
18243
14069
14603
14590
16862
16861
16719
14032
13894
14156
18101
16734
15052
14950
14147
17025
17053
15875
15755
14623
16991
15750
16145
15389
14708
14199
17473
17125
14586
16026
16199
17102
15935
15363
15386
15397
14482
17881
15754
14937
14523
14558
16824
16217
15051
16194
14085
14961
16191
15827
15141
15101
13718
17298
15693
14553
16324
14788
16347
15597
16383
15735
14970
14331
16763
15122
15335
15597
13808
15391
14699
15280
15372
15092
15102
15085
15666
15302
15556
14457
16605
14273
14789
18799
15288
17024
15984
16765
15603
15295
14468
17146
15767
15544
16235
17361
20070
19340
18573
20333
17556
18577
20113
17001
16990
14370
13682
16250
14871
15062
15588
14279
16994
16537
15867
16853
15315
17934
15736
16687
18878
15696
15068
17259
15839
16109
16271
15244
17642
16390
16458
17148
15450
15377
18365
16610
17124
16167
15970
17966
16591
15491
17216
15136
14897
18232
16341
16185
15445
14371
17297
16215
15440
17093
14757
15310
18768
16047
15982
14463
15336
17783
17565
17308
15787
17113
18263
16837
17188
16926
15310
16384
17477
17242
16616
14672
15863
16769
16319
15922
14406
15046
15108
19470
16647
15022
16228
15943
18177
16631
16592
16598
16468
16801
20059
16758
15282
16205
16296
19288
16630
15337
16388
16479
16676
17933
15489
15185
15687
14989
18089
16610
14497
15344
16853
16887
15829
15498
16431
14803
19359
16129
14058
16021
14496
17544
17330
14458
16304
14279
14250
20108
15883
14418
15943
14643
18851
15767
14498
16108
14282
16769
15684
15506
14071
14123
13849
18479
16012
13744
13775
13879
17697
16268
13927
14429
14473
15641
18301
15794
13486
13636
13692
18409
15628
13828
14125
13436
17235
16118
14375
13460
13472
13474
19133
14897
13881
15514
13851
17636
16541
13799
13981
13448
17101
17111
15455
13744
13794
13647
18270
15409
14054
15033
13878
18257
15306
14798
14549
14418
14673
17529
15633
15486
15657
13776
17917
15571
15434
15718
13932
16417
16190
14955
15537
15306
14212
18150
15693
15897
15580
14029
16761
16267
15406
16284
15279
17014
16795
14576
15196
15420
14776
17569
16290
14862
14786
13726
16265
16594
15704
15588
13496
14951
16893
15156
15692
15338
13775
16662
15236
15318
15201
14482
15766
19839
15882
14813
14717
15285
17040
15656
16274
15534
14131
16513
17417
15599
15633
15164
15080
17584
15767
15525
16095
13991
16426
17531
15316
15658
13780
13953
19099
15486
15331
14729
13796
16347
16419
15479
15364
13904
15818
18620
16401
15621
14434
14062
17097
16214
16683
14042
14051
15651
18263
15030
15334
14277
14222
19046
15411
15673
14318
13983
15738
17087
15548
15580
14226
15083
17550
16130
14687
14097
14250
15458
18258
14663
14624
14927
16085
17522
14635
14159
14155
20952
20375
18420
18418
18284
18045
22141
18178
15943
14542
14178
18473
15449
14781
14789
14376
16862
18138
14474
13719
13984
14104
19508
15999
16070
14669
14146
17581
16406
14342
15352
13631
16518
17404
14533
15152
13947
13962
19176
15602
15391
13967
13584
16753
16250
14987
15286
13938
13800
19431
16436
15447
15251
13850
18965
15032
15626
16701
14441
16746
17202
16022
16620
15098
14162
18854
16159
14834
16626
14344
16520
16302
16563
16977
15002
14427
18194
17092
15319
15784
14646
18104
15585
15956
15489
14074
16258
15147
16948
15048
15505
14590
18480
17902
15737
16086
14412
17527
16738
15411
16528
15357
16124
16828
15879
16206
15845
14083
18038
15317
15017
17045
14124
16305
16473
15415
16508
15257
15044
17529
15883
15900
15811
14084
18185
15080
14459
16702
13907
15481
17371
15865
15444
15307
14695
17990
15648
15597
15981
14224
16804
17707
14561
16357
14399
14704
16271
15378
15185
15573
13999
16138
15123
13663
15493
13722
15313
15499
14910
14489
15692
13731
16598
15121
13934
17189
14039
16585
16809
14699
15888
14966
15006
16039
17179
14247
16368
14580
17615
16479
14407
15226
15894
15441
16121
17046
15154
16672
13633
17356
16997
14328
17230
15684
17290
15298
16767
14543
18425
15202
16258
15923
14033
17738
14916
18294
15178
15245
16102
16445
16466
15674
15712
15246
17869
15372
18311
16442
14702
17736
15042
18069
15616
15239
15144
17927
15499
17529
16364
14568
18575
15612
18159
15999
15094
17374
16300
16945
15695
16211
14729
18820
14511
18570
16616
14419
20357
14829
18031
14760
15632
15656
15949
15511
17601
15884
14940
16977
14428
18442
14414
15168
16519
14025
16524
16127
15617
14446
17460
14166
16315
15222
15201
16617
14819
15862
14408
15905
15043
15794
13912
16379
16101
13640
16847
13735
16034
14419
16386
15280
14997
14627
16326
16592
14445
17320
14396
17759
15153
17588
16779
14735
16662
15815
16409
15547
17264
14168
16770
15175
16380
16249
15017
17529
14762
16678
15843
16039
15630
16001
15826
15549
17009
14116
17290
14438
16001
17396
14915
16698
15960
16253
16640
14587
15177
15886
16837
16034
16357
14762
17116
16620
16311
16594
14895
16038
15656
17047
15909
15976
15334
16331
16968
14863
17378
14392
16293
16191
15853
17281
14674
15583
15806
17367
16019
16204
15933
17083
16927
16099
17013
14547
15992
17209
15668
15669
15357
15293
16439
16792
14287
17809
14057
16670
15947
15770
16547
14792
15761
16054
16691
15673
15848
15719
14923
15941
14825
16784
13820
15560
15005
16475
16457
13960
16234
15007
14730
16060
16122
13914
17758
14059
16174
16617
13946
15329
15172
16480
16408
15775
15066
16106
15455
15656
17525
14636
17430
14603
15164
17172
15525
16206
16178
14246
17291
17155
15626
15743
14592
16295
17973
14976
16298
16064
15568
17220
15847
16134
15884
15272
17999
16253
15584
15889
14797
15340
18436
15877
17314
15746
14238
19163
15345
15798
16205
15632
18089
15287
15863
15364
14379
19062
16262
16027
15292
15071
16483
17042
15098
15845
15930
14866
17692
15714
15240
15803
14202
17827
16398
14846
14571
15324
15986
18808
15784
15724
15995
14595
18761
15977
15973
16316
14922
16916
16033
15236
15468
15506
15384
17168
15382
15205
15719
14564
17696
15946
15740
16864
14061
15019
16370
15129
14794
14805
15055
16626
15214
14105
16676
15388
15178
15592
16318
15102
16736
14162
16647
15435
14770
16334
15545
16502
16187
15327
16446
16624
15274
16692
16167
15587
16450
15680
16813
17728
15054
17186
15914
16237
15799
15633
16502
16819
15738
15340
15538
16961
16206
15036
17143
14595
16946
16381
15969
17011
14854
15556
16111
15650
14186
16948
14169
17478
16154
15102
17189
14328
16050
17662
14371
15946
16209
16553
14544
15956
14640
17242
13754
16603
16688
13907
16928
14097
16635
15150
16024
13705
16741
14893
19246
19322
17592
19115
17476
17033
15638
15548
15418
16227
15730
14503
17160
13877
17193
14233
17023
16554
14277
15211
15293
15985
15154
15524
15705
15779
14423
15838
16933
14578
16326
13579
16341
16034
13646
14704
14452
14199
14824
16198
12948
15130
14633
15239
16248
13199
14777
14326
15558
14462
14907
14618
15318
14441
14888
15411
13339
14889
15538
16080
17592
14101
14980
15331
16042
17585
13730
15516
15274
16668
16581
15549
13822
16738
16050
16737
15569
14222
16780
16587
17644
15844
14186
14375
17339
15350
17033
15684
14990
15790
15851
18843
16170
14985
15848
15411
18252
17320
15548
14783
15935
16981
17577
16316
16541
19693
19640
24809
22442
20346
18547
21891
25879
21794
20809
17943
18086
18435
19566
16730
15279
16525
17936
21715
22667
22267
20054
25098
24261
21183
18135
19596
17913
19679
19077
15671
14736
14607
17355
19298
16409
15228
14194
15660
18414
17459
14854
15452
15501
16790
19443
15727
15351
14328
17415
18806
16143
14396
14569
15801
17706
17322
13955
14077
15461
15785
17999
15331
14175
13928
15881
18423
15867
14339
14032
15129
16303
17212
14687
14129
14418
17643
18686
16047
14642
14581
15994
19175
16050
16247
14814
15646
16875
17328
15896
14619
14358
16332
19308
15573
15123
14639
15816
17900
16000
18315
17911
18283
19113
21497
18293
17020
16740
19441
20656
17166
18391
17123
17550
18764
20092
18414
16692
16389
19242
20047
18613
16371
16212
17128
19206
18253
17847
16948
17763
17790
20252
17906
16254
16486
18782
17767
19505
17585
17133
18004
17222
19146
16558
14887
14132
17235
17466
16835
14461
14321
15329
13940
18636
15291
13773
15302
13829
17756
15790
13794
13836
15046
15176
16882
14166
14138
15111
14051
17628
16116
14315
15348
14061
17745
16602
14209
14147
15025
15640
16464
13646
13592
14922
14804
17997
15935
13234
15107
13970
16794
17408
14359
13946
14883
14846
17955
15326
13895
14907
14228
16868
17495
14375
15748
14507
16229
16989
16325
14404
15382
15404
17417
16964
14418
16223
14351
17136
17756
15226
14595
16052
16452
17667
15689
14671
15675
15847
17091
17876
15929
14678
16083
17527
17391
16019
14374
15470
15737
17849
16445
14155
15240
14733
18186
17319
14550
14874
16405
19286
15715
16810
14685
15678
16070
17726
17708
14495
15090
16491
19071
17208
14183
14449
15968
15845
18484
15488
13993
15298
14830
17982
16545
13517
14413
15113
17911
16034
15444
14400
15617
15205
16926
17067
14086
14708
14381
18002
16621
14234
14385
14540
17673
16542
14254
14093
15353
17222
17015
15461
14739
16331
15364
16817
16359
13688
13318
17542
15302
16217
15089
13636
15621
14077
17476
14964
13915
15716
15394
17060
14813
14825
15644
17341
16131
16507
14377
15570
15479
15609
17645
15570
15439
15659
16512
15693
16753
13640
15395
15803
15334
15834
15836
15208
15461
15433
16029
16216
14558
15528
15799
15428
15920
15624
15173
15073
15656
16934
16298
15194
15564
15598
15687
16780
15050
15474
17061
15884
16009
15681
16084
15589
15710
17452
16980
15080
15959
16244
17172
14896
15021
16507
16465
16452
15542
16133
16180
15546
16662
16751
16053
14954
16168
17287
15870
15734
16028
15869
15933
16787
14959
15695
15592
16616
17196
14937
16181
15405
16433
17064
16228
16288
15104
15992
16072
17610
14461
15599
15767
15413
17053
15157
15726
15591
15347
16349
15444
16416
15470
14482
13272
17689
14687
15037
14589
15209
15038
16136
15167
15507
14649
14769
16920
13672
16270
15567
13723
16405
14985
15726
14733
15392
15653
17096
15681
15801
17737
14959
18954
14650
17173
14848
16505
16139
17652
16071
16295
16787
15640
17066
13950
16951
16226
15120
19040
14496
17594
14442
17234
14954
17910
14749
17779
16012
15998
18484
14246
17212
15382
16306
16508
17062
14854
17199
16333
14919
19239
15076
17367
16014
16746
17731
16317
17122
15330
16205
17235
16053
15007
14865
16438
16300
17016
15624
16097
15785
15022
17181
15954
16104
15540
16373
15608
17628
14940
15788
16035
15607
16212
17100
16305
16194
16258
15118
16898
15265
14114
16678
14795
16679
15891
14817
15656
14890
15993
15086
15326
14072
15643
14197
16446
15419
13671
14184
14642
15502
15552
14959
14743
15543
15575
15862
15544
13127
16207
13671
15838
15353
14953
14853
15036
15523
14318
15757
14859
16028
14971
15354
16475
14036
16174
15284
17178
16090
15151
13751
15400
15345
16665
17005
16061
15668
16733
16329
16094
17496
14777
15964
16823
16450
16435
14417
16946
16773
16035
16044
15872
16312
15913
15998
16031
15720
15738
16052
17851
16512
15807
15369
17343
16809
17687
16072
16231
18419
14664
17955
16864
16515
14597
17737
17406
15634
15593
17147
17418
16850
16387
15001
16359
16920
16609
18190
15185
16421
15998
17570
17568
15170
16403
15885
17547
15544
16706
15216
16556
17966
16669
16243
15787
16004
15547
17077
15680
16306
15447
15517
17967
14729
14746
15158
15577
15235
16362
15563
15869
15269
15808
17618
14766
15996
14316
15530
17159
14465
14699
14150
15088
14605
17552
15640
15479
15031
14431
18057
13900
15901
14984
15529
15653
17535
16013
15664
15871
16438
17894
15070
16825
15211
15935
16953
16907
16280
16700
16065
16321
17098
16042
16199
14910
14608
18490
14585
17371
15496
15689
18084
17481
16858
16147
14777
15444
18667
15922
16243
15493
15633
17787
15590
16573
15946
15501
17209
17554
16324
17292
15406
16496
17138
16436
17202
15811
16535
16245
17670
16166
16258
16306
15549
18319
15340
16740
14666
16155
17498
16333
17475
15224
16430
14649
18554
15866
15908
14280
15509
16679
15924
17253
14829
15544
14826
17727
16033
15647
15363
14790
17839
15197
14910
15916
16231
16462
16023
16614
15057
14910
14278
18034
15834
14254
15704
15343
16848
15278
15035
15059
15011
15325
16824
15096
14606
15136
14295
17910
15094
14227
15551
14902
16416
16001
15227
15231
14851
13521
17151
17503
13710
15335
15327
15092
17703
15348
16120
15413
14641
16065
17217
16468
15948
14907
18702
16623
16049
17639
16056
15962
17362
16911
16057
16186
15195
18192
17441
14835
16060
15544
17583
17680
15334
16218
17442
15895
17465
16696
16242
16231
15688
18041
15929
14097
16063
16024
17150
17114
14906
16092
16437
17453
16192
16223
15918
14788
16318
18763
17069
15384
16428
16512
17708
16619
16824
16064
16201
15220
16510
16594
14299
17780
15711
15982
16552
15357
17642
17283
16053
15996
15373
16113
17806
15953
15174
17356
14473
17210
16930
15929
16195
16120
15858
17691
15398
15600
16230
14147
17128
17223
15916
16903
13930
15021
17447
15089
15283
15381
14987
16485
16286
14253
16868
13777
15873
18550
14966
15148
14771
14857
17555
15244
15497
15004
14583
16706
16813
14487
13738
15110
15248
17804
15234
14112
15162
14817
18208
15089
14674
15627
13772
16021
17074
15458
13894
15444
15216
17150
16336
14142
15640
14813
16938
16987
14439
14162
15209
15946
18234
15472
14086
15460
15228
17718
15510
15421
15140
14978
18239
16047
15763
14079
15481
15736
18079
15630
13976
15570
14882
16898
15047
15072
14196
15081
15008
18193
14872
13752
15424
15063
17327
16085
15401
15640
14879
18795
15742
16105
15822
16367
15747
16688
14974
15284
15243
13485
16413
14988
14920
15880
13716
15255
16420
15302
14926
13452
15530
14662
14847
15525
13578
14891
13696
14912
14596
14843
15108
15449
14111
15752
15923
14020
17053
14056
16240
14938
15015
15146
15155
16889
14922
15269
13644
16507
14703
16957
16708
14598
14978
15642
16643
16101
13963
15420
17388
16727
16289
14660
14072
17008
15426
16956
15177
14103
16865
15133
17202
15610
14118
14683
18229
15618
16483
15506
14194
17371
15799
16665
15700
14638
15782
17453
16734
16559
14407
14247
18163
15596
17104
18103
15347
17730
16503
18013
16728
14959
15480
18363
15464
18338
16126
15167
18351
14964
17128
16902
14923
16167
17581
18730
20949
18765
18656
22876
20016
19947
19866
17306
18448
15912
15517
16060
14370
16877
17086
18573
16749
14909
14509
18456
15954
18217
15297
14545
15967
16230
18399
14651
14956
15766
16913
16722
16882
14590
14158
17842
15215
16584
14147
15761
15522
17118
17753
13535
15460
15126
18519
15199
16423
15170
13751
17732
15072
17219
14980
15752
14575
17398
17902
14937
15729
14115
17783
14688
16737
14336
15250
15659
17165
17208
14944
15787
14785
17049
16129
16435
16183
13843
17219
15994
16891
15745
15137
13875
17666
17404
15403
15755
14109
16713
15538
16888
16276
14155
15090
16153
18336
15542
16008
13921
16704
15706
16209
16990
15175
17249
16094
16979
16514
15749
14780
15698
18542
16595
16210
14796
15640
17115
17440
17094
15155
16103
14970
20156
16124
15442
14140
16193
18677
17138
16623
14625
15905
15382
18838
16973
15307
16402
15524
19480
17810
16718
14908
16413
17471
15923
17556
15687
16239
14542
18201
17676
18246
15284
16424
17779
16783
18327
14577
16356
14989
16726
18167
17009
15219
14958
18479
17957
16401
14227
14752
16973
16887
16948
15852
14255
14988
17978
17873
15336
13874
14408
15513
19607
14978
15472
14385
16029
17243
17774
16796
14538
14585
17104
18899
15853
14704
15249
15432
19098
16310
16949
15209
15943
16963
18971
16062
14000
14487
14936
18314
16740
15030
14529
16043
17912
16774
14710
15039
16253
17873
18536
15558
15192
15399
17171
19204
16359
15215
14319
16120
19863
16951
15386
14893
16173
17357
18298
16441
17417
15539
16501
20773
16986
16062
15534
16695
19056
17667
16415
15237
15253
16489
20037
16683
16734
16308
15041
18976
17934
14940
16533
14953
17568
18101
17166
16894
14741
14904
20021
16079
14731
15925
14481
18446
17617
14247
16102
14560
15221
19883
14588
14860
14970
14378
18592
15544
14690
15975
14321
17655
16777
14487
16614
14684
14090
20369
15262
14654
15236
13854
16081
17642
14179
15238
14253
15387
18444
14332
15439
14325
14177
17350
16824
15529
15744
14484
15293
18443
15575
16594
15183
15083
20047
16150
15098
15762
14412
17165
15718
14692
16366
15221
17135
17552
15274
15436
13540
15338
17575
16022
14862
14631
13730
17225
17362
15057
15548
13945
15113
18040
15597
15733
14154
14691
16952
18438
15027
16458
14171
16338
16920
15156
15787
14076
15534
18073
17497
15812
15195
14575
16414
16930
16607
16039
14721
15661
17008
17157
15374
14863
14863
15767
17606
15583
16468
14215
15827
17381
17188
14530
15895
16133
16752
19513
14697
15726
13982
15132
17479
15453
15278
14066
15594
15908
14655
14862
14146
16211
17319
16189
15434
14361
15738
16930
18113
14213
15912
15419
15991
17331
15268
15117
13543
15251
17378
17607
14687
14063
15219
14852
18848
13975
15330
13786
13590
17654
16401
15389
15177
13472
15448
16926
15374
15467
14535
15587
17566
15949
15911
14998
14407
17985
16601
16132
16238
14549
16436
17269
14533
16247
14463
14272
18165
16841
15273
15188
13478
16074
18483
15367
15971
13983
14291
16463
16248
16529
15777
13620
16807
19186
19367
20081
20449
19597
17453
14654
17448
14690
14621
17238
28333
20939
15539
13923
16061
17252
14371
17378
14066
15158
15876
15091
16842
15626
15338
16397
15683
16519
15615
13580
16738
16704
14986
16789
14052
15450
16686
16035
16366
15010
16532
18933
14165
17609
15359
16813
16143
16894
16681
15601
15835
16795
17385
15226
16280
14405
17126
17125
14468
17455
14520
15753
16746
15479
15997
15714
15518
16326
17186
14835
17533
14565
16213
16392
15797
15394
15377
15400
15343
16157
15230
16279
14356
16049
17189
14833
15525
14201
15861
17212
17267
17539
14586
15390
15029
18183
14599
15756
14470
15130
15318
16783
17140
14598
15749
14889
17860
17118
14661
14328
15933
18239
15980
17273
14618
15477
15358
16694
16811
15417
15583
14859
18548
16234
16211
14186
15794
15526
17842
15552
16013
15924
16194
19267
16256
15461
15479
17670
16713
15457
15683
15354
14913
19012
15756
15665
14538
15699
18555
17786
15205
14767
14160
15367
19102
16291
15780
14413
14095
20117
15749
15079
13836
13921
17217
15328
15465
15484
13868
15291
19067
15811
15498
13941
15429
17963
16816
15809
15208
15884
16910
19104
17505
18934
16675
19555
21605
16377
16664
15534
16381
18744
17168
16762
16930
14290
15103
19563
16784
15777
15238
16169
18383
16429
15400
14216
15168
15998
17171
16174
15468
13896
15127
17978
15593
15631
13872
14631
17430
15482
15994
15070
14020
16875
16626
15520
15707
14052
16787
18076
15291
15432
14242
16749
18753
14541
16090
14646
16980
16800
17446
14995
14535
14715
18901
17792
14572
15315
15151
16877
18680
16170
14693
14754
16113
18548
16045
16343
15388
14960
17193
35249
32577
15330
14701
17188
17146
17909
16060
14464
14263
18106
16830
17256
14716
14852
17105
16170
18886
15607
14792
15566
16459
17531
16259
15316
14920
17864
15284
17206
15456
14402
17549
15230
18662
15197
14347
14180
16014
17930
17624
15488
15587
16032
16160
18862
15400
15600
15205
16969
18437
17052
15181
15083
16558
16582
18089
15578
15735
17027
16735
19052
16465
14301
15950
16152
18025
17797
14752
15891
16629
18594
18584
14593
16006
16061
15940
19229
15442
14885
16137
16984
18355
16736
15298
16299
14662
16932
18315
16118
15612
16194
16622
19315
15566
16687
16203
14719
17347
17080
15699
15366
15505
16174
17425
16008
15413
17418
16132
16745
16740
16568
17769
15427
16788
18031
17043
16455
17517
17903
17920
16040
16961
18754
14289
16060
16542
16003
15691
17227
16538
14295
16430
16888
19934
15917
15447
15328
16537
18796
16285
16606
15032
16446
16398
19991
16729
15168
16592
15555
20519
15697
15201
14142
15747
15461
18319
15604
14522
18511
14549
20002
14186
14251
15120
15034
17826
17844
14724
16191
15988
17245
19001
14668
15355
15902
18616
18256
14775
15380
16374
17459
20196
15653
14537
17295
14845
18404
16556
15549
15617
15631
16188
18970
14814
15997
16715
15667
19286
15851
16348
16650
15506
16761
18072
14964
18026
16399
15460
20715
15431
16278
16892
15555
18480
17034
15637
16865
15253
17506
19738
14840
16551
16702
14701
18904
16254
15705
16562
15253
18959
15957
14858
18170
15866
14974
18867
14895
16256
17418
14550
18030
14426
14231
17227
16307
15590
17484
14860
16755
16278
14245
17172
13984
14319
18089
14862
16918
16049
14917
17140
15797
14857
17330
14653
15451
19185
16583
16501
16260
15354
18618
16121
15786
16847
14573
15965
19296
15217
17443
14242
16211
17870
14629
15709
16194
15222
17930
15189
15966
15584
14214
17568
17588
14592
15984
16082
16750
17945
15096
17576
14616
14330
17758
14868
16099
15715
16019
15696
16526
15578
14845
17038
14756
17503
14352
15655
14674
16688
15757
15226
16341
14112
14604
15929
17306
15421
14086
14788
16158
17311
16225
14098
14234
15969
15872
16748
15180
14529
15241
15548
15409
15121
16025
14800
16875
15185
15188
16569
16843
16733
14919
14812
16135
17032
15981
17499
14888
17467
16358
17003
15411
17643
14832
17963
17480
16592
16460
14786
17668
16169
16043
15860
15184
15564
15576
16871
16375
15357
14822
15982
16111
15349
15292
16191
14556
14542
17993
15885
15222
15224
14225
16768
15037
15323
16308
14906
16617
15470
16185
15619
15517
15928
16860
14590
16392
16313
15587
15570
15514
16507
14929
15886
16630
15581
14035
17896
15983
15647
15633
15505
15700
16794
13978
16600
15786
14679
16347
15651
15391
17335
14755
15784
15699
16498
16717
16154
15460
15682
14980
16015
16038
15924
16416
16007
16030
15573
15860
16376
17459
16110
16262
16460
15674
16857
15635
17122
15905
15398
15730
17728
15991
17076
15309
15560
16860
14263
17189
15796
14350
17473
15889
16036
15824
15448
14539
18132
15296
16123
16104
14089
18234
15371
14958
15472
14744
17443
14788
15039
16308
14894
17088
15846
15817
14754
16691
15846
17812
14607
15927
17705
14163
17962
14423
16090
15310
16760
16282
15507
15175
14162
15657
14565
18566
15170
15937
16121
14291
18130
14214
14865
13771
15760
15026
15002
13908
13991
15594
14940
15875
15604
15229
17134
15569
15659
16230
15426
16579
18489
16617
16927
15715
15457
17254
15581
18535
15745
15367
15591
17687
17042
16645
15298
15626
17667
15730
17619
16048
15190
17402
15183
18191
15226
13969
16329
15140
15224
16048
13877
14510
15576
15687
15526
13675
13704
15918
15346
15919
15644
15749
14885
17002
16442
15406
15511
14635
16410
15429
16074
14113
14651
13807
16106
17278
15504
14855
14880
14881
16414
16085
14962
15086
15032
16221
16204
15127
14290
17645
15192
15189
16826
13856
14931
16977
15586
15377
15383
14345
18266
15543
14542
17259
13888
14952
17636
16654
15234
15425
14353
16127
15191
16637
17419
13653
15625
15441
16506
16112
15500
14255
15721
15742
16762
16220
14098
16395
16041
16052
15579
16501
15362
14817
16343
13702
16493
15098
14871
16142
14630
15424
16032
16002
13297
16344
14388
14271
16900
14194
16495
13552
16076
14703
15080
15201
13481
15268
14587
15771
13317
14613
14807
13090
15308
16621
15480
13500
15204
15990
14935
15462
15095
14423
15261
15658
16318
14731
14257
14267
16250
17322
15395
13622
14275
14641
16838
15598
15581
14864
13481
15765
16767
13900
15646
15303
16724
15522
16348
15662
15013
13436
17886
16535
13571
16052
14493
16240
15960
14223
15335
15427
15146
15161
14957
14706
15171
13731
16442
14868
14074
17264
14028
16525
13949
15435
16444
14969
14323
16263
15322
13833
16651
14664
17317
14978
14711
16337
14464
16429
14229
15238
13512
16281
13793
16931
15179
14000
16610
13848
16521
15005
14212
18044
14130
14294
17253
15895
13677
17370
14295
16562
13973
15459
17920
13529
15841
13876
14737
13148
17475
16942
13849
14949
14537
17480
14128
15857
15170
13582
17774
13634
17040
15360
13726
13546
17654
16660
13440
14821
14436
17837
13768
16191
13526
13263
15293
16535
15679
14612
15032
13858
17890
14888
14735
14342
13940
18381
15313
16510
15562
15525
14714
19397
16743
14430
13970
13990
17084
14186
15335
13497
13513
13815
15391
15072
14243
13516
13905
16481
14496
15288
13257
12805
16488
13381
15192
13889
13267
15703
15815
13583
16059
13104
15232
16620
14726
16322
13145
15048
14941
15893
15387
15007
14312
16504
15772
15018
16224
13442
16075
15611
16276
16794
13518
15188
15998
16501
13893
16472
13488
17303
15737
14774
16000
14086
16253
14967
16270
14649
15109
15150
18764
13306
14987
16693
13288
19543
13546
14988
15211
14571
16264
16391
15715
13818
17114
14268
18986
14343
15763
17535
13623
18529
17307
15225
15345
14753
13764
17869
14421
14385
17102
13450
19754
13662
15350
16007
14079
14276
17263
15178
13336
15943
13907
17546
13555
14593
16470
13108
17674
14024
14802
14196
17192
17743
22032
18483
18668
20346
17500
23913
24431
25120
21828
19944
18544
16879
15048
13915
16547
14382
17764
13744
15331
16523
14215
17975
14550
15263
14160
16479
13600
18120
15189
14617
17172
13721
16143
15803
15006
16452
14517
15423
16798
15446
13978
16556
13725
17676
14027
15011
15966
14075
14990
16511
15450
14399
15848
13977
17857
13922
15190
16732
13857
17677
14609
15687
15890
16565
14887
18199
15781
14607
17283
14342
18009
14674
15630
16526
14149
14748
16925
15546
15542
16398
13837
17553
14317
14416
16212
15461
17969
13886
15139
15858
16559
13377
17887
15342
15570
16377
14806
18118
13681
15493
15529
15292
16824
15264
14918
15271
16641
13860
18129
14662
13757
17045
14984
17911
13552
15483
15171
16373
13798
17905
15330
14447
16461
14583
17247
14470
15339
16673
17547
16813
15924
15580
15194
16734
14440
18315
14434
14551
15822
15665
18050
15217
15282
15416
16024
14648
18090
16076
15105
14672
16432
18746
15582
15459
16152
16086
17693
15161
15952
15774
15759
16087
16890
16576
14649
15885
16119
18363
15574
14302
16071
15595
18447
14968
14431
15955
16667
17861
14627
16089
15844
15407
18166
15902
15688
14899
15912
15496
19058
15682
14861
16105
13801
17237
15718
15449
13851
15770
14482
16867
15340
14008
15645
15013
16582
14431
17140
14584
16807
17640
16200
16274
16335
16539
16015
18659
15930
16372
15684
16291
17729
15769
17569
14900
16225
19312
16634
16766
16703
16591
16669
17825
16040
18190
15076
16778
17221
16648
16017
16099
16608
16543
17644
16762
16854
15233
17476
17353
16004
17318
15704
16710
18770
16679
18347
16609
16135
17513
18208
16659
18984
15948
17501
18979
16670
18016
16640
16726
18541
17921
17055
17435
14965
17584
17786
16173
17754
16051
17791
18685
16828
17009
15255
18085
17782
16156
18039
15488
16458
17666
17268
15780
17956
15522
19015
17910
16319
18099
16721
16234
18289
17242
16495
18227
16921
16471
18981
15851
17047
14710
15842
16087
17414
17606
16412
16159
16202
18144
17390
18058
15443
16894
16658
18343
16407
16535
15934
15619
19359
16200
17916
14519
14105
17938
15337
15662
14946
14268
16403
16673
15435
17207
14261
15581
17320
15481
16533
14332
14907
17461
15302
15715
17410
14339
15757
17487
16116
17673
14731
15738
18980
16755
17498
14791
15248
16367
16297
16735
17558
14700
15774
17828
15950
17333
15488
14440
18483
16445
15367
17429
15163
16323
16975
16165
14188
14958
19262
16358
17404
16057
15820
17725
19466
16241
17519
15475
15609
17160
15829
17386
15769
14902
18087
16890
14890
17850
15527
16462
17479
15563
17836
14962
16262
17828
16337
17684
15100
15070
18334
15422
16164
16316
13991
17006
16186
14744
16038
16940
15234
18842
16804
16415
17097
14913
17235
17478
14582
16617
16843
15513
17176
17242
15715
17600
15182
17904
17644
14660
18577
15106
16344
17189
16097
16033
17104
14669
17617
17013
15326
18068
14706
17481
17033
15238
16223
17216
14878
17533
16827
15431
17919
14126
17960
16822
16890
16894
16108
17197
16058
16801
16531
17997
16114
17252
17609
16034
17629
17634
16365
17837
16713
18206
15956
17395
18981
17052
18389
15708
18337
18241
16868
18318
17251
17440
18408
17595
18392
15358
18853
18775
17328
16292
17956
18422
16891
18099
17137
18647
16236
18019
18607
15961
17798
15982
18016
17702
15851
17299
17966
16633
17408
19251
16600
17221
15419
17301
17805
14772
16655
16357
18013
14619
16477
16357
17277
14504
16530
17944
15667
15938
16190
17345
16447
15665
15760
15917
16646
15501
16275
15840
16584
14593
17746
15685
14629
18449
14614
17069
15128
14761
15135
17819
14424
16898
15091
16481
17020
17731
16531
14959
14031
17468
14879
15360
15753
15025
15070
17870
14549
16785
14386
13839
18159
15925
16226
16368
13955
18472
15767
14858
16391
16756
14425
17657
16450
17471
15692
14449
17798
15834
17516
16010
15352
18347
16496
15259
17334
16116
17092
17869
15973
17950
16937
14909
18102
16652
16298
18394
15943
16222
18984
14898
17748
16714
15457
18279
16505
16963
18167
15149
18103
16519
15333
19573
15414
15473
18857
15659
17062
18014
15550
18154
16238
16826
18720
14774
17990
16274
14658
16289
17977
15221
18864
15977
16516
17632
15172
18111
16645
15638
17312
16007
16763
16971
15299
16234
17851
14531
17593
16078
16073
15923
15878
16414
17572
15749
17161
16182
15083
23364
18763
20161
19412
20209
21459
21371
20045
15048
17250
14975
17235
14509
15634
16479
15533
18090
14712
16236
15372
16584
15722
16547
15659
14877
17504
14514
14381
16019
15590
16560
15459
16950
15841
15219
16787
14895
17614
15117
16261
16130
16343
16407
15039
15654
14400
16063
15905
17487
15168
17179
16033
15598
18087
16187
17721
16902
14804
16875
17671
17587
15742
16817
16050
18143
16197
18046
15959
14640
18185
19042
17396
17586
15197
17832
16382
16340
17686
16230
14871
18990
15876
17497
16117
15167
18856
15362
18219
15503
16063
14299
18197
15909
17023
16377
14622
18656
14581
17682
16176
14405
14967
17314
17164
15519
15743
13926
17360
14885
18572
15953
13957
16659
16340
18082
15063
14377
14111
17745
14482
17034
15722
14083
17564
13961
17929
15277
13830
16032
16415
16809
14759
15585
13886
17291
15582
17048
15106
13985
16805
15948
18077
14154
15802
15114
16852
17708
14448
15082
15383
17304
15563
16612
15840
13967
16602
14958
18199
15799
14285
16906
15798
16950
16365
15524
14813
17097
16633
17257
16324
14332
17163
14296
16989
16360
14990
14378
17301
14454
15340
15784
14661
17213
14746
17109
16713
14412
15988
17396
15164
17175
16184
14425
18669
14777
17409
15972
14341
16890
16420
16785
16067
15108
16234
18342
15318
16842
16349
14414
18417
14321
17380
15824
14594
15769
17090
15667
16767
14724
14423
18120
14800
17518
15665
14346
15849
17012
16500
16175
14511
14975
16627
15805
16300
16057
14271
17127
16014
17169
15738
14326
15470
17229
14788
17135
14570
14019
18090
14907
16659
15489
14244
17681
14484
16759
15521
13854
15215
17724
14141
16633
15406
14868
17077
14818
16282
15149
13664
17247
14115
17260
15218
14049
15147
16593
15998
13791
15136
13074
17063
12610
15956
14374
12954
17280
13421
15799
14827
12874
13232
17008
14644
14552
14953
13182
16355
13966
15902
15132
13625
15894
14688
14752
16113
13312
14247
17266
17469
18341
17775
16218
16159
16295
13818
15665
14153
13512
16575
13888
15357
15186
13659
15461
15046
14905
16741
13832
14822
17394
14007
16896
14093
14243
16727
14867
14908
16628
13486
14061
17982
13707
19153
13310
13640
18210
14927
15397
16859
13680
16398
16274
13967
17935
13905
13897
17729
14963
16261
15828
13784
16476
16116
14101
17923
13617
14686
19572
14735
15572
16209
13944
18148
17470
14807
17192
14820
16341
15928
15587
16177
15408
17402
17396
14283
17272
16885
16877
16709
15298
16919
16196
17894
17872
16114
15548
17261
17733
17784
16741
15020
15594
17884
19608
17461
15033
15258
17353
17334
16552
15676
14405
17019
15237
17365
16259
14801
17079
16340
19154
15739
15736
13658
17684
16805
17569
16304
16183
16211
16351
19730
15146
16946
16373
17662
18653
17872
16717
15671
15793
16717
18658
14066
16426
14358
17055
19376
15416
15702
14782
16289
17369
19095
15921
16640
15180
17787
18625
15239
17573
16032
16235
17463
18794
15216
16894
16540
17486
18184
16459
17580
16917
17616
17654
18183
16769
15942
17397
17475
17127
15957
16577
16204
17583
17787
17560
17427
17013
18302
16250
15846
16386
17464
18084
14656
20315
16606
15693
16993
18595
17109
18629
15739
17801
17703
15927
17821
15546
15758
16356
15780
15386
16043
14099
16057
17000
13838
16974
14417
15552
14767
17065
15960
17020
15197
15755
17030
15729
17677
15584
15088
17707
14688
19208
14556
16375
15042
17642
16012
17899
14651
15552
17559
16718
16510
16574
15256
14190
16699
15556
16804
16444
14285
16645
16153
18005
15440
16176
17948
16594
17831
17050
15875
14482
17126
17264
16986
15601
16356
17080
17402
17658
15578
16271
16428
16598
16650
18052
15987
14703
16615
17696
17125
14714
16693
16184
17181
16954
16518
15985
15417
16562
18284
16217
16088
14883
16351
18822
15665
14938
16225
16245
16132
18762
15348
16924
15038
16275
19621
16234
16142
16386
16790
19159
16813
15243
16900
16114
17068
18330
16184
16069
15101
15990
19019
17340
14865
16604
15664
17176
18308
14862
15687
15804
15464
18375
16103
14488
16101
16383
16495
17382
15042
16575
17809
14688
18047
16243
14821
17347
14213
17947
17293
15030
16487
18048
15624
18091
15497
15392
18779
15203
17371
16242
15635
16327
17307
17212
17830
14579
14724
19426
15214
19136
15001
14389
16702
16932
17715
16744
15017
14817
19606
17053
18012
15002
15767
17531
15101
18658
15402
14494
15202
16978
17220
15566
13792
13744
16750
15550
17949
13667
14030
15842
14974
18509
13783
14275
15050
16892
16540
15502
15125
14628
17209
16092
17544
14960
14272
16417
15551
18259
14901
14670
15647
14857
18223
17114
14317
15212
14954
17411
16844
14447
16109
15400
15481
18424
14538
15803
14341
15720
17860
15690
14297
15999
16288
16268
16145
14513
15986
15176
15362
17977
16998
15393
16228
15515
17364
17321
14543
15504
15314
14497
17456
14602
15192
17033
14451
15946
17421
14595
16042
15573
14889
18515
14610
18024
16091
16054
17971
16906
18038
15980
17134
16097
17964
15284
18628
16115
15120
17203
17514
18202
16104
15735
17426
17836
14940
18224
16670
16334
18630
15007
18450
16270
15412
18440
16832
17159
15269
15521
16385
17328
14728
17956
16006
14900
16583
16243
17619
15493
15094
17459
15697
14361
17520
17222
15802
16999
16785
15245
16158
16515
16781
15031
18042
15873
15339
16842
16414
17278
14645
15450
16255
16575
14471
16864
16108
15727
17415
14956
16837
14792
14826
16078
15660
15107
14913
16081
14002
16924
14463
15597
15608
14437
15489
16166
15449
13776
16369
15282
16618
15460
14541
16675
14907
15675
17176
15279
13784
16005
15501
16955
14328
13400
16164
13515
14954
15071
14500
14358
15217
14870
15338
14630
14987
15310
15427
15685
16830
13474
16557
13865
15548
16072
14648
15983
13571
16365
14163
14240
14871
15283
14458
15813
15134
13398
15428
13484
15685
15084
15162
14405
14840
15667
15271
14552
13651
15228
13034
15747
14862
17093
19544
15341
18557
15261
17065
17122
19918
19681
17692
16877
17166
17869
15092
18718
16643
17386
17116
15514
18053
18576
17280
16488
17882
16495
18430
18746
17557
20869
15853
20061
18346
17816
19327
16645
16960
15463
14784
15889
15272
15560
16123
14452
15041
16977
13598
16056
15175
15730
14920
15650
15225
16377
16441
13630
16511
14172
16679
15774
15298
15763
14798
16323
14789
15315
16682
14325
15317
17498
15690
15312
16600
13649
17719
13883
15584
16949
14888
16163
15743
15060
15815
15878
14805
17660
13682
15270
17064
14272
16098
16205
15456
16425
14281
15831
16465
14606
15573
15381
13569
18027
14279
14951
16453
13598
15467
16940
15756
15549
16487
15058
17030
13786
16534
16033
12994
17285
14542
15340
16456
14384
14792
16099
14551
15586
15093
15502
15499
15377
14992
14894
15404
17362
13657
16581
14551
14224
17311
14399
14910
15001
15295
15315
16387
15951
16164
15296
14962
16788
13672
14844
15968
15585
16254
17206
15896
15897
15314
15271
17929
13835
16240
16234
13763
19560
14158
15615
15409
16584
15824
18122
15273
15166
15532
15050
19178
14361
15555
16170
15623
17698
16099
16481
15094
16225
15685
18480
15897
15189
15317
16241
19046
14764
16047
14942
15314
16812
15800
15304
14167
14273
16295
17353
14573
15072
13899
16712
16403
14422
16631
13812
15749
15914
16968
16538
15347
13960
17310
17323
13962
16309
13898
16780
16067
15945
17608
13952
16030
16014
16687
15136
14550
15533
15449
14463
16066
15940
15739
16500
14900
15275
16274
16173
15571
15111
15003
15190
15063
16369
15481
15517
15851
15604
14840
16624
14424
14539
15869
14903
15652
15529
15249
15744
15073
16263
15713
15311
14933
15763
16014
14930
15140
15676
15557
15274
16121
15207
15683
15281
15260
16597
16315
14882
15162
17195
16276
15653
15629
15448
15272
15180
16084
16118
15748
14609
16541
15908
16464
15971
16217
16750
15088
17431
17089
15465
16433
16670
17318
16332
16572
15854
17633
16515
17075
16260
16881
16348
16567
17144
16730
16374
15361
15739
17075
14439
17254
15116
16295
15307
17215
16107
15634
15670
15569
15681
14051
17008
14505
15681
14766
17039
14296
16224
16986
15023
17481
17195
15920
17832
16464
17008
15844
16843
15378
16790
15291
15460
15529
16503
17244
15329
16900
16482
16049
15486
15068
15409
17045
15963
14108
17287
15926
15444
16572
14998
17147
16529
15768
16332
15824
15805
17347
15405
16159
16603
14700
17078
15570
15990
16278
15220
16108
15796
15838
17215
15582
15015
16636
15625
15204
16834
15203
17142
15609
14631
16704
15480
15933
15525
15783
16799
16183
14916
17073
15660
16021
18111
16247
17718
15743
18664
16573
16358
17078
16067
16687
17320
16649
15451
18285
16132
16990
17546
16042
16489
17033
16258
17521
16898
15822
17942
16332
16797
16801
14797
16768
15883
16444
16099
16165
15947
16223
16921
16519
16581
14505
17110
16501
16387
18124
14948
18359
15680
16173
17484
17486
15612
16668
16071
16717
16612
15934
17005
15956
14378
16737
16298
14710
17041
14447
14859
16857
14037
16875
16424
14973
17713
16336
14372
17427
16271
14658
16986
15675
15399
16296
14371
16790
16097
14108
17979
15892
15322
17296
15647
16543
16318
15254
18087
15807
16112
18091
14742
15823
17747
14472
18242
15817
15311
18743
16385
15955
17757
15662
18162
16670
15482
18944
16870
15379
16770
16921
18179
17089
14855
17964
16277
16864
18344
15412
17001
15699
15843
18435
16116
17075
17044
15817
17551
16416
14880
17643
16531
15771
19203
15058
15836
17039
16114
17522
16163
15619
17266
16261
16846
18552
17760
18278
14586
16409
17816
15923
15858
15648
15925
17358
17081
14671
17263
15325
18151
18875
15555
17285
16396
16397
17029
16987
17320
16219
15473
19400
17080
16137
17609
16107
17569
19435
15487
16795
16612
16222
19385
16830
18673
15586
17009
17503
16623
15750
17789
14877
16306
15926
14530
15132
13597
14897
16144
13965
13911
14725
13960
16277
15101
13762
15597
15756
15342
16955
13526
15137
16231
14844
16124
15084
14405
17702
14622
16061
17646
14281
16749
14720
16476
16176
14376
15318
15008
15729
14516
16329
14078
16313
15520
14690
16024
14278
17001
16972
16350
15255
16556
15390
16111
16034
15797
17495
14532
17270
15962
16456
16251
16486
17887
17823
17595
15770
17699
14367
17539
19330
16305
17904
14754
18407
18597
15833
15775
17051
16467
15512
17890
16550
17253
15656
17087
16281
16289
16027
15604
15044
16384
16221
16385
17418
15082
16335
17675
15083
16439
15584
17039
16022
16797
16527
15524
16219
16646
16962
16067
16951
16540
17132
16846
17258
17136
16226
15622
16828
16683
15863
14594
17427
16018
15524
15900
15278
15128
16304
14971
15005
14530
15393
17574
21817
20197
18962
14509
15398
16315
15472
16739
16214
14780
16095
15528
14678
18401
16438
14592
18146
17517
17004
17325
14890
16182
18410
15827
18437
15852
15264
16144
15433
16330
15888
14680
15502
16925
14502
18131
14474
15743
15890
15466
17456
14649
15836
17099
13932
16188
16398
14379
17182
15564
15402
17216
14206
15545
17665
14724
17400
15406
16139
16835
14664
17552
15944
14876
16632
16997
14726
18309
15141
15983
16995
14824
17714
15726
15172
16233
15573
17976
16037
14884
16021
17485
15197
17679
16064
15971
17487
14486
17415
15764
14787
17448
16505
14371
18969
14718
16301
17259
15094
17887
16227
15788
16981
15816
15361
16740
13649
16022
15657
13096
17153
13957
14759
16106
13606
15842
15654
14624
15408
14623
13829
16838
14512
15007
16110
13199
15506
15563
14818
16046
13325
15284
15392
13715
14815
15554
15189
14940
15002
15348
15227
13904
16779
14195
13866
16709
13946
15883
16708
14672
15655
15778
15419
16737
15215
14181
15953
16012
14823
15107
14081
17030
14983
15209
17221
14479
15887
16812
16279
16914
15657
15721
17341
16226
16838
17385
14193
16548
17094
16537
17206
15867
15006
18725
16218
17320
16254
14923
16031
17245
17069
16830
14595
14557
18327
15566
16080
16280
15374
16603
15282
16524
16273
14136
14924
18629
15884
18172
15528
15278
18685
14911
17033
15932
15623
16280
17400
17709
16773
14145
14153
18390
15840
17850
15525
13869
16713
15818
18193
16127
14052
14172
18219
15301
17114
14598
13955
18131
16268
16194
16582
14685
14359
18858
16744
16231
14425
13897
18517
15118
16382
14500
13479
16124
15574
16458
15028
14428
14114
18217
15414
16578
14140
14524
18057
15126
15370
16333
13990
15084
16685
15711
15384
14394
15008
15851
16796
13984
13761
16743
14472
16598
16904
13934
15606
15265
16310
16860
15599
14188
17100
16659
16767
16822
14014
15513
15921
13715
16449
14875
14602
15991
15406
16501
15613
13736
16763
15423
14940
17083
15099
15021
17402
15018
17665
15271
15216
16895
17089
17870
15431
14750
16742
17379
14024
17607
15053
15049
15580
16309
16846
15038
13508
16307
16992
14139
17399
14750
15751
16262
14358
17464
14879
14983
15424
14945
16843
15699
13843
16324
15807
14096
18248
14693
15417
16507
14462
16816
15254
13876
16520
15529
16013
16436
15193
16345
16768
14209
17528
15042
15176
15067
15022
16592
16476
13860
16898
16735
14823
17615
14148
15720
16411
15970
17478
13901
16173
16564
14314
16723
15081
14516
15885
15284
15319
16362
15024
16637
15198
14103
16486
14807
14638
15346
13713
13907
15293
13630
13970
14794
14451
14199
14012
13883
13861
13585
13713
13384
13345
13847
15405
13956
15728
13571
14809
15759
14006
16020
14214
15025
15191
16713
15626
15376
15025
15957
15577
16254
15592
15362
15994
17513
15761
16403
16398
16103
16106
17435
16550
15819
14654
17105
16064
17237
15809
15147
15903
15806
17523
16168
15687
15932
15563
15737
17166
16283
14434
16491
17439
16289
16024
16390
16384
16046
18805
16618
16627
16198
16366
17623
17479
16225
14558
16063
18023
16360
16732
16205
16418
15383
16413
16799
15844
15930
15736
16828
16392
15934
15789
16105
16252
17626
14906
16690
16218
16212
17859
16387
16386
16054
15664
15930
16937
15334
15323
16052
14995
16898
15562
16337
16490
16399
17165
16664
16011
15359
15984
15906
17267
14704
15885
15928
15755
17974
15721
15844
15855
16144
16894
17639
18226
17153
17117
16932
18385
16778
16752
16916
15864
17861
16394
18224
16628
14997
17938
16756
17282
16532
15050
14814
16829
14955
17163
14343
14497
16461
15264
16093
15647
14573
15358
15546
14251
16705
14155
13993
16851
13590
16815
14293
13625
15190
14736
13704
16134
13954
13921
16845
14317
21176
18448
18437
19581
19612
18569
20756
18359
16482
15847
14398
16977
14659
14689
15875
15761
14879
15845
13844
15305
14758
15763
15529
14603
15603
15810
14154
16925
14498
15142
15897
14396
16750
14998
14177
15493
15684
15080
16729
14612
15652
16235
14765
16430
16522
16110
18114
17427
16672
17121
15932
16857
16543
16276
18007
15914
14876
14273
15322
14950
14990
13864
15581
15541
14830
15461
14457
15877
14481
15605
15141
15249
14230
15632
15697
15904
14416
14194
15308
13603
15832
15666
14556
15086
14509
14315
14885
13766
14585
15824
13507
15345
13826
13888
16221
13722
14472
15597
13237
15308
15463
13798
15379
16352
14230
17938
13893
15537
16486
13549
16284
15370
13656
16249
14634
14275
16442
14477
15111
16390
13606
16370
15115
15118
16161
14499
16291
15837
13904
16903
16343
14208
18271
14793
15200
16771
14219
16740
15565
15691
17066
13960
16517
15168
14409
17023
13681
17023
16033
13765
16952
15166
14381
15885
15270
15071
16305
14774
16644
14859
13640
16391
15447
16675
14341
15059
16018
16093
14900
17206
16172
14687
16354
15788
16895
15167
14391
17147
15174
15241
15385
15183
15288
15767
14411
16650
14790
13798
16782
15019
16280
13880
15361
15848
15280
14969
15718
15428
14899
15404
15341
16496
13877
15265
16520
15016
16006
13843
15214
15611
14491
15545
17072
14148
15638
15889
15412
14850
13562
15284
15243
13985
15128
13854
13610
14802
13652
14771
13590
13430
14144
13262
13278
12606
14626
12747
14760
13430
13803
15950
14049
14951
15088
14805
15233
16427
15568
15274
14777
15697
15969
15711
15717
15736
15592
16842
16226
15544
15723
15391
15439
16288
15533
15816
14718
15345
16806
15367
15228
15051
15064
15143
16823
15389
15247
15075
15538
16150
15484
16601
14442
15338
16216
16272
15342
15153
15729
15958
16752
15553
16599
15450
15710
16489
16376
16570
15310
16498
16151
17523
15846
16091
15981
16373
16829
16138
18110
15731
17449
16099
16866
16334
15514
16471
16073
17647
16072
16802
16616
14821
16054
15781
17716
15307
15502
15802
17560
15454
15877
15851
15443
16985
15679
16464
14971
16503
16014
16422
17450
16169
15887
16941
17034
15257
15647
15759
16491
16418
14722
14737
15588
16298
17388
15250
16046
15959
16736
17077
14286
16761
15195
16336
15984
15671
15608
14356
15431
14228
15655
14277
14327
13921
15373
15193
15476
14676
14643
14716
14327
14956
14604
14335
15479
15011
14267
17011
14888
15010
15503
14698
15442
15203
14339
13700
14740
14347
15126
14613
14155
14291
13845
13711
13770
13941
13742
15362
13597
14609
15409
15344
15904
15126
16027
13745
16408
14943
17677
14845
17033
16765
14690
16642
16293
16582
15389
17250
16248
16338
16272
14956
16549
15102
17505
15672
15607
16501
15435
16172
16711
16884
14080
17487
15154
16741
15637
15437
16481
16340
18250
16629
16376
14610
18299
16803
16000
16333
14930
17344
15077
16769
15697
15336
14884
16887
16013
14750
17450
14024
17075
15281
17681
17822
16045
16369
16127
17811
15065
18198
14322
17971
16036
15497
17406
14872
16944
15966
16589
14278
17247
16135
15735
16675
14559
17159
14471
17924
15010
16944
17454
16135
16343
16076
17220
15050
17097
15238
17966
16653
16966
18197
16292
18179
19632
19336
18143
18227
18416
18291
18247
16455
18139
14887
17285
17421
15247
16251
17049
16438
17100
16502
13975
17508
14374
16279
17054
14088
15922
15975
15930
15021
14679
13955
14466
13913
13786
13902
13706
13677
13482
13595
13250
13075
13430
13200
13251
13351
13648
13458
13303
13061
13235
13153
13342
13403
13224
13252
13102
13145
13057
13120
13026
13405
12947
13356
13819
13505
13136
13072
12852
13175
13066
13201
13045
12962
12643
13070
12995
12775
13169
13100
12983
12874
12948
12977
13046
12878
13238
12925
13072
13296
13392
13237
12990
13000
13212
12872
12696
12532
12874
12711
13205
12804
12890
12951
12779
12712
12820
13039
12948
12712
12988
12928
13084
13247
13238
13084
12915
12910
13187
13324
12973
12750
12959
13157
13240
13080
13188
13291
13479
13532
13849
13481
12897
13085
12971
13042
12978
13978
13824
13282
13201
13210
13336
12675
12891
13418
14089
12999
13565
13034
13790
13732
13532
14471
13959
14804
13733
14777
15055
14438
13652
14474
13576
13922
14801
14213
15692
16891
17111
18434
16496
15796
16029
15194
15716
14585
15061
14130
13610
13454
14303
13383
13604
14837
14296
14782
14024
14790
13499
12924
13955
14167
13012
15356
13157
13727
13231
14013
13129
14518
14997
14282
13605
13119
13333
13732
12562
13268
12866
13382
12785
13387
12502
13383
13194
12710
13407
12772
12579
13543
13033
12509
13428
13049
13214
12973
14462
13461
14090
13472
13591
13204
13920
13734
13101
13658
12757
13410
12982
13605
12865
13172
12967
13067
13107
12729
12827
12625
13202
12521
13188
12778
13310
13535
13270
14641
12878
14302
13923
13167
12592
12561
12665
13001
13214
12836
13756
13539
13257
12826
13461
12950
13973
13471
15036
14263
13257
13560
12830
13286
14451
12869
12681
13046
13007
14141
12954
14088
14353
14354
13960
14530
14517
13493
14208
13724
15111
14037
13690
13934
13866
13962
15038
13371
14974
13778
14021
15365
14785
14587
13966
14502
16209
14758
14584
14836
14157
15495
13533
14004
13825
14168
13880
14369
14246
13911
13370
13462
14558
13737
13820
13941
13134
13636
14096
14234
13476
14870
13538
15634
14196
13574
12785
14464
15497
13750
12779
13802
13907
13477
14130
13695
12513
13183
13076
14405
13926
13386
12931
13138
13857
13364
12746
13286
13225
12701
15378
12894
13536
13058
12990
14357
13157
12875
13101
12607
12953
14379
12685
12522
12931
13032
14663
12626
13281
13786
13863
14227
14258
13526
14025
13709
13881
14949
14204
13873
14431
13433
15734
13758
14540
13494
13506
13847
14970
14329
14925
13692
13776
15177
13869
13741
14128
14135
15308
13453
15596
13735
14131
13349
15598
15506
13330
14593
14479
13594
15538
13672
13718
13269
13489
15221
14464
14504
14682
15150
15592
15922
14099
14506
14644
14673
16159
13763
13803
13737
13251
14619
12623
12916
12990
13406
13158
14532
13851
13056
13017
13055
13916
13541
12860
12774
13198
13692
13753
12834
12899
12711
12932
14019
12930
12538
12893
13297
14244
13874
13145
13341
13992
14383
14614
13829
13295
14289
13956
15257
13748
13745
13931
13651
13767
14801
14151
12985
13348
13362
14210
13486
13342
13036
13654
14891
13074
12819
12866
12829
13266
14498
13135
13130
13587
13369
15119
14293
13403
14673
13491
14476
13742
13910
13362
12508
13003
14693
13315
13432
13755
13632
14939
15119
13547
13007
13772
13819
14952
15479
13751
14199
14588
15309
15427
13903
14163
13995
13867
13534
14803
13707
13226
14024
13777
15476
13311
13599
14657
13552
14969
13690
13545
13510
13620
13615
14691
14013
13441
13155
13603
14922
13779
13537
14279
13396
15716
13569
14057
13647
14066
13807
15070
13942
13136
12997
12938
14295
13934
12942
13287
13159
14430
13067
13108
12772
12556
13486
14199
13105
12832
12888
13521
14170
14822
13812
13407
13805
13505
14145
13423
13762
13565
14007
14418
14764
14565
13746
13237
14931
13491
13379
14330
13237
15498
13866
13408
13540
13345
14737
13595
12934
12930
12820
12836
14175
12561
12945
12638
12390
14581
12439
12719
13058
12972
13063
14502
12970
12743
12656
12812
14187
12630
12847
12787
12418
13285
13338
14337
12768
12905
12660
14147
13717
13924
13149
13144
13223
12866
14298
12881
12940
13275
13256
14040
12749
15013
13154
12823
12994
14277
12917
13196
13233
13221
14537
13414
13489
13375
13141
14790
16107
16563
15779
16249
14538
14407
13222
13071
12972
12819
14294
12765
13219
13661
13109
14182
14106
13799
13331
13164
13114
14145
12506
12810
12764
12928
13929
13471
12886
12761
12614
13030
14404
13567
13470
13443
13518
15017
13593
14330
13380
13256
14197
14828
14054
13483
13700
14992
13517
13968
13917
13396
13222
14485
13893
13727
14355
14771
14886
13938
14175
14290
13947
13849
15450
12657
13380
12962
13808
15755
12918
12912
13312
12522
13538
14335
12665
13082
12703
13526
14849
13728
13735
14767
13840
14490
16305
13645
13390
13658
13325
17036
13997
14415
15062
13762
13683
15754
13467
14393
14797
13894
15448
13828
13307
13670
14867
15298
13358
13594
13431
14187
13799
15657
13538
13459
14319
13513
14819
13394
13391
13775
13619
13966
15155
14287
13824
14356
14357
15698
14206
14728
13575
14497
14955
14217
13977
14398
14381
15701
13911
13393
14111
13827
14414
15983
13196
13269
13805
13429
14354
13003
13065
13642
12795
13413
14851
13755
13824
13298
14376
15326
13028
14099
13350
12794
13746
13417
14053
13181
13739
14786
15654
13369
13622
13803
13584
15428
13381
14397
14254
13241
14736
15222
13421
13123
13319
13787
14973
13279
13936
13351
13578
15922
13502
14049
13230
13850
13430
15097
13511
13286
13363
13013
13997
13017
14997
13655
13204
14414
13714
15631
13477
14590
13980
14901
14204
15503
14445
14751
14209
14215
16265
13408
13956
13960
14319
14259
14910
13439
13592
14029
13571
14939
13225
13532
13473
14409
14347
14532
13907
14478
14057
14780
15635
13553
14431
14462
13941
14398
14201
14555
14247
13709
14420
16191
13719
14671
14295
13418
15049
15528
14964
14983
14306
14306
15476
13712
13915
14490
13360
14879
13609
14187
13993
14341
13531
14304
14655
13326
13210
13688
14323
13335
13486
13377
13008
14988
13909
14270
13726
13956
14477
14963
14175
13937
14438
14071
15285
13511
13241
13778
13684
13219
14300
13502
13352
12703
13117
14096
13075
12731
13170
12899
13659
13816
12775
12688
13249
14079
14772
14710
13977
13631
13631
14054
15350
13857
13690
12852
14716
15580
12794
13724
13596
14145
15648
14410
14638
13812
13368
15150
15064
13710
13601
13652
13711
14098
14660
14137
14183
13790
13620
14938
13380
13878
13398
13402
15062
13821
14275
13343
13839
14139
15736
13734
14490
13649
14081
15589
13854
14512
13658
13978
13939
14416
13707
13456
14301
14034
15166
13454
13576
12922
12976
13347
15026
13487
13509
13961
14630
15075
14833
13513
13414
13503
14069
13987
13875
13481
12738
15643
14129
13264
13765
13070
14415
15357
13647
13590
14356
13644
14334
13038
13200
12953
12885
13295
14116
13788
13210
14315
13541
14709
13224
14055
13387
13734
13254
14898
13069
13759
13130
13277
14907
13022
13545
14154
14318
13355
15620
14181
13800
13313
13743
15034
13095
13960
13650
12651
13163
13114
13529
13631
13276
13240
13441
13039
12678
13102
13033
13356
13900
12684
13077
13511
13791
14079
13625
14765
14517
14987
13754
14574
14300
13524
13849
13773
14542
14618
13901
14286
14809
14611
13737
14346
14679
13899
14366
14456
14156
14610
14250
14427
13924
14058
14241
14505
14309
13919
13967
14294
13859
13327
14500
13873
14172
14045
13564
13919
13774
14657
13643
13738
14078
13999
14254
13830
13830
14061
13954
13682
13668
13900
13804
13130
13538
13503
13716
13701
13273
13468
13606
14075
13758
14339
13610
13373
14290
13993
13080
14841
15720
16099
16115
15792
17102
16043
16162
15991
15838
16105
16163
15474
15844
15396
15842
15050
15743
15703
16628
16064
15876
14937
15847
15344
15499
15697
15699
14933
14971
15054
15454
15171
13805
13423
13475
13549
13662
13286
13664
13236
13122
13457
13566
13796
13577
13778
14639
13562
14389
13267
13622
13364
13556
13578
13521
13811
14063
13848
14400
14107
14110
13820
13969
14131
14834
14252
14056
14321
14504
14803
14435
14291
14439
14133
13737
14156
14308
14018
13609
13771
13777
14176
13841
13856
14028
13974
13998
14929
13878
14021
13599
14531
13856
14227
14390
13726
14376
14130
13983
14959
13862
14080
13969
13746
13282
14017
14242
13289
14115
13426
13532
14267
13764
12956
13932
12939
13714
14729
13668
14017
13626
13229
13218
14341
13672
12734
14378
13380
13484
14484
13230
13023
13691
13128
13428
15443
13227
13282
14082
12986
13064
15135
12923
13005
13712
13239
14049
13135
12737
13018
13372
13487
13283
13497
12868
12866
13681
13911
12454
13280
12504
12931
14338
12297
12171
13037
12487
12838
14860
13055
12605
13789
13225
14466
14125
13776
13349
13753
13097
14725
14161
13447
13372
14350
14547
13167
14377
12686
12583
14558
12803
13362
13541
12974
12910
14986
13166
12735
13955
13141
14560
14247
13142
13153
13817
13749
13625
13782
13092
12792
13703
14163
13119
13521
12803
12650
14957
12878
12777
13303
13057
13253
14328
12909
12933
13686
13113
14078
12845
13270
12903
12910
14122
13205
13566
13828
79239
13710
14887
13680
13184
13315
13386
14419
13467
13635
13415
13049
13702
14251
13358
13216
13882
13438
14637
14199
13879
13455
13077
14252
14690
13218
13630
13530
13298
13437
14402
13694
13419
13486
13479
14321
13623
13798
13292
13221
14703
13376
13472
13561
13550
13500
14555
13589
13749
13750
13566
15156
13842
13691
14095
13965
15018
13804
14018
14044
13542
13566
15127
13733
14151
13763
13836
15224
16272
14130
13726
13513
14833
13821
13732
13894
13841
13552
14281
13770
13764
14034
13732
15153
13683
13974
13672
14023
14596
13924
13868
13947
13742
13840
15517
14083
13785
14047
14207
15458
13927
13945
13930
13611
14802
14318
13609
13912
13727
13712
15480
13462
13921
14255
13780
15397
13871
13784
13774
13507
13779
14653
13635
13246
13596
13511
14623
13340
13082
13200
13222
13210
14785
13208
13068
13245
13593
16874
14745
13305
13511
13548
14758
13739
14732
13567
13216
13276
13532
14552
13051
12969
12792
12511
13198
12734
12469
12558
12534
13769
13198
12567
12471
12804
14461
12721
12752
12538
12858
13233
13211
12208
12643
12516
12245
13777
12589
12820
13155
12513
13679
12644
12881
12767
12979
12956
14279
13207
12682
12915
13253
13881
13223
12919
12874
12747
12764
14053
12781
12794
12791
12532
14338
13047
12979
12644
12862
14230
12854
13232
13517
12981
13492
14958
13754
13491
13398
13753
14862
13014
14219
13190
14402
14881
13998
13341
13145
13822
13384
14530
13709
14230
14654
14114
15694
14788
14362
14786
13976
14609
15906
14153
13715
13418
13421
15420
14318
13363
13458
13139
13694
13913
13440
12736
13224
13683
15479
16451
13082
15094
13466
14684
13323
15490
13577
15413
14217
13894
15123
13814
14669
14361
14143
15589
13875
14093
45349
13410
14323
14167
13412
12954
12860
14020
14723
13158
13699
12771
13618
14660
13466
13423
13892
14201
14712
15247
14047
13589
13014
13149
15816
13050
14044
13522
13255
13720
14641
13157
13813
14021
14314
15251
13042
12884
14178
13384
15786
14057
13316
13432
14367
13685
15964
13258
13858
14582
12779
13879
13013
12759
13103
12821
12791
14116
12712
12885
13329
13101
14530
13221
13187
13292
13490
13421
14659
13452
13271
13303
13565
14936
13358
13315
13123
13163
13747
14870
13850
13375
13248
13602
14912
13794
13292
13708
13461
13329
14577
13928
13427
13163
13037
14572
13598
13506
13306
13951
14781
15567
14001
14056
14716
14484
15035
13244
14554
13423
13988
14746
14418
13605
13812
14730
16108
14199
14719
15321
14471
15381
15910
15096
14851
13928
14487
15102
14410
13858
13912
13154
14748
13479
13656
13314
14104
14096
15530
15127
13457
14755
16734
18273
20963
20872
22313
20925
21076
21747
21530
20398
20650
19146
20530
18752
20386
18731
18490
20713
20153
21149
21172
21820
21199
20021
17471
17053
16814
16841
18100
17525
16411
16320
16702
16948
17319
16812
16913
16945
14740
14655
13199
13075
13135
13389
14013
13766
13464
13558
13221
13548
15033
13319
13286
13582
13444
14849
13792
13605
13525
13294
13902
13806
13559
13440
13337
13170
14604
13093
13409
13923
14035
15371
14345
14486
13364
13457
14177
15187
13366
13637
13453
13802
14761
13722
13578
13945
14457
14504
13992
14387
16008
14370
14341
15583
13662
13965
13758
13504
13532
13715
14145
13616
14399
13483
13980
14057
14680
15330
14446
14576
13687
12816
14480
13341
13879
14859
14257
13859
13698
13258
14315
14155
14881
13655
13073
12966
13173
12636
14291
13162
12749
13032
12760
14528
12904
13105
13351
13260
13671
14692
13034
13503
13745
13271
14431
13335
13315
13986
13412
15153
13188
14431
14279
13626
14029
16185
14285
13831
13820
13214
14634
13482
13973
13763
13053
13965
14387
12957
13331
12740
13486
14672
12933
13112
14342
13893
15634
13958
13998
13542
13241
14807
13831
14024
13213
14218
15291
13194
13043
13569
13578
16620
16756
16382
15282
14597
15736
15478
13784
12757
12763
12597
13521
12935
12784
12953
12952
12727
13946
12722
12716
12924
12448
14076
12833
12712
12536
12420
12304
14026
12600
12469
12700
12910
14673
12846
12864
13002
12686
12915
14381
13144
12679
12165
12272
13850
12318
12644
12579
12431
13922
12607
12712
12511
12731
12799
12352
12300
12316
12401
12140
12488
12232
12363
12437
12550
12627
12534
12365
12528
12490
12370
12915
12656
12404
12613
12306
12564
12329
12157
12536
12029
12593
12834
12354
12473
12705
12964
12581
12855
12720
13243
12770
12842
12882
12611
12968
13198
12895
13170
12825
13178
13034
13080
13251
14644
13355
13603
13294
13320
14284
12699
13094
13378
12987
13695
13478
13279
13071
13023
12880
14663
14382
13741
13231
13100
13864
13737
13238
13438
13457
13200
14621
12987
13109
13143
13203
13688
13582
13044
13582
13082
12594
15228
13396
13349
13413
12957
14428
13191
13166
13454
13305
13713
14591
13537
13164
13250
13414
15151
13245
13336
13426
13302
13012
15016
13370
13242
12956
13005
13870
13514
13571
13698
13053
13174
14541
13151
12734
13010
12887
14242
13042
13096
12981
12657
13070
13927
12509
12722
13205
12976
14042
13507
13615
13599
13483
14994
13178
13199
13189
13109
12993
14043
12600
12742
13387
12873
14144
13356
13000
12922
13272
14154
12979
13132
12794
12568
14251
12707
13126
13646
13289
14203
15463
13187
13403
12881
13249
15623
13145
13351
13475
13540
14305
14349
13464
13430
14843
13655
14947
13307
13564
15565
15819
17318
15868
16290
16219
16137
15809
17765
17007
17366
17445
16507
17496
16741
16813
15668
15959
16034
17496
17341
16379
15797
13001
13827
14423
13668
13633
13513
13526
14776
13609
13664
13745
13542
14289
13687
13640
13959
13915
14042
15509
14114
14184
14368
13647
15020
14371
14276
13260
13550
13565
15231
13587
13537
14441
13919
14438
13966
13446
13818
13847
13973
15335
14212
14053
14005
13589
14981
12619
13067
13067
12862
12827
12998
13369
13298
12634
12913
14329
13169
13254
13506
13141
14382
12822
13360
13198
13112
13226
14613
12991
12896
12915
13369
14234
14130
13549
13797
13600
14686
15101
13464
13728
13222
15121
13441
13529
13321
13095
13094
14276
13051
13143
13104
12996
14356
13160
13046
13009
13581
13831
13735
12824
12856
13066
12610
14612
13077
13073
13546
13304
15027
13600
13508
13328
13590
13053
14839
13572
13237
12832
13029
14478
13121
13232
13203
13048
14463
13084
13172
13166
12997
12896
14556
13376
13626
13308
14069
14683
13608
13201
13648
13462
13605
14825
13556
13764
13254
13115
14442
13587
13179
13358
13208
12977
14421
13481
13121
13121
13134
14836
12996
13176
13363
13166
14584
13445
13865
13013
13372
13201
14542
12634
13289
13236
13193
14523
12458
13016
13483
13568
14784
13534
13566
13519
13108
14595
13238
13170
13210
12838
12780
14387
13067
13040
13292
13103
16115
14633
13273
13251
13016
13924
13774
13019
13127
13476
13390
12819
14439
13124
12915
13115
13062
14172
13006
13172
13390
13275
13823
13512
12769
12730
12780
12807
14240
13228
12940
13014
13165
14111
12987
13029
12744
12610
12508
14189
12713
12944
12917
13033
14254
12895
13000
12808
12572
13349
13476
12921
13337
13201
13291
14136
12657
12461
12744
12511
13990
12553
12780
12216
12572
12525
13947
12770
12842
12607
12662
14178
12526
12825
13210
12766
13460
13680
13142
12881
12438
12665
13931
12646
12550
12657
12368
13550
13132
12331
14376
15034
16428
15078
15258
15512
15638
16569
13924
12253
12279
12305
12918
13889
12581
12382
12525
12721
14274
12873
12829
13095
12706
15501
12899
12588
12552
13162
13285
14576
13975
12925
12802
12872
14029
14112
12718
13620
13165
12465
13141
13860
12760
13187
12928
13299
14399
12966
12962
13071
12672
13837
13591
13687
13448
12984
13169
14255
12951
12706
12982
13139
14445
12887
13022
12869
13075
14522
13149
13254
13003
12756
13196
14461
12889
12885
13454
13226
15135
13900
13828
13716
13121
12956
15382
14111
13404
13685
14362
14887
13732
14080
13227
13922
16481
13233
14247
13516
13748
15721
13785
17138
15066
14108
15803
16203
15179
15016
14801
14179
17121
15511
14720
14739
15497
15456
15648
15172
14380
15105
15778
16404
14190
15140
15267
15283
16229
15159
15131
14912
15029
15193
15659
16181
14791
14797
14326
15585
14298
14868
14381
15466
15016
16463
15072
14525
14568
14500
15014
14925
13981
14064
14271
14592
15439
14166
14080
13782
13152
14095
15958
15631
14177
13769
13345
15302
13538
14255
14468
12701
14365
14819
14176
13207
13762
14472
15123
13329
13916
14228
14598
14857
14562
13783
13130
14455
13969
14466
14434
13446
14466
12735
14969
14104
13872
13454
14044
14435
14328
13877
14614
13958
14750
15761
13604
14130
13255
13509
14831
13866
13963
14247
13981
14323
14605
14315
14924
14538
13903
16215
13980
16390
14200
14064
14837
14885
15256
15239
14139
14134
15219
15376
14445
13693
13536
15758
14965
13934
14058
14551
14594
15425
13965
13499
15648
13404
15576
13010
13515
13601
14315
14768
13533
14332
12812
14267
13916
15014
13562
13977
13747
13601
14390
13575
13327
13792
13105
17235
14567
16274
14708
13750
14496
15377
14621
15085
14492
14235
14909
14119
14775
14133
14211
13473
14593
13377
14614
13856
14161
13357
14658
14062
13449
15247
14758
14693
13875
14273
15121
13750
14091
14297
14071
13634
14763
13950
14068
13965
13370
15161
16074
18795
20676
14850
14478
13216
14079
13841
13705
14235
13186
14145
14101
14152
13264
13674
14089
13963
14152
13419
14118
14285
13907
14061
13188
13577
13681
13838
16275
14547
14127
14473
14676
14053
14808
14091
13861
13453
14799
13965
14564
15062
13956
14222
13767
14536
13754
14495
14456
14065
15435
14674
14100
14088
14189
13793
15181
13496
13139
14303
13797
13287
14331
13680
13324
13920
13903
13445
13518
13711
13820
13415
13350
13885
13754
14110
14396
14555
13621
14110
13896
13392
16286
13594
14337
13443
13445
17023
14086
14762
14498
14291
14281
16237
13752
15055
14491
13607
14842
14677
13389
13995
14143
13571
15269
14580
14087
13732
13484
15505
13900
14268
15170
13325
13924
15731
13998
13775
14118
14027
15164
13323
13453
14196
13812
13990
15486
16273
12960
29551
13816
15233
13366
13491
13212
13667
13556
14080
13534
13302
14379
13386
14768
13304
13931
14004
13225
14323
13830
13586
13449
13539
12985
14912
12979
14104
13754
15207
14655
14101
12904
13895
13885
13513
16313
14241
14373
14822
14889
15019
14819
14445
13982
14303
13954
16801
14049
14462
14208
15099
14812
15444
14828
15708
14392
15033
15220
14815
13727
14702
14888
15622
14698
16340
14740
14164
16289
15665
14649
14309
14539
16747
14961
14559
15192
14244
13870
15631
13963
14619
13748
14240
15512
14797
13916
14652
14035
14271
15698
13978
13637
14770
13972
48018
14281
14409
14090
13873
15222
14573
14627
13440
14408
14515
15043
14432
14025
14244
14470
15554
14384
14684
14619
14724
14437
16049
13895
13846
15317
14955
16326
13721
13888
14259
13957
14764
15374
14118
14176
14455
13839
16087
14046
14069
14083
14536
16569
15147
15257
14696
14596
14403
15177
14027
14643
14234
13602
14677
13864
14202
13772
14330
14651
13805
13300
13632
13514
13556
14897
13427
14027
13802
15464
14214
13801
13547
13999
14033
15131
14298
13984
13757
13611
15066
13710
14192
13948
13757
15100
14134
13380
13644
13497
13324
15026
15182
13895
14225
14092
15123
15422
14089
14228
14064
13760
13647
14901
13754
14306
13742
14398
15036
13521
13880
13887
13841
15447
13780
13926
14746
13875
13969
15217
14062
13993
13828
14032
15403
14381
14907
16336
14268
13974
15388
14404
17851
18474
18312
19793
15333
14264
14045
13806
15637
13968
13989
14075
14022
14116
15536
14046
14153
13824
15004
14299
14577
13973
13964
14555
14727
14047
13890
14310
14070
15543
13909
14013
14074
14127
15372
13868
14027
15779
13385
13518
15035
13416
13682
13477
13589
14690
13110
13779
13612
13582
14470
13860
13828
13808
13313
13462
15267
13191
13712
13402
15990
17949
15012
16175
13514
14256
15501
15422
14473
14386
14432
13985
15216
14238
13976
14121
13550
13788
15760
15191
14108
14305
14098
15541
15320
13973
14402
14451
14648
15276
14302
13741
13866
13893
14107
15212
14048
14529
15093
14208
15513
14076
14404
14568
13951
14313
14994
14180
13994
14061
14206
15490
13978
13981
14730
14236
15755
14339
14634
15156
13978
14591
15154
14667
14868
14009
14690
15882
14706
13951
13933
14612
15463
14468
14322
13610
14400
14353
14952
14339
14144
13375
13445
15662
14186
14998
14231
14221
15151
15714
13779
14558
15194
14224
15133
14172
14963
13800
14355
15598
14561
14387
14062
14872
15101
16061
14090
13946
14304
14642
16126
13824
14313
14347
13325
16006
14123
13649
15047
14504
15080
15307
13770
14194
13601
13548
14874
13630
13548
13740
13530
14897
13237
13789
13821
13406
13321
14725
15017
17380
13352
13108
14361
13914
13644
13610
12733
13340
13421
14515
13263
13382
13297
13661
14709
13149
13610
13439
12975
13301
14495
13233
13431
13611
14325
13889
13449
13715
13078
13925
15206
13917
13494
13277
13442
14689
13730
13909
13677
13522
13313
14764
13748
14476
14496
13910
15057
14318
13887
14545
14127
14254
15863
14478
14208
14539
13588
15658
14428
15567
13744
14632
15539
13923
14141
13767
14055
14008
16039
14690
14131
14851
14494
14886
15262
14111
13457
14451
13787
16236
15090
14606
14946
15002
16750
15174
15541
16351
16235
17972
16021
13514
14054
13306
13958
15947
13365
13785
14258
14108
15230
13828
13184
13171
13437
13789
14608
13562
14177
13199
13175
14767
13587
13019
13950
13577
14118
15093
12980
13734
13121
12977
14242
13920
14231
12857
14149
13065
13628
13679
13710
14429
14016
15377
14318
13468
13971
14426
15067
12888
14268
13515
14009
14407
15096
13852
14451
14503
13748
15475
14190
14234
14463
13900
14652
14724
13762
13668
14369
13950
14871
14343
14434
13939
14111
15640
13798
15032
14934
14506
14430
15388
14630
14096
14381
13983
16356
14870
14536
14357
14752
15327
15711
14146
14692
15123
14452
16336
14420
14035
15014
14857
16770
15343
14858
15259
14657
14215
15705
15689
14461
14140
14364
16805
14373
15634
15403
14319
14531
15984
15715
14453
14552
14596
15592
14832
15429
14520
15332
16606
14857
14130
15255
14669
14321
15601
15327
14203
14536
13910
15319
14479
14339
13715
13866
15357
14110
13017
13592
13442
14899
13503
14012
13957
13481
13464
13568
13448
13432
13102
13763
14065
14465
13851
13641
13728
14179
14202
13974
13933
14366
13759
14071
14003
14058
14388
14342
14376
13551
13441
13511
13674
13635
13392
13419
13531
13732
13445
13696
13533
13472
13580
13625
13673
13596
13363
14074
13630
13375
13802
13639
13440
13911
13624
13756
13473
13330
13588
13813
13944
13636
13861
13494
13643
13258
13615
13503
13582
14258
14143
14263
13714
13840
14565
13489
13596
14171
13863
13638
13577
13962
14058
13437
14082
13056
13666
13442
13300
13942
12981
13412
14155
12937
13281
13904
13292
12896
13408
12841
13455
13944
14112
13867
13559
14181
13717
14246
14227
13584
12653
13039
13483
13341
13112
14755
13863
12998
13030
12935
15148
13791
13176
13041
12996
13226
14724
13878
13155
13608
13446
15153
13859
13709
14658
13822
13736
14901
14301
13786
13945
13750
15805
13375
14414
14418
14138
15776
13991
14337
13762
13997
15053
14307
14008
13381
14276
14331
16178
16212
15418
15737
16592
16212
15660
16275
15557
14899
16524
16369
14178
14422
14744
14129
15532
13837
14955
14688
14819
15091
14581
14225
14205
14029
14242
15616
13326
15458
14756
13839
14911
13937
15048
14549
14124
14152
15865
13694
13526
13568
14103
15745
14096
13941
13552
13284
14834
14607
14058
15017
13275
13853
15429
13130
13597
12850
14067
15650
13680
13304
13022
13445
14627
13995
13155
13282
13048
13815
14422
13247
13301
13644
13501
14477
14859
13806
13351
12890
14613
13679
14461
13970
13135
13818
13743
14689
13315
12910
13247
12401
13755
14021
13679
12940
13865
13964
14410
13080
14455
13464
13272
15370
13695
13683
14699
14293
15018
14816
13994
14778
13620
14344
15794
13989
13859
13548
13598
16213
14182
14297
14188
15283
14161
15330
14388
13363
14680
14117
15605
13705
14011
14419
14323
15553
14797
13724
14295
14172
13520
15164
14782
14724
15083
14869
15950
14084
15189
14699
14529
14537
16325
14206
15056
14543
16456
14420
15127
14672
15038
15408
16389
15120
15095
14775
14326
16051
14219
14831
15051
14861
15862
14659
14148
13860
13666
14064
16065
13779
13772
14083
13776
15371
13124
13205
13445
14187
13821
14678
13421
13873
13455
13458
14331
14497
13560
13971
13136
15001
14015
14792
13699
13401
13636
13769
14237
12683
12865
13443
13378
13880
13919
12967
12853
12670
14144
13963
12770
13580
13355
13702
14645
12779
13294
13172
13550
13582
14504
13084
12951
13699
13389
14780
14589
13322
14252
14456
14775
13558
13318
13821
13849
13494
14514
14008
15857
14069
13940
14647
13533
13403
13470
14157
13766
13515
14043
13759
13041
14989
13853
14342
13248
14254
14483
15128
16347
14498
13844
13865
15127
13761
13075
14083
13795
13438
15792
13145
13793
14095
13481
15881
14559
13938
14758
14055
14602
15533
14063
14097
13429
14927
15232
15297
14473
13750
13948
15287
14280
13803
13803
13877
14404
16439
14391
14441
14316
14012
16158
13994
14029
14103
13386
16556
12856
13170
13864
13472
14714
14665
12736
13389
13102
13101
14492
13553
13532
13483
45498
13281
14146
13628
12339
13711
13290
14172
13562
12946
13169
12907
14464
12763
13787
13697
13987
13209
15591
13025
13396
14299
13482
14919
12776
13878
14059
13373
13623
14550
13032
12586
13847
13768
14804
13403
14082
13683
13860
13897
14911
14417
13695
13477
14500
15528
13740
13671
14044
13189
14445
13035
12999
12913
13814
13083
15543
14030
13281
13454
13692
14884
13035
13686
13721
13850
12972
14508
13632
13459
13992
12851
15508
13972
13746
14390
13436
14668
13996
14166
14462
14589
14281
15443
14384
13654
13739
14520
15020
13309
14693
12906
13918
15516
13951
13497
13074
14258
14947
13580
14018
14148
14133
15505
14779
14209
13880
14185
14278
15159
14605
14114
14176
13025
13231
14336
12173
12526
13347
13006
12889
14540
11913
12720
13095
12946
14608
12362
13241
12920
12895
13676
13000
12774
13205
13030
12262
15133
12563
13549
13519
12643
14546
14130
13308
14217
13770
13523
14623
14372
13161
15491
13965
15844
13866
15395
13947
14373
14321
16051
13993
13758
14719
14762
15666
14083
14526
14225
14922
15125
15792
14070
13932
14291
15084
15973
15540
14873
14923
14842
16019
14454
14494
14246
14650
14962
14475
14191
13938
14055
13956
15019
14116
14519
14307
15064
18663
13844
14352
13698
14773
16278
13518
14515
14945
14418
15750
14988
13940
14560
14317
14812
16624
14933
14879
14324
14639
15143
13937
15138
14751
14566
14279
15593
16144
15931
14859
14317
16667
15765
14082
15629
16616
17074
22008
21463
19163
19212
20005
18449
19705
17830
14253
14467
14967
15229
13449
13578
13280
13180
12861
13786
12627
13175
13068
14718
13903
13715
12492
12867
12916
13613
13450
12913
12517
13000
13159
14411
13576
12877
13384
12972
13477
14249
13372
13508
13408
13042
14544
13884
12924
13501
13898
14323
12382
13604
14057
12692
14727
14378
13327
13235
12860
13930
14744
13916
13395
14378
13830
15149
13502
13759
16461
13996
14859
15596
15877
14800
14385
15027
15796
14718
15080
14939
14479
16145
14757
14444
15001
14532
15183
14749
14679
14264
15280
14717
15560
14310
14296
14525
14321
16262
14517
14319
14724
15347
14390
15947
14622
15073
16118
14051
15661
16267
14771
14182
14542
14173
15604
14364
14816
14172
13403
14713
14367
14585
14454
14094
14153
14601
14386
13589
13875
14508
14185
15536
19897
41359
13502
14388
14650
13436
13099
13532
13497
13873
14396
13467
13683
13437
14210
14355
13666
13199
13766
13380
13590
14147
13693
13453
13998
13875
14561
13667
13438
13976
15004
14964
13980
14335
15113
14402
15402
13881
14599
14466
14734
14250
14754
14733
14470
14765
14450
14879
14721
14596
14281
14375
15090
15780
14373
14863
14390
13997
14148
14677
15065
14071
14533
15068
14956
15300
14548
14918
14943
14359
14453
15975
15168
14964
14377
14708
13976
14046
13754
14311
14618
14880
13694
14109
14069
13620
13531
14241
14128
14654
14614
14487
14203
13603
14380
14785
13526
13723
14015
13524
14715
14237
14158
13366
13589
13585
15433
13496
13767
13263
13400
15424
13400
13863
14220
14226
14470
14023
13387
13690
13877
13583
15017
13537
13188
12841
13055
15159
13234
13729
13405
13133
14120
14173
13581
12762
12936
13326
14679
13050
13204
12843
13632
15659
14153
18903
19501
19112
20529
15277
13939
13189
14047
14672
13772
13696
13622
12706
13262
15048
13533
14117
14738
14138
15304
14300
14142
13594
14612
14591
14096
14510
14596
13331
13490
15288
13421
13780
14187
13192
15114
13673
13924
14274
13575
13656
15728
13731
14068
13658
13770
15852
13573
13457
13377
13685
13883
15644
14274
14395
14203
15468
17790
17278
17102
16915
16788
18462
17520
14758
15133
15025
14793
15177
15940
14428
14162
14095
15814
14353
15245
15621
14541
14752
13909
15775
14036
14526
14507
13909
15494
15193
14303
14428
14160
14505
15710
14597
14239
13982
15772
14198
14253
14421
14315
13771
15627
13705
14454
14068
13817
15735
13997
14015
13715
14195
14953
14651
13829
13999
13741
14372
15869
14159
13746
14140
13895
14843
13894
14260
13758
13768
13913
14842
13812
13574
13864
14482
15232
14457
14544
14835
14636
14665
15422
14129
14483
14134
14970
15431
14212
14168
14108
14019
16340
14660
15740
15851
15150
15295
17144
15795
15254
15244
15517
16923
15504
15828
15705
15015
14033
16130
13614
13686
14206
13733
14929
14564
14366
14115
14384
15370
14568
13847
14350
14473
14268
15490
14402
13945
14369
14009
16344
16066
14738
14300
14707
15795
14712
16572
14528
14219
14283
14543
16209
15489
15152
14387
15504
15457
14728
15242
14756
14886
15378
15039
14727
14659
14492
14621
16068
14920
14454
14577
14217
15773
14561
14530
14210
13979
13981
15983
14776
13781
14209
14530
15651
14944
14325
14227
13945
15023
14239
14125
13397
14404
13492
15073
13735
14220
13701
14496
15369
15231
15040
13947
14069
14278
14373
13564
13606
13796
14246
16083
14523
13732
14169
14194
15024
14455
14263
14608
15789
14673
15747
14278
13850
14355
14080
15718
13122
13439
13432
13017
14520
13817
13515
13513
13314
13355
14603
13208
14037
13354
13045
14802
13504
13728
13555
13300
13142
14825
13772
13612
13384
13185
14812
13198
13280
13253
13079
14534
14876
13185
13107
13249
13735
14941
14856
13547
13655
13637
13834
15149
14064
14300
13465
13360
13824
14760
13632
13427
13402
13731
16098
13573
14012
13480
13480
13603
15149
13694
13561
13435
13472
15093
13503
13708
13369
13522
14124
14145
13355
13599
13605
13475
14897
13433
13246
13608
14314
15332
13581
13147
13243
13504
13966
13995
13425
13166
13421
13284
14763
13702
13439
13603
13420
15027
13747
13546
13265
13288
14518
12993
13158
13594
13509
13591
15093
13679
13550
13529
13856
15013
13309
14108
14226
13542
14526
14511
13511
13856
13823
14508
15446
14987
14278
14235
14451
15340
13794
13861
14137
14923
13993
15007
13704
14079
13772
14413
15736
14511
14180
14732
14526
15929
14317
14420
14823
14536
14171
15212
15668
13859
15638
15764
17628
17892
15437
15976
15399
16094
15653
16729
15787
16498
16966
16345
18028
16239
16212
15757
15360
17137
15983
16867
16555
16140
16552
17778
16919
17292
18072
17172
18539
18124
19234
17961
18211
20072
21712
20917
20440
20800
16740
15735
14970
14727
14619
14822
15612
14447
14429
14385
14064
15251
14836
14528
14545
14397
13671
15566
14127
13345
13807
14445
15286
13647
14226
14263
14334
14636
14913
14088
13485
13652
13861
15442
13859
13994
14092
14301
13592
14704
13432
14419
13702
13297
15308
13862
14001
14143
14356
14649
14222
13641
13757
13189
14252
15473
13611
14534
13326
14055
15807
13660
15090
15043
14994
15065
14875
14758
14344
14117
13432
15757
13332
14211
14360
13645
15005
15291
14274
13498
14078
14220
15040
15164
13867
14319
13783
13827
14418
13625
13713
14639
14276
14033
15669
14328
13623
14074
14065
15425
14269
14394
13859
14835
13663
15952
14066
14531
13590
14539
15894
14430
14125
14268
14131
15039
14632
14033
15067
13756
14831
15028
13954
14473
14616
14272
15685
15159
14380
14904
13963
15032
15522
14209
13634
15171
13531
16140
14186
13570
13818
13407
14571
14862
13856
14572
13857
14161
15705
13670
14693
14018
13238
14365
15743
15181
14155
14671
14716
14771
15023
13927
14179
14261
14414
15921
14358
14339
13820
14291
15470
14271
13970
14820
14424
14862
15171
14275
13441
14390
14875
14198
14833
14286
14018
14521
13272
15248
14129
13987
14466
14552
15659
13938
14713
14477
14823
15202
16164
14664
13582
14425
14513
14354
14039
14609
13911
13647
14133
14627
13724
13627
14077
13850
14227
15268
14187
13945
14666
13738
14536
15161
13885
13846
14840
14356
14097
14542
14333
14113
14879
15134
14125
15106
14585
13919
14630
14421
14547
14603
14631
14933
15076
14134
14542
14428
14621
14573
14800
15322
14970
14361
13904
14387
14277
17258
15265
14637
15180
14327
15373
14690
13924
14673
14505
15329
14768
14268
13668
14537
14379
13816
14619
14243
14746
14778
14261
13964
14510
13913
15497
14695
14267
13966
14498
13959
14580
14022
13522
14425
13925
13868
13974
14101
13967
15390
14496
14324
14026
13828
15123
13514
13778
13837
13602
14032
14910
13673
13612
13245
13775
14804
13540
13673
14154
13530
15116
13502
13556
14019
14939
14832
13520
13351
13770
13325
14731
13372
13239
13621
14290
13618
15044
14161
13524
13771
13208
15030
13474
13939
13769
13758
14322
14660
13689
13643
13880
14121
15196
13467
13768
13490
13553
14941
14469
14552
14408
14051
14523
15994
14256
14648
14365
14122
15894
14094
14515
14885
14441
14232
15266
14099
14838
14055
14095
16378
13648
13974
14661
14488
14687
15120
13512
14238
13659
13796
15357
13640
14071
13967
14371
15469
13848
13956
14656
13291
14452
15159
14589
14410
13371
13710
16005
13461
14876
14202
14101
14962
13903
13792
13853
14460
13679
15269
15672
14166
13910
13735
15435
14644
14562
14496
13988
14051
16454
14345
14018
13635
14295
13782
15129
13721
13775
13037
14103
15167
14052
13705
14104
13766
14174
13248
13913
13620
13406
13389
14584
14635
13818
14529
13325
14897
13570
13674
14607
13420
13767
15651
14040
13462
14036
13523
14855
13568
14265
15041
14880
15961
14403
14967
13653
14323
14409
15159
13931
13929
14912
14578
16089
14641
15674
13913
15155
14566
16229
15031
14640
14190
14602
16230
14441
15800
14837
15030
14627
16689
14117
14986
15092
14351
15791
15027
15386
14174
14645
14772
14242
14535
14726
14417
14657
15932
14194
13871
14503
13881
15057
13912
14165
14905
14604
15638
13707
14307
14606
14222
13983
15855
14056
14083
14932
14804
15014
15641
14819
14130
13769
15229
16351
14373
13945
14371
14650
14649
15444
14697
14765
14157
15068
16295
14430
14696
14201
14130
15713
14932
14405
14364
13874
14140
15012
15013
14717
14039
15028
15334
13789
14477
14050
13533
13895
15713
14036
13634
13664
13957
15673
13487
14488
15756
15051
16043
15676
13930
13281
13319
13460
14539
13963
13951
13169
13846
14640
13701
13616
13549
13246
13270
14820
13218
16244
14413
13449
14639
13075
13082
13161
12954
14064
13978
12935
12749
13230
14549
14302
13028
13291
12933
13014
14872
13123
14550
13536
13493
13840
13864
13559
13117
13592
13564
15033
13337
13405
13216
13284
15187
13501
13362
13705
12745
13284
14492
13624
13226
13641
13726
15041
13876
13545
13674
14158
14104
15414
13581
13791
13499
13584
14756
14833
13337
13739
13100
13684
15626
13777
14092
13466
13606
15571
14819
14611
13900
13626
13939
15324
14947
13918
13848
14358
15258
13372
13763
13809
13734
14007
15363
14643
13687
13757
13919
15346
14514
14160
14877
13652
13840
15445
14315
13643
13469
13792
15310
13923
14362
14522
13565
14899
13355
13661
13927
14336
14269
15435
14257
13594
14091
14719
13738
13730
13727
13492
13739
14966
13371
13606
14282
13962
15532
13697
13385
13634
13990
14778
14653
14161
13671
13916
14105
15283
14301
13355
13568
13543
14560
13236
13485
14204
13713
13601
15619
13953
13974
15613
13731
15214
13866
13684
13766
13807
15520
13513
13669
13309
13476
13674
14935
13178
13187
13559
13773
14197
16000
13464
13893
13691
13366
16178
13941
13756
13554
13564
14417
15220
13624
14003
14127
13770
15412
13976
14228
14357
13777
14604
15428
13802
13748
14014
14671
14433
14205
14013
14197
14168
15805
14075
13721
14070
14079
15249
14150
14172
14231
13950
14490
14555
13744
13890
14010
13997
15697
13512
14395
13939
13925
14517
14929
14018
13785
14250
13747
15044
13978
14011
13791
14696
15443
14321
14058
13733
13914
14187
14889
14049
14136
14440
13811
15043
14012
14138
13607
14067
15943
14840
14651
14476
14102
14771
15579
14569
14272
14217
15015
16310
14640
14832
15167
15132
16177
14807
14328
14517
15356
14900
16391
15209
15684
14894
14846
16493
15023
15372
14714
14757
15258
15370
14451
14206
13933
13862
15606
15778
14921
14102
14165
15345
15055
15801
14259
13710
14315
14280
15647
14948
14178
14076
14618
15011
15297
14712
14609
14154
14502
15973
15105
14648
14057
14399
16768
14846
14793
14705
14602
14275
15748
14398
14499
15106
14975
15641
14134
14072
14916
14654
15662
15413
15191
14770
14723
14631
15594
14230
14734
15027
15226
15654
14349
14362
14360
13875
14721
15405
14312
14356
15034
14598
15495
16706
17100
16676
16651
17702
17975
17526
18263
18143
17001
16423
15347
14835
14056
13575
16068
13742
13951
14001
13949
15392
13696
13891
14299
14110
14871
15302
14536
14215
13914
15026
16003
14115
14225
13832
13882
14733
14750
13891
13879
14096
14063
15010
13289
14498
14036
14431
15419
14122
14664
14039
13904
14155
15245
14159
13714
14502
13682
14950
13873
13435
13896
14657
14755
15229
14138
14246
14612
14782
14330
13777
14645
14073
14412
14377
14124
14447
14067
14807
14568
14705
14997
14545
14278
14908
15151
14162
14042
14575
15169
14469
15035
14103
14189
14545
14260
15630
14024
14359
14668
14136
14915
14258
13659
14145
14536
14151
14394
14808
14124
14457
14026
14310
14842
14251
14858
14337
14572
13636
13971
14343
13971
13889
13510
13437
14527
14001
13884
13981
13702
13591
13526
14289
13495
13765
14648
15101
14540
14557
14921
14855
15502
14598
14038
13318
13944
13506
13225
12862
13722
13532
12993
13745
13292
13729
14945
14131
13738
13797
13158
13565
13627
13522
13079
13324
13105
13457
13157
13278
13086
13071
15128
14095
13029
13375
13869
13363
12930
14326
13869
15307
15145
14759
14640
14153
13863
13870
13791
15095
13764
13922
14081
15816
14290
13938
13821
13732
14822
14640
13216
13995
14509
13527
15453
14013
16496
17738
17371
18590
17988
17740
18496
17492
15405
13836
14118
14195
13851
16101
14864
14207
14407
14108
14410
14863
14588
14665
14308
14004
15407
14764
14122
13414
14131
13953
15431
13893
13812
14756
13956
15123
14425
14413
13499
14063
14472
16668
14663
14123
14672
13720
15186
14245
13533
13222
14461
14574
14137
14296
13662
13480
14669
15696
14159
14795
14720
13478
14829
14561
14414
14069
15535
13890
15525
14094
14727
14811
13945
14861
14602
13679
13565
13347
14139
15561
13427
14488
13795
13939
14799
14346
13110
13900
13756
16525
13779
13612
13733
13656
17296
13229
15498
13623
13341
14960
14499
13411
14056
13926
13514
15747
13559
14839
14724
13793
17003
13386
13742
13783
14437
15343
13968
14232
13929
13129
13855
14874
14367
14201
13792
13648
15911
13690
14250
13585
13407
15751
15281
14047
13767
13963
14813
15908
14729
13827
14760
14440
16299
13506
14163
14397
14633
15897
16258
14904
14833
14586
16326
16926
14088
14626
15016
14642
15701
16119
13962
13990
14170
15807
16333
14037
14889
14141
15095
16396
14165
14241
14087
15562
16566
15946
14255
13875
15744
15669
16816
14786
15332
13808
15568
15982
14291
13883
15381
16363
15765
13956
13968
14019
16212
16603
15216
14162
15011
16488
15489
15844
13837
14126
15055
16038
16122
14344
16371
13771
15343
15531
15540
14214
16767
15499
14905
14142
14175
15543
14937
15150
15375
13840
15067
14654
15724
14955
13897
14406
15071
15075
15198
15352
14230
16151
14757
15381
15365
14237
14056
16244
16071
16059
14894
15531
16270
16054
14686
16169
14605
15088
14496
15555
16436
14791
14719
15542
16050
14674
14898
14200
15485
15905
15204
15554
13967
14319
15761
15596
14648
14162
15524
14913
14588
15520
14090
16058
14236
15962
15687
14037
14861
16659
15494
16444
14844
15526
15530
15177
15182
16015
14527
17485
15240
15715
15640
14972
14974
15372
14129
13802
15811
14126
15713
14404
14519
15790
14266
15250
16425
14271
15634
14728
14820
15693
14242
14581
16284
14477
15177
14964
14879
15871
14248
14660
16782
14787
14742
16262
15959
15144
14943
14286
16042
14271
14827
14178
14551
15478
14741
13910
14434
14011
14644
15750
13892
13692
13905
13533
15041
13956
14059
13839
13919
15124
14390
14485
14628
14457
15399
15144
14354
14501
14361
14382
15511
14239
13942
14196
14244
16112
14477
14820
14316
14426
15818
15774
15468
15006
15519
15078
16301
14750
14644
14556
14946
14575
14678
14550
14586
15203
15694
14911
15804
16012
15555
15150
15041
15207
15065
14806
15317
15210
16382
16140
15528
15075
14934
14470
14249
15005
16055
15761
15107
14865
14817
15702
14965
14942
14761
14655
15750
14858
15277
15358
14831
15030
15086
15219
15029
15670
15426
15092
14891
15492
15242
15323
14903
15448
15545
14855
14874
14447
13953
13817
14475
14703
13707
14071
13349
13766
14728
14603
13351
14046
13559
13515
13235
13185
15243
13081
13495
13641
14009
13602
14292
14634
13936
13880
13692
13577
13571
13818
14180
13836
13975
13942
13568
14000
14048
14358
13972
13849
13749
13593
13587
13627
14108
13785
13801
13592
13880
13960
13781
13984
13622
13965
13864
13562
13766
14078
14051
13860
13852
14142
13950
14570
14961
14457
14323
13994
14898
14464
14226
14053
14500
14455
14423
14463
14351
14062
14042
13932
14048
13531
13819
13873
13924
13821
13972
14763
14197
13786
13798
13717
14083
13557
13639
13703
13879
13689
14140
13507
13577
13829
14057
13610
14926
14115
14076
14054
13850
15373
14428
14642
14318
14300
14825
14904
13740
14286
14426
13926
15099
13863
14245
13884
13940
15177
13707
13967
14636
14772
14012
15709
13896
13752
13676
13947
15189
13631
13791
13655
13486
14695
13717
13709
13413
13169
13452
15021
13876
13423
13615
13754
14850
13164
13301
13404
12932
13292
14677
13029
13215
13447
13404
14789
13758
13073
13833
13745
14511
14217
13481
14116
13264
13494
14975
13631
13728
13734
13963
15695
14529
14786
14096
13837
15138
15147
14028
13947
13655
13675
16085
13811
14005
13971
13713
16456
14044
13708
13869
14129
13664
16706
14202
13767
13477
13745
16211
13736
13630
13804
13628
15003
14882
13600
14248
14595
14402
17542
14402
16560
13674
13653
16794
14843
14973
14678
13975
14833
17529
14130
14836
13551
14024
15790
14150
14286
13983
14745
13956
15320
15270
14280
13948
15186
15605
13964
14560
14403
14345
15251
14912
14878
14354
14084
16064
14402
14110
14314
14826
15495
14623
14329
13645
14541
13302
16585
13675
14325
13658
13757
14605
13359
14028
13078
12960
13959
13374
13702
13540
13765
14302
14431
13709
13150
12847
12947
15783
14083
14593
13924
13606
14280
17199
14092
13344
14542
14548
16422
13662
14180
13902
14493
15704
15629
14258
15161
14250
14384
17692
14312
16163
14842
14468
15860
15989
15732
14836
15266
14311
16044
14855
14604
14250
15018
16957
14243
15674
14679
14647
15316
16155
15149
15809
15928
15503
16612
16907
15275
16487
15598
15883
16454
15435
16354
15149
15078
16983
15768
15462
15092
14831
15830
16404
15012
15302
15939
15158
17878
16307
15293
15515
15654
15159
16286
16092
15684
15380
15637
17336
15249
14870
15697
15247
14932
16454
15061
15027
14447
14807
16607
15268
15117
14768
14153
15228
15796
15253
14257
15808
14197
16287
14403
15078
14965
15173
14003
15777
14668
14988
15446
15232
16585
13608
13547
15046
14695
16039
14023
13807
15525
14643
14267
14082
14240
14593
16634
14924
15931
15494
15190
16567
15316
15913
15070
14139
15325
16158
15746
14371
14598
14454
16308
14626
15595
15257
14837
17098
15008
14698
15021
14502
14773
16421
15426
14901
15441
15273
16188
14468
16276
14508
15472
15624
15673
15705
16259
15178
14573
15703
15031
16003
14930
15906
15572
14983
15971
15098
14916
15966
15569
14635
15927
14471
15065
15901
14528
15248
14007
14688
15862
13920
15502
15197
14926
14754
15949
14578
15631
14191
14199
16231
14321
15136
14741
13959
15428
14982
14517
16189
14302
14024
15222
14419
15894
14176
13829
15375
14063
14133
14510
13908
14048
15191
13403
14609
14275
13795
13999
13605
14474
13364
15659
14243
13530
13723
14619
13697
14410
14562
13528
14769
13316
14556
14016
13771
15074
14326
15104
15155
14555
13573
15470
13910
15519
14180
14347
14837
14464
15245
14111
13986
15222
14431
15546
13872
14321
14328
16441
15015
14286
15614
14437
15972
14728
15725
14447
14346
15082
14825
15687
14924
14452
14740
15964
15002
15144
14815
14203
14692
14096
15405
13919
14381
14774
14996
15718
14042
14695
14562
14732
14170
15956
14628
13884
13873
14062
15914
14485
14447
13933
14520
14673
14764
14531
14406
14529
14579
16091
14254
14299
14484
14255
15262
14377
14379
14606
14118
14429
16251
14145
14756
14242
14529
15614
14442
14699
14455
14471
15731
16512
13939
14120
14332
14990
15981
14110
13952
13170
14959
15574
13766
13811
13948
13690
15567
15113
14145
13958
13817
13741
15194
13143
13554
13465
13123
15510
15080
13570
13270
14058
13434
17585
17932
18497
17804
18044
20331
17726
18557
17854
18885
18129
21592
17909
18592
18491
19021
18621
13911
14575
14163
13718
15765
15687
14844
14576
14075
14839
16985
14352
14492
14981
15055
17343
14730
14812
15058
15115
15434
16813
14956
14628
14357
15056
17637
14503
15022
14527
14749
16113
15451
14805
14515
15160
17406
14760
14943
14088
14463
15994
14598
14626
14566
14729
16682
17559
14635
14706
14327
16589
18794
15285
16629
16193
15698
18297
17421
16917
16496
16583
16398
19196
15669
15791
16762
16022
17845
17605
15182
14936
15030
15645
18905
14795
14169
15359
15266
17703
14696
14755
14892
14254
17025
15331
14235
14791
14483
13757
16677
13718
14293
14190
14165
15620
15292
14600
13916
13902
13949
16965
14050
13915
14183
13606
14656
14142
13413
13536
13534
13615
14890
13577
13310
13476
13558
15450
14627
14125
13882
13445
14678
14151
15224
14264
14434
14368
16294
15526
14320
14668
14345
15525
14270
15368
14501
14221
14317
15359
15812
14569
15034
14701
15213
15540
14872
14161
14050
13963
15731
15956
14383
14506
15850
16006
14901
14561
14354
15607
14748
16021
15662
14111
13971
15488
15106
15215
13797
14158
14679
14676
14905
14319
13775
13858
15491
14335
15720
14272
13891
15480
15196
15273
14732
13868
14474
14557
15715
14244
14339
15039
16078
15722
13859
14327
14590
16816
14641
14702
14953
14532
15359
16347
15818
14893
14599
14646
17347
14999
15129
14482
14128
16064
16169
16177
14189
14245
14082
16804
15826
14800
13553
14038
16706
14210
15775
14259
13902
14166
16760
15832
14629
14952
14436
16053
16872
15357
13960
15126
14097
16690
15235
14697
14349
15023
16836
14775
13902
14410
14435
15087
16811
14213
14487
14045
15146
20680
18173
17185
17059
16616
18643
15885
14306
14279
13912
14463
17483
15270
17064
17085
16227
18990
17601
17339
15132
14986
14975
15332
15211
14243
14595
14373
15890
15799
15503
14310
14451
14475
16805
15464
14410
14863
15328
16226
15183
14608
14401
14966
15987
15412
15386
14790
15655
15786
14658
15398
15133
14069
13938
16433
14590
16062
15409
14440
14617
15565
14792
14958
14679
14956
16572
15011
16221
15666
15564
15398
16697
14573
15279
15824
15143
15783
14651
15668
14774
14263
15336
14557
14057
14401
14760
14159
15407
14284
14610
13435
14317
15281
14805
13912
13707
14732
14648
15708
14305
13845
13242
14104
14856
14096
13822
14208
13450
14757
15153
14372
13570
14163
14196
14969
13597
13978
14437
14115
16687
15141
16041
14768
14666
16158
14397
14445
14904
15002
14708
15860
13888
13666
15112
13444
15979
14541
14719
14914
14024
15206
15261
16345
15367
14496
14218
15935
16292
14285
14854
15359
16337
14797
15368
14222
14484
14301
15545
16217
18858
14498
14688
15588
15692
14921
14488
14408
15420
15270
15824
14818
14852
15421
16281
15526
15091
14782
14940
15012
15242
16321
14785
14085
15046
14720
15930
14650
14529
14184
14569
14463
14620
14267
14157
13804
14007
15567
14781
13558
14587
14641
15274
13799
13928
15327
14061
14910
14429
15238
14968
14234
16043
16369
16315
16047
15078
14642
16436
15466
14097
14449
15293
14892
14678
15126
14573
15382
13894
16108
15592
14912
15380
14584
15417
14846
15417
15283
13868
14774
14694
15332
14116
15519
13976
15760
16188
14587
15807
13999
15590
15708
14575
14385
15295
14158
15773
15777
14700
16439
14239
16034
15031
16712
16000
15106
15109
15273
17021
14483
15587
14836
15478
16024
16155
15908
15313
15106
17027
15133
15223
14015
14308
15996
15627
15193
14657
14587
14984
16034
14467
16294
14895
14953
16002
16340
15138
16679
14198
14996
16981
14359
17339
14736
14582
16267
15332
15139
15308
16093
16777
15117
14092
16889
14925
14744
15460
14643
15793
15748
14785
15767
15678
15132
17267
14683
16094
15968
14405
16311
16142
15031
14692
15454
15009
17404
14425
14806
16234
14603
15802
17195
14456
14737
15936
14953
16785
14225
14104
15474
14961
15228
14644
14720
14530
13468
14671
13932
13858
15850
13949
14443
15556
13539
15840
14094
13744
14946
13877
14286
14950
13973
14123
15824
14947
16034
14851
15052
16213
14282
14434
17674
14612
14638
15824
14093
15949
15612
14467
15538
13644
14753
15421
14626
14455
15880
14060
15562
14298
14311
15542
14384
14127
15794
14162
16430
15331
14839
15934
14417
14993
17540
14559
16229
15588
14823
16341
15776
14901
15461
13961
14333
16009
14829
16136
14510
14814
15928
14584
15229
15545
14303
14698
16717
15004
16124
14439
14616
17073
14504
15603
14792
14578
16784
14055
14471
16043
14406
14416
16918
14094
16231
14932
14469
16261
15162
14919
15015
14799
16068
17099
14410
15704
14196
15422
18765
14489
16613
14604
13845
16683
15809
14732
16688
14396
14146
19150
14648
15708
14959
14319
17250
15159
14528
15816
14382
15188
17857
14314
15417
14239
14599
18537
16886
16194
16045
15308
16077
18810
16410
15796
15039
15032
18564
15466
15117
15212
14127
16868
16819
14933
15487
15051
19021
16038
14806
15221
14722
17443
18223
15122
15946
14738
15992
18301
16551
14871
15582
14685
18364
19129
15100
15532
15329
16208
18123
15907
14967
14533
14443
17300
17760
15039
15145
15139
16612
19083
15070
14853
14663
15420
17444
17232
14909
14705
14708
16273
18964
14666
15005
14733
14894
17920
15011
14403
14691
14208
16015
17841
15850
15533
15489
15339
18523
15340
15269
14592
15585
17273
16055
14401
13960
15456
13982
18113
15282
14738
15405
17226
14886
14363
14709
15908
14135
17516
14905
14365
15641
15446
16993
13976
13880
14503
15287
15369
14847
14458
14108
15820
16086
17570
15168
14526
16559
15477
17554
13950
13755
14086
15328
16786
15554
14073
13958
15725
15365
17078
14220
14082
14687
14838
17722
14562
14451
14268
16104
15758
16893
14086
14021
14880
14282
17046
14133
14360
14763
16264
16375
14582
14175
14225
16416
14771
16822
14442
14157
15545
15430
17584
14615
14541
15321
15949
14434
17053
14694
14723
16899
14257
17471
14421
14332
16320
15469
17220
15306
14928
15898
15761
14924
17285
14733
14519
17212
14465
17366
14573
14576
15507
15276
15165
16322
13938
14554
16200
14347
17032
14275
13913
16199
14785
15650
14016
13813
15330
15386
14052
15346
13988
13844
16583
14233
15760
15100
14618
16487
15207
15283
14816
14192
14857
16094
14517
15688
14527
14347
15609
14230
15242
13851
13861
14942
14233
13959
15269
13494
14054
15293
14408
14502
13664
14024
15274
14173
13302
13534
13256
14872
15121
14038
13869
14059
14470
13582
15311
14036
13463
14042
13948
15459
14421
13776
13808
15146
14475
14799
14070
13824
15044
14112
15466
13991
13850
13993
13987
14647
14484
13929
13936
13991
14136
15765
14202
14323
14021
14318
15076
14021
14040
14144
14196
14176
15735
14183
13815
13930
14183
14615
14827
14549
14441
14152
14151
15841
14104
13846
14536
14779
15314
14173
16557
14177
13906
13953
15194
13573
14097
13894
13723
15065
13556
14718
13831
14890
15368
13455
14049
13364
13458
13739
15124
13835
13793
14153
14792
16004
14259
13953
14219
13991
14513
15614
14314
14666
14735
14336
17284
14770
14226
15760
14810
14523
15833
14043
15427
14366
14553
15804
14258
15039
14556
13956
14946
14555
13908
15426
13800
13528
15191
13895
15290
13526
14201
15440
13855
14359
15811
14355
13937
14493
14002
15597
14560
15064
14154
13736
14877
14258
13952
13877
14231
14065
15555
14469
14182
14294
13963
15526
14097
13963
14130
14022
16372
15389
14685
14758
14971
15039
17669
15275
16040
15164
14650
16903
15338
15493
15804
15529
16666
15590
16725
15634
16925
16471
17698
15205
16703
14387
14928
17256
15723
16073
15228
14921
16066
16510
16121
15749
15485
16735
14813
16084
14985
15665
16214
16857
15336
14383
14313
14496
15497
14108
14393
14255
14136
14809
15131
15061
16318
15450
15033
15590
14898
15164
14709
14409
15368
16105
15082
15107
14872
16082
16015
15037
14672
14221
14515
15597
14645
14794
14750
14752
15728
14941
14350
14399
14356
15538
14563
14578
14679
13974
14118
15728
14602
14745
15159
14593
16689
14140
15252
14791
14392
15981
16259
15563
14383
14838
15795
16664
15660
15555
15096
15764
15609
14968
15861
14831
15440
16535
15035
15952
14946
14999
16931
14765
15441
14812
14696
16376
15741
15893
15833
15195
15300
16619
15558
15045
14389
15635
15924
14854
15368
14437
14295
14440
16055
15328
14758
15132
14031
16422
14368
14790
15499
15169
15946
15369
14580
15069
14327
15041
15618
15784
14290
15238
15562
17603
16121
15218
15474
15278
15621
15589
14837
15352
16363
15395
15572
14594
14641
15553
16584
15537
14793
14660
14797
15192
16620
16607
14690
15000
14434
15906
14698
16383
14302
14862
14622
14911
16053
14724
14743
14647
14499
14344
15566
14908
14558
14817
16010
15952
15008
15098
16221
15579
15157
16513
15292
14846
14468
14739
15788
14447
15031
14280
13823
14839
14936
14024
18083
15198
14793
15889
13523
14600
13965
13697
16005
13808
14050
13865
14209
15541
14833
14322
13280
14237
14025
15077
14944
14839
13639
14143
14483
15022
14489
14257
14604
13984
15476
13747
14531
14602
14965
15931
14910
14906
14349
15290
14848
15199
14987
14622
15317
14867
15664
14336
14417
14975
15609
14860
16163
15255
15251
15555
14542
15616
16583
15624
14974
15820
14313
15442
16442
14807
14921
14732
15178
15390
15236
14767
14239
14421
15013
15830
14161
14120
14222
16395
15835
15137
15296
14892
14527
15115
16335
15093
15541
14712
16110
15934
14883
14949
14607
16389
16033
16133
15772
14919
14696
15906
15992
14367
14097
15224
14485
16990
14945
14781
14757
14487
15515
15943
14782
14472
14248
14673
16061
14877
14132
14577
15042
14403
14946
14915
14468
14443
16460
14492
14213
14881
14590
15977
14883
14965
14785
14187
15198
14946
14485
14595
13826
13973
15589
14715
13943
14316
15622
15878
14889
14346
14040
15180
14655
15707
15039
14168
15034
14986
15479
14999
14404
14172
15294
15164
16341
16028
14980
14969
16292
16795
15290
15611
15789
16803
16247
15922
16497
16959
15784
16962
16007
14861
14996
15173
16467
14678
14858
14880
14833
14992
16686
15024
14312
14572
14600
15542
14386
14870
14334
13876
14752
15266
14460
14215
15362
14377
16079
15375
15524
14883
15194
16296
14820
14774
15801
15486
15286
15876
14952
15166
15311
13854
15175
15651
14866
14679
15302
14248
16164
15600
14899
16509
14763
15052
14805
14899
14943
15042
15867
15689
15065
15348
15242
15550
15996
15362
14895
15815
14743
16682
14664
15499
15254
15143
15703
17573
15045
15124
15202
14359
16394
14781
14356
14345
15831
13802
15902
14596
14239
13923
15720
15594
14551
14709
14690
15445
14582
16162
14971
14951
15302
15593
16343
14759
15092
14377
16667
14569
15029
14178
14062
13838
15958
14171
14693
15197
15061
15542
15744
15036
14392
15188
16272
15481
15405
15232
14922
15413
16093
15286
15603
15294
14154
16005
15667
15318
14529
15509
15182
15798
15084
15548
14647
14304
15961
14630
15161
15613
15175
15998
16262
14877
15397
15490
15160
16479
15141
15813
15026
15162
16609
15131
15715
15890
16110
16464
17352
14893
15497
15131
14959
16245
15482
15386
15840
15130
15623
17028
15302
15050
14989
15778
16227
15307
16498
15126
17260
17017
15929
16032
15528
16374
15514
17135
15248
16122
16964
16324
16804
15610
15082
16609
17398
15509
16619
14051
15217
14908
17800
15314
14536
14552
14790
16311
15102
14818
14845
15288
16332
14280
15566
14013
14513
14155
16186
14578
15938
14542
14874
15449
15828
14740
15697
15406
14215
15099
14680
14984
14964
14595
15976
15236
14142
14634
13704
14352
15090
15247
14497
15225
14076
15884
14363
14601
15052
14622
14093
16861
14256
15108
15022
14367
16287
15157
15152
14958
15895
15429
16250
14878
15683
14237
15163
17010
15083
13965
14407
15151
14994
16617
13965
14993
15025
14480
16090
15136
14316
14327
15027
15218
15218
16039
15581
14467
13949
15806
15265
14077
14904
14786
15259
14777
16494
14849
14091
15488
15339
14963
14473
14171
14394
13872
15243
14371
14294
13709
13814
15441
14629
14428
14686
13976
14800
16231
14383
15561
14787
13970
14591
15263
13906
14486
14547
14413
14868
13246
14713
14454
13184
14382
14816
13859
13415
13696
14029
15499
13332
15708
14408
13724
14415
14371
14113
15436
13816
13412
15483
14751
15172
14084
13216
15010
13327
15557
14608
13706
14450
14175
15331
14711
13854
14373
15295
13660
15660
15117
13435
14522
14815
15257
14809
14325
14249
15999
14677
15443
14311
14011
14593
15559
15298
13876
14643
14434
15575
14705
15692
14424
14263
15486
15124
16512
14946
14109
14697
15372
15381
14835
14526
14649
14859
15203
15549
14616
14835
14019
14151
15815
14243
14095
13774
14222
14676
14615
13767
13864
13862
13838
15057
14168
13620
15350
13830
15699
14127
13858
15628
14867
16004
13641
14543
15280
13976
14869
15207
14239
15056
15031
13964
15512
14507
14279
14783
13648
14907
13669
14085
15002
14159
14041
15149
14379
14376
16070
14165
16022
14012
14268
15484
14640
15884
13986
13698
13976
15783
14210
14304
13820
13393
14257
13009
13659
13905
14370
13893
14519
14311
14058
14331
13695
15457
15371
13842
13792
15733
15421
15119
13761
14050
13752
14696
15386
14448
14060
14309
13758
16108
17213
15327
15361
14241
15737
15407
14162
13495
14582
15540
15110
14321
14867
14735
15325
16213
14538
14404
14439
15143
17178
14642
14472
14761
14961
16321
15767
14538
14517
14895
15570
17058
16212
15172
14519
14196
18528
15360
15065
14978
14790
16370
16323
14479
14631
14527
15254
17555
14192
16485
14336
14344
15953
15716
16565
14820
14285
14715
17340
14459
15726
13953
15032
16762
15153
16527
14801
15009
15244
17280
15072
15817
14889
17155
15350
16047
14329
13950
15039
17717
14627
16477
14553
15341
18712
19725
22307
17521
17014
19256
18793
18205
17805
17162
17723
21124
16882
18235
16922
16298
18633
16529
18906
16178
16708
16930
17603
15924
17206
15098
15020
16321
14266
15593
14421
14263
15385
15452
15566
15450
15027
14820
16044
14703
16374
14852
15596
16203
16514
18026
16527
16321
17581
17250
16893
15960
15956
17795
16606
17969
16652
17039
17804
17528
17725
17394
15740
16102
17673
15862
18947
16124
16579
18135
16325
18503
17523
16126
15906
16053
16601
17569
16253
15666
15670
15234
17703
15119
15628
14582
14478
16281
15902
15691
15014
14807
14593
16573
14995
14598
14735
15476
16023
15466
14808
15256
14629
15017
15883
14884
15950
15332
14975
16823
14878
15572
15875
15407
16366
15563
16963
16057
15032
14888
16658
15664
16048
15219
15116
16676
15499
15641
15184
15903
15519
16018
16389
15774
15742
15494
17172
15326
15992
15663
15365
17157
15973
15038
14686
15619
15547
16417
14637
15104
14867
15283
16143
14952
14827
15668
14258
16633
16232
14928
13799
15452
16769
16415
15074
15326
14613
15080
18006
16348
15284
15549
14920
18138
16068
15837
15885
16494
18803
17488
16781
17093
15895
16660
18817
17814
17222
16886
16165
19117
16519
16619
15882
16717
17514
16716
15558
16079
15482
16391
17795
16316
15935
15660
14967
17867
15276
15325
15171
15348
16802
15244
15221
15603
14388
14901
16461
15763
16054
15529
15849
16356
15193
14929
15679
16051
15967
16970
15097
15930
15286
17195
16231
15951
16406
16061
16280
17906
16856
16577
16187
17405
17997
16800
16270
15692
15819
16616
16852
17092
15836
15182
16381
18063
16344
14954
16232
14995
16373
17396
15548
14433
14483
17302
16382
15428
15831
14774
15450
17126
16684
15151
15705
14972
16706
16525
15536
15774
15474
15849
16336
16316
16315
15705
16015
16894
15672
15535
16181
15673
17254
15146
17299
16718
15286
15104
16999
17605
16410
15637
15651
16464
15721
16292
16249
16041
17464
15692
17071
15326
15189
14749
17071
15530
16058
15538
15941
17331
16417
16593
16463
16194
16581
16468
16084
16529
14552
15221
17522
16063
16772
15386
15608
16970
15010
15228
16700
15302
15129
15342
15677
16632
15447
14819
16678
14954
15152
16433
14632
14319
14912
16440
16604
14645
15341
14834
16516
15783
15915
15712
15910
16943
16625
16705
14926
15237
16554
15669
16958
15813
15587
17071
15858
17576
16784
16044
15784
16674
15958
16487
16939
15432
17441
16616
17622
18642
15889
17251
17491
15553
17367
16657
15692
16714
15260
17873
17030
14789
16280
16066
15843
17249
15623
15728
16753
15600
16788
16483
16256
17309
15515
16193
17851
16943
17465
17263
16097
16380
17497
15705
16971
16532
16292
16637
15971
17108
16723
16118
18079
15746
17445
15895
16010
16894
17224
17532
16655
15522
16709
17685
17040
16625
15720
16386
16987
16708
17411
15747
16051
16206
17186
16924
16392
16301
16612
17578
16681
18087
16779
16442
16131
17813
17925
16430
16772
16793
17370
17652
17601
16662
16756
16848
18235
18312
15547
15687
16639
15996
17661
15889
16789
15724
16829
17327
16838
16928
16482
16928
16568
16156
16582
16589
17000
17587
16667
16441
15175
17284
17379
16191
16324
16046
16419
17339
15805
15752
15452
15220
16745
15964
15301
15080
14829
15944
15510
15807
15571
14943
15228
16944
14999
16035
15354
15403
16653
16148
16348
15150
15731
16700
16492
15018
16313
15568
15035
17547
15389
15128
16302
15464
16326
16607
16133
15709
15541
16039
19611
19568
20565
19730
17616
17362
16237
17376
15951
16351
17174
16672
15820
16145
16752
16855
17493
16315
16519
16908
16226
17823
17104
15966
16301
16059
16753
16705
15492
15838
17070
16102
17210
15816
15644
17490
16273
16426
15910
15616
15673
16511
15881
17340
16155
15695
16883
14764
16410
16248
15302
15522
15595
16154
16904
15950
15845
16530
15021
16895
15364
15413
16371
15085
15417
15596
16004
17228
16401
16109
16839
15799
17302
16226
16275
16198
14947
16023
17083
16156
15369
15955
15776
17754
16361
16251
16306
15488
16650
17334
16112
15381
15697
15651
16674
15105
16088
15844
15086
15960
16797
16392
16137
16001
15575
17262
15776
15693
16448
17085
16764
15941
15534
15238
16896
17564
15363
15378
15971
17038
15785
17273
17145
15993
16023
15530
31034
34565
15785
16945
16922
16429
17581
16019
16540
16133
15707
17722
15447
14835
16141
17003
15799
16052
15986
15893
16980
14855
16903
15126
15685
16009
15773
17103
18330
15765
16895
16809
15680
16721
15328
15573
15980
15499
14497
14665
14940
14665
16655
15411
15369
15025
14823
16345
14597
14614
14736
15764
16902
14977
15895
15131
15464
16252
14784
14969
15164
15566
16131
15437
15056
15305
15171
15488
17137
15698
15453
16114
16266
17601
16301
16250
16387
16835
16918
17632
15905
15738
15412
17197
17290
15466
16040
15834
15828
16281
15550
15523
15632
15049
16158
18411
15753
15724
15783
17161
17620
17069
16216
16167
15916
17238
18233
15404
15364
15511
17109
18185
16536
16556
15826
16200
17859
16004
16082
17745
16523
18285
16243
16582
17966
16146
17548
17958
15716
18029
16091
18212
17916
17135
16971
17735
16731
18191
17195
16947
18520
16815
17987
18376
17881
19348
17447
19260
19557
17376
19586
17801
18353
19538
17902
17919
19107
17501
20024
18100
17940
18749
17687
18178
19762
17289
17978
18598
16982
19927
16844
17522
18588
17345
18479
20184
18379
19407
18878
18111
20319
16849
17737
19014
17928
19031
18884
17398
19124
17836
17817
20953
17165
17504
18389
16897
19376
18345
16950
18683
17634
17766
19129
17578
19169
19817
17308
18829
17924
17077
18996
16965
17774
17955
17543
17912
17233
17643
18226
17495
17657
19093
17243
17042
17268
17472
19208
16927
17798
16437
16623
18059
16427
16490
16668
17204
17906
17650
16238
17016
18446
17950
18475
16659
16211
17944
15880
16503
17504
16468
17117
16821
16071
16734
16456
16886
18465
17263
16581
17772
16311
18182
17312
16692
17668
15844
17169
16931
15882
16172
15994
15364
18476
16125
16438
17322
16455
18090
17498
16412
17665
16155
19802
17069
17201
17926
16162
17045
19475
16768
18115
22185
20259
23672
21123
19989
21571
19710
22551
22134
19667
20196
20011
19481
22947
20292
19204
20582
18924
22152
21978
23338
26266
23428
25122
26569
23213
23290
23174
15879
18911
17650
15465
18327
15620
18119
17789
15532
16372
18421
16648
20043
15552
15749
17254
15986
19081
17350
16219
16930
17063
17428
19811
16236
15726
17160
15776
19483
16503
15298
16467
15303
19281
16753
15435
16560
14929
19065
17216
15452
15400
16380
16235
19046
16133
15433
17031
15799
19534
17056
15817
16158
16075
17461
17649
15506
15177
16580
16428
18146
16153
15288
16534
15543
17362
16906
15926
16353
16919
15432
17792
16571
16288
17078
15800
17775
17798
16553
17212
15495
16871
18097
15811
16049
17233
16136
17583
17138
15461
16395
15585
15459
17202
15357
15992
16247
15923
16784
16108
16789
14879
15955
16603
15895
16281
17130
16113
15951
17764
16557
16926
17232
16498
16768
17243
16365
16646
16071
15492
18268
15601
15449
15194
16208
16492
16977
15293
15838
15915
15864
18288
16421
16039
15416
15715
15124
17881
16717
15729
15119
14491
17706
15844
15574
15134
15472
14610
16858
15097
14824
14819
15624
18322
15709
16718
16364
16364
18116
17506
16737
16641
15520
15883
18389
14959
16218
15808
18554
16727
16132
16253
17454
15871
18787
15710
18225
15374
16962
19907
15643
17403
17268
16390
17247
17207
15937
17609
17450
17477
18957
16048
16839
17349
17063
19086
17493
16861
17659
16985
17689
19438
16324
18525
15955
17597
18246
16835
16959
17474
17173
16355
18214
16569
18666
15754
17597
19465
15895
17678
17334
17518
18684
17964
15702
17220
16012
16817
19291
16344
16484
16410
19225
15822
16315
16685
16924
18083
18018
16021
16437
16796
18028
18640
15056
16578
16734
17886
17431
15862
15976
17237
16835
17855
18472
15950
15397
16589
17141
17815
15758
16381
16345
16398
35815
29669
14915
16395
15915
17136
16276
15709
15963
16713
16841
16925
15076
15895
17663
16005
18618
16467
15221
15923
15302
16928
17254
15481
15101
15182
14460
19648
16997
15328
16459
15955
17386
15409
15173
15538
14986
15305
17026
15092
16076
14766
15333
16998
15583
15560
15645
15823
15820
15768
15860
16907
14502
15946
16507
15412
15592
16245
14736
17276
14706
15168
17106
15628
16315
16649
15232
14860
16557
15810
16547
15732
16049
16510
15241
16409
15660
14918
15524
15465
14788
15173
15365
15603
16739
15977
15594
14951
15335
16647
15195
15991
15395
14998
15881
14544
14581
14818
14874
15321
15148
16645
14835
14622
15187
15672
14793
14950
14656
14428
16039
14789
14278
14530
14405
14194
15934
14378
14460
14363
14635
16362
14764
14834
15144
14699
15871
14747
14956
14828
15214
15663
15873
14634
14742
14543
14977
16089
14565
14702
15050
15157
15543
16102
15483
15069
15176
15284
16224
14921
15177
15073
15406
17254
15480
15340
15679
15312
16347
15880
15149
15177
14948
14554
16252
14350
14555
14505
14417
15469
13923
14174
14424
14498
14542
15521
14573
14403
14488
14511
14242
14272
14401
14577
15003
15338
14719
15366
14876
13822
14254
15218
14296
14376
14825
15022
15100
15582
15572
15111
14853
14506
16091
15202
15574
15580
15046
16083
15590
15070
16072
15420
15757
16242
16699
15325
16541
16538
15800
17263
16147
15521
16553
17057
18292
16007
15649
16707
15244
16559
16952
16820
15575
15680
15516
16728
16201
15558
15408
15781
16470
17124
15835
16912
15739
16013
16767
16127
15673
15957
15709
16057
15736
15055
16033
15319
15352
17102
15313
15418
15284
16018
17162
15418
14733
15439
15677
14832
16101
15223
15313
15718
15528
16379
14848
15233
15086
15380
17330
15165
15131
15971
15080
16826
15457
15909
15464
15475
16895
18083
16484
16102
17027
16152
17531
16591
16140
17195
16369
17509
17312
16670
16268
16356
15628
17535
15530
15308
16229
16248
17676
15983
15800
15701
16820
16781
17111
17261
16691
16409
16132
18823
16025
16681
16928
16039
18102
16526
16610
17245
16903
16982
19829
15863
16681
16533
15769
18779
16629
17574
16862
16021
17856
15592
16193
15922
16200
18254
16395
16002
15763
16652
16561
18253
16704
16495
17208
15819
17633
16803
16806
17195
16057
16482
18099
16674
16582
15617
16120
16802
16632
15801
16008
15878
15240
17415
16095
15360
16113
15817
17209
15603
15790
16183
15626
16332
18103
16547
16183
16535
16704
16562
15969
16459
16445
15929
15627
17692
16342
15677
16104
17743
17450
16535
16464
16405
16421
17248
15949
16216
16014
16122
17250
17442
17464
16169
16379
16164
16590
16423
17382
16130
15289
16477
16859
17879
15797
16346
17226
17124
17257
16344
16588
16239
16316
16084
16996
16107
15635
15941
16565
17227
15522
16413
16115
15338
17878
16694
16244
17040
15935
15958
17248
16663
16053
16366
16506
17824
15826
15886
16802
17696
17681
16448
17708
16364
16530
16972
17230
16038
16604
16447
16721
19269
17171
17125
17302
17424
18150
16285
17383
17609
17561
17114
18147
16670
16618
16946
16632
18407
16109
17862
16220
15891
16899
16554
16574
16230
15874
17005
17070
15759
15294
16002
16237
19860
16978
16779
17059
16542
18814
16339
16319
16698
16356
16202
19207
17943
16685
16897
15796
19183
15633
16183
16842
16052
16327
19257
17382
16700
17483
16177
20376
16115
16679
19876
20887
21256
22467
20408
20243
20760
20802
19941
16144
16241
16214
16283
16270
17136
16247
15881
17112
19922
21712
19073
18046
16481
14905
16053
16511
15394
15757
16129
18159
16111
16584
21076
17433
16122
17551
16894
15047
15584
15070
15859
16580
15624
15425
15784
16042
18340
15731
16121
16191
16534
17874
16457
15986
16301
16350
17466
18791
17267
16552
16560
16644
17578
18441
16654
16699
17218
16655
19134
16431
16870
17150
16711
18800
17230
16886
16396
15718
16563
19715
16491
16585
17208
16593
19826
17223
16804
16343
16476
18408
17684
17238
16966
16425
16253
18519
16864
16063
16135
16298
19755
16995
17609
16727
16570
17656
19088
16502
15330
17170
16140
19312
16962
17435
16732
16503
18913
16900
17051
15914
16053
17270
19120
16053
16000
16098
17328
18064
17216
16607
16246
16228
15920
16728
16182
15830
15784
15884
18313
16084
16428
15583
16027
17401
17774
15114
15230
15371
14821
17902
14841
14684
15007
15162
18180
15965
16116
15615
15108
16539
18359
15630
15844
15392
15593
17845
15904
14655
15452
14928
16717
16918
15585
16230
15377
16003
18064
15737
15413
15057
15595
16524
16800
15276
15644
14880
15180
17328
15827
15829
15824
16241
17125
15779
15514
16131
15317
15366
17306
16057
16286
15987
15689
17028
16852
23759
19133
19886
16405
17893
17068
15233
15146
15222
16116
16350
16269
15151
15762
15653
15091
16634
15198
15291
14966
18432
19900
19789
19518
19251
19577
19328
20805
17864
15225
15304
15957
16123
15600
14963
15807
15607
17223
16502
16031
15639
15392
16709
16757
15754
15612
15612
15614
17363
15882
15539
16415
16214
17388
15938
15231
14857
14657
14635
16211
15483
15653
14898
15031
16626
14021
14907
14653
14676
15012
15249
16164
14602
14430
15135
15933
15179
15481
14947
15072
16150
14741
14931
15203
14472
14972
16224
15375
15734
15385
15406
17336
15520
16924
15264
15637
17763
16608
16376
16626
15829
16970
15837
16691
17797
15884
15793
17461
16207
16925
16634
16310
17412
16731
16489
17057
15415
16737
18188
16376
16119
16472
15429
19251
15377
16173
18049
15806
17289
17487
16905
17653
16922
16682
18676
16772
16754
16721
15866
17228
15930
16132
17109
16499
15765
17518
15625
17043
16883
16351
17491
15785
17737
15858
16304
15957
15642
17285
17425
17748
17881
16611
16075
17690
16851
16832
16984
16087
17249
16169
17962
17103
16454
16583
16592
17470
16903
16630
15858
17134
17470
17964
16024
15398
16725
17777
17389
17263
15976
15876
16873
17826
18370
15579
15500
16638
17167
17196
17277
15728
15960
19333
17888
17086
15502
15851
19116
18041
18299
16725
15477
16083
19697
17105
17001
16026
17120
18385
17355
16087
15973
15675
18198
17481
17054
15862
15593
17992
18044
17463
15652
16037
16514
18954
17601
16060
16200
15891
18960
17962
17850
17448
15860
17476
20406
17452
16576
16671
17087
18951
17971
17208
16767
16417
17287
20514
16320
15967
16565
16188
20443
16895
16671
16367
16302
16976
20268
16624
16167
16545
16962
21182
17278
16185
16620
16705
19508
17610
15951
16344
16588
20196
17036
17337
16255
16678
17382
18114
17791
15799
16419
16344
18888
16000
16946
16578
16216
17748
16391
18342
15360
15345
15465
18419
17268
16678
15849
15878
17311
17454
18699
15869
16196
16441
16343
18155
16599
16036
15472
16979
17587
17582
15591
15517
17385
16522
17627
16850
16303
16268
16139
18201
17771
15469
15524
17744
17015
17658
15500
15717
16482
18739
17334
16545
16423
15805
19097
16150
17024
16340
15877
16898
19210
17238
16203
16041
16040
19617
16151
17347
16297
16457
19020
16449
17427
16045
15810
16718
20423
15606
17349
15631
16468
21092
15821
17570
16393
15891
18449
19144
18635
17710
16442
16275
22096
16831
18369
16262
16348
20699
17328
18736
16823
16590
21566
16996
18170
16708
16391
20054
19845
18275
16551
16118
16792
22238
17590
17987
16309
16793
21216
17402
18227
16932
16277
16549
21163
17339
16064
15708
16151
20648
16284
17190
16100
15398
17275
17528
16603
15356
15163
16057
19001
15970
16071
15553
15468
19232
15989
16974
15637
15140
15323
18321
15790
15752
16158
15724
17817
16698
16068
15838
16313
18662
17194
15729
15325
15429
17825
16172
15941
15601
15226
17060
15830
16778
15141
14966
16232
17530
16851
15333
15551
16233
16604
16698
14807
15161
14803
16575
15428
17021
15649
14703
14866
16366
16132
14764
15891
15827
16783
16355
16613
14925
15250
19338
16033
17488
16273
16941
15405
15701
16766
15267
15975
15765
16031
15645
16163
15920
15471
15111
15939
14910
15173
15476
15903
15856
15559
15522
15015
15050
14795
17146
15715
15421
15035
14728
16546
15934
15512
15667
15601
15730
17106
16023
15458
15960
15698
16734
16104
15603
15758
15949
15684
16627
15604
15685
15497
15621
17698
15451
16013
15174
15444
16537
15106
14814
15130
14692
16925
14949
15056
15158
14706
16117
15423
14964
14938
14793
15398
16134
15066
14816
14673
15346
15449
15057
14480
15414
14846
14693
16375
15414
15473
16617
15143
16592
15177
15467
16650
15136
16476
16032
15707
15587
15510
15015
17188
15862
15546
17181
15502
15136
15258
17024
15490
15081
17483
15167
16055
17964
16088
16698
15674
15390
17147
15754
16425
16427
16617
15839
17219
15984
17073
15455
16610
18139
15493
17512
17147
16588
16916
16737
15074
17320
16288
16008
17383
17319
17212
17044
16338
16804
16535
17466
16422
15721
16431
16656
15791
16402
16031
16104
21474
20135
16658
17905
16647
17359
16869
16180
16682
15835
16301
17145
16017
15960
16166
15447
17627
16558
15374
15581
16443
16244
16236
16643
15919
15849
18947
17159
15921
16582
15993
15506
18455
15930
16302
15951
15766
16787
17137
15777
15694
16344
16293
17341
16680
15566
16800
16298
16930
16892
16723
16134
15941
16917
17366
16473
16462
15726
15877
17236
17199
16145
16447
16162
15716
17044
16115
16150
15450
15266
17121
16242
16638
16878
15419
16360
16269
15583
15865
15879
16135
16719
15443
15425
15298
16344
16484
16059
15697
15550
15140
15276
17397
15211
16939
15462
15200
16616
16148
17494
15981
16951
16398
17380
16014
17972
16528
16902
18152
16461
17522
16645
16834
17482
17732
16410
18095
16227
20100
20688
16475
18027
17087
16665
15808
17844
16843
18048
16385
16662
17597
15645
17151
16574
15499
15749
18014
18088
15691
16098
15533
18550
16041
16870
15515
15274
15640
18375
16525
15649
15217
15684
18740
15752
16789
15528
15258
17145
16626
16021
17115
15057
15417
17750
15195
17759
16221
15750
17369
17045
16147
15649
15244
16216
16582
15547
16909
15642
15313
16129
15855
16877
15320
15715
15358
16367
16605
15260
15155
14850
16834
15455
15366
15374
15313
17384
16013
16157
15000
14987
14985
17439
16741
14831
14873
15730
16150
15726
14824
14909
16337
15013
16474
16658
15276
14878
14668
16563
16112
15306
15438
14639
15661
17122
16195
15754
15475
14929
17750
15444
15708
15554
15975
16558
16457
15305
15814
15465
15615
17892
15046
15423
15722
15062
17061
16210
15420
15648
15876
15047
18057
15790
15616
15467
15231
18912
16902
15672
15546
16151
17102
15758
15295
15513
15509
16146
15851
15370
14465
14860
16044
16837
15107
15888
15697
15129
15812
15953
14540
14951
15311
15063
16316
14827
15274
15718
16030
16183
14767
15228
15247
14479
14837
16466
14909
14831
15540
14902
16013
15597
14882
14611
14042
14223
16119
14425
14058
15269
14092
16164
14700
14608
15139
14082
15180
16056
15501
14675
14429
15013
17013
14701
14968
15041
15326
15956
14346
14406
14371
15508
16158
14927
14935
14982
15273
15557
16087
14566
15459
14935
15787
17391
15722
15122
15035
15471
16299
15124
15130
14972
15176
15434
15024
14844
15312
15147
15564
15641
15742
15568
15238
15711
16096
15392
15965
15660
15586
15583
16130
15614
16238
15955
15663
15925
15504
16174
15698
15380
15307
15416
15745
15553
15287
15999
15658
15605
16849
15856
15890
15552
15724
15633
15205
15548
15613
15296
15376
15649
15667
15235
15016
14703
15192
15113
15173
15563
16239
15410
15935
15877
15764
15860
16979
15854
16720
16636
16434
16118
15803
15690
17103
15468
16348
16022
16557
17216
16091
16405
15524
16148
17354
16145
16779
15674
15593
15868
16751
15839
15681
15121
17835
15469
16150
15795
15464
17251
15195
15137
15070
15242
15392
17340
14887
15463
14801
14534
17603
15033
15124
14725
14411
16864
15809
16053
14830
14876
15396
17326
15486
15185
16976
15190
18138
16464
16093
16207
16372
16704
17592
15904
16119
18216
16426
19621
15924
16055
17050
16138
16467
18467
16304
17153
15973
18295
16754
17033
17277
15965
16971
18922
15605
16739
16508
17049
18686
16811
16311
17884
16704
18664
16357
16054
17399
17228
16702
17732
14890
15135
17304
15778
18492
15609
15616
16615
15186
19219
16336
15696
18217
17165
17083
19898
16533
16204
16863
15878
18011
16153
15530
16428
15277
18916
15005
15417
16761
15475
19319
16507
15543
16060
15750
16935
15623
15783
15485
17063
16501
17983
16176
15863
17645
15823
17382
16959
16105
16008
17290
16185
16736
15555
15747
17122
15801
16153
15758
15235
17699
19579
18465
18076
17505
17741
19069
17172
16643
14661
15379
16870
17072
16297
16212
16420
17311
16945
15505
16010
16531
15443
16769
16071
15588
16081
16001
16335
16799
16181
15861
15962
15765
16276
16170
16102
15768
15997
15885
17462
16475
15907
15918
16137
17057
15867
15419
15605
15194
16052
16055
15116
15304
15207
15359
16886
15092
15862
15672
15844
16075
16020
15875
15357
15702
15505
17026
15863
16234
15896
15812
17270
15360
15409
15152
15018
16145
14888
14752
15397
14851
14786
16121
14757
15217
14821
15183
15585
15496
14314
14812
15065
15284
15437
14601
14717
14895
14376
16088
14810
15415
14772
14633
16002
14761
14864
15367
15001
14885
16576
14801
15238
14706
16128
16071
14826
15190
15154
15310
15141
16535
15459
15566
15364
15853
16765
15901
16501
16075
17738
16700
16690
16000
15720
16936
15657
16198
15786
15067
15761
16009
14784
15081
16017
15927
16745
16129
16589
16413
16093
15683
16414
15891
15062
16055
15619
17714
15693
15362
15416
15228
16634
16252
15298
15135
15137
16140
17117
15278
15397
15284
14920
16797
15018
16419
16171
15479
17513
15504
16177
16317
15677
15632
17320
15767
16385
16613
16294
17332
15782
15982
15688
16036
16700
18556
16864
17392
15914
15737
17850
15870
16366
15402
15503
17503
15907
16248
15826
15860
16384
16544
15804
16414
15344
15850
17170
15671
15489
15427
16157
17474
16181
15432
15755
15342
16046
16163
15401
15282
16269
16618
16359
18036
15656
15860
17333
16640
15642
17337
15962
15403
15552
16561
17610
16380
17904
17434
17221
17126
16712
16331
16905
16632
17153
17246
16358
16447
15971
16109
17332
16680
16331
16488
15179
18390
15851
16145
15700
15639
17273
17251
16267
15453
16046
17519
17911
16277
16283
15873
15735
17431
16244
16742
16078
16204
16884
16751
16309
15752
15992
16155
17132
15619
16349
16604
15432
16630
16283
16017
15639
16917
15787
17836
17409
17355
16174
15718
17328
15779
16013
16565
15765
16647
17159
16096
15937
15682
18165
19324
18140
18241
18694
19559
19750
19266
18952
18992
19343
20910
19084
19280
18981
18325
19352
17713
20150
18059
17690
18232
18134
17610
17513
17442
17438
19227
17894
17839
18170
17705
19776
19323
20162
18751
17196
17594
16686
16878
17024
16974
18169
17201
17548
16584
17499
17584
16533
15395
15933
16094
15002
15403
15181
16362
15351
15362
15306
16252
15571
16011
15282
16246
16306
16456
16904
16309
16131
16279
16475
16035
16288
17692
16340
15796
15577
15604
16252
15183
16630
15404
15571
17293
16652
16185
16008
15998
15877
17101
16304
16179
16763
15812
16525
15690
15827
15319
16635
15871
16942
15629
15889
14954
15412
16444
15844
15790
15665
15009
15663
18082
16311
16200
16545
15980
17645
16612
16568
16185
16328
16672
16731
16704
15976
15600
16035
17462
15763
15840
16280
16565
18111
16593
16047
16694
16170
16204
16327
16656
15971
15822
16668
17352
15999
15955
15945
15787
16968
15610
15757
16130
15705
16054
16854
15850
15947
15453
16274
17076
15623
16450
16296
15428
16086
16199
16823
15640
15828
17058
15882
15711
15990
17642
16596
18187
16648
16159
15612
17245
18040
15807
15579
15887
17635
17491
15364
16484
16155
15865
16697
16873
16643
19834
19623
17029
16885
15719
15919
15919
15413
17075
16197
15644
15600
15375
17621
15596
15558
15822
15661
15609
16758
16228
15289
15150
16160
16632
15685
14966
15679
15554
15192
16157
15589
14758
14576
15202
15899
14871
15039
14581
15393
15308
18090
15650
14690
14670
14851
16322
15217
15051
14587
14859
15893
15266
16648
14576
14679
14958
16339
15161
14734
15011
15849
17041
15546
15673
15903
15516
15638
16709
15516
15633
15579
15644
16654
15938
15424
14995
16006
15835
17599
17283
15734
16038
15162
17254
17848
15415
15947
16083
18095
16281
16263
16177
16215
15852
17557
17025
16660
16794
17109
17134
16655
18221
16751
16045
16328
16621
18640
16000
16077
15927
15806
17037
16793
16270
15877
15817
16666
16249
15641
18262
15326
15661
17211
16259
15712
15600
15767
17239
15388
16006
15555
15849
15837
16466
15701
16066
15569
15717
16771
15374
15882
15567
15160
16830
15767
15453
16000
16089
16106
17404
15479
16430
16307
14780
15970
15026
17307
15612
15123
33216
15281
15710
15596
15215
14803
16067
16377
15133
15372
16733
16879
15993
15190
15957
15498
15797
16480
15416
14725
15009
17131
17475
15457
15840
15174
15556
17123
15425
15193
16030
16099
17833
15177
14893
16511
14508
16150
17068
15038
15442
15247
15862
17521
15413
16067
15768
15223
16699
15579
15596
15185
16163
15709
17123
15827
16235
17277
16496
17526
16146
15911
16033
15080
15315
17359
15969
15651
15851
16596
18138
16924
16840
16616
16844
16961
18370
17768
17013
16615
15988
17526
16370
15548
16171
16329
18436
16112
15827
15726
15530
15968
17472
15783
15621
14823
15428
17672
16440
15290
15219
15231
16593
15561
15608
15253
15135
15741
17285
14879
16028
15175
26268
38117
16053
15431
15134
15929
16523
16818
16010
16249
15387
14720
18029
15671
16255
15724
14886
16929
19190
20151
18853
19954
20350
21538
20219
19791
14946
15992
17978
15633
17008
16988
17328
18495
18259
17074
18313
16935
17829
18968
17017
17023
15820
15777
17798
17790
16180
16716
16108
16980
15972
15793
16491
16076
17489
15576
15822
16102
15769
16347
16601
15809
16385
16628
15824
17027
16285
15863
16684
15755
16576
16563
15242
15652
18051
15197
16878
15356
16135
17256
16213
17068
16362
15837
18055
16131
17508
15790
15500
16316
16681
16470
17254
16975
18150
17885
17207
17609
15884
16055
16428
16577
16034
15340
16309
15397
16917
16191
15245
15581
15339
16436
16297
15781
16263
16162
15900
17412
15817
16162
15965
15114
17578
16168
15648
15400
15624
16510
15875
15893
15140
15977
15993
16210
15330
16629
15207
15206
17456
16996
15745
17243
15801
18071
15840
15972
15012
16296
15438
16916
15279
15136
15706
15277
16163
16273
15382
15068
15548
17014
16335
16094
15665
16347
16654
17463
17631
15755
16162
15944
17039
16743
16359
16176
16723
16059
16783
16436
15384
16071
16116
17579
15238
15981
15866
14970
15622
15225
15013
15288
15568
15740
15265
16286
15957
15825
15602
15679
15712
15294
15438
16528
15052
15470
14718
14828
16143
14853
16104
15265
16148
15199
16628
15819
15793
16180
15149
15436
15669
15832
15523
50322
18887
17907
18242
17377
18489
17471
18037
17043
16301
15498
15959
16208
15459
15351
15921
15358
15102
16425
16557
15948
15802
15490
16675
16189
15693
15341
14911
15384
17094
15986
15049
16042
14979
17303
15317
15589
16006
15015
17243
15349
14888
15268
15128
15449
15938
14512
15315
15548
15893
15703
15085
15294
15753
14848
15382
15292
15273
14605
15396
14805
16373
15712
15813
15474
16743
17332
17030
15985
15549
16164
17488
15124
15736
15423
14834
14579
17657
14805
16839
21216
21701
19841
14757
15065
15316
15124
16302
15637
14614
14840
14791
15162
16029
15323
15610
15095
14478
15997
15328
14567
14661
15738
15863
15334
14463
15350
14695
14830
16045
14841
14382
14788
15246
15668
15594
14832
15343
15304
14608
16121
14705
15485
15387
14658
16234
15125
14722
16706
14116
16121
14869
14287
15173
15639
16492
15936
15082
15647
15492
15476
17622
15005
15133
16642
15896
16115
15378
15491
17185
15437
15008
15498
15553
15377
15270
16265
15799
16666
15777
17136
16803
18211
16169
16124
17848
16453
16083
16675
16098
15359
16085
14819
14915
14691
14348
16305
14841
15051
14157
15039
16205
15253
14282
14261
14158
15501
15915
14756
13898
14270
15401
16548
14725
14740
15163
15186
14712
16045
14889
15121
15074
15442
17103
15628
16348
15019
15520
16281
14372
15936
14581
14556
14889
15698
14557
16044
15176
14422
17001
14322
15604
13833
13944
15427
14028
14478
14572
13990
14245
16770
14489
16951
14864
15550
17574
14695
17065
16540
16102
17106
17810
15851
18357
16950
16210
17345
17101
18318
16448
16195
16528
17617
16692
16613
17294
16207
16464
16279
17634
17222
16207
17574
15566
17910
17494
17094
16779
18848
19020
17648
19203
17423
19671
18664
18442
16549
16175
16561
16442
17756
16923
17395
15275
19571
17530
16491
16273
15740
16852
15655
17966
16630
16070
14751
17350
16255
17361
16658
15727
17008
16220
17030
15930
15988
15394
16545
17954
18818
16497
15027
17843
17633
16966
17407
16539
17356
17537
18009
17778
15496
16561
17249
17258
17401
16091
15756
17107
17131
18541
16263
14828
16448
16391
15665
17079
15668
14830
17156
16140
16746
16428
14974
17608
16060
16884
17187
16659
16804
16579
16598
17458
19158
20862
20725
21809
17769
17458
17011
16139
16606
18115
16366
18297
16914
14980
16133
15880
19641
17202
14832
16740
15221
17724
17821
16902
16331
16400
17453
16751
17013
15730
16634
15119
17864
17758
16538
16719
16658
18306
17787
16452
16867
16620
15258
16888
18697
15505
16803
17059
17518
17121
16209
16377
16498
18148
16635
17614
16457
17028
16083
17933
17662
16737
16348
15918
17068
17988
15935
15832
16042
17743
16965
16890
15681
15402
16202
16255
17142
16357
16238
14904
15274
18581
14474
15881
15875
16078
15114
17824
17230
15804
15968
15817
17883
16721
15627
15051
15590
16520
16737
16683
15549
15848
14434
18236
16388
15872
15849
17628
16629
16512
16720
16315
16459
16025
18991
17241
15957
14711
17209
18036
17746
16158
14740
17509
16381
17128
16885
15849
15509
17662
17829
16504
16407
14611
18077
15460
17215
15554
16072
16856
17155
16424
17884
16432
15131
19098
16006
18181
17479
15567
17437
16498
16545
17510
16567
15629
18288
16081
18388
15267
15079
18405
15230
16967
17304
16014
18416
15717
17835
16169
15313
16814
17339
15899
17524
16597
14708
17509
14741
17444
15264
15486
16020
15962
16664
15157
15705
15333
16672
14160
17528
15986
15772
17893
14748
17251
15504
17568
16327
16173
15706
16502
17738
16123
18089
14672
17887
15686
18035
17907
16652
16521
15390
18535
16773
18220
14956
15139
17535
18496
15258
14978
15006
18265
17661
16907
15250
15205
17334
16847
18330
15758
14691
15501
19414
16744
16765
15436
14794
18811
16889
17503
14943
15056
17420
19223
16793
16628
14812
14811
19981
17192
15675
15561
16490
19890
19065
18209
17853
16894
17382
21429
17799
15798
15584
16899
18874
19350
17223
15713
14628
17600
18745
16817
15642
15641
14849
20029
17965
15156
15594
15576
19576
19240
16659
15921
16081
15868
21284
18515
16004
15994
16325
20220
18196
17029
15721
15458
18889
19079
16946
15823
15932
15680
20160
17718
15800
13963
14520
18163
17842
15755
15256
14373
16644
18203
17810
14930
14202
17354
16343
14439
16057
14606
15390
16225
16669
15642
15032
14574
15918
16587
15106
16828
14846
15826
16243
15767
17475
14923
13983
16686
15651
16773
16104
15867
16482
15208
15016
17971
15094
15139
16832
15466
17149
15457
15775
16581
14653
17388
16535
15385
14765
15024
15962
18076
16551
15573
16336
16329
16642
15270
15611
16033
15667
18069
15882
16189
16132
16480
18788
16105
16253
16238
17121
16580
17174
16067
16036
18118
16701
18370
15935
16131
17298
16930
18155
15782
15112
19416
21610
20414
21343
19597
19328
21722
20376
19963
16256
15967
17283
17292
17172
17119
15677
15772
18144
17794
16020
15587
16151
17092
15944
17557
15570
15571
16730
15771
17772
16082
14953
16133
14729
16102
17741
14458
14424
15986
14426
17853
14747
14245
15859
14283
17553
15921
14731
14472
14413
14600
17805
14397
15148
14888
14401
17606
15273
14421
15402
15533
17434
16635
15104
14641
17449
14994
17828
16342
14494
17221
17225
18327
17181
15392
16479
17768
16410
17743
16725
16086
17414
16394
18225
16199
14855
17537
16716
19060
16353
15555
16125
18204
16648
17272
16574
14710
17914
16039
18211
16888
15238
16082
16873
16696
16619
17395
16053
16838
16193
18145
17489
15058
17713
16659
17720
16713
15712
16141
18171
17039
17268
16666
18045
17116
17770
16775
15050
15433
17604
16413
17530
17217
15601
18078
16663
18331
16664
14864
18593
17180
16933
17496
16234
16022
18325
16609
19763
16664
16153
18755
17813
19748
17624
17277
17610
18202
16738
18745
17838
17118
18649
16497
17792
17368
16109
19490
17150
16984
17008
15078
15671
17795
18165
15984
14678
18449
16658
15678
17448
16931
16137
17968
17033
17246
17695
15199
18773
15771
15919
16652
15298
16394
20266
15400
16557
15864
15005
18642
16595
16852
15491
15524
18077
17113
18315
15482
15346
16602
20444
16261
17264
16082
16763
16950
17427
17125
16062
16304
17079
18154
16989
15873
14991
18186
18852
17470
17036
15309
16674
18145
19569
17364
15992
16791
17296
18124
18758
16463
15566
16824
18995
18338
17016
15696
16547
16356
17007
16968
15788
15290
15695
17953
15945
15995
14709
15709
18061
16748
17599
17509
18472
19122
20433
17017
14895
14159
16038
17673
16603
15925
14285
15558
18062
16788
16431
14882
16758
17970
16956
15305
14306
14851
15192
17438
16659
14279
14198
16576
16760
15114
15422
14181
15288
17166
15866
15517
14164
14955
16684
16825
15795
14059
14791
16700
16137
16089
15034
14330
16907
17290
16284
14378
14372
15490
15295
16434
14195
14526
14368
17056
14149
15465
14181
14117
15228
15218
16331
14170
14562
15473
16328
16248
14924
14849
15470
14127
16197
16717
14982
15204
15285
16018
16121
13878
15670
15740
17507
16763
16132
15713
16274
16304
17243
16094
14943
16259
16081
17180
17370
14482
16015
15688
16586
16896
16360
14852
16245
16516
19621
16328
14852
16964
16768
17671
17522
16168
16249
18065
17248
20503
17795
17156
18161
16590
20823
17807
16034
16094
17313
20069
19516
16127
15929
17239
16293
21175
18323
16362
16364
18352
19388
18169
17144
15905
17497
18872
18885
17030
15550
15799
17328
19575
17858
16011
15632
18101
19155
18741
15398
15217
18645
17144
20035
17043
15276
15396
17963
19125
18252
15680
15264
17831
17625
17841
16568
14858
16694
16661
17960
17394
15620
16444
19123
17412
17802
14671
14994
17041
17073
17467
17095
14860
14326
17498
18218
17307
15221
14617
16185
15829
18393
15653
16188
16491
16230
18156
16079
14352
16410
14755
17149
15728
14832
15087
15512
17877
18144
15390
14668
16013
16844
17874
16468
15961
15935
15418
19349
18579
15301
15976
16146
17729
18011
16874
15086
16126
16741
19705
17909
15364
16535
17137
18875
18599
17702
15522
16912
17586
19043
17273
16682
17292
16528
18695
20894
16819
17178
18345
19781
18682
16907
17685
21474
20159
20856
17980
16676
17985
18668
20070
17296
15734
16717
17106
17842
19033
15209
15356
17044
17143
19025
16773
14896
15808
18712
17447
18320
15296
16287
17285
17584
21053
16387
16159
16916
18797
18546
17973
15544
16205
18334
16252
20519
16282
15638
18892
18846
20015
18422
16069
16941
16715
20466
16758
16432
18588
18612
19796
17777
16117
17000
21532
16639
18940
15972
16751
19318
19028
17926
17183
17010
17958
18824
19296
17057
16643
18326
18812
18164
17915
17004
17086
18424
17791
18297
16736
15446
18847
17884
18315
17011
15703
18210
17494
17250
19133
16217
15844
18242
17515
20151
16571
16249
18567
17379
18452
16884
16814
18452
17718
19475
17733
17686
18816
17329
19045
16362
16069
17004
17558
16835
19109
15252
16549
18840
17380
19105
16439
15845
18314
17132
18624
17873
16051
18041
18875
18323
19722
15751
16731
18427
16567
19359
17084
15215
18091
16788
17089
17627
15900
17573
17335
16792
19651
16307
15240
18116
16253
18536
18291
15816
17012
17576
17984
17430
15895
18776
17048
17912
19862
16501
18513
19182
19535
20282
17722
15495
18065
16729
18705
17953
16128
18285
18709
17714
20038
16179
17664
16999
17646
18648
17088
16428
18852
16854
15970
19187
15995
15423
16426
16252
17637
15950
16304
15142
17698
19351
17997
15559
15300
16838
15696
18595
17082
15895
18044
18082
17090
16359
17154
17454
18002
15623
17621
16553
16209
18349
15705
17626
16973
15871
19681
17099
16758
17561
17178
18784
19624
16791
17834
16887
19521
18775
17782
17553
17035
16521
19719
18342
16466
17490
17508
19325
19436
16417
18471
17618
16948
20418
18627
17447
17428
18163
20610
19437
17482
18007
17382
18766
19376
17751
17004
17682
17551
19680
18657
16937
17489
17769
18958
18679
16410
18187
17476
17911
17416
16810
18451
17463
16144
19304
18617
20061
18397
18433
18472
18776
18212
19153
17389
18048
17965
19067
18569
16696
17423
19241
20147
16605
18836
18171
18028
17718
17617
18724
16832
17221
18296
18461
17074
17922
17189
18556
16991
20535
19540
17196
17373
18182
16921
16781
16792
17509
18152
17150
17213
17008
14980
16273
18991
18937
16162
16458
16563
17151
16762
17623
15305
17241
17006
15055
17926
16424
15307
17355
15589
17583
15791
15964
15736
17497
17483
18081
16529
17953
17723
19272
19071
16619
17847
17166
18618
18254
19098
16657
18236
18639
18978
19804
17586
18950
18476
18132
19135
16664
17801
16562
18503
17937
18191
15981
17251
17170
17700
19480
16418
18043
17353
19409
18477
17008
17186
16939
17287
17505
18508
16369
18705
17826
17718
19025
16358
18006
17031
17465
17884
19191
16423
17447
17586
16990
18785
15755
17556
17248
17603
18057
17019
17083
16643
17234
17824
18433
16043
17718
17492
18276
15700
17210
16313
16810
17581
17509
17556
17050
18061
17625
18833
15976
17376
17184
17021
18255
16530
17410
15978
17512
18536
18179
17034
16981
17565
16951
18925
15579
18532
17025
16575
16437
16355
17038
15371
16049
15677
17137
14515
17593
15453
16452
16491
15057
17398
14216
15877
16967
16865
14937
17446
16201
17079
17157
15187
17450
16839
16086
17620
14942
17357
16391
16833
18142
15743
16094
17097
16625
16440
17834
15403
18386
16530
16602
17568
16381
17991
16732
17256
17811
16517
15035
17849
16066
15857
17471
14939
16724
16498
16972
17034
15590
16414
17377
16488
17116
16847
14835
17795
15222
16877
16761
16695
16407
16353
16386
16509
14362
16932
16674
17069
17589
15669
16705
17289
16876
18048
16634
16920
17514
16756
17357
17883
15398
17011
16693
17411
18739
15237
16539
15763
15422
17893
17903
14868
17667
16991
18565
18176
14842
16581
17111
16267
18430
15682
16044
17605
16532
19199
17320
15378
17882
16646
18711
17721
16647
15038
15883
18279
19043
15775
15041
15324
16996
19419
16272
15437
15297
17282
17269
16706
15374
15721
15236
17688
17097
16592
16262
15889
17099
17072
21440
17632
16717
15507
18873
17267
17596
16627
15110
17606
18246
15867
18660
16720
16222
19066
17015
16450
16806
16215
19081
19207
17079
18146
16004
18065
16238
18177
17781
16690
15205
18244
17863
16578
17724
15999
19012
16785
16280
17743
16541
16419
18052
16990
17663
16423
20067
17808
16946
18371
16024
17805
17730
17201
17515
16428
16616
17202
16871
17762
16112
15030
17838
16041
15297
17630
15718
17002
15878
16516
16280
16408
15847
16727
15967
15228
16933
14970
17365
15340
15434
17480
15614
16280
16340
17117
16486
16956
15358
18142
15529
16648
17608
15358
16913
14537
16713
16448
15333
15269
18076
17380
18065
15855
17765
23369
21647
16753
17008
15733
18067
16503
16285
18038
14631
18597
15226
18048
17157
15845
17112
17190
17494
16184
16951
15569
19568
15804
17997
17118
15935
19493
17265
17937
17669
16074
16562
20644
17122
17991
17899
15898
19870
17829
17522
17023
17191
18125
19030
16801
17128
16581
16790
20278
16087
17434
17036
15741
20142
17566
17455
17658
15913
16731
21362
15946
18346
16719
16728
19328
17044
17649
17767
16675
17157
18782
17871
18736
16171
17715
19246
16287
16968
17824
16442
18074
20319
18282
17934
16289
18072
18937
16614
17314
16640
17694
17525
18282
16016
17742
16060
16848
18411
16895
16532
15229
16996
17343
17863
15951
16297
15638
16963
17012
17293
15209
17245
16589
17991
15039
16969
16015
16332
17158
15662
16090
15425
16189
17401
16470
15365
15756
16019
17656
18089
16252
17089
14759
17031
17102
17868
17234
16484
17139
17257
17363
14975
17182
14883
17654
19021
17094
17951
16422
21381
22315
22081
20503
16881
16171
18294
17610
17722
20189
16528
17815
19305
17895
18310
17662
17962
17858
17620
17968
16762
16671
17986
19123
15173
18714
15251
17137
18339
16787
16505
16496
17373
16596
17955
16283
17973
14954
17759
18933
16206
18305
15211
17018
18500
17871
16839
18081
17351
17592
19237
16591
18396
15307
17416
19121
17361
18241
17281
17436
19237
18444
16206
18520
16488
19255
18113
17061
18509
15897
17340
18472
17340
17755
17060
17593
17430
18406
16178
18889
15952
17579
18875
17042
18280
17433
17283
18555
17054
16242
19230
16633
16233
20442
16522
18593
16410
17241
18406
17882
17157
18100
16271
17375
18030
15860
18960
16286
16524
19530
17283
17936
16748
17165
18838
17749
17206
18147
16122
19325
17856
18171
16776
15393
17385
17568
16018
18252
16772
15131
20294
16901
18554
18006
16747
17375
16782
16436
15153
16839
15694
17493
18614
16956
17030
16771
17638
19134
18207
16790
17227
15451
20165
17477
14505
17086
14931
17502
18910
16342
16645
17175
16698
19411
16691
15936
19339
16187
21461
19713
16989
19527
15756
18464
20157
17306
17711
19628
18138
20748
19180
16403
18026
16415
19475
17559
15525
17851
16023
17093
19007
18047
17251
18968
17119
21946
18743
17225
19205
18549
20056
18543
16989
17575
17987
17968
18818
17322
16046
19208
16393
18643
16157
16588
17501
16566
18534
17169
15175
17822
16038
18808
18172
16231
16304
17980
16984
18290
16851
15822
18391
15811
19138
16814
15850
17612
15660
18469
17469
17052
16859
17463
16996
17906
17880
15783
18635
15889
19830
16356
16505
18136
16959
17157
17027
17376
15694
18064
16846
17661
15776
16071
19323
16399
19455
17566
16596
17194
19860
18045
19324
18489
16557
18766
16903
19002
16336
16910
17856
16998
16471
18418
17500
15453
17477
16695
19064
15340
16353
17261
16827
18010
16738
16779
14903
19237
16494
17622
16519
15245
18331
16701
17994
16671
16554
16647
18955
17926
18823
17824
16048
18712
17529
17556
17160
15376
18665
16367
16868
17977
15846
15727
18059
19238
16646
17054
15477
18464
20143
16414
17343
15718
16576
19658
18610
16144
17815
15896
19024
19828
16830
17695
16333
17247
19815
18166
17108
17658
16426
18860
20346
16227
16982
15834
17332
21267
16716
18620
16390
16436
20050
17291
16745
15575
15606
17930
20842
16323
17222
15831
16580
20849
15723
16874
15129
15921
18328
18465
16350
15934
15578
16919
21392
16824
17990
17096
17386
18915
18880
18523
16174
15840
18154
21783
16424
18090
16909
16012
21609
17949
18040
16376
16973
17832
17904
18951
16947
16620
17904
20104
17151
18497
16100
16603
18913
16286
18528
16332
17616
16540
19407
18492
16895
17970
17888
18233
16990
19174
17664
16716
17689
18563
18213
16613
17168
16931
18237
17700
17423
18571
17331
17903
17589
18575
16982
17733
17423
19085
17273
16744
17204
17232
19090
16366
18925
18196
17089
18768
16028
18025
16753
16581
17523
16909
17567
17063
17601
16507
19204
16103
18312
17364
17210
20058
19343
20303
21238
20869
19727
21894
19216
20490
19253
17521
19360
17373
18613
19715
18957
18642
18818
17350
20385
19266
16919
19748
17379
17665
19251
17648
18406
16974
16362
20507
17103
16801
19624
16582
20086
17899
17558
17012
16427
19796
17653
15632
19167
16265
17035
19680
16010
18016
17723
15729
18842
18124
17250
18016
16090
16345
16704
16772
16890
16789
16571
16727
15995
16947
16619
16900
19210
16519
17348
17569
17767
17436
17993
16764
17706
16440
17338
16183
18402
18162
17795
18148
18596
17161
16829
16509
17643
16994
16057
17867
16864
17112
18588
16461
17302
18156
18568
19278
17676
17623
18194
17070
15967
19196
16201
19207
17753
17429
19348
16944
18457
18473
19095
17457
18167
17581
18335
18074
17588
19787
16175
18002
19013
17866
17872
18429
17021
17572
17904
17252
18565
17753
17819
20272
17549
19123
16508
19489
18644
18320
20121
17146
17083
19033
18980
17104
18272
16540
19171
18381
16562
18823
15789
18726
18205
17505
17990
17404
16712
19685
18881
17276
18202
15753
20052
18856
17723
19019
16818
19645
19093
17328
18064
16148
19333
19013
17603
19216
17092
16021
20399
18031
17500
17764
16035
19742
18412
17094
17141
15582
15534
18727
17402
17337
15575
17465
17999
17708
19430
15960
15997
18836
17995
17576
21219
16924
18840
19586
19125
19823
18127
20843
18540
18184
21129
16926
18985
19582
19097
21104
18350
19226
18415
17865
19474
19250
17069
20309
16890
17493
20042
16890
17421
18750
17821
19147
17461
17296
18743
17490
17754
19400
16134
17078
16795
17068
19493
16208
16842
17811
16989
18047
17205
16335
17881
25354
27227
17387
16708
18366
16593
18049
18815
15840
18184
16293
17566
20612
16073
17646
16939
17119
19072
17500
16837
19383
16333
18213
19048
16359
17825
17078
17148
18970
17040
16854
17644
15806
18165
18701
15717
18058
16692
17233
19452
16420
17517
17301
15480
19656
16480
16982
16745
16023
21276
16212
17784
17264
15700
19514
17727
16019
19688
17117
16308
21821
16110
17705
17453
16483
19423
17496
16757
17881
15730
16108
20872
16697
17126
18266
16684
18579
19046
16691
18765
17788
18189
21904
18681
18702
19102
17530
21456
19132
16834
21156
17079
17835
17829
16852
20920
16312
17514
21754
17439
19837
17044
17177
20088
17304
17246
19102
17148
17543
19923
17304
18709
17576
16891
20137
17323
19462
18124
16967
17914
18463
16227
18757
18265
16906
18656
17284
18533
17802
17002
17577
19321
17369
17593
17850
16781
18187
17844
19606
18678
17071
18362
18347
17952
18836
17845
18793
18238
18713
19338
17370
17561
18990
18041
19203
17287
16674
18325
19390
17960
18513
18396
19196
18326
18080
19784
18297
16571
19188
19056
18231
18345
17251
18814
18157
18738
19095
18503
17113
17464
18607
19411
18089
15962
17907
17098
19277
19073
18332
17681
17835
18786
17899
17225
17101
15811
17782
19823
16909
16332
17771
16872
18555
17327
17361
17208
16793
18858
17389
18336
17587
17470
18261
18989
19055
19051
16792
18968
19251
18458
18287
18067
17511
17750
18010
17929
17003
16757
18737
18856
18833
19561
16375
17555
19412
18907
17275
17672
18675
20019
19850
18180
19051
19237
17921
19817
18836
19533
17584
19472
20489
18713
18565
16867
18774
19766
18468
18740
19318
18755
19045
19458
18547
18466
17321
19298
19256
19830
17293
17532
18545
18743
19378
18958
22387
17808
18525
20162
19317
18610
18540
19271
20416
18836
18342
17311
19014
19545
18990
18892
18680
19835
22208
20484
20976
20648
21100
19942
21249
20638
20217
18894
20802
21710
20349
20291
20123
18650
18573
20420
18517
17992
17487
18302
18360
19627
19424
17365
19109
19721
19740
19372
19714
18954
18644
19715
18750
18902
17764
18829
19146
19273
19015
17050
17747
18614
19172
17971
17074
18745
19945
16604
18571
18611
17130
17118
18574
18419
17420
18113
15001
17803
17287
16316
18782
14792
17571
18151
18706
16455
16946
16093
18614
18011
15766
19753
16643
17836
18022
17220
18278
16929
16519
19362
17366
16922
17226
16498
18698
17821
16837
18860
15444
16244
18922
16667
17441
15567
17980
18437
16465
18482
15658
16816
18488
17774
17990
17093
15652
16896
18356
17003
18190
16292
17385
19301
19075
18949
18622
17675
19548
19972
20729
19736
18119
19876
20086
19072
21447
18081
19575
19116
18696
19370
19190
16993
18764
19498
19638
20747
20144
21895
23674
21967
25310
21858
21242
21965
21954
21402
19713
18348
19513
20880
19825
20873
17557
19568
23228
22648
25901
23799
22770
25512
23711
24136
23007
21561
23392
22123
20403
22871
20048
20790
20239
18399
19167
19159
17377
17665
18716
17433
20089
17068
17080
15495
16124
18741
15569
15296
16051
14575
18119
17184
15788
15594
17568
17560
18269
16011
15584
18416
16039
18040
16627
15595
18104
17901
17635
17724
15541
16251
18310
17078
17174
16491
15296
17499
17080
18255
17258
15999
17159
18374
18188
19864
16975
17148
18697
18490
20177
19297
16431
19008
19045
18939
18402
17057
18148
19122
19834
18647
16929
17922
17984
19369
18830
16976
16603
19258
18682
19105
17389
15130
16853
17265
17337
17687
15837
16100
16642
16835
17127
16759
15305
16551
17817
17286
17519
15460
16260
16875
17742
18197
15282
15638
16363
17417
17259
17813
15769
16246
17656
18627
17608
15490
16948
17116
18124
18687
16194
16140
17315
17890
18773
17400
15919
16952
17893
19093
17811
15967
17239
17437
18257
17416
17276
16053
16849
17749
17630
16645
14751
16313
16949
16997
16929
15771
17505
16357
17184
18145
15877
15663
18998
16357
17344
18039
15142
17451
17846
17373
17641
17378
16520
17972
17010
17687
18312
15775
18553
17249
16841
18090
16321
17780
18038
15786
16932
18454
16209
18420
17261
17560
19228
16499
17543
17727
17243
16982
18963
17547
18591
17518
17152
19325
16369
18776
17944
16226
17731
17427
17072
18286
18163
17683
18990
16064
18818
17529
17195
17957
15902
20683
17471
16629
17099
17613
16635
18471
16848
16922
18384
15966
18533
17282
17908
17141
17479
18344
18240
17950
17608
19441
17060
19439
17088
17884
17858
17613
18626
18378
17537
17798
17687
18117
19536
17506
17595
18687
17690
19411
18276
17270
17937
17145
19660
17828
17844
16454
19819
17104
20043
16853
17848
17852
17946
18321
18059
18464
17018
17080
20005
17875
16340
16363
17172
16729
18980
16359
17431
17620
16289
18707
18298
16182
18579
16753
17984
18369
16593
17921
18525
17860
18903
16842
18069
17688
18679
19387
18578
16882
18596
17878
16851
18039
16813
17369
17319
17123
19170
17373
18227
17473
17307
17870
16624
17339
18511
16207
18448
16598
16320
17269
16754
18009
16547
15903
17965
17258
15751
17859
16051
16057
16400
19437
21844
20306
20991
20795
20520
21199
19615
14533
15918
16872
15617
16420
16224
16375
15865
15864
17360
15733
14327
17341
17738
16181
17628
14917
17012
16648
16627
18719
16188
16107
17453
16744
17017
17118
14942
16345
18848
16305
22229
16031
17141
16818
17559
18600
16975
16597
17747
17152
17506
18470
16124
17022
17344
17900
17230
15663
18248
16845
16579
17860
16312
16846
17928
17298
17846
16963
16463
17910
17175
16434
17559
15572
16445
18978
16158
18331
16817
16449
16127
17182
17707
16300
16021
16337
15237
15614
18418
16409
17741
16463
15647
18352
17410
17119
17243
17241
16387
17994
17498
17185
17391
15960
18372
18014
16192
17029
18211
17248
16862
17747
16930
16705
18439
17761
17694
16478
16593
18736
16926
16703
17305
17455
17345
18054
16804
16830
16832
15595
18698
17260
17891
16446
17479
18235
18271
18033
17794
17225
17198
17874
16544
18044
16442
16180
18554
17502
17412
17512
17356
17939
18496
15929
18977
17269
16754
17812
17279
18114
15868
17125
18582
17401
16057
18567
16757
17731
17770
16256
17537
16712
16224
18357
17374
17368
16745
16913
17957
17037
16429
17840
17466
17048
17268
16765
16951
16867
16477
18522
17359
16716
17393
17233
18032
17352
16903
17706
18473
16548
18149
17262
17206
17195
17759
17786
17654
15530
17589
18749
15707
17410
17225
17581
18769
16556
17374
15681
15482
19424
15345
15542
18034
15828
17337
19875
15688
16614
17699
16525
19147
17026
15745
18477
14802
18063
18859
15060
17037
15684
16861
17258
16122
15710
18174
15728
18138
17561
15244
16934
15200
16097
18770
15941
15312
17749
16116
17216
17398
15381
17825
16023
17878
19790
15526
17110
16910
16989
18107
17598
15192
18083
17672
24495
28163
24115
26034
25787
27498
27343
19811
16588
18074
16616
17616
18762
15712
17260
18780
16307
19120
15319
16281
17061
16445
17516
17963
14997
16510
18110
16041
17260
15807
16887
17251
17638
15952
17954
15919
15236
16517
16251
17311
15532
16145
17580
16117
15365
15026
16715
18315
16005
16942
16877
16291
17655
16281
15475
18734
15521
15670
17975
16428
16302
16600
16537
15057
16893
15306
16842
16738
14616
16072
16325
17335
17280
17146
16037
16803
15837
18710
17410
15883
16987
16618
15791
18201
17009
16633
17770
16840
17940
17117
15982
17899
17469
15762
19171
16476
18175
17666
15558
18755
16458
16269
17199
17144
17898
17511
16071
18908
16721
15635
19950
15464
17347
17112
16837
18536
16756
17035
18011
17486
15883
20091
16153
19643
17942
16777
20165
15817
17343
17746
16891
15675
19700
15353
17772
16403
15548
19621
15436
17435
17392
15347
17205
18074
16622
16692
17321
15855
19563
15769
16865
15966
15424
19733
16320
17049
16911
14851
17756
16311
17038
17097
15525
17365
18167
17022
16813
16988
15264
19513
15564
18313
17188
15059
16741
18034
17585
17667
15514
16593
19003
16246
17920
17490
15216
16674
17977
18019
18914
19356
21027
22544
19721
18389
16242
15714
17401
17211
18478
16510
16037
16786
16313
15934
17070
15220
17677
16192
15874
17945
16611
17697
15757
15425
17409
15949
15364
18561
15994
16284
16756
16456
17792
16093
14714
17359
15751
15050
17451
15466
16243
16003
16020
16766
16590
15262
16499
16036
16576
17411
14516
16674
15990
14628
18831
15128
16328
16900
17032
17313
17431
15428
18011
17046
16040
18264
15900
16541
17535
16399
16834
16728
18200
17237
17429
19040
15374
17678
17355
16714
19373
16513
16749
18119
17166
17597
18357
16031
18635
17552
16177
20551
15954
17987
18552
15919
17673
19198
18152
17972
17533
16750
19157
15600
18988
17430
16607
19046
17826
17754
17876
17656
17932
18907
16908
18116
18294
15789
19275
16535
17827
17685
16868
18082
16388
18544
17450
16004
19316
17752
18089
18558
17355
17494
19801
17299
18464
17857
16969
19996
18202
19331
18476
17924
18233
18829
17068
17712
18497
18456
17865
16328
17732
17398
18584
17110
16688
17586
17532
18166
17902
17702
18463
17972
15938
20252
19009
16717
18234
17648
19224
18208
16935
18134
18985
18682
18734
16620
18116
18471
18158
17941
19372
17812
18011
18274
19597
18241
16892
18636
18658
17548
19066
18484
18371
17639
18665
18165
19263
17014
17672
17270
18249
18870
15959
16847
17703
18316
17496
18894
17555
15652
17779
18180
18864
16977
17426
17106
17747
17474
19015
17893
16142
18041
17424
18438
15582
16450
18455
17249
19779
16308
17255
16187
19451
17167
18379
18609
16479
18801
17603
18882
16153
17599
16346
20048
19197
17851
17154
16783
18993
17918
19211
17573
16803
17158
18356
18682
18536
17774
16607
19101
17431
19192
18067
15871
19431
16390
19219
17482
16965
16341
17641
19138
18600
18203
16049
18325
16039
19452
16545
15768
17292
19141
17090
16807
16698
15909
17488
18321
17006
15920
18427
16285
16969
17583
16064
17189
16606
18382
16940
16969
17039
18810
17577
17544
17544
16092
18161
16078
17787
17631
16289
17542
17177
17706
17354
16539
16362
17572
16333
17587
19047
16446
19319
17234
19588
19100
17824
18535
17835
18163
19712
17436
18696
18116
21322
18255
18609
18773
18695
18405
19000
19035
18714
22054
20519
22104
22834
18021
19481
18357
18617
19243
18166
17448
19263
17761
17984
20004
16252
18569
17212
19155
17748
17237
16901
17024
17665
20871
21698
20838
22661
18131
17227
17990
17005
16739
16913
17030
18376
15538
17941
16528
18092
17942
16762
17067
17349
17085
18386
18281
18229
17977
17401
18380
18755
17728
19970
16171
19272
18641
16136
17975
18021
16213
18073
16935
16844
17131
18152
15781
17534
16155
15866
16549
17510
16838
15935
16836
15542
16765
18171
15467
16486
16799
17005
18569
16820
18462
17598
16079
18105
16808
16457
17199
16989
17120
17907
15672
18832
17214
17997
19037
18378
18244
17576
17756
19410
18141
17232
17885
18012
18050
20608
16435
19530
17984
17177
18357
17934
18178
19018
17367
18684
17857
19231
18350
17526
19699
18020
16707
20132
17964
18085
19879
17636
19350
17667
17490
18581
19041
19038
18631
16479
18256
18997
16884
19505
18190
17391
17979
17489
20165
17424
18401
17889
17459
16868
17876
16990
18164
17455
15939
18947
17303
17041
16774
17108
17662
17089
17413
17928
18015
16850
18293
17890
17964
17678
16733
18163
18332
16879
18284
17813
16956
17863
16843
17883
17126
17415
17561
16787
18123
16945
16881
17231
17946
15695
18428
15653
15995
16665
15691
14623
17118
14616
16229
14907
15689
16666
15485
14830
17773
15702
16430
17568
16902
18577
17258
16283
17489
16824
15131
16245
16526
16471
16991
17163
16847
15802
18109
16623
16776
17628
16965
16740
17855
17950
17221
15488
16614
18803
18081
16047
16994
16796
16560
17835
17589
16723
15642
17524
17790
18218
17245
15463
16702
17560
17725
17224
17180
16434
18173
17688
16984
17246
15665
17098
18415
16868
18118
16321
16604
17403
17975
17110
16971
15279
17822
17237
17700
15782
15054
18021
22327
17066
16645
15491
17718
17582
16894
18284
15538
15670
19516
17415
17026
17348
15807
18593
17793
15901
18388
15528
15917
19022
16916
17608
16428
16002
19870
17560
17379
17161
15651
17285
19463
15049
18085
15512
15413
19620
16684
17419
16764
16026
19173
16728
18447
15566
15759
20216
16469
17306
16754
15783
15922
18823
15663
16826
15963
15690
18594
16297
16257
17922
15385
15818
17917
15492
18260
15043
15739
17467
16563
15787
17001
17392
16843
17576
18126
19037
15849
19144
18501
18547
16869
16389
19067
17262
17553
18083
17490
17549
19489
17941
17575
17187
15962
20192
18062
16888
17686
17079
19362
17385
17814
17445
17166
16817
19038
19110
16948
16836
16395
19135
17913
16645
18830
15351
17721
18428
17218
17030
17276
15549
19770
17322
15951
18110
15697
16757
18045
16797
17122
17998
16672
19535
16777
17305
17968
15454
18907
18708
16558
19276
16836
18029
25890
25019
25128
21087
19020
21421
19654
18691
20815
18024
19645
19936
17928
19781
17498
18405
19939
18618
17105
19929
16967
19828
19650
16521
19353
15986
16132
18629
15407
15262
18459
15545
18030
17081
15230
18503
15630
18202
18258
15315
18643
16064
16015
16940
18058
15162
17831
16825
18127
16200
16727
19352
16632
17249
16996
17141
19512
15301
18839
18554
16209
17356
16566
18260
18169
17335
15847
17502
16442
18274
17554
17852
17497
17671
17213
19737
17375
17045
16396
16608
19617
17429
16982
17787
17021
18390
16886
17221
16652
18208
17539
19577
16564
18285
17623
18751
19592
16182
18008
17459
17676
18771
17784
17911
17373
16874
18735
17914
17354
16865
16798
17216
20119
16647
18194
18002
17419
18923
17656
17653
17410
17173
19119
19660
17366
18536
18185
18006
19314
17820
17839
17259
17289
21060
18396
16757
18968
17050
18513
19992
17491
17685
17893
17485
19945
17286
18058
18592
16494
20893
18461
17655
18731
17193
19339
21995
17477
18458
18290
18423
19595
18774
18626
18974
17405
20041
20484
17545
19060
19526
19501
19814
18790
19152
19262
18097
18216
17727
17085
16956
16349
18834
16843
16428
17056
15832
18011
16651
17463
18561
16056
15852
16313
16264
18596
15791
16283
18986
16670
18665
17775
16620
17680
17503
19424
17379
15789
16873
17155
18415
18801
16455
15434
17625
17448
18400
18048
16978
17383
19469
17774
19502
16889
16315
18963
17657
18182
18310
15980
18036
18799
18956
19255
16655
18316
18951
19396
17413
17922
16332
17502
18412
18646
18025
16194
18213
18637
18304
18616
17207
17446
18988
18688
18944
18351
15899
18347
18003
19018
17110
16430
18080
19093
17867
17370
17493
16418
18674
17502
18798
16902
16550
18949
18281
18896
17450
18189
17262
17491
19585
17584
17601
16739
19099
17097
18173
17418
17654
17305
19160
17651
18040
17553
16156
18581
18810
17108
17644
18304
18749
18202
17890
17791
17601
19587
18686
18967
16146
17759
18930
18039
19143
16141
17140
16720
19645
17284
17379
17222
17240
19176
17386
15673
16289
16972
17458
18216
15771
17215
15868
17696
15850
17631
17854
17808
15872
17297
16784
15529
17549
16875
17503
16969
16064
18252
18061
17099
15544
16667
18848
16376
16758
16872
16077
17766
18272
16158
16488
16208
16575
18640
15244
17065
16908
14815
17523
18744
16546
15843
15596
17974
17830
16588
16839
17695
17045
17295
18899
16744
16596
15806
18839
18058
16446
15877
17649
18250
16977
17319
16869
17166
15848
18618
18969
17599
16781
16364
19066
17765
17328
15851
17642
18329
17690
17766
17899
17013
16759
18176
18517
17887
16219
17778
18830
17496
18030
17406
17590
17086
17796
19124
17404
17006
17039
18902
18717
18116
16211
17286
18259
17328
17701
17854
17698
15448
18748
19246
17329
15734
19113
18566
17018
18907
16710
18070
18035
17460
19579
17197
15575
17292
17285
19072
16736
16229
17725
17303
18099
17275
18413
16921
16818
17740
16833
18542
16087
16448
18941
16585
16797
17040
16392
15868
18165
16193
18919
17463
17446
17217
18458
18597
16172
18527
16357
18969
16236
18369
18310
16540
17147
17738
18805
16165
18746
15671
17802
16419
19834
18391
15175
17290
16778
19242
18750
16285
18178
16950
17890
16506
18852
16463
15900
18373
18541
18541
16007
17658
17673
19161
20062
16211
17049
18346
17259
17513
19625
16718
19011
18480
19135
19113
16721
17162
16016
18027
16998
19261
17163
16339
17923
18588
19023
16526
17457
17531
18599
17892
17559
16785
16102
17833
18594
17245
17190
16316
17925
17732
18880
16154
16580
16912
16371
18738
17081
16199
17120
19814
19958
20435
17351
18837
18980
18699
19650
18216
19348
17263
19916
19651
17866
17967
17444
22215
17294
19634
18866
19409
19130
18462
19456
18564
17698
18430
21043
17714
19532
19726
18396
21589
18533
16818
17224
15717
17224
17430
16922
16388
16913
17535
17568
17581
16297
17087
17454
18150
18173
15759
17726
16915
17658
16681
17048
16501
15556
17644
17658
17833
15797
17070
17385
18214
18123
16310
17250
17751
16861
18261
17532
17002
16313
16922
17537
18281
16397
17069
16768
18734
17152
16733
17283
17245
18285
19449
18300
16023
17128
17362
18485
18612
15858
17456
16989
18306
18002
16250
16801
16808
17452
19021
17091
15645
16971
16995
18198
18383
15431
17329
16704
18509
17467
17376
16753
16784
17965
17719
18743
15795
17085
17701
18626
18268
16754
17178
17297
17076
17937
17706
15890
17033
17097
18743
18840
16080
17210
16871
17547
18575
16580
17290
15381
16970
17115
18668
16157
17081
16688
18898
19134
15871
16711
19762
16582
19075
16366
16539
22580
17101
17898
16277
15764
17241
18435
16281
18672
16333
17118
17292
17167
18973
16981
15882
18230
17808
16936
17380
16927
17196
18102
15517
18385
16982
15783
18650
17066
17237
18475
15638
17056
18542
16672
17728
17764
16214
18464
17652
19139
17950
16093
18157
19364
17999
18910
17138
17425
19922
16792
19771
18117
16662
19093
17122
19042
17349
16181
17588
18604
17631
18777
17320
16476
20797
16829
19690
17880
16630
18764
19167
19369
17980
16660
16771
20650
17197
18178
17999
16019
20217
16119
18705
17801
16326
16459
20222
17170
18327
16833
16356
19965
15451
19108
17833
15223
16374
19695
19241
17645
15816
18121
17987
19471
16749
15471
15347
20009
16457
18718
16233
15519
20048
15499
18738
17146
16705
15672
20149
19691
18408
16649
16316
22962
16755
19963
17613
16713
16468
17649
18644
17217
16469
16991
19546
18519
18152
16315
18265
17462
17190
19172
17277
19387
19667
20327
21207
20790
18711
22037
20720
20609
22443
20892
22220
23628
23025
25092
21370
21328
21770
20304
20843
19507
15949
18857
17205
17085
18615
15853
17030
18182
16286
18130
16656
17727
16763
16796
17407
18097
15302
17401
16815
16918
18499
15989
16510
16673
16659
17603
17622
15963
18009
16653
16737
18311
15394
16696
18277
15749
18351
15756
16511
16793
16773
17298
17531
16598
17933
17650
17094
20680
15600
16761
16855
15306
18764
16076
16193
17510
16449
17376
17612
15144
17611
17100
15814
18156
16136
16562
16709
16890
17564
18231
16443
16960
17378
17097
18310
16006
20515
19306
17213
18552
17040
17200
17426
16635
18122
18650
15880
19042
17941
17699
19169
16244
17847
17897
17196
18832
16818
16326
17333
17519
16895
16473
18499
17856
16282
18925
15564
16599
16517
17261
17381
17689
16114
18395
19764
16933
19244
16458
17974
19291
19581
19398
17002
17484
19716
20486
17354
19622
16765
19249
19493
20833
22152
18032
20609
21104
21651
21985
19004
17691
20412
18407
18869
21200
16829
18390
19055
19327
18940
18409
17501
19686
19737
18740
18279
17240
20132
18526
19223
20201
17755
18724
20794
18559
19594
17621
16533
20219
19199
17848
19372
16871
19674
17669
17487
19167
17472
16401
19251
19711
16718
19562
16749
19335
17149
17271
20090
16310
17064
20599
19055
17893
17415
16848
19260
18257
17714
19537
15654
18170
18923
18063
17389
17910
17254
20021
17244
18872
18186
16367
19196
19630
16840
18853
16272
17042
21694
16254
17851
17877
16435
18595
19617
17121
19446
17323
18527
20548
16425
18460
17748
16436
18503
18134
17091
16643
15862
17511
19140
17407
17039
16222
16621
18152
16580
18660
17016
16781
18706
19130
17639
18308
16633
18499
18802
18002
18192
17016
18633
18366
17101
18830
16359
17499
18351
19150
18447
18026
18193
18500
19401
18688
18832
17199
20110
18651
20204
18746
18670
18956
19367
19729
17130
20712
17457
18963
19832
19841
20560
17089
18744
18598
20676
17876
19823
18461
17833
20644
18216
19635
18045
18800
19501
20103
17767
18694
18816
17484
20369
16972
19739
17647
15986
19944
17929
19914
16804
17897
17223
18468
16874
18561
17025
18397
18570
17768
19542
17952
16549
18050
16815
18602
16602
16870
16411
17456
17288
18351
17306
16822
18671
15695
18204
16140
17527
18274
18478
17321
17156
16855
16930
18321
16591
19025
17798
15677
19596
15862
17013
18026
18247
17270
18589
16281
19701
16401
17725
19031
16176
17801
16107
18215
18497
15820
18260
16210
17200
19085
16504
17233
17612
18304
18194
18536
17490
18578
16878
18954
19609
16857
18232
17023
18643
19898
17019
18340
18509
16847
18563
19130
16837
18444
17832
19018
20969
16620
19420
16631
17273
20243
17955
17759
18960
16061
19822
20028
17887
19614
18784
19194
19724
18445
18587
18400
18966
19708
18439
21167
18270
17531
19532
20425
17551
20028
17442
17709
20268
20210
18567
19194
18996
19974
18950
18329
19134
17051
20028
18578
18826
19038
18798
19062
21036
19188
19147
19787
17144
19055
17924
17698
20208
17594
18036
18973
17912
17447
17786
17126
17789
18266
17797
17854
15674
19792
17890
17106
18422
17354
17754
19629
17800
17397
17993
17078
19038
17883
18678
19314
16290
19601
18911
18125
19411
17676
18958
18865
17384
19249
18146
16673
19048
17624
18266
17655
16571
17594
18197
18556
19532
16306
16819
19926
18383
16788
19094
16654
18044
19953
17524
19403
18603
17531
21648
18012
18585
19821
17082
19209
21684
17753
19755
18537
18037
20844
18263
18044
19375
16889
21323
17036
18122
18206
17105
20522
18095
17352
18552
17032
18799
21435
17610
18397
18463
17791
18816
18189
19125
17846
16511
18906
19383
16107
18454
16688
17676
18990
20264
18075
17697
17736
18991
17927
17170
17929
16044
18400
18670
17542
17662
17246
17355
19177
17411
17683
17854
16848
18007
19138
15361
16884
17267
16937
18219
15832
16778
17214
16724
19090
18157
17135
16614
16605
18908
17360
16793
17116
17083
19952
15923
17664
16616
17364
18575
16820
17529
16092
17477
19746
17527
16976
17100
17627
17204
19331
18538
18023
16138
18609
19619
16347
17296
16946
17481
16964
17843
17976
16286
16682
17622
19705
17121
17456
16827
16338
18675
17623
16266
18785
16388
17432
19088
17640
17947
17301
15887
20735
17448
16320
18460
17094
17413
19220
17051
17721
16564
20303
18026
16495
19070
16813
17693
20527
16608
18082
17704
17195
22516
17645
16970
19574
16060
17764
20571
16229
17522
17805
17543
19784
17990
18915
17356
16424
18022
20217
16365
17953
17721
17658
19245
17226
16940
16585
16223
16309
19270
16792
15460
16370
16300
18619
16302
16657
16748
16738
16233
18275
16442
15153
17858
17423
17644
16135
16062
16399
16129
17085
16783
14606
16237
17463
15902
17769
16792
16601
16408
16574
18294
16230
16282
18146
16753
16824
18535
15719
16577
16558
16663
18417
17241
15868
19183
16709
16964
18360
16153
16986
16442
17183
18484
17128
16278
18695
19075
17711
18350
15628
17609
16354
16019
17037
15566
16582
17647
17324
16738
16969
15480
18154
17628
15737
18843
15905
17310
20329
16490
17671
17544
16605
18828
18094
16253
18206
15956
16879
19484
16293
17743
17415
15863
18715
18528
16821
17513
15077
18001
19129
16048
19088
17488
18484
19149
18281
17365
17614
15679
18337
19881
16402
19574
16099
17367
19052
17627
18264
17722
16416
19603
19194
17259
16850
15929
19137
17566
17687
17353
15944
18312
18151
16277
16380
15244
18169
16356
16017
16324
16559
15177
18041
17290
16223
15689
15653
16846
17180
16177
16151
17364
17618
17119
15949
16763
17371
16573
16584
16368
16219
15203
16961
19426
15948
15066
16754
18137
18005
17685
17022
16821
16529
17197
20183
17407
16459
14986
17236
18142
17461
16174
16341
16967
18152
18138
15734
17024
16055
18495
18541
16809
17551
16548
17004
18674
17630
16275
16136
15633
17333
17450
16870
16287
16109
16923
19047
16652
16249
17184
16770
16014
19384
15786
16060
18228
17298
19787
19177
16452
18022
17617
16016
19917
16957
16191
18672
16114
17993
17813
15957
17640
15326
17932
18838
15970
16871
16080
15243
19804
17706
16157
17997
15177
18137
19856
17556
19606
17471
17255
20914
18294
16531
19678
15972
19162
16744
17060
23305
20189
21742
25388
21249
21894
24486
22758
28759
25635
23522
23589
20392
22150
24125
19065
17092
17705
15996
17972
15554
15136
17455
15782
17282
16728
15500
16898
16367
17996
16597
15530
17256
16703
16256
18067
15098
16743
17097
16930
18771
16520
15639
17537
18110
18116
17334
15913
17264
17159
19132
19101
16423
17255
18136
17634
18534
17660
16385
16888
17981
17617
18828
16552
17628
17361
19151
18822
17143
16825
17855
19385
19210
18227
17117
17620
18150
19546
18152
16204
18588
16588
18079
18952
16939
17859
17359
16233
18662
18582
16258
19666
17819
17730
19572
16006
18603
18806
19077
18434
17434
18821
18590
17765
19422
17900
17195
18619
17306
17999
19023
16617
18031
18022
17113
18626
17518
17254
17854
17440
17841
17745
15533
18980
17566
18236
18280
16533
17919
18561
15694
18996
16034
16505
17787
16824
19036
17538
17123
17967
17375
16604
18176
15612
18356
18395
16384
18168
17055
18143
17544
18502
15706
18938
16804
19096
19256
16831
19266
16104
19388
19132
18851
18706
17753
19047
17815
19405
17168
20039
18288
18372
19107
17963
18848
18288
19644
18248
17960
19533
16563
19377
17622
19282
18230
19153
19881
18578
18173
18871
19910
18004
19764
19950
18520
17359
18142
20012
18251
17934
18432
19368
17980
18896
18965
18826
19570
16706
17940
19143
17130
19079
17726
19139
17076
18613
19463
17316
16790
19773
18750
18013
20179
18771
19156
18202
19304
17822
17135
19709
19702
17104
20518
17522
18791
18298
17675
19970
17370
17807
19863
18233
17100
20678
16887
18842
18876
17105
20275
16652
19351
17952
17732
18496
17161
16072
19913
17448
15465
20378
16339
16951
17295
17121
20289
16179
16843
18013
17677
17308
17032
16019
18181
18081
17181
17317
16032
16584
18747
16417
19067
16028
17210
17431
18806
17096
17232
16291
18847
18622
16199
19012
15649
17512
17462
19488
18945
17131
17312
19209
19562
17844
18876
17090
17438
20918
17012
19369
17549
19045
19113
20754
18934
17424
19960
20034
17537
19651
17220
18558
19162
20082
19321
17838
18269
19208
20596
18921
18896
16903
18045
18787
18331
19523
16252
17845
17872
18745
17012
18464
16878
18663
19500
17105
18211
16798
16765
18228
19506
17814
18530
17113
17902
19195
16641
18270
17755
17187
21990
18260
18710
17545
16353
18460
19875
17288
17563
17467
17723
18672
17303
17047
17285
15907
20296
17741
16556
18331
16324
17522
19533
17193
17235
17510
16630
19605
17720
18363
17903
17018
17735
20146
16533
17685
17717
17439
19612
16535
17181
17568
15671
18456
18410
15148
19267
15651
19083
18133
15230
18072
15522
17149
20844
16065
18247
17373
17151
18596
18912
17387
17272
16462
17695
20926
16477
18637
18939
18339
21551
16799
18585
18308
17254
19093
19565
17060
19723
16625
18331
21611
16733
18557
18784
18445
18977
19625
17709
19156
18970
20272
16065
17721
18356
18146
18578
18799
18402
18507
16916
18452
19144
16412
18754
17384
17993
20353
17119
18425
17789
17801
18187
19482
16804
18507
16421
17992
20257
17779
16438
18230
17379
16937
18240
19385
16906
17814
19383
18983
19729
19443
17116
20483
17393
19496
20179
18018
19580
19268
19656
20413
19204
17514
20113
18808
19622
20566
17820
19389
18061
20891
21654
19073
19628
20059
18973
20188
20174
17204
19264
16713
18630
18766
18115
19115
18251
18756
18834
16880
15401
18854
16031
17348
18643
15273
17588
17985
15852
18525
15812
17808
18295
16313
20068
15957
17120
18574
16497
18363
18876
16280
18744
16150
16325
19689
15805
17409
19119
16717
18722
18178
18642
19349
17387
18958
19501
16439
19696
19531
16775
20895
17361
17876
19688
16615
18014
19020
17042
20018
18082
17064
20585
16906
18738
19161
17206
19284
19099
18236
19123
17076
18226
20068
16438
19994
17661
16725
18918
20274
19284
20466
17243
18227
20303
18242
19192
17517
16943
19089
16985
16814
18077
16026
18817
16991
16195
19150
16590
17392
17650
16523
19643
16548
17087
19616
17171
15968
20162
16327
19483
17057
16694
20248
16128
17675
18765
16748
16797
16778
18163
17440
15780
20155
15338
17203
18454
15907
15789
20006
15466
18281
16894
15773
19752
15394
17486
18200
15555
16130
19186
16250
18086
15119
15264
19259
15428
18238
16644
16037
18529
17786
17475
17891
17327
15921
20214
15965
19486
17879
16324
19810
17322
19379
18662
16988
17076
21003
19991
18259
16179
17424
19427
17602
18970
16624
16857
21832
16732
19280
17302
16094
18831
16622
18771
17461
16326
15923
20206
16374
19029
16267
15340
20330
15144
18545
16748
15385
14961
19095
18081
17748
15411
15414
19589
15980
18048
16533
15637
16272
19484
18413
17415
16144
16128
19997
16714
17931
16502
15514
19277
15169
17737
14790
14771
14767
17786
16412
17161
15209
16002
16602
17079
16792
15351
16315
16823
17737
17177
17260
16340
18255
17163
16981
18612
15800
19088
18161
18023
18202
15716
15825
17680
17265
18251
17993
15317
18826
16945
18890
18497
15733
16248
17436
17857
17380
17154
16074
15509
16763
18009
15298
17394
17997
16998
16578
16822
15568
18529
15733
17567
18108
15187
17110
17724
16620
18416
16189
16312
20117
16404
17457
19695
16147
19126
18128
17127
18605
16581
15582
20205
18036
18081
18054
17546
18280
18069
18716
19404
16583
17919
19855
17812
19240
16727
16137
20790
18466
17312
19833
16102
18128
20082
17804
19103
16921
15879
19695
19145
18140
17683
17521
17129
20921
18377
18741
17688
16688
19774
18520
17554
18292
16316
18595
19912
17176
18483
16254
18175
19966
18397
17966
17588
17577
17891
17942
17702
18704
17602
18809
17785
18769
18553
16182
16564
18356
18468
17954
17576
16922
19194
17272
18695
17675
17019
17691
19831
19014
19569
16741
17696
19828
18199
18939
18362
16774
19566
17795
17843
19828
16996
18814
19596
17369
18578
16321
15999
18107
17198
17334
18850
16719
17320
17125
17017
16205
16336
18303
16527
18132
19993
15945
18650
17154
17543
20500
16237
18185
17625
17550
18401
17688
16395
18709
16039
18022
20891
16020
17672
17396
17590
18833
17586
16022
18441
17400
16667
20503
16456
18895
16541
18127
20773
18690
18282
18168
18050
17740
19215
16544
19061
17022
17676
19696
15996
19162
16610
17603
19241
18418
18087
18102
18315
17872
19806
20174
19352
16854
17940
20466
18826
18472
18377
18838
17683
20072
17823
19026
17867
18311
17764
18211
19732
16105
17568
18026
19150
17105
18596
16792
17857
17183
17222
19198
16308
17420
16060
18386
18328
16110
16121
17531
16713
18168
16327
15847
18418
16959
16181
19333
16809
16591
19918
15982
18363
17997
16378
18568
16947
16048
19777
14990
17223
18278
16293
19531
17059
16722
19272
15832
17003
18445
15668
18620
17469
16122
19590
17054
15754
20002
16049
17654
18698
16347
19321
17965
17025
20081
16981
18244
20115
17405
20926
17606
17298
20261
18555
19208
20344
17374
20129
19898
18967
20762
18339
18401
20707
18845
18021
18678
17212
19487
18318
17943
19746
16672
19356
16886
18262
18911
18916
17188
20268
18401
18050
19625
17270
19474
16995
19659
18120
18074
16940
19272
18587
19450
17814
16975
19185
17235
18270
18934
16443
18924
16751
19219
18318
17982
16574
19591
18577
17801
19135
17049
23241
16326
19587
18242
18060
19773
17614
18104
19929
18668
16288
19416
16970
17436
18058
16079
18602
16224
18732
17086
16537
15900
17140
15846
16838
15380
15762
17382
15632
17478
16337
15599
17275
17528
17532
17950
16417
17805
17245
18189
16319
19016
16261
15982
19679
16715
17265
17922
15915
18486
17766
16515
18567
17408
17571
19008
17376
17403
17642
17913
18010
18883
17424
18167
17508
18595
18249
17958
18917
16249
18548
19862
18083
17794
18095
17899
19276
19724
17380
19387
17962
17807
19305
17630
18644
17203
19178
19154
17926
17323
17060
18818
20351
17575
19342
15878
17130
20608
17909
17267
18080
16750
18195
19294
16576
18021
15689
17618
19638
17781
17709
17515
17362
19393
17837
17324
18342
15944
18611
19250
17039
18633
16572
16991
20540
18062
17645
17778
17465
20995
18979
18671
18733
16818
19119
22090
18571
18293
17896
16940
20888
19074
17842
17780
16442
18987
17208
18609
17924
18102
19397
18117
17802
17648
18700
16660
21109
17985
17003
17704
17297
17262
17766
17391
17831
17879
15965
17690
17382
18722
17325
16089
18217
16234
17176
18955
17642
16611
19155
17125
18151
17730
18297
18657
17865
16928
18802
18638
17320
16833
17433
18742
19464
16820
18404
18444
18907
18305
17654
17597
17376
16896
18998
18804
15716
17805
17314
19180
17937
16851
16956
17692
18533
17683
17348
15891
17455
17214
18345
18626
15875
17461
17156
19167
17014
16933
16077
18576
15769
18656
18802
16466
17289
17678
19033
18653
15661
17006
16823
18739
18266
17499
17387
17415
18531
17720
18323
17248
17853
18704
19168
18350
16161
17620
17459
19448
19263
16128
18983
18556
19242
18124
18523
16645
18675
18784
20229
19503
16476
17797
18003
18842
18028
17034
16273
18280
17355
17270
17430
15730
17519
17916
18608
17539
16562
15862
18133
17640
16847
17919
15882
15641
17387
18752
18661
15088
15376
18240
17954
18869
16644
15724
17012
17943
17870
17507
15439
15773
17196
19720
18745
15683
15986
17156
19754
17489
18171
15896
18417
16790
20775
18753
16461
17581
17437
20621
18697
17360
16514
17586
16618
20684
18357
15924
17621
16973
20018
19136
16703
17308
17400
18529
19669
18173
16646
18186
16148
20456
19423
16694
15835
17651
19715
18657
16080
16059
17197
15930
20980
17609
16821
16009
18054
19864
19952
16903
16810
18294
17916
20801
18011
16767
18114
16100
20720
19213
17050
17132
18088
18214
21512
16977
16814
17742
16238
21999
18116
16612
16378
17682
18763
21070
15739
16264
17425
17267
20475
17877
15943
16750
16611
20716
17796
16361
15745
17222
18356
20399
15460
15549
17285
16744
20103
15611
16215
16408
16930
18847
18569
15990
15416
17638
19602
20659
17237
16652
16740
20849
18134
16525
15820
16022
17587
17136
19239
16668
17227
15613
19606
19889
15729
16311
17364
17992
20370
15810
16094
18413
18152
21128
16872
16254
16318
20205
19743
18486
17393
16269
18127
18834
19794
16285
16480
16392
20251
20294
18255
16512
16816
19396
20785
19366
18139
17258
17406
22382
19866
17220
16803
15918
20617
19629
17989
16318
16592
16969
21540
19506
16057
16916
17159
19858
20397
17403
16231
16052
17126
20646
18121
16096
15976
18961
21292
17322
16311
16795
17500
21750
19111
16436
16846
16784
20770
20362
16451
16760
16369
17949
21616
17540
16823
17099
16869
21539
21041
17530
17797
18082
19800
24162
17407
17849
16910
17199
22270
18139
16619
15974
15760
19224
22394
15947
16500
16691
18045
21820
16601
16640
16808
16185
19014
15640
16289
17004
15766
21159
17497
15613
16285
17011
17795
20690
15949
16376
17612
18495
18004
16163
18002
17435
16024
19004
18501
16096
19107
17381
18622
18195
16257
16099
19959
16328
19313
17849
15757
18980
16620
18295
18300
16359
17503
19051
17931
18758
17012
16507
21032
16882
19682
18280
16877
18802
18622
17892
18859
16157
17161
20205
17666
18764
17067
16135
20451
16475
18756
17549
15798
16865
18478
17410
18591
16075
17173
19406
15728
18938
17693
15980
18660
18333
17432
18385
16314
17315
18140
16933
17965
16576
15983
19629
17393
17051
18875
15337
16965
18384
17108
18711
16696
17183
19041
16513
16337
19003
15645
17866
17138
16787
18272
15202
16876
17611
17657
17834
17886
16663
17999
17877
17278
18219
15683
17903
18241
17770
17312
17108
17140
17279
18267
16495
17410
15695
18667
17549
16216
15708
18160
19094
16866
19076
17016
16421
18627
15943
20445
16313
16114
18184
19167
19529
18061
16637
17988
18383
17686
19818
18015
17068
18589
18922
19321
17518
16105
17650
18631
17853
18340
15849
17320
17376
16983
18898
17797
16147
17994
18309
17941
18001
16016
17335
18091
19107
19744
17416
17176
18700
17871
19504
18501
16573
17987
18847
18878
18927
16838
18007
18079
19447
19100
17524
17084
18524
17995
17976
19588
17272
18045
18387
19809
18792
19269
17782
19636
21962
23425
22953
21517
18229
19340
18422
18918
17094
18226
17480
19309
18935
17245
17891
18329
19600
17491
18231
18397
18316
17974
18945
19135
17579
18383
18057
19162
17394
18861
18597
18099
18966
17283
19691
17986
17434
16934
18862
17800
17894
18021
17809
19070
16905
19313
17384
15956
15940
18566
17191
18141
15636
15240
16014
14553
16850
16161
14916
16080
16742
16197
17263
14793
15847
16827
15227
17735
16216
16583
16741
17192
16098
17078
15917
16310
16958
17149
16538
16405
16687
18204
17233
17761
15863
15886
16356
17525
16609
16456
16542
15755
16868
17226
16914
16700
15225
16306
18011
16999
17928
15455
17127
16609
17879
16701
16482
15775
15965
18113
17645
16405
15581
16661
16983
17950
16758
16982
17021
15756
18784
17514
16765
15826
17126
17326
19480
17288
15570
16933
15584
19678
17034
17343
16775
15572
19573
17846
17130
16063
17028
16433
20519
16991
16372
17359
15570
19288
16780
17120
16525
16176
18269
19105
17912
16542
17816
16271
21453
18093
16561
17950
16514
18297
20400
18196
17456
17199
21903
18983
18106
18933
16831
18538
20935
17972
16653
17649
16067
21882
18396
16734
18069
16890
16880
20652
18171
16597
16319
15392
17724
16571
15023
16508
15240
16490
16488
15240
16842
16420
15511
17547
15672
15425
17579
16441
17323
16101
15767
18795
17213
17271
16506
16415
16718
17908
16142
17739
15865
16951
19375
15703
18158
16063
17144
16428
18659
17310
16909
15364
16920
19763
15229
18490
15560
16729
17403
18551
17063
16836
16432
16205
19699
16368
18130
16945
17150
18265
17419
17167
16457
17317
19667
16531
17193
15830
16718
18575
17234
18040
16074
15380
16262
19787
16683
16926
15783
16939
18840
17180
17639
15289
16192
16211
19170
17264
16034
15595
16431
19527
15974
17677
15754
16732
20240
17634
18152
17342
17761
18960
21111
19937
16395
16351
16841
19502
16898
16778
15193
16626
16698
19421
16556
15130
14936
17069
18840
17816
15829
15634
16103
15985
19405
16775
15286
14882
17079
16769
16124
14842
16131
17488
18485
16319
15831
18088
18765
16097
19176
16436
16153
18906
16408
18951
17772
17726
17770
19183
16789
17890
17169
19474
16859
18031
18965
18102
18158
17726
17520
19044
18278
17923
18694
17012
17207
18171
17215
17244
17632
17492
18478
17334
17302
17572
17418
18744
18206
17044
16917
17285
19144
18522
18557
16898
17779
16987
18741
17701
17807
17191
17436
20552
18431
18349
18799
17489
18137
18543
17140
17576
17747
18862
16967
17921
16550
17703
16946
17845
17457
16900
16225
17203
18208
17792
17193
17020
17917
16900
18311
17550
15694
16604
17300
17458
16761
16740
16956
16556
17648
16729
16344
15058
17093
18071
17283
16001
15901
16764
18732
16807
17532
16896
17652
17325
18203
17575
18351
16251
17704
19519
17107
15996
17208
17541
18948
17606
17710
18377
16823
16120
18805
17972
16537
17534
15923
18048
17354
18624
18711
16377
16408
19433
17764
16825
18392
16128
17398
17428
16322
18452
15869
16832
17677
18876
17625
17406
17258
17604
18249
16882
17642
17348
16889
18025
17104
19597
15539
17743
17360
18989
18077
17819
18183
18635
19946
17099
19211
16976
19993
18128
18604
18207
17342
17952
17651
17834
16948
18913
16024
18453
17723
17688
18855
16556
17721
16748
18278
17264
18041
15745
17964
16492
17114
19603
15992
17517
16995
18468
18084
15542
18727
16717
17104
18344
16736
19535
18326
17127
20255
18891
17632
19107
18272
18014
20335
16278
19178
17354
16971
18732
18231
18209
19517
17967
19244
18791
16389
19769
18474
17743
19147
17603
18561
18794
15922
18283
17050
15431
19388
16492
17290
17764
16248
17183
18007
15485
18617
17024
15620
19889
15605
18399
15860
15688
18643
15613
18025
15863
15890
17781
17545
16045
17357
16519
16185
17793
15921
18232
17899
17182
17358
18198
16755
19243
17701
16448
19145
17452
17642
18620
16521
17657
18199
15649
18453
17154
15694
18269
16538
17277
18060
15571
17036
17863
15704
18452
16879
16353
18331
16862
17408
18914
16470
17763
18894
16341
18488
17037
18163
17377
16662
18705
15682
17832
18982
16463
20542
16537
17288
18440
16215
18044
19093
16479
17895
19350
16225
20205
16476
17498
19151
16468
18638
19388
16928
16957
23149
17126
20327
16429
17943
19470
16587
19488
17743
18380
17930
16465
16217
19114
15702
17141
18196
15322
18651
16847
16760
18849
15287
17840
16344
16766
17274
15651
17737
16433
16443
16127
17369
15375
18754
17092
16842
18449
16038
18258
17161
16904
17146
16846
16086
18210
17099
16333
19182
15926
17338
18533
16192
17412
18280
16916
18090
15553
16902
18090
17055
18371
16854
17699
17063
18781
19214
17310
16863
18381
19718
18662
21382
18790
20916
19447
19192
21643
19935
20228
20317
22240
19141
18721
16844
17930
17703
17591
18487
16153
18554
17060
17493
17557
18393
17624
17445
17565
17454
18880
16432
19640
18010
17727
19232
18286
17733
17451
17400
17164
19055
16723
17796
17184
16755
17008
16798
19537
17155
16220
17523
19018
17606
18215
18001
17965
17706
17383
19238
17348
17833
17969
18761
18136
17723
18070
18019
18253
19433
18970
16488
17584
18075
19101
17972
18076
18257
18009
17710
19183
17465
17794
16914
17937
18732
18261
16918
17071
16627
17597
17141
17162
17136
17173
16507
18556
16943
16363
17172
16727
17983
17173
17246
17358
17209
17643
17706
16865
16808
15915
15897
19194
16427
16889
18463
19222
18731
17323
20111
17740
17471
19823
16828
19807
17070
16261
17315
17716
16869
19417
18798
18300
19152
16967
19265
17711
17774
19260
18836
19323
17623
17986
17959
19869
15939
19418
17875
18197
17902
17984
19271
17282
18379
19117
19680
17287
22899
17577
18431
18863
17370
19597
16622
17842
18721
19989
18025
18433
18764
18456
19551
17919
20120
17460
19321
20853
18094
20144
16798
18001
18286
20162
19667
18486
18122
19612
19251
18311
19924
17213
19670
17498
20366
18973
18888
18595
18323
19586
17462
19406
16665
19469
17848
18487
17695
17389
18239
17137
18949
17256
17376
15860
18875
17890
17472
18248
16797
19242
16610
19151
17191
16911
17978
22888
21128
21815
18450
15719
19060
18149
19492
17284
16837
19107
16722
17557
18538
16830
15443
19002
18182
18330
17236
17128
18975
17202
18639
17431
17048
15482
17530
17346
17457
15505
16858
17825
16757
18235
16972
16178
16921
16575
17046
19237
16059
17860
17370
15455
20939
16619
16456
16940
16639
19226
17718
15861
16549
16974
17453
19266
15919
17027
16521
16395
17606
16271
16983
16969
16156
23962
16786
15807
17605
17241
19611
17751
16447
17437
17683
17267
20109
16077
17566
16935
18472
19334
18414
16735
17450
17751
22963
20685
16280
17377
16209
17420
21409
16226
16524
18240
18603
18631
19428
16844
17585
16484
18176
21492
16503
17337
17144
17925
18621
19113
16329
17377
17034
18972
19665
15572
17997
16009
19544
18501
16926
17886
15720
16881
18629
18123
15563
16204
15541
19824
19061
15714
16631
15154
17360
19525
17463
15955
16659
16865
20388
18692
16636
17199
15865
19268
18554
17948
19276
17345
16543
20135
17674
17244
17559
16475
18264
20510
19165
16395
15504
16060
17730
17883
16312
17323
16183
16796
17824
17171
17357
17339
16386
17581
19467
16781
18817
16856
18601
19543
15670
18229
16810
17656
17377
18246
17704
17388
16985
18639
21789
20981
23939
20759
22475
25342
20814
23275
23134
23125
23041
24104
23643
22995
18203
22586
21915
18329
24444
22498
23155
22886
23812
22187
22406
22351
24161
25574
30950
31814
30264
31406
31930
29342
29567
28656
27221
23739
24795
22811
23800
21826
24464
22102
25175
21142
22362
23316
23338
23147
22410
21473
23643
24434
21116
22789
19917
23108
24169
20893
22908
21940
22603
22314
24081
22133
22429
21350
23830
23511
21409
23836
21413
22737
22640
18428
16834
16503
16256
16680
18116
16599
16980
16004
18095
18559
15543
17307
16034
16731
17789
17672
17278
17085
18321
17921
16942
16690
16348
17749
17841
17415
16289
16824
16408
16286
18868
16668
16542
15790
18681
15822
17145
18355
17067
16899
18719
17186
16257
17706
16214
18323
17628
17314
19263
16433
18260
17965
17942
18863
16502
16865
19141
17151
17365
18730
16458
18954
18234
17538
18906
16247
16999
18864
17249
16951
18638
15654
18797
16906
17285
19110
15788
17756
17650
17362
17380
16221
17784
18553
16622
16969
18244
17202
18966
15527
17638
16190
17378
18714
15396
18302
16963
16532
16582
16658
16348
17917
15791
17108
17966
15595
18692
16827
16856
17512
16286
18241
16447
17296
15238
18019
15611
17985
16991
16797
17506
15948
18094
18281
17678
17869
18074
16855
19268
17809
18069
19435
16364
18207
16199
18108
17156
17382
16211
16763
17687
16460
17816
16399
15803
17786
16643
18703
16359
16313
18500
16706
18593
16781
17361
15833
17372
16933
17179
16642
14705
17168
16062
17181
14903
15880
15813
16680
14871
16866
16309
16109
17031
16496
17367
15189
17836
17360
17341
15912
15549
16575
17092
19741
16508
16788
18442
17425
18273
17347
16384
17047
17406
18791
18787
16344
18123
18495
19260
17450
16515
18207
18641
18782
18236
16351
17938
17719
17258
19935
16564
16558
17418
18293
18802
18580
16891
17315
18272
18472
20077
16185
16498
18547
16912
18060
17405
15730
17193
18852
17175
18506
15314
16172
16958
16755
17613
17148
15329
17292
16897
16468
19048
15829
16217
17730
18221
18451
15266
16010
18484
16381
16723
19199
16058
17502
17431
17672
17542
16124
15848
18703
17951
18693
17474
15351
16676
17588
17146
18920
17577
15510
17175
17239
18520
18647
16225
17058
17209
17093
20840
21631
19728
22337
21259
22094
22232
19958
23662
23276
25588
26830
25179
23764
24709
24225
20524
22493
19712
16953
18051
18370
18903
17293
15861
17618
16738
18034
17732
16546
17085
19106
17607
17920
15866
17956
17138
17826
19233
18103
15820
18608
17427
17334
19306
17174
17709
18797
17914
18347
18289
18202
18738
18890
19554
17469
17342
17780
18874
17717
18280
18014
17280
18056
17621
19299
18226
16551
18980
18114
18343
16350
17209
16981
18167
16985
18179
17430
17365
17710
17081
18919
15927
17810
16262
15901
18674
15269
16650
17034
16538
16431
16917
17160
16612
16754
16567
17572
15083
17186
15877
16127
17910
15210
16513
16386
17705
16322
16879
15116
17854
16624
16894
18297
15245
15887
17510
16942
19864
17264
15524
17523
17909
17761
18577
16112
16816
18634
16520
19611
15114
15650
17275
17847
16641
17227
15835
17413
18518
16308
19138
16294
18614
17927
17889
18257
16136
16775
17662
16421
19103
16212
16009
17476
18842
19649
16959
16650
17216
17267
17664
19721
16977
17705
17143
17512
19635
16649
16183
18233
17946
17978
17987
17220
18443
18824
16784
20678
15775
16883
19489
17750
18828
17505
16520
17952
18293
16416
20493
16545
18849
18639
16082
20632
16298
16392
18989
16964
20939
16377
17266
18641
17536
18714
18939
16221
18572
19470
18872
24309
20084
21217
18617
16892
18044
18625
17040
18868
17374
15872
22027
16603
18228
18725
15880
18287
16643
16967
17684
16518
16927
18844
15489
18079
18597
17179
17297
17217
17947
16637
16861
18017
17938
16295
18301
17897
15696
21209
16882
18540
18217
16805
19453
17358
17667
17192
17014
17587
18905
16557
17379
18610
16390
18677
16711
18479
17008
17108
18639
17487
17023
18462
17504
15871
18836
18066
17689
18235
16888
19353
16950
18362
18656
18108
19460
17315
16591
17355
19518
17601
18291
17633
17385
16808
17724
18357
16614
16617
17094
18613
16496
17874
17501
16389
17686
18526
18205
18905
16881
17861
18559
17374
17963
17035
16187
19915
17617
18031
16940
15851
18163
17485
17979
18810
15806
17360
19305
19659
19984
19696
19038
20938
19844
20937
19362
16807
17173
19090
17347
18486
17246
16364
18117
18895
17347
17425
15977
18750
60934
146367
141553
137858
138974
139182
138537
136782
138069
136814
139747
139574
139605
139050
136317
137367
138008
134185
137386
134468
137625
137515
135818
139096
137198
135802
138545
139763
138847
136330
42387
19621
17223
18106
16922
16276
18362
17188
18612
16871
16572
18212
18173
18228
17671
17729
16121
19091
17598
17480
17570
16767
18839
18569
18192
17650
17417
17277
19500
18028
16954
18802
17016
20260
17205
18432
17953
17647
18682
18662
17874
17790
17507
17577
19156
17853
17910
18330
16370
18630
17402
17487
16622
17481
16170
18576
17356
16867
16743
16478
18457
16414
17589
16873
16627
17155
18107
17671
17321
17351
15425
19676
17215
15899
17638
16110
16764
18126
17465
16987
16677
15022
19435
17675
18229
17935
16463
18566
18535
18209
19075
17057
17716
19438
17947
16742
16594
15122
19539
16399
17617
17304
15293
17626
17479
16829
17588
16120
16322
19332
17435
17156
17130
16038
18848
17000
17869
18732
16210
17714
18536
18390
17815
18124
16750
19362
19110
17353
18314
16090
18713
18971
16390
18604
17064
17805
17433
19048
17459
17619
17410
18491
17726
17630
18232
15817
17989
16644
17754
17843
16467
17723
16830
18822
17781
17198
16729
17218
17253
17898
18127
15863
18772
15770
18813
18464
16587
17466
18268
18589
17247
17828
15957
19253
16483
19316
18944
17068
19261
17638
17689
18916
17958
17361
20623
16560
18508
18189
16049
18813
16403
16564
17930
18697
17592
19041
16556
18228
18822
17167
20252
17436
17809
20247
16911
19126
18713
16485
18628
17839
17808
18984
15779
17080
18797
15837
18580
17382
16351
21054
16674
17593
19226
16299
17416
19590
16392
20405
16138
15850
20243
16223
18962
18904
17094
19886
17936
17535
19294
16076
16485
21040
16796
21569
16884
17093
20429
16436
18024
19452
17259
16590
20406
17084
20064
16466
19664
16494
18893
19014
17346
19942
17541
18347
19636
18044
17282
19686
17531
20673
17874
17350
19439
17473
18110
19129
18015
18248
17950
17797
20586
17838
17062
19985
17692
20316
19535
17361
18860
16474
17757
19283
17971
16454
19060
16150
20280
17864
16700
18884
15453
17376
19488
15901
18803
16012
20010
18160
15887
18942
16571
17578
19539
16936
18336
15812
17314
19980
18415
16372
18243
16146
19407
18825
16112
17142
16711
18828
17663
16617
16721
18756
18287
20220
17317
16253
17705
17497
17675
18523
17622
17095
17214
17024
19688
16966
16278
18005
17061
18072
17697
16412
16933
16325
16290
19171
16768
15310
16943
16962
19173
17572
16240
16615
17798
17247
19813
17213
16100
17679
17049
21049
17832
16682
17922
17451
19304
18967
18112
17926
17801
17730
19649
18342
17046
19052
19026
19648
18833
17225
18020
20454
16984
20367
18128
17701
18828
18421
19708
18460
17408
27382
31698
31937
32132
29962
29020
31615
27028
22770
18114
16895
18700
17327
18787
18492
16235
16314
20265
16682
21414
17307
16790
19301
17156
19247
18520
16295
17973
18787
18556
19433
16618
17046
20503
16390
20095
16949
16947
18012
19239
18932
19383
16832
18198
19782
17320
19407
17612
17320
19920
18350
18376
18308
16750
18701
19606
18061
20399
16971
17821
18244
17007
19405
17351
16318
17858
18036
17430
20362
16737
18131
17729
16468
19787
17538
19190
18626
16398
20430
16273
17894
18288
15870
17308
19438
16487
19256
16763
16344
20299
16158
19622
18179
15754
19470
17246
16149
19434
16159
17149
19523
15142
18292
16742
15331
18406
15726
16767
18648
16561
17097
16493
15974
19557
17480
17081
18610
15518
17787
18405
17652
18645
16399
17234
19590
16861
16848
18222
15636
18740
15899
17215
18971
16161
18332
17254
16850
17977
15491
16028
19750
16444
17848
17154
16662
19215
16731
18027
18888
16516
17981
18083
16364
18589
16618
15727
20084
15462
17532
18550
19020
17928
17351
16537
18167
15988
16520
17644
16364
19339
17715
16240
17724
16205
18374
18579
15489
17511
17978
17493
19949
17700
18739
16708
18809
18076
15828
18081
16974
18820
22870
19492
18344
21366
18969
20981
20183
19520
21466
18227
20776
19831
17990
21658
19184
19097
20930
18565
18801
21872
18768
22110
18991
19523
23790
18283
19891
21000
17680
19762
20835
18262
20151
18358
17414
20831
15589
18097
17987
16852
19648
15153
17272
17905
15448
20272
17251
19324
16785
16042
20621
16082
19254
17870
17371
17843
20120
17836
19674
17174
16635
20334
16317
19888
18123
16548
19811
17124
19099
17419
16463
15916
20405
16457
20996
17192
17109
21346
16975
19097
18069
15882
18176
19483
18129
19500
17328
16949
21275
16577
19966
17571
16751
20409
17199
19295
17906
16970
18554
18831
18016
19580
16494
16212
19884
15778
19072
17058
15578
19920
16155
17062
19090
16317
17261
19953
17376
18969
16872
17084
20678
15916
18198
19232
15659
18912
17480
17540
18480
15927
16225
19512
16279
18422
17701
15728
19913
15993
17140
17594
15506
16934
16471
15760
15863
16327
15346
16301
14470
17507
16037
14940
16408
15285
19019
15331
15476
16040
16517
17186
16970
16368
14691
17459
15291
18781
16253
16107
17332
16601
18716
16023
15653
16517
17698
15597
21028
15643
15621
17150
17400
20852
16585
16350
17414
17729
17390
21393
16758
16406
18945
15915
21143
15927
16852
16861
16536
19990
15753
16491
17693
15705
20978
15412
15708
16375
16480
17635
17815
14724
15868
16513
15492
20000
15198
15059
16151
17157
17456
17660
15046
16310
16118
17191
19414
15070
15616
17048
15248
17842
17356
14990
17485
16336
17909
17033
15439
16159
16407
16565
16275
17596
14128
16440
15094
17161
17242
14202
16342
15965
16698
14962
17500
15476
16316
15297
16803
17454
14377
15931
16149
17030
15190
17759
14664
16264
16520
16032
17305
14662
15236
14703
17080
14561
16200
15190
16027
15410
15617
15924
14871
17157
13904
15540
15660
15991
16645
16223
15670
15730
15626
15252
16624
15747
16315
18525
18784
20188
17334
19968
20980
19213
19097
18766
16519
16290
16655
17602
15606
17532
15997
16445
16407
17368
17050
17358
17352
17204
18330
15473
18419
16834
15306
18864
16522
16260
17278
16734
16889
18177
15398
18554
16877
16369
18539
15493
16924
17209
15685
17390
18074
14961
19575
16763
16906
18080
15344
19255
16673
14954
20319
15873
15753
18214
16789
17276
18085
15006
17592
16682
16684
18155
15340
16520
17688
15920
19633
15205
16544
18168
17073
17070
18153
15839
16596
18030
16001
18670
15930
16930
16846
16842
18013
16777
15725
15988
18745
15839
19120
16881
16268
16017
19136
14431
15960
16458
17767
16116
17363
15326
16176
17330
14665
17390
14805
16061
14236
16155
16067
15236
14711
16306
17079
15357
16186
16640
15772
16270
17117
16956
14829
17031
15076
18845
14894
16373
15949
16938
16960
16431
16418
15700
17786
15781
17330
15060
17699
17036
16756
17360
17075
17386
18818
16843
17756
15351
18996
18453
15876
17700
15973
17566
17371
18472
16917
16744
15476
18309
19459
15984
17751
16305
17790
19492
16189
17022
17303
16713
16982
20991
17677
17303
15955
18868
18923
16015
17432
17942
17659
18015
17029
17186
16762
16016
17061
18740
16957
16393
15728
17181
18846
16960
16662
15211
18435
16918
17595
15604
17089
17346
16562
18154
16802
16965
15335
18049
16949
18660
17080
15240
18462
17283
17534
17155
16199
16397
16347
16450
17900
16959
15743
17877
15822
18245
17036
16146
18475
15651
16935
17501
16603
17084
16178
17609
18816
16842
16782
18542
16971
16679
16827
16901
16801
17272
16533
16680
16461
17734
17770
16582
19074
15704
17221
17950
17110
18157
16804
17328
18025
17377
16256
18025
15727
18163
18889
15904
18447
15655
17356
18715
16211
15754
17659
17217
16709
17682
15809
18386
16255
17856
19436
15295
15953
17392
17061
17351
17152
15465
17787
16331
17721
18306
14974
18162
16110
17444
17664
15505
17506
15810
17264
18831
15180
17090
16514
16426
18138
16857
15428
17387
17408
17545
18430
15775
16512
15464
17113
17652
17925
16458
16218
16535
18003
19071
15259
15717
17156
18600
17208
16309
16452
17078
16952
17970
15985
16784
15477
17346
17582
16038
16346
14573
15700
16661
17634
15785
16295
16901
17591
17485
16752
16733
15466
16122
18490
16303
16138
15373
16237
16527
17802
16784
15991
15282
18013
18469
15787
16586
15736
16364
16641
15679
17484
14982
16697
16516
17858
16244
16260
16619
16778
18958
16154
16971
16653
16495
16914
18313
16607
17510
16021
17262
20133
16683
17477
16768
17773
17098
19014
17059
17424
15827
19965
19425
16419
17353
18128
17260
18302
18128
17423
16819
15678
19087
19496
15147
18132
17254
18250
18148
18030
17393
17221
19004
19133
16573
18033
17799
18407
18576
17761
17221
19907
15809
19172
18129
16774
18193
16214
18064
18253
17846
16229
17366
16162
17880
20303
16154
16895
16705
18193
19416
18111
16725
17777
15361
19250
19427
15387
17586
16525
18267
18304
17575
16432
16852
15984
18977
18423
16328
17530
15357
18399
18879
16168
15410
16677
16210
18373
18259
15095
17008
15267
18781
18831
15847
16075
16006
16476
20137
17122
16219
17022
16512
17042
19056
16290
16832
15750
16910
18985
17481
15106
16824
14714
17634
17635
15893
15216
15410
16621
17811
16288
16711
14988
17710
16864
15962
17162
16294
17520
18093
17859
17015
15733
15440
17742
17517
15774
19554
15278
16831
19136
17423
17198
17302
17544
17824
17726
15971
17760
15350
18163
17790
16977
17839
15902
16821
17409
17639
16976
17176
16443
18362
17301
18129
17692
15785
17852
18313
17562
17698
15707
18507
17233
17836
17963
16100
17290
18376
17214
17977
17163
16671
19348
17060
17658
17042
16620
19649
18174
15669
18656
16772
17272
18858
16095
17566
16590
15720
19602
17320
16190
18144
16655
16823
20207
15784
16592
16742
16609
18981
16736
16154
17634
15994
19477
17099
16732
16300
16346
18143
17962
15732
17444
16091
17324
19437
19278
16835
16769
16510
18375
16626
15900
17756
15281
17500
19145
15421
17029
16440
17177
20150
17048
18092
16832
15806
17462
18990
18601
16315
15994
16448
18004
15658
18961
16300
16770
18953
16089
17078
16710
17633
20095
16396
19030
15428
15836
19284
16907
17485
17454
15694
19706
18170
16436
18074
17076
15922
20746
16808
17589
17101
16129
19964
17813
16193
19905
16606
16937
20364
17831
18120
17933
16853
21020
18178
17160
19260
16564
18749
19986
17854
19167
18478
21631
18384
16548
19934
16028
20474
19487
17129
18179
18742
17492
19849
17903
16324
18345
17155
18409
18118
17510
16425
17567
18576
18453
17691
16988
18949
15994
19436
17630
16656
18475
16460
18196
19090
17238
16239
20019
16467
19223
19220
16562
18329
18865
18445
18739
18533
16060
19471
18862
17441
18287
17522
17267
17903
18094
16931
16900
17922
16749
19612
17286
16774
17650
17370
17695
18480
17962
16255
17621
17854
18415
17922
17859
16614
18222
18550
16999
19464
16365
17172
17276
17750
16956
18721
16775
16523
20705
16341
17432
18134
16690
18735
19995
17066
18278
18026
16560
22052
18967
18799
18271
18478
19219
20961
18706
23065
20491
22204
24245
23121
21466
22581
24512
25834
21532
24905
23290
20982
26610
22664
23264
23520
22117
23149
26896
23336
21952
24020
22381
24319
23491
23064
22928
23484
21760
23389
23055
20106
23326
22670
23012
20346
23495
21524
22792
22676
22221
21798
22188
22120
22730
24472
21285
21114
23561
22039
20154
20925
17642
20924
19844
17924
18055
19910
17703
18679
19311
19566
18562
18273
20528
18356
19671
19783
16912
20233
19011
18908
19513
17575
18064
18928
17659
18012
20030
16217
21701
24165
25044
20214
17650
17986
17860
18184
17204
19001
17572
19022
18326
19729
19761
16779
20151
19116
17321
18841
19779
18277
20538
19605
19451
18991
18705
19957
17772
18953
20827
18252
20537
20024
18052
18697
18524
18447
19266
18973
16900
18197
18431
18622
19320
18981
18805
18444
18092
18856
20304
17285
18450
18153
18864
19287
18896
18498
18360
18227
18733
19620
18995
18813
18102
18528
19581
17187
18551
18718
18338
19431
19262
18723
18583
18260
16854
16367
17459
18108
18191
19785
17996
18322
17912
17761
16981
20113
17025
17585
17436
18017
19119
17839
17449
17767
18111
17031
20479
17909
17590
17670
16717
21157
17194
18713
18254
18275
18432
19794
18110
18281
17976
16850
20848
16587
18449
16570
17475
19398
18647
18293
18239
18402
16983
20521
18879
18419
18093
18410
19587
18974
17693
16733
16472
19176
17626
18430
17208
17564
17174
19356
20126
17515
17944
16848
19634
18337
17651
16526
17468
18885
17303
18448
18249
18013
16510
18090
16787
17396
17295
17676
19549
15888
17895
16275
17976
18356
18169
16166
17481
16672
17906
17754
16016
17892
17886
18571
18259
17397
18168
18922
19243
18428
18180
18621
17951
18205
19268
18417
17087
19498
18438
18724
20191
17494
17993
18103
18831
19087
18458
18540
19240
17397
19597
18158
16252
18290
19162
17689
19245
16959
17685
19200
17149
19060
17425
17331
18460
17923
21058
17984
16675
18635
19790
19456
18589
17222
18007
19939
19240
19137
17566
18884
19630
18489
19597
19373
18268
18242
19786
19958
18965
17887
19008
20249
18207
18650
17996
17833
19679
16453
19576
18312
17021
18552
19862
17727
18733
16430
17734
19453
17189
18178
17793
16810
18156
17364
18284
18283
16350
17359
18402
17493
17279
17494
17231
18893
16406
19047
17801
17989
20294
17665
20313
18664
16711
18111
19259
18088
18984
17117
17838
19168
16781
18081
17860
16022
16676
18947
16718
18570
16192
17892
18215
17132
19631
16156
17520
19299
16376
18923
18485
15871
18082
18331
16506
20047
16527
18004
19053
16407
18500
17650
15795
19886
15942
15459
19862
15999
18484
17395
16704
17507
15491
18031
18639
15557
19268
16850
16881
18189
16225
18831
17330
15878
18636
17398
16898
18614
17125
17256
18572
16590
18614
16880
17451
17698
16903
18584
17479
16207
17694
18913
16277
18650
17755
17529
18076
17205
19427
17292
16694
17923
17815
17164
18179
16610
17647
18639
15884
18845
17429
17820
17122
16747
19348
17717
17413
18710
17550
19141
17396
17531
17097
18087
17014
19054
17168
17479
18430
16619
19396
17378
17288
16990
17175
18854
17396
16280
18001
19404
15782
18525
18031
17558
18341
16949
19542
17777
17212
18169
18029
17604
19025
16535
18240
18543
17799
17388
17978
15848
17552
17527
19710
17771
15829
16944
17689
17630
19167
16353
18353
17146
17466
18628
17171
17048
17846
18532
18800
17033
16326
17221
18241
18212
17947
16281
17191
17751
19031
18514
16545
15935
17118
19555
17596
17852
16339
18447
18573
18650
19034
16681
16752
18372
19259
19932
17000
16412
18324
19141
19225
17271
16152
18178
18360
18148
19061
16380
16218
18633
18349
18365
18356
16965
19048
18599
19205
18134
16472
18097
18342
17697
18429
15814
15697
18711
18371
20113
18084
16086
17192
18033
18822
18197
16362
18020
17632
19417
18353
16510
16294
17773
18429
19001
17716
16743
17339
18889
17534
18687
15951
16214
17693
19498
17994
17423
16946
18202
19056
19426
18052
18603
18568
19071
17947
19227
16888
16480
18612
18996
19120
17482
16711
18467
18795
16888
17451
17515
18940
18614
17460
18428
17471
16588
18563
17396
16093
17748
17366
18003
17570
18689
15734
17305
17988
18687
17257
17495
17851
17738
18856
17653
18281
18178
16551
19450
17713
18443
17616
17417
17913
19690
19274
18783
18807
18610
20153
18169
19450
18346
19001
20048
19174
18478
18506
19698
18538
20808
18942
18894
17362
19782
18435
19731
18350
19164
20629
19998
20194
19035
19347
18024
21383
17571
20082
17004
18042
20577
17579
19092
19277
18426
18046
19202
18914
18523
19278
17619
19785
18321
19497
17551
17828
17674
19730
17966
19100
17766
17113
20165
16940
19847
22022
20820
24396
20877
18594
17566
18120
18053
19647
18607
19805
19940
19360
21622
18383
18387
19597
20255
20881
20062
19831
20541
19554
21197
19792
19630
18825
18425
20539
19467
20184
17695
17637
19016
20357
17167
18839
17253
18585
20842
17115
18551
17165
18187
19441
18879
17620
18123
18232
18132
19453
17159
18788
17688
19223
19849
17876
17852
20138
18807
18790
21198
18478
21279
20939
21510
18315
18060
20902
19604
22239
18579
18238
20164
18415
20009
22163
18008
20757
17607
20394
21278
18249
17997
20976
19171
20437
20221
18084
20017
17571
20461
19950
17824
18641
19774
19257
21384
18067
17770
20439
19271
19718
20292
17540
19200
18005
19246
19700
17685
16818
19782
17959
18701
19225
17691
20467
17224
18777
21148
16786
19914
17318
19083
19552
16476
16098
19761
19361
18621
19492
17666
19923
17741
20950
21072
18185
17769
20280
20508
18780
19723
18200
21392
19683
20184
20331
18046
19335
19933
21499
19461
19510
18728
20304
18871
19705
19171
17473
19725
19605
19209
19336
17707
18501
18949
19990
18908
18580
16740
19441
17865
17274
17915
16131
17702
16562
17497
16698
16868
16225
16017
17001
17738
17833
15865
17180
16576
16883
18037
16311
15663
18709
17070
18100
19283
17143
18403
18986
18069
18047
18469
18254
18453
18114
18309
19434
16231
19619
17286
18459
20341
19258
19819
20532
20422
20243
18168
20661
19881
20056
20561
16932
19429
19754
18998
18643
18601
18248
19703
18882
18760
18223
17267
19706
19080
18373
19361
18059
18262
20533
18693
18724
18673
17059
19977
17993
18552
19075
16443
18546
18132
17062
19095
15849
16806
18069
17448
16780
17629
15558
18306
16628
16967
18188
16741
18485
17310
17809
19239
16060
17446
18232
16911
18095
16763
16031
19413
17625
17261
17663
15535
18732
16740
17403
18645
17012
16040
18729
16757
16478
16614
16832
18746
18298
15732
18014
15307
17335
16832
17954
18389
16104
16976
17430
18199
17939
17448
15885
18933
17651
16129
18341
16267
16859
18626
16249
19282
16637
17140
17199
17084
17606
17292
16423
18317
17742
17452
17047
16730
17594
19357
16488
18161
17429
16892
17849
17077
16778
17759
16652
16904
18025
16930
17266
17674
16529
18050
15491
18153
16920
15509
18265
17751
17504
17587
17542
18437
18243
17173
17943
17577
16661
17826
17314
17751
17143
17415
18173
17226
17360
17336
17426
18820
16500
18443
16590
17264
17743
17241
16846
17090
17186
17292
18739
17478
16846
17375
17241
19032
17463
19015
16380
17182
19388
18581
17935
17961
17434
17513
19748
17913
17445
18070
17906
17904
17895
18605
17119
17684
17836
18872
18369
16186
17972
17296
18461
17714
17514
17189
17156
17377
18770
16945
15673
18784
16947
16798
18353
16820
17272
18659
17330
17560
17417
16508
18017
17815
18602
18602
15594
18163
18126
17177
16997
17383
17968
16552
18293
18199
17955
17426
17631
17557
18076
16983
20052
16832
18988
18060
18345
18862
16467
17774
19428
16278
20630
17672
17946
18811
16996
18304
18593
16588
19534
18211
17410
17368
18448
17552
19377
15988
19969
17366
17729
17552
17777
18087
17107
18314
18529
17596
16485
18487
17559
17370
17418
17805
18554
17456
16609
19912
17222
17735
18164
17875
17535
18255
17466
19191
17786
17807
18798
17740
19097
16336
17932
18554
17697
19317
16729
18687
17930
18152
18620
18798
19029
18913
18036
18847
19091
16709
17825
19384
17314
20006
17999
17378
18107
17124
17867
19240
16579
18785
17129
17573
19015
15839
16282
18371
17414
16185
19302
15790
18825
19556
16517
19483
15959
18927
18518
16193
18959
16955
17774
19850
18882
18543
17920
17810
20203
20214
17647
19653
17301
19932
19718
16875
19516
17114
19155
19953
17628
18730
19956
17789
19015
21058
18387
19286
19422
18185
21087
18957
18886
19915
19570
19997
20957
17985
19839
20528
18309
21536
18337
19716
19976
17665
20920
18825
18145
19617
19660
18183
22216
18717
19204
20608
17535
21425
17918
18758
16971
18922
18341
16648
17688
19421
16100
20680
17148
18788
19127
16970
19370
18139
16982
17781
16953
16689
19609
16138
17225
18816
16064
20628
16439
17472
18230
16388
18354
18623
16328
17382
18854
16183
20061
16981
17826
18952
16191
18691
17188
17702
17374
17640
17770
18484
15688
18353
19231
18517
17730
16224
17191
19201
16118
19873
16348
17328
20428
17127
18785
18138
19134
17901
18300
18117
20815
17096
18189
19700
16564
19974
18202
18388
19810
16833
18014
18828
16618
17152
19123
17689
20579
17029
18733
19604
17082
19765
18389
16835
18137
17876
17272
19704
16804
16635
18073
16117
19483
15914
15908
18715
15631
18133
17729
16125
17765
18485
15944
19465
17116
17141
19064
16761
19654
17284
16580
19467
17541
15830
20181
16701
17001
19270
16557
18975
17307
17002
16924
16799
18614
17415
15751
18966
17731
16575
18826
16549
17465
18732
16519
19275
16987
17453
17431
17274
18295
18166
16184
17790
17370
19014
17517
16322
18786
17254
16985
19359
17499
17904
19340
16244
19348
17166
17301
17569
17295
18756
16221
16599
18507
17733
15681
19605
17347
17317
18049
16009
18156
17195
16841
17945
17644
17304
17022
17107
17994
18756
17382
17606
18138
17251
19829
17405
17170
16393
17323
18767
19189
16917
17591
17820
17449
18745
17264
16345
17142
17451
18740
18252
17308
17423
17674
18576
18397
16832
18170
18291
19134
18675
17477
18103
18133
16733
19328
18635
18256
18792
17151
17954
19562
17864
17928
16460
17479
18279
17529
18871
16150
16410
18407
18208
17432
16632
17058
17391
19647
17627
17861
15291
16565
17632
16882
17186
15495
15596
16676
18018
17397
15853
14972
16972
18743
16725
17133
15859
16873
17466
17886
18552
15465
15602
18203
18616
18849
19904
16285
17515
18547
17552
18006
16535
18086
16851
19113
18539
16583
16066
18431
18017
17694
17193
15899
16936
18440
19413
17904
16471
16844
17958
19384
18853
16393
16320
17681
18535
18568
16108
16436
19169
19299
18761
16301
16102
17122
18386
19043
18316
15866
15821
19450
18541
19699
16377
16096
18386
18097
19197
17363
17759
16967
18215
20134
17884
17176
16311
18739
19286
19683
16525
16263
18781
18301
18891
17373
16102
17388
19854
20191
19480
17260
16331
19362
17943
17950
18673
17588
17859
18575
16716
17827
16746
16753
18150
18410
17600
18657
15360
16790
20301
16564
19279
16860
16430
19191
19754
17320
18396
16033
17696
19138
17371
18422
16048
16595
19970
17660
16681
18424
17220
17008
19029
18943
17227
15439
17126
19511
17670
17811
17344
16534
18510
19136
17927
18007
17178
16846
19491
18342
21932
15772
16707
18995
17643
17450
16053
16062
17115
19120
17208
17228
15386
17485
18452
17807
17237
15172
16334
19246
17373
18738
17205
16355
17685
20028
17475
17437
15688
17681
19067
18863
18595
16635
16090
20334
17731
17384
16930
15757
18040
19062
18161
16991
15838
16536
18924
18557
17837
16430
16045
19400
18539
16991
17356
16214
18051
19047
19376
17660
16860
17450
19639
18424
18337
18073
16208
18047
19316
19948
17855
16131
17686
18970
19525
17073
15915
15806
19206
17463
18737
18198
17442
16751
19777
18630
17622
16758
18337
18210
16795
19562
17141
17029
18384
19296
18537
17821
16597
18068
19580
17071
19213
16883
16023
20577
18588
17968
17577
16770
18194
20463
17593
17778
16330
17949
18703
17332
19660
16565
16404
18599
18993
17869
18205
16439
17920
20524
16832
18704
16085
17807
18606
19697
17308
17046
16716
17522
20266
18262
17992
16041
17388
19402
17010
19904
16471
18175
17178
17184
18606
16591
18617
19793
18998
19362
17885
17892
18855
22066
18498
18654
18284
20719
25115
21300
23695
21846
23788
23794
23503
21841
19049
17747
18632
22056
17902
19420
18061
17042
21168
18145
19130
19116
17608
19119
21953
18349
18025
17202
18151
20335
16514
19597
17444
18605
19289
18694
17720
18108
18097
21185
17470
18431
16724
17931
19952
17597
18285
17429
15905
18535
19953
16459
18723
16411
16276
20226
16859
18618
16648
16617
19001
17762
17691
18035
16857
18132
19732
17371
19689
18111
16114
20205
16398
18455
18722
16562
19277
17574
18266
19278
17944
16759
21029
16201
18660
18771
16292
21364
18886
19736
19169
19430
19668
17835
19724
19067
20528
19030
19400
17608
19860
18409
16151
20210
16460
19293
17846
18118
19054
18318
18185
18803
18642
17333
20110
17132
19611
18068
18272
21289
17515
19759
17769
18980
19587
19310
17666
19637
18368
17350
20485
18252
19438
17259
18889
18350
19539
20292
16926
18199
17925
20345
16857
19988
17907
17094
20427
17408
19144
17064
18388
18924
19251
20289
16847
17766
18009
19552
16653
20526
19118
16742
20809
16679
19001
16522
17629
19043
19095
19095
17042
17927
17807
20317
17510
19727
16969
18237
18754
18509
20000
17564
17644
17658
20211
19115
18482
18643
16482
19330
17201
18165
18988
17163
21611
16695
19080
17722
16937
20230
17324
18507
17854
17761
18225
19283
17253
19799
17346
18815
24248
21860
21748
21318
20145
22306
23740
23277
24364
27664
24997
18867
16995
17883
15939
15570
19596
17648
17356
17729
16079
17188
19142
18384
18250
17898
18392
20918
19109
18924
17225
17983
21398
18591
18593
18579
17266
19744
19903
18296
18581
16836
18188
19628
19105
19270
18036
17251
21649
19561
19051
19212
18109
19898
19691
20456
18730
16715
18533
19730
18002
18164
17043
18224
19653
18853
18958
16540
17267
19958
18133
18076
18136
17026
18247
20002
18487
17871
16412
17385
19106
17031
17781
16722
15841
16545
19338
17487
17193
15463
17058
18265
17723
17960
15950
17275
16777
19356
17592
17615
16413
18049
19228
18609
17882
16971
17861
17704
18893
17142
17043
16721
18793
17934
17717
15545
15942
17039
17917
16020
17856
15171
16806
18131
15297
17581
15496
15261
16709
18067
18190
17226
17082
18166
23001
21341
22534
20349
19635
23907
23071
20654
17110
16530
17685
19540
17036
19120
16513
18152
18060
18966
18176
17709
16324
19643
19899
20658
19928
17388
18394
18763
20470
20259
17872
18200
19467
20241
20360
18269
19348
18657
20189
18407
20257
18827
20717
20414
21253
21527
20628
19912
18062
18714
17934
19035
16051
18417
16256
19661
18926
16799
19518
18811
20710
18439
20155
18566
18346
19427
18018
19149
17190
18704
19157
18719
19865
19639
19413
18203
17433
17764
18304
15472
16747
17063
17953
19434
16303
18022
17150
18012
18222
17696
17076
17000
17766
16737
17977
16169
17799
16563
17392
17571
16122
16972
17053
17561
18666
17332
18198
17408
17353
17559
17964
15999
16991
16367
18072
16816
15774
15982
15465
18388
15158
18266
15427
16872
15193
16655
19014
15189
16567
16240
16599
20086
15633
16315
17213
17064
19195
16827
16436
17805
17228
18975
19066
16428
17488
17954
18471
20666
17077
17521
19523
18256
19269
18706
17019
18262
17913
18184
21223
16752
18576
19350
18789
20956
17084
16964
18910
17630
20535
18428
17067
18878
17832
19724
19884
16921
16429
19446
19549
19313
15926
17777
17583
18503
19923
16331
17357
19904
17128
19527
18401
16715
17596
18116
19502
19317
16538
17089
19285
17342
21767
17376
16867
17899
17622
20285
17630
16352
17706
18286
19129
19714
18195
16086
19683
16410
19895
18001
15808
16798
17844
20108
17241
15936
17606
17745
19953
18294
17283
17265
18921
17154
21489
17247
16247
17462
18160
19244
17830
18126
17737
16970
17475
18336
16736
15789
16228
16485
16759
16837
16902
15626
16307
16403
16901
16740
15341
15916
16204
16285
17474
16700
16931
16601
15967
18591
15566
17933
16124
18831
18238
17301
17505
18290
18336
19480
17689
17393
19237
17895
17874
19169
17499
19370
17265
18239
18197
17407
17614
17306
17962
19672
17121
15959
19774
17851
17071
19390
16136
17978
16892
17770
17857
17011
17347
18714
17920
17274
18999
16078
19499
18364
17983
19109
17348
19302
17541
18529
17726
18009
18239
17657
17961
18292
18057
16289
19092
18763
18275
19385
17560
19667
16911
20563
20818
20749
20268
20577
19797
19767
21631
20196
23176
20544
19504
20064
18665
19949
17496
18784
20288
18926
17235
19788
18887
18662
19921
21422
17129
18717
19543
18343
17119
18645
18180
18044
18031
16854
19157
18690
17408
18127
16044
18526
17165
18773
17858
17369
15747
18960
19000
16382
18410
16945
17919
17317
18776
18212
17075
16547
17858
19630
17357
18770
17064
18071
20461
17288
20266
16916
17305
20215
19274
18568
18828
16837
20437
19526
18793
18576
17365
19343
20067
18063
19419
17300
17639
21543
17787
19146
17791
18248
19975
20451
19195
19086
18773
18287
19382
18463
19838
19237
17938
21271
19074
19861
18021
17979
19467
20596
18627
19652
18908
19254
20521
19047
20706
18939
21442
20233
19723
20349
18236
18334
19641
20488
20145
19199
18017
20317
20076
20436
19118
19824
19483
20278
20539
19328
19290
18674
21033
18661
20455
18195
19664
20701
20141
20205
18686
17278
17724
21438
18602
20182
17723
17291
19442
20249
19177
16867
16727
18393
18607
17984
20446
16345
16745
19402
19044
19246
17083
15987
18173
17642
17269
16045
16606
20072
17015
19475
16471
16309
19169
17836
19162
16457
16280
16357
18855
18163
17612
16755
17028
19046
18527
19511
18164
17742
18324
20607
17484
20576
16306
18143
21279
18663
18188
19205
16900
18046
21375
19196
17849
16297
18776
18836
18562
20191
17733
17655
20607
18265
18227
18002
17442
18379
19512
20234
19027
18899
20994
19341
19439
18857
16541
18419
20983
18926
19872
18064
17391
21498
19056
19157
18922
17556
18769
19154
19953
19351
17859
18125
19712
19285
19365
18547
16499
20724
18304
18940
18107
16923
17383
20087
18312
19134
18685
16861
19124
18192
20109
18872
17802
19496
18693
18423
20523
16976
18933
19532
17787
18649
16899
17024
18931
18932
20218
17033
16545
18173
18209
16705
18603
16043
17956
17471
17529
18278
16605
15101
17776
16681
17357
18514
15159
16439
18514
17135
17435
17080
15659
18462
18203
17410
18604
16168
18937
18248
17251
16467
18252
16440
18296
17292
18011
18185
16652
20821
16509
18092
17889
17229
21725
16604
19813
20949
16905
20260
18863
17520
19970
18275
18089
20109
17509
19470
20066
17808
20499
18393
18244
21243
16690
17823
19560
17350
17653
18114
16324
21898
17275
17262
19666
17297
20825
20397
17021
19840
17649
17322
23557
17383
19362
18960
17460
22172
19154
17899
21200
17985
17883
17726
20344
17054
17540
21887
18344
17549
19610
16622
20996
19202
16900
20317
16929
17267
20956
18382
19750
17179
17312
20620
19345
17575
19996
17491
17983
19310
18526
19661
16829
17397
20363
19280
18696
19124
17538
19201
20512
16673
19285
16890
19323
18712
17751
19605
17241
17371
19370
18393
17472
16587
18727
18233
18041
19877
16438
17053
19747
19160
17943
17911
16989
19431
19291
15922
19010
16112
18235
16181
18170
17762
15905
17280
18812
16417
16436
16540
16243
19381
16572
16570
17335
16233
19052
19468
16391
17709
19131
17624
19644
18047
17684
17730
18444
20247
18844
17482
16759
19407
20072
19931
18470
17701
18067
18935
19746
19965
16854
17728
19679
20977
19901
18722
18047
19709
20668
19960
18085
17669
18824
18787
20119
18785
18143
17993
18363
20126
19170
19389
18625
24244
23855
22361
22997
22649
23348
21903
24168
18508
18184
17831
19161
21244
17143
17687
18596
19231
19140
18349
18275
17443
17388
18332
19420
17258
17146
15836
18728
19232
17534
17509
21004
18202
17801
17493
17339
16431
16917
19683
18288
17798
15636
18945
16935
18853
17881
17466
18190
17061
17811
18505
17207
16522
16998
18605
17335
18404
15861
17617
17300
18889
16536
16653
15807
17754
18705
18708
17796
16244
17032
17854
19586
17766
18427
17522
17295
16268
20507
17493
16216
16540
17578
17404
19832
16672
16366
17527
17346
20058
17705
16457
17618
16140
21489
17885
16256
17784
16500
17570
22681
17164
16564
17839
18272
20496
17318
16104
17386
15762
18760
19534
15413
16632
16863
17860
20430
16506
16084
17502
16880
18207
21087
17158
18615
17368
18318
22599
17748
17882
18665
18893
20768
20801
17035
18519
17150
18777
20505
16560
20199
20614
20581
25706
20301
20160
22002
21306
19769
18919
16086
16415
16186
16607
19828
15043
16160
15706
16053
19263
16781
15338
16926
16387
16805
20017
16159
16681
15589
16835
19221
16592
15549
17097
16382
17621
19814
15188
17642
16171
18200
19333
16508
16770
16685
17118
18989
17911
14919
16610
15711
17735
19372
15795
16746
14357
16323
17804
17348
15978
16674
16059
19275
17983
15885
17219
15955
15548
19898
18093
16469
15483
18254
19275
16595
16001
15540
17643
17865
17977
16480
18040
16564
20333
17930
16305
16846
15232
20221
19040
16638
15780
16551
17549
19852
17571
15819
18034
16350
20979
17412
16521
15936
16932
19031
19858
17626
17064
18903
16658
22285
18110
16458
17288
16497
20545
18437
16769
15825
15828
21561
18342
15680
16671
16167
19507
18069
16036
15821
17796
17064
21020
17472
16267
16879
15013
19558
18757
15676
16074
16872
18941
17634
16841
15936
16484
16217
19650
18434
15669
17043
15509
20222
18632
16534
16295
17270
16426
22022
17596
16268
17412
16186
22094
17679
15806
15451
16955
18911
18235
16373
17561
15992
21806
17957
16345
16575
16169
19951
19547
16160
16477
16789
15531
20790
17837
16088
17130
15863
21448
18453
16376
15876
17808
21514
19626
17139
16846
18044
16836
20808
18874
17458
17821
17765
19910
18286
17006
17073
17356
18809
18452
16584
16121
18902
16777
17477
18001
17328
17363
18421
22668
18665
16269
20144
16590
18362
19036
16778
16661
19045
17724
17516
18544
15990
18648
18044
17718
18961
16423
17917
19039
17370
18047
17857
16301
18130
18392
16721
18650
16127
18708
17115
17992
19180
16765
17953
17933
18814
16097
19268
16892
18827
17046
17202
19376
16158
18450
18924
18482
16675
19162
17543
18142
19576
16088
18829
17398
17923
18619
17051
18681
16451
18013
17727
16848
17199
16906
17773
17688
16903
16918
18366
16549
18099
16369
17054
18605
15518
18314
16699
16563
16545
16755
16735
18521
16650
15826
17655
16420
17200
16865
17332
17333
17069
18005
17956
16367
16522
17505
17491
18299
16834
17485
17694
17316
19341
17375
17809
17515
18966
19194
18390
16138
17021
17250
18701
17463
17383
17246
17704
17033
17460
17161
17677
17914
17043
18232
17155
16309
19064
16367
17369
18431
17329
16728
17138
18568
18508
17998
17181
17585
17763
18429
17488
16868
18468
16144
18460
17889
17569
17808
17425
18047
17566
18705
16481
18608
17449
17581
19160
17839
17217
16427
18744
17607
16746
17648
15760
17420
19142
16761
16873
18270
18380
17104
18037
16119
18559
17754
16155
19089
16724
18064
17416
17545
18924
17375
15776
19409
17390
16734
18664
19563
18309
16951
16993
19334
18328
17354
18418
18741
16911
18433
17588
17441
17680
16375
19734
18872
18101
17474
18026
18677
18688
17223
17919
18348
17430
18126
16954
17278
18424
16392
19072
17050
19128
18298
17337
19915
18756
19618
19358
19608
19288
19644
18080
20902
19189
18118
21721
18824
20500
18556
19977
19694
19584
19184
20628
18657
18558
20288
19803
21025
18885
19603
19232
19183
19222
22192
20286
19703
20964
19077
22077
19328
18853
19988
20331
19150
20828
20211
19245
19253
19354
22291
20832
19901
18978
17686
22061
18667
18282
17608
18517
21607
18122
17820
18551
19294
19888
19917
19482
19066
18831
17271
21330
18755
17947
18911
18496
19576
20788
19316
19218
18259
17839
21572
19226
18761
17737
19622
19631
21090
17855
18359
18823
18914
20946
19506
20306
18248
21182
19296
20661
18771
18657
20967
17984
20393
18484
18491
17728
20369
18566
20674
19388
18343
20291
17776
21117
19169
17342
19228
17670
20910
21236
22407
21403
22535
18677
21472
18516
16368
19132
17483
20731
17236
18682
19067
18796
17364
20578
18734
17522
19527
17344
21659
17424
18123
19269
18854
19082
19996
19667
20171
19924
18047
20351
18606
17170
18664
19237
19519
19053
19063
18202
17163
19246
17690
16549
18323
20252
18476
17299
18275
18560
19146
18731
17664
19624
19201
18588
20628
17970
16907
18994
18730
19237
21405
20776
22111
22582
20801
24217
22249
21675
20065
18906
20860
18060
17243
19424
18671
17991
20739
17733
18232
19309
17300
21327
18268
17813
20182
18329
20297
20550
17064
19756
19734
17460
22813
17398
19053
20780
18012
19467
18091
18177
21904
18338
18313
21093
17586
18650
18916
17206
19348
17970
16916
19530
16182
17706
19895
16178
20986
17206
16988
21009
16597
17941
19416
16593
18149
19963
17227
20674
17058
16400
20293
16240
17805
18827
16465
18261
18964
18735
16754
18278
20841
17031
22206
18665
17044
19082
19949
19036
19741
18673
19425
19631
18806
21704
17101
17333
19953
18421
21507
17613
18269
18759
19445
18789
19741
17189
17609
16622
18620
20959
16753
18294
18124
19088
17552
19571
19018
17894
17534
17657
20300
16791
18267
17349
17652
18599
16680
19522
17682
17463
18946
19030
16777
19585
18570
17184
18714
16776
19498
17306
16782
18234
18150
17052
20189
18126
19363
16657
18908
18525
16255
19474
19693
16886
20757
18235
18380
18228
17622
19243
19888
17933
19709
18375
17806
18471
18310
19052
19508
16941
19353
18280
17940
18858
17957
18604
17622
17923
17899
20592
16707
18987
17164
17632
18734
19200
18948
18026
17652
20195
18897
17232
18857
18637
18760
19640
16347
19177
17932
16194
20214
17025
17169
18811
17778
18680
19233
18335
18198
17200
16993
19963
15910
17993
18209
17502
17840
19702
16897
17328
17515
17806
18495
16446
19585
18529
16153
19133
19161
17804
19683
18404
18084
19314
18710
18988
18951
19663
20056
19415
16991
19392
17244
20207
17706
16216
18917
18694
16688
17497
18181
17053
17948
16929
18240
17874
18897
17018
17961
18306
17755
18631
18328
19068
17520
19691
18370
17197
18449
18142
18955
16420
19148
18026
18362
15979
19208
17908
17901
17754
18114
19445
16755
18706
17278
18588
18531
17476
19720
17279
17981
16728
19170
17617
16197
18062
18565
17786
17321
17138
18389
19255
17056
17766
18598
16329
18750
17968
17851
17807
17504
17946
18650
18816
15823
18531
17669
17766
18357
17011
18415
16712
18368
18396
17524
17916
17515
19366
20084
17916
16722
18934
17165
17730
18383
18044
19625
17540
20392
17068
19600
18521
18496
17958
17616
19153
18244
18904
16920
17464
17182
19449
17630
18399
18776
17786
18925
17211
18607
18632
17599
16663
18972
20735
16914
17868
16363
18855
17830
18898
16496
17347
17093
16736
20263
16336
17671
17481
18245
16395
18998
17734
17390
17893
18180
18502
16507
20836
18258
17918
18891
16546
18734
18439
19026
17616
18100
17459
20009
18250
17714
19850
16579
19968
17716
18301
18145
17317
19053
19063
18985
17488
18606
17128
20146
17920
17644
17659
17703
19487
17873
17981
17608
16869
17244
19199
19240
18066
17134
17134
19399
18394
18190
17398
15511
18207
17648
19224
18228
16052
15347
16832
17276
16636
15304
17556
18769
18235
16478
16333
15887
19686
17571
17982
18430
15907
17708
19120
18775
18349
15599
17155
19895
18391
17101
18371
16493
19794
17206
18953
18622
17049
18901
17933
18982
17715
15798
16068
19937
17345
17279
16975
16794
19491
17945
16994
17472
15913
17382
19352
18145
15492
17523
15443
19885
16292
18292
15172
15327
19590
15444
18265
16991
16084
17831
16977
17077
18100
16112
16167
18397
15261
17802
16024
14960
16744
15228
16133
18947
16448
17207
17231
19872
21054
17029
15382
17042
17105
17572
17277
17619
17571
15934
18710
17375
15592
17979
18069
17894
19392
16621
17370
18291
16735
21420
17676
16003
18368
17511
19982
18261
17212
17584
17398
20564
17924
16454
18232
18464
17969
20234
16823
17199
17113
16168
19607
17971
16220
17655
17622
19503
18060
16064
17343
17418
17019
20028
17805
18362
16253
17414
19744
17549
16479
17487
18444
18466
19673
17944
17685
16329
17110
19959
17359
16643
18059
17790
20495
18225
16576
19092
16409
19283
20758
18076
18576
16870
19016
20553
18672
17795
18140
18414
20400
18344
16977
18533
16446
19339
20533
16743
17665
16168
17236
20687
17414
16564
17857
16760
20400
19316
17461
17785
16109
20068
19061
17336
18247
16873
17427
21751
18074
16695
18266
16983
21379
19591
16923
17944
16781
17353
22116
18381
16433
18317
16587
20624
18719
16564
17710
16649
20387
19355
16679
16382
16334
16973
20683
18394
16772
18502
16142
20915
19696
17818
17913
18814
19253
21971
17453
17565
20439
17047
21131
19413
17626
17871
20475
22606
22970
16809
16201
19469
17470
20101
17285
16760
18762
16176
18068
19280
15951
17085
18891
16955
20176
16016
16278
18723
16029
19183
19115
16490
16270
19056
17606
20067
16114
15873
18691
17644
19994
16609
15987
18716
16808
18755
18297
16055
18540
16620
19262
18965
16495
16652
19860
18436
19457
18363
17254
20616
16773
20008
20221
16891
16892
20163
18348
20180
18833
17076
19945
18069
18964
19034
17441
19603
17262
18882
18916
16984
16140
18596
17750
17429
17907
17141
19213
17876
16830
19341
16488
19003
18174
17350
18039
17200
18371
16930
18246
16147
19007
17416
19115
17597
17402
16124
17118
19161
17565
17863
16450
17214
19089
17011
17631
16481
17098
16118
17603
17384
16850
18126
18015
18579
17497
16883
19427
17292
16871
19420
18768
17469
19395
17010
17918
19978
17426
19903
18498
16901
18765
18278
18801
20005
17280
18489
19970
17121
20896
19366
17492
22150
18326
19578
22376
18135
21295
19476
20017
21504
17280
16672
20719
17056
20357
19275
17021
21040
17012
18690
21950
17203
18162
20022
18057
19839
19174
17234
21109
17040
18280
21202
17371
20222
18679
18323
20837
16973
17499
21595
16223
18623
20255
16859
21093
18305
21108
16903
17349
21195
16651
18954
20679
17152
20985
17735
17819
20434
16909
17915
20310
18140
19002
19241
16697
20336
17805
16837
20650
16863
18726
19857
16213
21188
16107
17179
20523
16598
17372
21223
16928
19048
18429
17116
20988
17034
18697
20297
16795
17857
20572
18616
20018
17552
19623
18164
16578
21031
17546
16517
19612
16552
19195
18557
17106
17149
17150
18475
18290
20375
16400
18399
19346
18008
17988
17857
18260
17672
18140
17056
18741
16692
17871
19138
18074
18587
18236
17864
17751
18429
18433
18301
16944
18754
18447
18458
17801
17584
17613
17591
19725
18057
17697
16970
17849
18283
17651
17552
16283
18853
18485
16480
18080
18009
17983
17637
19299
17736
17653
18163
18050
19577
18568
17773
16615
19220
19127
17580
17396
18060
19049
17322
19374
17444
17978
16529
19568
19713
17896
16939
17985
20186
17803
18522
18597
18379
16723
19340
19486
18186
16820
19898
18889
19312
18954
16908
19199
17793
18536
18833
18329
19768
17265
18176
19052
18507
16809
19346
18498
18396
19500
16971
19959
18405
18664
19239
18548
18698
18445
18501
19014
19471
17511
20831
19080
18523
19682
18462
18675
19349
19959
16878
19339
18526
19013
17773
18923
19666
18908
18830
17585
20916
17683
19398
21275
17902
20505
20511
18159
21261
19190
19134
20490
17384
19989
19285
17995
20210
18029
18577
20695
17325
20326
19665
17700
20577
19696
18621
21010
17662
21234
18792
17679
20095
18222
18169
22251
17197
19162
21184
17480
21641
19330
18472
21487
18068
17848
21433
17244
19205
19728
17114
20825
17935
19532
19879
17410
20344
18304
17406
20478
17531
18074
20067
16547
17322
18068
18048
19754
18276
18711
18966
18030
20354
18833
18222
20393
18088
19144
19083
17912
20123
19115
18532
19810
17267
19061
19846
16924
22222
17810
17956
20625
17039
18476
20039
17488
18614
19788
17744
20728
18076
17983
21717
18228
21679
18062
17948
21723
18396
20163
20937
18481
19276
21446
17783
21122
18437
18267
22250
17941
19645
20638
17835
20364
21377
20429
20456
17827
20291
18747
19439
18127
18347
20580
18936
19582
20133
17273
17906
21872
17444
19325
20142
18082
20596
18169
18373
19455
19295
19036
20015
19034
18590
18319
16530
21804
16655
19216
20569
17332
18737
19497
18530
19416
18031
18516
21142
18789
18841
19061
18024
20929
17839
18916
19515
17747
18810
20794
19195
17829
18612
20357
19268
19606
18970
19168
19635
19333
17569
19861
18208
16620
22101
16667
18104
19920
17931
21124
20997
18521
18847
19756
17728
22733
17097
18524
20979
18068
20913
20094
18047
18560
18541
20026
20168
16195
18449
19768
16920
21753
17713
17012
20235
18226
19510
20778
18457
18113
19054
18610
21863
16961
17580
21162
19887
19460
17833
18360
18468
18096
21554
18583
19461
20329
17938
21474
19084
19210
18301
20073
20245
20874
19104
18440
19812
18146
22682
16732
18939
20401
16928
19837
19041
17352
15864
17318
16500
20921
16287
17254
17713
16480
20222
18018
18416
17930
17065
16567
21674
16817
15876
19790
15611
20668
17748
16963
17688
17329
18780
17468
17724
16637
17933
16108
21823
16459
18052
18346
16320
20113
17766
15483
18309
17934
18243
20416
16712
17641
18524
15502
21291
16308
15752
18433
16537
19189
18846
16996
17877
17828
17364
22067
17443
17972
18876
16218
19898
18738
17664
18318
17927
18389
21793
17343
18172
18191
16690
21135
17573
18940
18149
17504
20732
17480
19448
17997
18615
18519
20349
17001
19746
18944
16329
21638
16650
18296
18436
16591
17876
19412
16695
18143
18047
18410
19399
16411
18935
18568
16122
20758
16433
17803
19145
18228
17585
19156
16882
19123
17585
16267
20142
16874
18760
17846
16732
18746
17941
18114
17976
17222
18690
19414
16474
19325
17280
16129
18733
17124
17988
18577
17129
19646
16306
18752
18084
16097
18882
19808
18341
17484
15842
18538
20454
17271
17519
18738
17183
20010
17266
17517
18659
16939
18134
21049
18011
18861
17674
17104
20707
18242
18350
17558
16258
18581
20321
17963
18387
17456
17066
19586
18715
18647
17836
16696
19664
20359
18408
18523
17108
18502
19299
18839
18847
17194
19515
19462
21017
18961
20114
18288
19946
20153
20107
19047
18409
19109
20180
20781
18270
19182
19021
19083
21172
19303
19633
18524
19630
19646
21797
20842
18838
19888
19532
22313
19507
19479
18086
21345
18262
21245
19475
17366
19416
19215
20598
19661
18375
18413
20596
19486
20925
18878
20310
19725
21934
19396
19295
18998
20338
19175
22037
19726
17555
20775
18540
22370
19813
18664
19295
20797
19938
20876
18709
17895
19763
17765
20752
20815
16951
20368
17331
19889
17504
17635
18729
19892
20136
17599
18635
17903
21172
17013
20252
18498
16975
19834
18885
19613
18145
17532
16918
21531
20694
18468
17118
19374
21318
20264
18351
18513
18143
21988
17129
20162
19866
17705
21027
18157
20699
19557
17468
18632
20595
19899
18715
19476
16919
21702
18328
21338
18981
17765
21249
18760
19778
18985
18121
17283
20996
17905
20689
18732
16921
19725
16933
19081
17408
16796
19920
17417
18557
17976
18738
16950
21295
17787
18457
17883
19775
18261
19312
17461
19225
16977
20739
18078
18755
18304
17105
20647
17738
19378
19524
16629
16555
20875
18502
18214
17980
16800
21616
17213
19807
18368
16234
19061
18220
19006
18235
17269
17107
20544
17983
17937
18892
17382
20552
17408
19452
17912
16166
17267
18499
16995
16125
17076
15713
18379
16909
15794
17484
16093
17132
17450
16519
17262
19729
21112
21321
20622
20921
21357
19275
20553
20308
16506
15748
18573
18139
19117
18225
16658
18009
18183
18042
19909
15986
17636
18037
17587
19523
17096
16431
20259
17963
17647
18864
16813
17960
18057
17872
19890
16807
15970
18830
17795
19500
18445
16105
18274
18711
17807
16708
16122
18293
17202
17832
19253
16273
18394
18769
18309
20516
15535
16611
18880
17634
20481
17804
16866
18747
18192
18440
20770
17499
18570
18943
18661
21556
16503
16680
19768
18357
20078
19426
16901
18523
18476
16934
21245
16744
17325
18408
17586
20678
17791
16995
18942
17697
18500
20741
16623
18217
19624
17965
21391
16414
17772
19392
18477
19700
19696
16354
19005
17883
18450
19851
17086
17858
18867
17719
20947
16637
16610
19067
17787
18113
18321
16032
19262
17438
17608
19301
16173
17712
19204
18184
19562
16504
17698
18778
17075
17311
17872
17166
19676
17754
18257
19391
17528
19356
17473
18837
20658
17517
18447
23127
18644
21159
18008
17475
21200
20002
19331
21480
18580
20372
20098
20475
22631
18114
17931
20226
19613
19042
20517
18792
20714
20115
21610
20825
18475
18735
21561
20329
24483
19949
18475
20276
18890
18483
19991
17397
17541
19781
18664
20359
17867
17498
18788
18658
18657
20567
17976
16642
19785
20207
20315
16848
17460
19595
18956
20330
19244
18041
17678
20004
18525
19531
16757
17098
20547
18262
20346
17747
17347
18381
19316
18873
20349
17984
17913
20346
19819
20644
18052
17596
17878
20059
19648
21125
18937
19015
21713
20312
22590
19669
18613
19639
21446
21492
18522
17087
16675
20277
18025
19006
17594
15981
20802
19236
18538
15860
16021
20195
17157
18715
16773
17304
16933
18379
17873
18294
17004
16649
18349
17487
18462
17645
18648
17923
17661
20065
19868
19305
18909
20132
18834
19581
19147
19836
20202
18705
20556
20192
19870
19508
18769
20361
20056
20289
18884
20052
18104
19831
19058
18812
18824
18961
20791
18901
18148
18157
19286
19275
18149
17948
18447
20258
20062
19575
17563
18603
18279
18379
21779
17449
18338
17792
20361
20662
18032
17607
18563
19510
20280
20001
17477
19283
18921
19982
22307
17639
17564
19807
20265
20082
18972
17728
18387
18448
19329
21759
17691
18827
19235
19305
21079
18674
17966
18826
20429
19461
17109
18566
18628
18000
22012
16629
17350
19181
19138
20179
17140
17385
18207
20092
17622
20357
17015
17857
18350
17977
20686
16804
17560
17457
17733
19070
17978
17479
17470
18247
16999
20020
16014
16400
17812
18126
19499
16591
16864
15712
19803
17248
19368
16941
17294
18372
18512
19177
17270
15922
17998
18318
19406
19135
17185
18122
19420
17480
20427
17876
17844
18524
17805
19237
18104
16198
17969
18626
18791
18686
16814
18436
18570
18364
19832
17662
17030
18282
18607
19240
18540
17375
18055
19639
17320
19119
18077
17324
18801
18207
18209
19678
16553
17724
19343
17066
18615
17893
17615
18946
17149
19999
18064
17463
19206
17719
19428
19285
17492
18799
19196
17752
18750
17592
18304
18935
17411
18741
18154
17558
18114
17837
17550
18581
16512
17579
19356
18626
17829
17874
17201
19819
15993
18151
18898
16830
18641
17675
18257
18667
15944
16908
17990
16527
17587
18015
17499
18085
16081
17363
17999
15655
17756
17782
17358
19513
16400
17631
17938
17601
17437
17597
17772
18377
16629
16862
17647
16463
18124
16688
17097
20008
16726
17268
18866
16383
19450
17749
16912
19366
16177
16914
19616
16078
16153
19121
16242
20250
21449
17199
19600
17953
18872
21266
17202
17634
20283
17753
21318
18072
18235
18878
17281
20368
17668
18296
19060
17423
19310
20051
18170
18190
18816
18387
19809
20088
17871
20298
18256
18521
20910
19328
19136
17707
19458
21258
18499
17961
19903
19053
18149
19223
17977
19452
17543
18723
20526
18491
18258
18157
18543
18455
20019
17236
17933
18806
20427
18839
16950
19297
17319
16556
18700
16685
18768
16033
17643
20533
17557
17819
17663
17235
17717
18667
15595
18451
17005
15572
19251
16306
18170
16082
16809
17542
17057
15971
17702
17416
15946
18814
16501
18133
15459
17073
18255
17530
18467
16864
17060
17170
18875
15979
18445
17841
15512
19144
16596
19255
17480
17199
20523
16420
18409
16912
17654
17791
18728
16438
19409
16095
16716
19127
17865
17192
16270
17177
16830
20303
17293
15974
17064
17966
18623
17400
17090
15992
18641
16401
17786
17315
16079
16657
18036
19878
16503
16562
16143
18229
18098
18805
17899
16889
17968
19063
17420
16027
16062
19710
17279
18183
16796
15876
19251
16887
18712
17279
15767
16261
19931
17620
17998
16480
16288
20289
16055
19675
18397
16391
17754
19693
19263
17721
16380
16404
20727
17401
18750
17741
16340
19709
16938
19047
16914
15737
16285
20354
17010
18855
15947
15802
19523
17639
18262
17327
16239
16662
16998
18501
17001
15282
15127
19517
16769
18405
15743
15359
17600
17941
17689
17189
15517
16182
18785
16283
18309
15426
15437
18141
17583
17543
15818
14816
17974
16638
16649
18141
15706
15541
18659
18512
18293
15589
15833
17867
18084
16410
18774
15993
16850
17811
19304
24179
20861
20405
23911
20596
25633
26197
24450
23781
15451
16503
17247
15706
18658
15490
15521
19095
15942
17094
18531
17510
16968
16639
16767
18245
17084
15861
17970
16060
17077
18049
16855
18054
16569
16729
17316
16727
17725
17629
15345
18841
17287
16909
18788
16574
17515
17799
17730
17663
17332
16678
18118
17322
18808
17264
15321
18134
17827
17107
18344
16045
17342
17561
18065
18930
17546
17097
17425
16955
17116
18784
15817
17553
18839
17223
19378
17499
17346
16942
16434
18451
16576
15061
18380
16554
16632
18583
16128
17674
17323
17728
17829
16335
15969
17974
17134
17771
17736
15194
18058
18335
16580
17726
16247
16200
16651
16623
18129
17083
15793
18059
17995
17943
16830
16913
17846
16996
19227
17952
16726
18923
24910
24257
26078
22982
23423
28002
24949
26097
25345
24400
24877
24348
26050
23061
19216
21284
21459
21964
21207
19496
16534
18075
19556
18434
16578
16564
18221
18178
19752
18791
17929
18073
18621
19812
18406
18084
17575
19308
18825
19404
18359
19032
18607
19359
18907
18116
18595
17895
18695
19255
19018
17365
17813
19524
18922
17838
18964
19217
18228
19515
17972
19505
18752
17482
18918
18415
18497
18389
18158
17404
19058
18422
17683
18377
18459
18488
17315
17158
18174
17329
15711
18593
17139
17224
16751
19527
17833
17520
15589
16384
18926
17584
17599
16596
16977
17309
17959
17603
16556
14918
17263
18013
17870
16367
16847
16015
18179
17396
18074
17619
16416
16657
18783
18335
16384
15705
18413
18164
18413
17539
15378
17619
19469
18757
17708
16268
15821
19678
17107
20015
17134
15676
17563
19448
18488
17551
16018
17132
20775
18443
19331
16574
16045
17840
17425
17746
18172
15982
16100
16850
17912
18215
16382
16690
17089
16396
18202
16868
17343
17197
16418
16617
17364
16778
17013
16688
16161
16372
16797
16848
16423
15853
17895
16038
17821
18290
18089
17286
19121
18855
17720
17650
16956
19273
18337
18139
17521
17634
17374
18701
17859
17481
17280
16702
18383
17855
16508
18069
16497
17756
17578
17738
17334
16859
15592
17698
19309
16868
16415
16126
18026
18177
18235
16342
17457
16848
19009
18631
17192
17458
18150
20818
18179
18306
16653
17474
17571
18258
17669
18048
17775
16929
18478
17158
19106
16686
17366
18649
19106
18252
18028
17900
16969
17918
15902
18640
16241
16754
18827
17061
17618
16650
16671
17261
18151
16051
19273
16519
17992
19025
18020
18635
16516
18186
18733
17191
15791
18652
17172
17335
19079
17795
19428
17061
18012
19625
17209
16783
20032
17338
18372
17583
16864
17509
16323
18638
19669
17842
17536
18379
17200
20380
18928
16949
18802
17953
21780
22130
19630
21344
20225
20505
23108
19437
19076
20732
18875
22257
20302
19175
21164
18286
20439
18130
17027
18018
19454
17198
20448
16716
16166
21026
17028
19730
17662
16913
19566
18403
17929
18061
16052
16557
20915
16671
19369
17390
15959
20899
15973
18967
18185
16615
19040
19250
18527
18821
18515
16267
22069
16668
19655
17144
16997
18191
17952
19391
16226
15826
15214
20203
15780
17443
16963
15781
19844
16272
18323
16852
16569
17849
18055
18983
16032
17497
16278
19440
17020
18844
16859
16246
19407
16985
18624
15965
16515
17799
18689
19128
16769
18353
16480
19568
16960
18256
16434
17715
18570
17465
19112
15820
18009
18210
16304
19682
15932
18372
17121
18835
17962
19318
16524
18680
19386
16999
19798
17044
16779
17453
18050
19504
17874
17406
18663
17985
17738
21061
17472
19793
18257
17963
20696
16644
18456
18396
17435
18277
18040
16027
17810
17536
15849
20149
16687
17789
17832
16385
19689
18214
17918
16761
16547
18985
19080
16727
17390
17588
16493
18968
16657
17716
17613
15860
20105
18052
16533
17293
16111
18599
17941
17220
17525
17046
15514
19897
17248
16297
16309
16845
17644
19330
16491
17586
17786
17573
19018
17608
16956
17706
16752
20425
17712
16919
17486
16471
18143
19636
16463
17340
18392
17911
19028
16378
17189
18078
17641
18904
17585
17549
16642
16822
18508
18224
16548
17332
17974
18096
18328
16984
16993
17504
16502
19843
18555
17624
17763
17761
18136
19637
16601
17500
18984
17193
20114
18768
17692
18120
17570
20824
18471
17983
19027
16169
20203
18532
17713
17805
17673
16171
20687
17414
16637
18335
17300
21001
16523
16914
18435
15827
20202
17713
17225
19255
16308
19094
18580
16152
19261
17248
17332
18492
17857
17955
18393
17881
18217
18619
16368
19038
17947
18355
18406
16628
18698
17555
18611
17545
19636
17147
19583
18806
17273
19660
15790
18803
18762
17519
16565
18966
18383
17344
18702
18031
18600
17669
19497
18948
18096
20029
16814
20165
19330
18631
18793
18136
18740
19007
18783
16769
19855
18276
18742
19720
16196
18473
16383
19440
18151
17368
16813
19433
19280
19268
18664
17131
19260
16623
19692
19621
16971
19657
16888
18800
19727
18021
17052
21422
18052
17805
20508
16790
19644
17033
19145
18801
17648
18308
18550
19412
18611
18682
16739
19687
18423
18723
19218
16844
19774
16959
19106
19428
17553
17871
19477
17878
18534
19576
17709
19747
17300
18967
18889
17847
19674
18056
20167
18734
19343
17729
19864
17056
18734
21308
17594
19978
17189
18488
20175
18506
17475
19081
19773
17650
19596
18605
18578
18447
19476
18217
19993
19329
18092
21859
19427
19588
19400
18586
18311
21861
19960
17451
18867
19108
19512
19718
18266
18248
18908
19631
18867
20195
17620
18065
18835
20222
19230
18805
18113
17624
20323
18641
20064
18580
19244
18819
19905
19107
16888
19020
17873
19653
19316
19505
17496
20460
19757
17642
20292
16644
18293
18297
16819
20299
16624
17173
20550
17866
18347
16794
17524
18701
18755
17126
17832
16588
17881
20303
19563
20353
16949
18517
19862
18913
18751
18040
16461
20339
20126
18912
19836
17007
17561
20387
17560
18182
18572
17625
19783
18641
17730
17682
16487
17241
19522
17781
18232
16587
16651
20651
17243
17550
17589
16840
20423
17361
17716
17489
15464
20685
20092
16537
17212
16561
17048
19272
18936
19309
21696
19022
19085
19558
15993
19363
16061
17906
19396
17145
18074
17423
16774
18296
19083
17502
17763
16459
17339
18508
17337
19576
16521
17145
17865
18658
19959
16439
16203
17197
18931
17955
17884
18475
18027
17999
20969
17175
16535
18256
19542
17686
18938
17318
17674
20123
18833
19346
16425
17479
18415
18343
19712
17457
16097
17274
19592
18368
18632
16766
17896
18519
18513
18494
16493
16073
17624
19464
17634
17246
16592
16977
18962
18417
18898
16300
17654
17388
19569
19732
17435
16441
17586
19977
19465
18358
16500
16926
18212
17143
17996
15401
16132
16688
17876
18807
16803
15614
16363
17970
17145
18230
15560
16314
18343
18570
18613
15649
15986
17466
18710
18345
16859
15575
16605
18728
16719
18666
15481
16086
16510
18733
18860
15290
15245
15691
18509
16100
16974
15274
14861
16596
16523
16971
15065
15506
16646
15797
17246
17012
14960
15756
17225
15591
16554
16755
15568
16899
16519
15932
16932
14824
18404
16471
15348
18071
15905
16148
17906
16430
16837
16331
15178
18544
17203
16381
18261
15210
17298
18535
15357
17786
16974
16459
18224
15811
16977
17003
14986
17884
17046
15577
17920
18029
19045
19088
16192
18820
16572
15547
20783
16854
17431
16690
15619
20280
17190
16360
17844
16361
16178
20258
16038
19319
17789
17193
19793
17192
19010
18316
15909
17907
19270
16989
18734
16224
16404
19896
15816
18052
17294
15958
18008
18266
17830
17698
16255
17259
20213
16080
18979
17767
16763
20402
17410
17956
17640
16755
16879
19327
19031
18628
17156
17412
20190
18010
18246
16388
16293
19907
17336
18801
16979
15899
17966
18258
17167
17873
15955
16399
18344
16447
18288
16182
15631
18303
15689
16349
15532
15722
16013
16471
14769
16075
15405
14505
16688
15262
15381
18639
15427
18211
18411
15503
17657
17396
15284
18065
15943
16025
18629
17177
17713
18826
16561
19196
17133
17558
17976
16591
18737
17323
17081
17921
16129
18118
17728
15752
19193
15955
14867
18947
16599
17359
17771
16528
17772
17232
16954
19285
15369
16841
18852
16578
18639
16579
15188
17201
17250
17555
18012
15817
18073
18875
17300
19641
16618
16833
20752
16477
17597
17889
15343
16750
17751
16842
18435
15495
16694
18946
16083
19160
16255
16357
18754
17661
17128
18730
16166
17062
17678
17276
17141
14838
16151
18231
15543
18143
15702
15320
17579
18016
16761
16696
15244
16640
17635
16898
17748
16050
15869
18100
16789
16477
16608
14875
16025
16713
16367
16273
14828
15700
17040
16640
17221
16589
15934
17670
16192
16723
16319
15117
17062
17359
16436
17155
16362
16426
17222
16545
17247
15680
18091
15353
17728
17983
16120
17145
17114
16858
16878
17363
15639
18442
16219
16475
17892
15093
15779
17661
15752
16942
16631
15506
16313
15754
17057
16549
14562
17168
15870
15691
16246
15105
16222
16308
16525
15490
16781
15146
17204
16343
16655
18463
15261
18212
17248
18049
17631
15819
17902
18231
18485
18113
16124
18778
17948
17591
18388
16945
16792
17933
18058
17140
17486
16980
19507
17176
17083
19577
16779
17979
18524
18184
18063
18793
17733
18182
17529
18273
18517
15443
18627
18540
17597
18931
16586
17826
18971
17531
17991
19150
16919
17918
17249
16999
19602
15729
18088
17555
18206
18100
16432
16673
16739
18331
17771
17941
16345
17841
17912
16972
18006
17440
17377
16885
17855
18541
16875
17103
18148
18557
18671
18841
16033
18247
18266
17187
17739
17318
16661
16627
16874
17506
16995
16424
17181
17131
17179
17654
17616
15912
17580
18340
17286
20087
21704
17715
17101
17533
19699
17793
17273
17365
17901
17794
17154
16799
17355
17151
18375
17336
15310
18187
17539
16748
17993
18203
17243
16930
17563
19019
17216
17145
19616
18657
18726
17101
18152
18502
18756
17671
18726
19200
17243
19352
17877
19679
16539
19148
18851
18981
19322
19495
19113
18873
18924
19338
20175
18035
19015
19275
18270
17850
17943
18189
17619
18482
17861
15865
18692
18479
18388
18217
16725
17654
17758
18892
17394
16930
16130
18475
18228
18535
18621
16382
16902
17249
17628
17191
17046
16195
17701
17832
17538
17885
14675
16930
17509
17469
18460
15377
16139
18513
18492
17597
17645
16542
17927
17613
16627
18430
15936
17602
19817
16468
18818
16242
17140
20405
16113
18180
17544
16599
18466
18397
16299
17747
16751
17376
17532
15924
18178
18608
15826
19075
17622
16250
18196
16152
17938
17109
15179
18135
16905
16065
18298
16028
16185
18049
15384
17271
18053
15126
17662
17180
17318
18095
15616
16770
16334
16054
17368
17103
15634
19491
16942
17687
17287
16545
17736
17651
16939
19660
16837
19034
18279
17218
19170
17743
17861
19138
17698
19325
19003
16952
20332
18572
17654
19411
18069
18341
19815
17077
19865
18518
17315
19346
19358
19385
19094
16751
19133
19007
17322
19598
18088
16351
19002
17657
18947
18102
15973
19543
17478
17526
18370
16689
18029
17936
16072
18932
16796
15421
18953
17582
17920
18083
16015
18030
17411
19020
16184
17410
17908
15554
18373
17161
15757
17879
16827
16834
18403
16191
18007
16804
15811
18426
15819
16341
18410
16286
15759
17323
15395
17244
16379
15857
17933
15622
16822
18044
15980
18203
17644
16026
17840
16364
17084
16604
16558
16728
17654
15344
17864
16739
15149
17208
17016
18120
16956
15756
17717
16669
17008
18009
15545
16942
17872
15662
17882
16788
16532
18139
16082
16666
18353
15458
17958
17498
16970
18219
16790
17463
19258
16266
18723
18978
17666
19252
18629
17916
19644
15629
17886
20787
15923
18368
19025
16937
19793
17762
17689
19289
16404
17453
20317
17079
19355
16795
18443
18585
16899
18756
16913
17229
19647
16329
18412
16261
16666
19585
16636
17246
19052
16856
17262
19108
17167
19825
16199
17670
20598
16719
18682
18094
16884
16704
20302
16295
19448
16214
17224
20587
15768
19296
17417
17078
18069
17414
16720
18429
16008
17244
17726
15543
19416
17255
17438
18829
16857
18785
18081
17570
18682
17540
16822
17447
15538
17224
17672
17103
16849
16307
16944
16692
15599
18577
16275
17243
17520
16479
19114
17537
15881
17925
17398
16250
18677
15830
16971
17308
15762
18136
16456
16222
17069
16411
16650
18320
15293
17125
17394
15840
19194
15984
16323
18262
16987
17063
17775
16464
17115
16906
16560
19510
15616
19303
17428
16330
19998
16740
17768
18036
16763
18685
16475
16549
18171
17199
15268
19285
15750
17378
17513
16613
18625
17513
17828
18525
17237
15844
19885
16685
17701
17452
16137
18084
16732
17151
18653
16283
16864
19305
16912
18326
16617
16001
19392
16944
18629
17068
15030
16560
18983
16715
17015
15083
17856
17118
18557
17638
15290
16322
18917
16949
17678
15918
15626
19023
16160
17913
17153
15552
16369
19119
18539
17525
15517
15762
20465
16416
16843
17522
14634
16341
18006
18260
17895
15914
15906
18486
15468
17738
15934
16666
17128
16665
17164
17276
17180
17486
16074
16919
17358
16671
17830
16485
16211
17198
17221
18265
17237
15026
17348
18114
15635
18056
16476
17103
18164
15306
17906
17115
15923
17537
17143
16040
19313
16748
17566
17854
15113
18591
17309
17099
16710
18192
17267
18831
15851
17103
15852
19589
18639
17075
17446
17616
17594
18735
15985
17639
19781
16970
19380
17578
17872
17727
16089
17424
17690
17163
16502
17930
15692
18924
16377
17071
19086
15957
18802
17461
17145
17148
17474
17309
19062
16247
17825
19254
15710
20246
16887
17694
17449
17478
17255
18939
17548
16657
19117
17117
18967
16580
17811
17987
17206
18578
18385
17042
18179
17281
19042
16556
17024
17385
16943
17671
18530
17941
17659
17180
16697
18857
16954
15680
18509
17645
18246
15295
16439
16660
17166
16303
17377
15700
17289
15154
16547
16732
14526
15371
17452
14770
17419
14364
14953
17773
15479
16584
15481
16837
17602
15210
18210
16679
15878
17022
16057
17848
18130
15442
17897
17346
16625
18101
16318
16369
18375
15554
18235
16997
14940
18022
16237
16110
18562
15597
15955
18688
15285
17351
17254
15581
17784
16154
16955
17551
15729
17886
16570
14837
17552
16051
15204
18885
16039
16418
17866
14694
17549
15792
16613
17454
15608
17707
17134
15353
16998
17166
14491
18273
15883
17075
16708
15151
17103
17452
16103
17245
17463
16090
18895
16125
16314
17476
16406
18540
16251
16545
17964
16995
16965
17772
16152
16513
18924
16349
18854
18277
16778
17766
17749
17854
17847
17702
16492
18433
16460
18153
16852
16243
17407
16904
18210
18586
17575
15947
17787
16472
17986
15819
14953
17146
16402
16836
14701
14609
16376
16003
17582
15390
14384
14455
16247
15250
16233
16285
14903
15571
16697
15693
14330
16726
18064
15999
17604
15705
16526
16429
16576
18063
15896
15527
17332
16697
16871
17784
16998
17026
17390
16743
18257
17096
17261
16935
16673
18858
15968
17002
18681
17596
17451
18071
18082
17379
18040
16007
19703
17446
17762
18725
17089
16548
19130
19516
17912
17594
16419
18784
18964
17217
17870
17641
16103
18472
18766
18079
16944
16075
18810
18489
17203
17249
15896
17052
17928
17292
17835
17033
16545
18456
17881
17550
17713
15805
17012
18737
17385
17248
16847
17713
16607
17764
16915
16005
16699
18333
18852
17756
16564
17018
18548
17252
17547
16733
16681
17289
17847
20263
17187
16362
17021
17275
17744
17509
17930
17521
17669
16584
18600
16398
16353
16615
17310
17421
16222
15712
16711
15615
17584
16968
17643
17551
15596
15973
19343
16473
17045
17108
15491
16238
17671
16107
17387
16140
18359
17030
15477
17795
17670
16096
18300
16605
17390
17618
17128
19543
16841
15856
18672
17577
18011
18314
16174
18398
17701
18008
18477
17437
17011
18494
17576
18472
17580
15734
18353
18141
18708
19062
17410
16847
18105
18090
18993
18414
17538
18885
18408
18074
18751
17702
17745
18023
17608
18734
16682
17892
17157
18757
17577
16205
18579
17706
16876
18045
17271
16901
17942
18660
18106
17277
18215
17745
17260
18297
18250
16157
18640
17927
17977
17445
17467
16411
17190
16399
17654
17926
16574
18375
17336
17525
19611
16050
17961
17503
17434
18434
16584
18665
18082
17715
17949
17622
17192
17898
17643
18039
18642
15680
17953
17590
17773
17466
17139
17173
16710
16953
17528
17413
17069
17502
16752
16246
19115
17085
16851
16804
18614
17156
19061
17704
15886
17606
18333
15921
16008
19185
16123
16762
18972
17817
18646
17970
16479
20820
17464
18692
18620
16833
20879
17402
16345
18246
17025
20314
17787
18196
19299
17097
18312
18980
17506
18112
18385
16701
20739
17745
17165
18003
16642
20166
18543
16500
19511
16864
18215
21705
17331
17308
19153
16332
20695
17712
17047
19041
16545
19723
19227
16879
18068
18191
16467
20879
18016
18160
17329
15882
20841
17773
16353
18591
17384
17284
21231
17401
18633
17898
16680
21205
18620
18320
18586
16470
23886
22953
20760
23020
17454
17324
20927
16407
17902
18192
17197
20797
18051
17610
18732
16675
20633
19471
17260
18290
18154
16479
21490
16977
17246
17753
15796
19293
16683
15436
17964
16370
17860
17515
15744
16680
16674
15318
19298
17349
16666
17632
15819
17336
17321
15613
16326
14867
18578
16762
15322
16756
15524
18011
16391
15049
17793
16186
15389
18309
16621
16994
17690
16753
22965
18201
16077
19230
17485
15865
19063
16032
17366
18916
16107
18165
17444
17021
17614
16787
16986
18242
17140
17763
17003
15202
18508
16075
16661
18051
15928
16187
17362
15438
18174
17428
16377
17767
17411
17949
17787
16082
18415
17121
16059
18207
16060
16892
17883
17453
17355
16537
15784
17785
16986
17546
18426
16060
17248
18194
17018
17408
16986
16564
17387
17068
18088
16790
15359
16855
18144
17037
18271
15839
17753
17515
18365
18205
17530
16109
17923
17878
17909
17191
15418
16624
17466
16809
18417
16437
16824
17058
17367
17772
16716
14910
16227
16728
16820
17032
15428
18643
19020
20457
18630
16676
15891
15529
17538
17124
15977
14568
16457
14684
17066
17231
14866
16037
14560
16012
15565
17421
14891
15364
15898
17062
17039
14813
16305
15311
14792
17283
16280
14764
16799
14538
15871
18754
14401
16200
15802
15043
18279
16544
15724
15893
14693
18686
15869
15118
16766
15372
16696
18511
15333
17463
16174
16164
20359
16171
15683
18478
15222
18046
18090
15864
18269
15095
16720
20329
15295
15569
18188
15352
20141
17410
15507
17926
15550
18232
18197
17090
17365
16287
15710
20989
17032
16212
18146
15656
16970
17892
17169
17951
15231
17009
19479
16794
17021
16677
15518
20708
17143
15755
18837
15899
19599
17342
19172
17968
16009
16383
18077
16805
16667
17754
16421
20754
16618
16009
18966
15285
18036
17384
16681
17063
15827
15834
20419
17612
16938
17397
15069
20756
14579
15039
16779
15513
16169
18759
15147
16669
16280
14984
20299
14542
14533
18238
14857
17839
15677
15241
16599
16912
16856
17479
14787
15817
15814
16394
17841
15621
15295
17493
16146
18305
17116
15559
17718
16899
18751
17014
15787
18074
15776
18831
18628
15710
18081
15970
17020
18132
15549
16685
17786
16343
18486
18749
15945
17712
16709
18133
17620
16242
15880
17084
17193
18476
17017
15748
18090
15802
18450
17789
15458
18197
16336
18311
17583
16325
16522
17688
17328
18404
17197
15377
18640
15666
18093
18097
15805
17122
17090
17298
17124
16549
15925
17565
18117
18088
16992
15541
18371
15947
17762
18815
15455
17718
18985
21699
22534
20686
20485
21668
20562
21487
21271
15786
18750
15398
18249
18033
15385
17546
16572
16832
18171
16656
15151
17619
16104
17377
17244
15325
17494
15224
17818
18559
15550
16914
16777
15795
18208
17178
15317
18927
15386
18397
18345
16619
17724
16436
17133
17865
17160
19201
16421
17599
19462
17722
17198
18230
17820
20075
18387
18811
19427
17570
20448
18933
18375
18305
19762
17455
19861
18721
17997
19856
17586
19725
18353
17393
17526
19021
17178
20254
18443
17331
20033
17041
19906
18140
19040
19016
19019
19678
18824
17605
17903
19845
16533
21340
17498
19436
19797
19029
20414
19119
19909
19926
19664
21540
19977
18715
19226
21102
17366
21844
19160
20098
20126
19219
20053
18674
17917
18366
18268
18124
18906
18150
17661
20417
16401
19311
17845
17551
19204
17734
18844
17965
18904
16335
19951
17277
19446
17708
16941
19316
17372
19327
17860
17099
17455
17834
17428
17938
16201
18238
16147
18156
16855
17052
17518
16285
17521
17104
17838
15441
18459
15938
22837
16401
17321
17775
17047
17917
18122
17422
16822
17505
17854
19213
17221
16434
19156
17366
18079
18257
16778
18596
16896
18126
18056
16544
17100
17327
17056
19436
16885
18383
19176
17131
18524
18309
17096
18466
19854
18710
21481
18506
19192
20589
19416
20541
17997
19506
19111
16666
18633
17726
18111
19310
17299
18507
18736
16221
18610
18706
18102
19910
16290
18329
19003
17313
19810
17463
16438
18761
17771
18542
19103
15917
19282
18989
16969
18560
18683
17461
18348
17265
18948
18625
16877
19689
18146
17870
18257
18617
17603
19023
17278
19302
18709
16791
18624
18341
18126
17820
18035
19095
16470
19067
17397
16925
19130
17926
17825
17653
16757
17308
18771
16841
18833
17307
17281
18926
15530
18129
15429
16592
17289
16664
16092
16601
17137
15879
17487
15564
17364
15774
15387
17960
16990
17375
16748
16453
16702
18611
15995
17323
17358
17082
18133
16816
18174
16440
17896
18292
18026
16008
18285
16906
15580
18980
15912
17221
16012
16406
16270
16872
16389
16750
15778
16418
15497
15464
16810
17028
15837
15850
17323
16973
15951
19108
16679
17008
18880
18655
19704
18597
17852
19547
17223
17545
19511
16723
18666
16622
16736
18600
16277
15818
19772
17339
16938
19208
16344
17744
18078
16512
19113
16506
16869
17736
17506
18019
16745
19420
17589
17341
19775
16763
18224
17223
16881
18830
18916
17103
18964
17379
17528
20114
16273
17914
16903
16226
20244
18111
17881
18047
17890
18299
19089
16580
19202
18026
16866
20834
17068
17888
17205
16888
19181
19668
16334
18327
16659
16907
19992
15383
17792
15713
17525
19059
17343
16556
17649
17065
18072
19500
16082
18743
17348
17593
20181
16782
18020
17311
15939
19048
17271
16739
18021
17605
18697
18249
16509
19240
17916
17071
20013
16925
18168
18840
16717
19547
16965
16786
19106
17647
17059
18572
16111
18609
17095
15781
18318
15713
16869
18196
17031
16842
16892
16444
17432
18025
17275
15455
17538
17019
16813
18331
15917
16957
17468
17488
16566
16780
15475
18149
17261
16463
17296
16197
17577
17988
17172
19059
15833
16683
18885
17748
17064
17699
16672
17611
18063
16934
18335
16155
16947
18696
17537
17723
16745
15319
17538
16813
18452
17235
14995
17613
18040
16668
18146
16777
16321
18410
16768
17789
16833
16285
18626
17223
16583
17977
15057
16804
17991
16690
18344
15597
15621
17871
15575
18676
16535
14799
17305
17690
16440
17441
15770
15750
19054
15764
18826
17315
15070
18050
16557
16999
17491
15984
17135
17041
15455
19727
16735
16278
17957
16632
19365
18185
18059
17536
17188
18895
16080
16847
19260
18052
17539
17034
16484
18039
17712
17047
19175
15987
18665
18291
16926
18196
15972
16322
17825
17183
15823
16942
15830
15721
18986
15886
17170
16077
15669
17732
17156
16125
17275
15786
16963
19357
15370
17715
16485
15790
18359
18500
16537
17769
15389
17380
19938
17012
18486
15792
17392
20613
16156
17339
17294
15825
18483
18002
17412
17637
15415
17133
20122
15856
19011
17282
16487
19366
17466
17390
18200
16905
18806
20305
17147
19592
17201
17855
20845
16906
18769
17364
16904
20157
18484
17524
17296
16101
18161
19000
15703
17764
16561
16730
18971
15633
17028
16040
14152
17898
17981
17574
16855
16523
19241
16200
16579
16985
15274
18363
18128
15201
18176
16402
17154
19597
16005
18025
16989
17054
19079
18737
16937
18924
17639
18640
21101
17728
19023
17217
18391
19861
17597
18908
18662
17824
21046
18000
18142
18483
17242
18851
21046
17637
18231
18669
19104
20173
18867
18735
19300
17027
17372
20117
18205
18324
16815
16954
18949
17876
17833
17742
16583
19023
17146
20182
16473
17435
20544
17209
19648
18634
16559
16402
20862
16291
20066
16930
16872
20358
16174
19859
17079
16762
17791
19298
16798
20620
17197
15883
20272
16174
20796
16402
16211
19782
16553
20620
15792
15866
20908
16306
21505
16353
16832
20166
16196
18490
18605
15864
17079
19934
16604
20291
16742
16089
20264
15739
18578
17813
16219
17882
18238
18563
19107
16668
15884
19286
15925
18038
16508
15949
18072
16661
17506
16818
14731
16163
19536
15435
17728
16956
15628
17753
16833
17908
17463
19560
21904
17949
20819
19535
17843
21320
19658
17645
17617
16806
18390
18450
16587
18193
17966
16647
19450
17615
19371
17070
16647
20238
18053
17661
16813
18106
16539
18449
18786
18891
17228
15817
19953
16884
16892
16397
17275
18022
17733
17692
18093
16844
16147
19307
16124
17957
15707
16937
17303
16947
17390
21172
16436
18990
15403
18173
16601
16858
18460
16673
16620
18894
18123
16230
18547
16393
18112
18588
16664
17850
17044
17108
18841
17629
17180
18309
16921
19934
19176
16737
19639
15885
17070
20431
17797
16945
18212
15539
20650
20567
17147
19918
17747
19022
20446
18190
18305
20004
16928
20973
18889
18103
18276
16127
20781
19608
17125
18679
16799
17019
21867
18730
17824
17643
16847
20802
18490
17116
18906
15784
19376
21205
16520
19371
17516
16848
22101
18169
19268
18429
16486
19613
19897
18325
19182
16824
17282
21683
16943
19133
18211
17675
20358
19979
18386
18030
17652
18219
22109
16216
18098
20413
17142
20550
17254
18972
18300
17042
19015
20392
18009
17834
17637
18429
18453
17499
18578
18567
16541
18007
17998
17391
18120
19227
17719
18028
17748
18530
16940
17501
16763
17080
17640
16368
18026
15894
17317
18513
17506
16877
16772
18051
17161
18423
15705
19039
16093
18817
17460
16105
17947
16471
17341
18576
15889
17851
17362
17739
17283
16781
15426
18468
15858
17751
17297
17520
17529
16442
16683
17750
16461
16257
19722
16239
18186
17154
17934
18636
15249
17429
18171
17303
17131
17262
17516
16754
17047
17625
18700
15256
18449
17774
17947
18406
17206
17575
17655
16902
17895
17429
16904
18122
17496
17457
18470
16386
17956
18107
17350
17701
16723
16956
19472
17197
17484
19030
16613
18562
19405
15721
17938
19060
17902
20456
16280
18080
18250
18402
18888
18705
16694
19577
16663
19071
20480
16111
18349
18367
17940
20100
16979
17660
18746
17515
18424
20651
17568
19779
16642
18736
20905
16520
18127
17962
17581
18900
17197
17475
16517
16850
18209
17195
16717
16440
17141
18396
18639
16951
16534
16910
18077
18753
18660
17883
16964
18710
18561
19901
17945
16691
17545
19539
18659
18808
17035
16722
19358
17888
19153
18130
16528
17540
18976
17483
18298
15787
16832
18972
16594
17563
17207
16697
19338
17785
19803
16521
16824
20513
17535
18880
17341
16639
18412
18754
18227
18480
17339
16906
19477
17461
19319
16688
16356
19461
18170
18916
18558
16994
17951
19438
18082
19254
16308
16696
19071
17437
18876
18056
16678
18431
18007
18378
19093
15955
18471
19977
16109
20454
17056
16187
20905
18009
18955
17614
16387
18315
19710
17792
20066
17406
20534
17383
19701
18148
18072
19207
18931
18290
19556
17541
17747
20017
16598
19956
18092
17000
20385
17053
19652
20238
15891
18248
18177
17168
20881
17835
16579
20144
17398
19211
20307
50272
18683
17108
17962
19158
16670
18173
18212
16659
20297
16785
17892
17760
16338
17902
19413
16647
19164
16003
18811
19108
15899
19079
16669
17110
21652
16867
18823
18184
17371
20140
18686
17541
18802
16328
18348
19835
16271
18630
16888
16579
21075
16863
17597
18742
16458
19308
19422
17119
19471
16317
16408
20448
16188
17614
18091
16267
19715
18075
17072
17803
16313
18500
20186
16110
19634
17177
16739
21544
18354
18807
17151
17832
20674
18806
17950
17792
17500
19818
18173
17625
19081
16753
19797
21844
17113
19246
18043
18487
20443
18681
18709
17628
16301
18416
20175
16993
19065
16835
17558
20544
17723
19466
18257
17583
20292
18242
18252
18826
16941
19437
20051
16277
18414
17071
18032
19281
17418
17611
17433
16428
19080
18027
17796
17201
16235
18126
18122
16021
17731
15028
16765
19671
15309
16383
16600
16716
15281
18664
15382
15698
16107
17342
17148
15136
14756
15248
16509
17117
16067
15445
16456
15097
15805
18389
15771
15493
17074
17823
18141
16387
15734
16094
17121
16622
18325
15544
15004
18568
16078
17824
16840
15296
17211
16130
17939
16838
15610
16762
17883
16348
18923
15262
16556
17904
17103
19066
15766
17020
17425
19041
17443
17797
16216
17433
20066
17622
19499
16664
17084
17518
18841
18566
16898
15542
17527
19714
17458
18977
16639
17397
17567
18558
20208
17194
18066
18585
19435
19203
19031
17920
18430
19452
19501
17399
16213
17589
20447
18565
18561
16909
18157
18123
18724
19494
16713
17115
16235
19007
18618
16788
14972
15640
16530
18405
19671
16023
15500
16125
18393
19142
16186
15516
15574
18227
18260
18554
15992
15634
16233
18760
17630
15776
15237
16341
19281
19914
16576
16781
15907
18959
19230
18064
15655
15640
16836
18980
19392
16372
15852
16153
18503
17742
17170
16583
17991
15660
18581
19720
16529
17064
18082
19810
18945
16847
16433
18624
17608
18521
18466
15883
17366
18250
18271
19825
17486
16681
19021
16062
19341
19233
15667
17981
19550
20550
20903
16986
18531
19274
20905
20223
18177
17722
21193
18508
21290
19509
17988
19506
20118
19873
21184
18878
22989
25813
21157
22292
21052
19643
21376
20990
20409
21629
18838
20941
22098
20326
20292
19889
20327
20944
20123
20427
20415
18494
20557
20826
20103
21246
19546
19315
20088
20106
21522
19690
18801
20226
17969
19648
18480
18066
73502
71705
43906
17580
17866
19763
17729
19360
19758
17524
19381
19071
20780
19813
17181
19717
20227
19033
20281
19211
17750
19470
18358
20138
20322
17752
19327
18280
20108
20957
16952
19423
19851
20781
20759
17500
18112
19941
16228
20424
17690
18416
18203
17508
18568
16747
17582
17851
19466
16432
20728
17674
18234
20116
16177
19515
18064
16531
19352
18623
16877
19550
16818
17965
18576
15123
19110
16950
16811
19266
16265
18406
20235
17590
19228
16315
19559
18910
18529
19737
18460
18417
21104
17236
19581
19127
17104
20108
17806
19631
19905
18647
18303
20697
18878
20266
19940
17991
20866
18690
19311
20599
18726
20142
21184
19292
20721
20249
19375
21128
20553
20648
20244
17191
20261
21788
19474
20718
18807
19497
20929
19835
20397
21372
18244
21807
20197
20396
19682
20887
20512
20414
19761
21801
18561
21025
20151
19998
20773
18616
21362
19637
19557
21213
19841
19517
20669
19112
18207
19837
17224
19929
18534
19393
19634
18215
19514
19878
19090
19869
20074
18251
20989
19835
18978
21192
17935
20116
18839
16815
18042
19227
18396
18410
17203
17650
19965
16936
19014
18473
18031
19926
19455
18240
19658
17738
17582
20455
17009
18507
18351
16331
19348
16647
18003
18207
16513
18037
18683
16419
18108
17931
16072
20758
16011
17548
18877
16333
18388
18257
16116
17796
17018
16894
19896
16481
18356
18632
16006
19738
16808
17687
19003
17371
18896
17982
16252
18724
17096
16062
19890
15820
17783
19240
15814
19352
17013
16620
19278
17530
18248
19505
16646
18261
17981
16582
20342
16516
15896
20902
16116
19522
17692
16581
19044
17414
16434
21174
18245
16815
18120
16528
19498
17684
17483
18072
18061
17577
18535
18361
17919
17924
16665
21855
17567
16474
19653
17016
19764
17737
18572
18721
16803
20729
17332
18085
18182
15972
20275
17018
18407
18801
16745
17772
20086
18403
19235
18779
16578
21560
16161
17415
18899
17249
17941
18537
17066
16855
17709
17225
18122
15879
20501
19493
20480
20911
18177
19404
21786
18812
19113
17346
15904
19464
16996
16647
18275
16139
17962
18657
16877
19083
17963
16147
20127
17805
19265
16316
16062
18642
17272
18772
17514
15281
18931
18189
18179
19945
16674
16725
19727
18853
20484
17638
16553
19332
19005
18453
19154
17133
18181
18826
18545
19785
17402
17728
19320
17282
18727
18817
16271
17260
17637
19637
19444
15927
18056
19153
18602
20190
17120
16819
18773
17474
18111
19641
18686
16693
17084
18979
18615
16593
17302
16880
17330
19180
17160
17263
17888
15915
18300
18813
16404
17118
16946
18727
18959
17257
17272
16614
15525
19597
19738
18714
18138
17035
18889
20411
18466
19348
17986
18703
21062
20149
18448
19711
16863
18735
20811
16919
19182
17533
16630
20249
17589
17023
18022
16097
20322
17543
17292
15659
15454
17699
18322
15899
18635
16136
15791
19602
17980
17450
17949
15711
17558
18276
15891
18919
17228
16957
20529
16123
17017
18509
15870
18266
16763
15641
18929
15822
16615
18203
15324
17925
16855
15537
18998
16066
15677
19348
16132
19242
18921
16437
18336
17212
15717
19902
16594
18806
17494
16266
20040
16037
16655
19092
15940
18623
17003
16095
19347
16700
17938
18923
15774
18365
18246
16306
19640
16919
17115
18413
16544
17976
19614
16508
17765
17487
16194
20032
17556
16840
18045
16046
19885
18341
16391
19361
16416
17326
19877
16853
17613
17079
18109
18449
16463
16802
17389
16087
20250
17736
17028
18779
16321
18995
18351
16824
18741
16884
18030
19265
17576
18614
17149
16640
20229
18216
17430
19124
16345
18849
17872
17872
19038
17208
16298
20834
16989
17703
18547
16455
17783
16770
17563
16864
16934
17698
17621
16789
17488
16330
15249
18680
16593
17271
17301
15816
19412
15712
17124
17720
15502
19383
15208
16443
18667
16108
17830
18253
15645
18176
18962
17619
18914
16575
17859
18911
16232
19986
16959
16033
19728
16604
18218
18065
15670
17860
17957
16794
18702
16202
15691
18439
17010
17365
18101
16761
19209
17810
18915
18948
16022
16057
19443
14750
19420
16741
15920
17267
16686
19321
17518
15840
18838
16161
18660
18440
15480
18357
17213
18357
18531
16930
17770
18923
16799
20001
18353
16170
18627
16394
19559
18158
16844
18020
18310
18820
19119
17542
17296
18939
15884
20317
18427
17829
18627
16863
18643
20194
18038
17554
18828
17144
19739
16904
17464
19289
16852
21426
17748
17832
18712
17262
20557
16469
18025
19955
16673
19222
17726
18758
18752
17521
18207
19194
16855
18088
17686
16487
19009
16209
17410
17737
15712
17180
18712
17341
18496
18647
16798
18712
16389
17163
18927
15562
18044
18520
17942
17990
18384
16225
19893
16715
17223
18783
16211
18631
18577
17948
18083
17369
17775
18659
16103
17939
19121
16041
19543
18810
19345
19475
17078
18525
19082
17582
17419
19284
16786
19253
17407
18016
20555
17150
17987
19692
17185
18086
18502
17765
20355
17307
17038
19516
16892
18251
21187
16078
19713
16611
18343
20378
16373
17732
18521
17426
17036
20244
16522
18418
15531
17613
20351
16484
17794
17697
17935
17594
19268
16398
19134
17040
16564
20604
16941
18370
16907
18192
20360
15722
17849
17675
16830
16590
21368
17730
17872
17926
16027
22143
16679
17132
18190
18346
17182
19925
18140
18607
17960
18358
22141
16118
18607
18429
18598
17509
18436
17690
16534
17871
16129
18255
17750
17137
17231
17162
16574
19272
16317
15921
18744
17267
17929
18295
15228
17855
17700
17540
18465
16753
17595
18953
15898
18342
17457
16831
17296
17255
17079
18597
15488
18133
18692
15653
20051
16395
16859
19376
16004
19347
17471
17099
18337
17469
16354
19465
16578
17343
19115
15833
18862
17434
17547
17552
17267
16623
19537
16358
16601
19968
16254
17845
16967
18317
19574
17097
18178
17955
17664
16430
16027
19082
16667
17643
20526
16283
17890
18489
15644
20358
16858
19309
16760
17799
20014
16917
18691
17603
18053
17752
19497
17384
18051
18453
16685
20643
15952
19606
16405
17925
18452
17290
16777
18449
16726
16224
19508
16886
18904
16600
17498
19318
17453
17853
16045
16666
16912
17447
16098
17628
16194
16306
17918
16349
17907
15191
16254
17895
16579
14459
15352
16009
15493
17084
15251
16575
16623
15122
17816
15653
16885
16811
16827
17748
16914
16580
16937
17051
17897
17931
15528
16730
16773
16941
17911
16630
16857
17166
17039
17602
18250
17356
17218
17065
17523
18246
17308
16542
16731
16709
18316
17592
17051
16468
17412
19102
20042
19433
18757
19229
19823
18851
20402
18853
18512
19851
20662
20971
18616
17672
18154
17769
18315
17689
18005
17273
17506
17298
18005
17049
17353
18014
17424
19849
20100
17353
18429
19581
18418
20053
18433
17728
19740
17659
19895
19084
16955
18410
19284
17830
18610
17574
17492
19179
17648
18819
17028
17749
19743
18819
18613
18282
17702
21159
17289
19876
19205
16879
18895
19621
18339
19233
17824
16906
20823
17395
17434
17941
16741
19775
17022
17918
19335
16206
17287
20140
17124
16871
17939
15796
19049
17352
16733
16887
16345
15391
17558
17284
16954
16351
16381
17094
17342
18207
18150
16518
15952
18389
17173
16888
19038
15388
17598
17625
16764
19618
16494
16688
18852
17942
17697
19394
16520
17879
18030
18613
18322
16642
16829
19769
18662
18407
19151
16234
19085
16433
18227
18710
16087
17946
19171
18219
18591
16737
18479
19453
15873
18296
18488
16152
18183
18037
18017
18609
15916
17724
19191
16769
16983
20257
16846
19482
18180
18164
19291
18252
18725
20399
18032
20331
17148
18401
19351
19745
18719
18649
17908
20801
18009
18954
21579
17059
18796
20237
18931
19593
20348
17938
20831
18604
19720
20819
18252
21509
21945
19307
20577
18678
18661
20535
19221
20088
19797
17807
19573
20234
19373
19313
18274
18387
19846
18456
20550
18181
16780
18507
19939
18374
18566
18224
17727
19223
18551
19255
18767
18184
20029
17712
18596
16419
16814
18770
17603
18206
18610
16895
18533
17394
17837
16450
16471
17824
19311
17429
18145
17752
17957
20159
17700
18836
18099
16939
19373
18591
19483
18368
16978
18027
19869
17824
16852
18269
16896
17180
19234
18174
17407
15045
17135
18686
18014
17225
18562
18598
17151
16972
16883
16724
17801
17245
18703
17813
17008
19206
17850
17894
17845
17902
18695
17958
18623
18836
18129
16351
19126
18546
18863
17379
18213
19728
15845
19019
17756
17745
17889
18097
17512
18842
17912
16291
19593
17352
20249
17207
19188
18629
17111
19398
19200
17833
17221
19555
17468
20589
17388
16743
19375
16851
21778
17427
17561
19272
16644
18429
18619
18081
17766
17610
16775
21228
18184
16127
18867
16990
19384
16830
18418
18556
15747
17484
19470
17504
17150
18363
15818
19337
16884
16698
18853
16373
17428
17836
17334
16865
16637
15833
16884
17659
15725
17339
15866
16728
17735
15187
17138
18432
15434
16106
19722
16809
18775
15994
16387
18180
17015
17567
18806
16035
17438
19864
17844
18464
17885
17034
20687
17174
19889
17602
16710
17610
18457
18436
19236
16463
17661
21264
17414
18136
18010
17029
19243
18842
19244
19053
17198
18462
19567
17260
19093
18412
17101
19381
17900
20182
18607
17680
18946
19307
19747
19722
17475
17309
19652
18012
20089
16524
17222
19324
18112
19126
18020
16311
18320
18973
18950
19821
17014
17904
18557
19693
17793
18591
16853
19307
18107
19651
18275
16399
18465
19375
20422
18842
17291
17622
18944
18575
19316
18505
16843
19860
17256
21193
18254
16924
17958
18408
19744
18297
18572
17047
19003
17030
20477
18064
16381
18548
50617
18502
17964
16421
19815
16560
19189
18123
17186
18075
19068
18458
17929
17052
17176
18500
17930
19354
17538
16954
20291
17115
18356
20453
16578
18559
20235
18781
18503
18561
18106
19013
18103
19155
19218
16886
18469
18597
17747
19255
18638
18208
20196
18476
19002
17994
16763
19484
18575
18409
19199
17862
18912
19824
18679
18227
18327
18491
19728
17840
19472
18329
16566
19214
18277
19207
19125
16425
18417
18131
17383
17486
18192
18202
17760
18358
18753
18169
16986
19546
17428
17712
19328
16714
17904
19662
18331
17989
17960
17257
18732
18022
18406
18700
16006
18220
18128
17151
18390
17379
18515
18882
18372
18351
18446
16316
19102
18125
18591
18354
16225
17728
19464
17508
18241
17278
17647
17981
17122
17436
16936
17523
18030
17139
17941
18737
17470
19217
17884
17036
18810
16581
16976
17063
18669
18074
17029
15486
18693
17367
17686
17819
15646
15137
18402
16601
16229
16715
15717
17554
17470
17859
17622
15952
15958
18644
16487
16172
17618
15956
18488
18473
15946
18078
16419
17685
17770
17501
18015
16845
17167
18372
19028
15437
16670
16670
18864
17865
16977
17940
16195
17938
17778
15707
18091
15997
16693
18034
16732
17315
17134
16753
18198
19165
16601
18545
16341
17589
18189
18069
18383
17458
17392
18257
17937
16345
17983
15998
19100
18239
17225
18972
16796
18067
18297
17317
17776
17513
16538
17755
19450
16891
18404
16068
19058
18435
17381
18668
17045
17760
19024
17819
17561
17884
17412
18752
18090
17971
17858
16272
18843
18529
15944
18189
16053
17564
21342
20411
21213
20483
17059
18449
17833
16465
16305
15170
17669
17193
16029
18593
16024
16847
18574
16478
17387
16813
16077
18104
18772
16030
18475
16492
18445
19223
17343
18865
16925
15789
18044
18363
15466
17232
15785
17451
18267
16391
16332
16086
17860
16624
17193
16970
17540
17236
18943
17906
17993
18611
17538
20972
18625
18543
17529
20246
23520
23382
20747
22251
22335
20437
24074
22030
21976
21221
20387
24181
20591
21370
20838
19720
23073
22602
20834
21357
19882
22500
22827
20359
21656
22089
21188
25505
22932
22651
17724
16226
18648
18914
17058
17584
16957
18655
18968
16690
17768
18260
16272
20015
20121
17778
18217
16661
19142
20424
16688
17861
17870
17983
19732
18421
18301
17720
16322
19359
20338
17443
17298
16378
16951
18970
16529
17206
17488
15752
19641
19004
16415
16391
15289
18358
19371
15908
17872
16879
18048
17993
17537
17553
17756
16487
20231
19676
17218
16604
16327
18848
19633
17083
17276
17523
17892
19063
18004
17288
17215
16243
18830
18956
17130
17791
16673
17216
18813
16451
16104
17296
16061
16601
18026
16109
15820
15678
15427
18464
15471
15921
17089
15316
16389
17403
15735
16716
17341
15831
18593
16609
15829
18372
17235
17274
18836
16723
17620
18542
18607
17238
16040
18455
17595
17354
19141
16069
16814
17511
16497
18715
17416
16827
19672
18164
19011
18458
16676
18348
17602
16747
19216
16583
17149
17757
17595
19395
18008
16650
19399
18040
17874
19145
15847
17683
18919
16031
19013
17810
16733
18459
16722
17854
18810
15929
18406
18073
16788
19060
17049
16958
17470
16567
17736
17341
15886
17213
16958
18475
15658
16875
17706
16541
18144
16777
16516
17969
17377
18388
17039
15951
17759
17687
16560
17938
16701
17008
18411
17161
18572
17621
15777
18640
17462
18116
18182
16553
17478
18726
17485
19933
18476
18014
19363
18458
19351
18826
17744
19283
20200
19340
19826
17119
18126
20342
17392
18476
18210
16915
18345
18266
18050
18791
16886
18066
18327
16765
19608
16713
19786
16808
17929
18843
17650
18936
18760
16977
19669
18147
18015
17875
17763
18498
18642
16447
20211
18041
17195
19665
17288
18167
19223
17055
19562
18435
17677
18860
18608
18446
19826
17046
19625
19981
21449
19526
18491
17599
19229
18156
19649
18471
17268
19405
18408
17364
19217
17659
17904
18953
17218
19458
17197
17279
18491
17439
18182
17520
16054
18455
16533
18904
17643
16619
18265
18493
19156
18501
16113
18807
17565
17683
18706
17165
17803
18088
16924
19262
17745
16733
18727
17228
16805
18369
15869
17713
16881
17795
20229
17526
15683
17024
17305
17215
17144
15446
18188
16908
16687
17768
15852
17028
17823
16520
18646
17102
16528
17707
17282
17258
18692
15598
18452
16828
17054
16814
17176
17108
17499
16506
16705
17521
16919
17334
17744
17076
16834
15592
17478
16857
15467
18639
15982
15603
18980
16734
17450
17930
15177
16962
17447
17787
17340
17270
16377
17672
16823
18296
16823
15234
18474
17057
16619
17926
17162
16603
18449
16889
18168
17112
16492
17208
16997
18807
18125
15834
17385
18623
17424
17172
17419
17075
17933
16456
17672
16895
17158
17319
16893
18524
17145
15577
18147
18378
17482
16943
17356
16945
18028
16435
17209
16867
16437
17108
17060
17299
17903
17098
16984
18480
16823
16849
16567
17089
16943
16525
18093
17480
15090
17932
16547
16031
17054
15287
16498
17952
16118
17363
16688
15660
17544
16545
17277
17493
15316
17617
17316
16183
17898
17120
17235
17876
19296
21617
21524
20579
21672
21136
21743
21214
18937
18094
16972
18165
17075
16402
17263
18781
16611
18033
17083
17088
17870
16807
16325
16811
15988
17122
17443
16157
16234
16983
14947
16935
16131
17084
16761
15356
16640
16520
17201
17014
16860
16160
18568
16912
18582
16860
15321
18387
16832
17646
18233
17177
16815
18660
16960
18445
17319
15993
19315
18135
17659
17441
15414
18726
17620
16693
17853
16130
16286
18340
17370
17042
16938
16463
17981
16980
18007
17891
15466
17331
18220
17131
16979
16544
15455
17797
17193
17740
16643
15102
17423
17463
17692
17703
16348
16758
18597
17053
16545
16915
15476
18245
16961
17891
18190
15745
18061
16974
16678
16767
16733
16095
19013
17246
17990
17828
16130
19698
17893
17158
18867
16885
17826
18725
17786
17945
18167
16390
19053
17490
20428
19509
18065
20358
19152
19504
20046
19414
18570
18611
17101
17755
17451
15920
18390
17740
18595
18026
17191
17398
19076
18195
17728
20164
17243
18804
17436
17764
17646
17498
17302
17302
17342
17698
18643
17058
18093
16550
18705
16878
16572
19140
16046
17935
19214
18066
17802
18869
17467
18575
19355
17184
18050
17943
18987
18199
17084
19360
18319
18439
19516
18528
18109
19904
18061
17952
19176
18691
17896
18186
18614
18991
17468
18493
18119
17918
18191
17273
17384
18097
16619
18762
17097
15747
18876
17079
17368
19249
16406
17294
19387
17840
18693
18174
18214
17723
17842
18106
18158
15770
18189
17728
17670
19040
16177
17070
19193
16917
17923
17165
17626
18736
17225
18607
17787
16367
22746
17956
16739
18706
17313
17340
17341
17422
19914
18348
16563
19598
17465
17500
18798
16311
17790
18363
17521
18907
17419
17846
17770
17109
18800
17650
16100
18390
17971
17293
18328
16539
16923
17617
17579
17983
17327
16762
18328
17682
18089
18315
16208
18475
17906
16478
17954
19271
17871
17813
17933
17567
18048
17931
16750
18659
17575
18091
16344
17911
18024
16257
18347
19549
18560
17457
18851
18695
17511
18161
17599
16808
19128
17828
17030
16569
18075
17467
17804
18394
17008
17888
17115
18665
17448
17454
17518
17695
18586
18287
17301
16415
18641
17278
17834
17879
17245
17816
16670
19200
16915
16962
17186
17747
17724
19470
16693
16026
18159
15189
18177
16950
16932
16831
16492
17998
17367
16892
15674
17845
17607
17523
17589
16795
17013
17513
19061
17467
16301
18906
16679
18885
18106
18046
17988
17673
18734
18616
18453
17277
20021
18398
20676
19545
18230
19346
18289
19567
18666
18798
18415
18272
19500
20045
20103
17378
20462
17522
19897
18629
18847
18667
18223
19266
19257
18384
18513
18718
17616
20112
18380
17337
19954
17390
20484
18666
18086
19039
18323
16777
19443
16270
18177
19012
16955
17443
18226
17859
17868
18757
16384
17966
16822
20328
17452
16685
17920
18379
18481
18842
18439
18209
18557
19461
19487
18836
17547
19875
18266
20081
19745
18793
19140
19378
19658
19390
19434
18370
19727
18888
19523
18942
17756
19006
19547
18911
17992
17832
19529
19544
19489
17855
17254
20434
18205
19205
18952
17243
17349
19519
18908
18678
19070
17193
20569
18610
19801
18600
17157
19106
19837
18560
18577
20251
18839
20797
20941
18931
18850
17183
21505
19546
19666
18985
17471
18987
19422
20742
19517
17965
17889
19933
18255
21876
23032
20965
23883
21287
18672
18286
17573
17732
19303
18114
18572
17985
16187
19720
17867
18637
17496
17925
17926
19301
17816
17242
16712
20616
17907
17869
18127
17504
19106
18781
18460
18061
17133
16757
19201
18043
19389
17590
15915
19792
17840
17810
17665
15902
16081
18135
17004
17921
17124
15810
17282
18960
17073
16475
15851
16522
18702
17685
16453
17474
16338
17911
19051
17760
17716
17661
16625
19926
19030
16385
17883
16981
19096
17755
16054
18818
17582
16765
19724
17310
16662
19341
15680
18139
18865
16887
17456
17441
18811
18194
17108
16545
17476
15347
19430
17800
16061
18680
17282
19001
18589
16241
18507
17828
17832
18429
18294
17027
17437
17736
19561
19429
17281
17367
17671
18724
17758
17237
18142
17386
18003
20716
19131
18209
20527
20405
21834
20959
19651
20247
19426
20634
20141
19115
20530
19862
18807
22271
20599
20127
19196
21168
19966
20296
19597
20362
18563
22311
20537
18267
20135
19571
21480
20827
19036
19188
19159
19602
21014
18766
18923
19849
19144
20303
19345
16727
17431
18018
19009
18271
17245
17490
17875
16556
20286
18506
16461
17860
17773
17866
18804
16383
17905
20533
20926
22793
21456
19820
17511
17808
17856
18441
16687
19240
16566
15852
19038
17070
18283
18840
16610
21310
17501
19845
17541
15868
19813
17350
17240
17709
18177
17408
19080
16007
18611
17309
16099
19097
16332
17841
17528
16727
18289
19318
19733
17889
17245
16878
23315
18324
19724
18351
16591
19492
19078
17774
17727
17849
17930
20690
17290
19583
18019
16353
20676
18061
18989
18960
16430
18798
20100
17849
18511
18626
17174
19884
18760
20009
18131
16834
21018
17347
19213
19109
16836
20147
18609
18665
18767
16721
18897
19810
19031
18778
18726
17249
21400
18493
19715
17966
16209
19301
16877
17505
17567
17555
16931
19365
16541
19539
18107
16196
20153
17346
18746
18532
17066
18198
19411
18215
19795
20883
21674
26581
23552
25754
22613
20946
23165
21098
20764
20707
21409
21020
22472
19850
21733
20768
19999
21076
16494
18053
18413
16799
18850
18317
16633
18983
16633
17225
20336
16342
17927
17814
17718
19269
17904
17973
18737
16932
18571
19272
15548
19033
16645
18293
20996
17976
20238
18544
17458
20175
19069
17289
20570
16461
18378
20100
16734
19460
17564
17600
19236
17462
19370
17775
17196
19680
19760
16676
19953
17742
18371
20125
17098
19639
20036
17729
19294
19621
18648
20823
19397
21488
23639
20026
24261
20439
21302
23393
20763
18764
17208
19101
20628
16532
20737
17001
19541
20560
17307
20695
20587
19915
21966
21932
20021
21680
19138
21412
23217
19077
22099
18156
17891
21153
16485
19577
18729
16531
19171
19466
16592
20568
17261
18286
21684
16823
19980
18605
17441
20122
18289
19875
18286
16127
18878
19630
15973
20679
16613
17132
19310
16726
18509
17126
16108
17609
18419
16257
18060
16144
16836
16589
15804
15676
15676
16203
17290
15554
15490
16068
15995
18991
15765
14991
16912
16281
16313
18856
16673
17201
16638
15488
20119
17399
16050
18536
15835
17675
18037
15999
16902
17176
16984
19096
16399
16770
18206
15420
18992
16785
15179
17583
17235
17554
18962
16564
17743
17677
17004
20960
17489
16407
19173
15934
18925
18463
16565
17810
17022
17395
19029
17219
17632
18138
16727
20494
17494
15974
18423
16650
18171
20323
16510
17832
17214
16792
19994
17712
17083
18719
16128
19306
19175
15897
17881
17001
16754
20319
17071
16939
18453
16878
20424
17809
16605
18544
17587
18952
19267
17231
17868
19476
17437
20169
17965
17402
18689
17916
20351
18479
16706
18247
19309
19136
19717
17173
18047
18890
17888
20074
17792
17732
18890
17835
21401
18290
16734
17606
19092
18902
19187
17026
18134
19587
17002
19842
18530
17353
18270
20228
17716
18229
17120
17009
19712
18384
18538
18193
17185
19022
19166
17963
17933
18029
17641
20632
18256
16963
19410
16267
19404
18612
19035
17451
17666
17598
20397
17074
17569
17956
16677
20545
17946
17751
19866
17426
19426
19104
18253
17608
18693
17774
20919
17086
18972
16734
18850
20324
18059
17959
17707
17463
19902
17492
17815
17939
17305
19623
19560
18534
17839
17645
17353
20208
17845
18445
18633
16517
21182
17684
17325
19033
17560
19068
19836
18404
18481
18109
18396
19940
17484
18605
18570
16787
18939
18727
18003
17927
17008
17794
20582
18135
18458
18325
17033
20350
19314
17573
19005
16644
17470
20736
17958
18262
17977
18127
20058
17805
18822
16238
18691
20035
17845
18722
17157
17565
19236
18039
17932
17901
16263
19873
17289
17871
19423
16960
18209
19864
18848
19161
19241
17361
19375
18044
17830
18598
17326
17460
18060
19654
17546
16826
18342
19983
17530
18401
18026
17628
17670
18370
18286
18250
16886
18223
19044
19454
18920
17207
17648
17903
19414
17600
18157
17205
16923
19160
18755
17747
16348
18068
19011
18270
18452
16709
17660
18044
19225
18353
17804
18326
17792
19108
17947
17297
15984
17637
18927
17741
18341
17048
17711
17485
18628
19532
17599
17778
17535
18597
17698
16551
17490
17956
18597
15807
18622
16284
18029
19159
18822
20029
16957
18072
17684
19051
17998
18708
18727
18095
20607
17314
20206
17398
18727
18226
19637
19725
18462
18159
17414
19874
17873
20328
17574
18777
20858
18490
19769
17322
18313
18281
19436
18662
19039
17867
18512
20046
17141
19766
16315
18006
18506
18937
19588
17890
18980
18203
19858
16052
18787
17613
19033
18422
16423
15870
15439
16736
17885
16735
16769
15289
16515
17810
16668
17669
16039
15090
17209
16964
17651
16747
14825
17200
17505
16298
17660
15191
16978
16849
17276
16462
16496
14801
18058
17270
16945
19770
15407
17869
17941
16932
18413
15754
16356
18076
17548
19412
17559
16007
19305
18648
17637
18954
16201
17677
20034
17844
18259
16348
15947
18847
17831
17910
17801
15918
17746
18860
17841
18014
16041
18318
19783
18416
19177
15976
16953
19544
16111
19791
17756
15855
19384
16327
19636
18552
15999
17417
18597
18186
19806
16855
16802
19561
16128
19166
18732
16898
19874
18409
19586
20408
16959
18531
20441
17873
19401
20320
17147
19844
17802
19980
19570
16938
18855
17381
18183
21314
19372
19292
19738
17878
20998
21066
18331
19972
17360
17993
20912
16681
19159
18360
16932
18419
23314
25516
23051
22659
25004
22706
22353
23840
22683
24815
23459
17202
17551
18465
20401
19257
17878
19293
19077
18983
20560
20869
20229
20394
17065
19238
19090
17213
19174
18273
17713
19670
17514
17894
18096
17131
19940
20351
17030
20584
17315
19539
20143
18598
18938
18473
18737
19291
25742
24574
25313
22387
23702
23702
20609
23069
21437
21607
23205
20997
20862
22583
22103
22311
17053
20600
18524
18520
20645
18550
20288
19339
17801
18696
19335
17450
20428
17828
18396
20529
16321
18834
17992
18253
18614
18692
19828
20150
18431
18163
19386
17135
18849
17725
17828
19063
16999
17309
18361
16963
17731
19213
16053
19589
18349
17467
19934
16435
17977
17550
18460
19570
18154
16799
18867
17364
17732
19406
16496
19935
16530
18984
19814
17294
17633
17495
17715
18809
18507
17400
16835
17899
19327
17365
17371
17526
16965
17358
19049
15249
17001
15777
18258
17269
16494
16343
16721
17288
17626
15457
15783
18053
16050
17492
18284
15538
16798
16725
18889
17139
16913
15584
18332
17031
17417
17981
15490
18442
16691
19168
18072
17002
17898
18514
19221
17186
18222
16214
19140
15793
18671
19299
16629
19736
16509
19369
18746
19396
17948
19240
19610
18744
19817
18381
20331
18192
21710
19909
17765
19968
17296
19819
19524
18060
19374
18345
20579
19330
18779
17503
20168
18592
20233
19652
17966
19867
17106
19743
18010
18430
17148
20363
20518
18455
19173
17262
20864
19193
19859
21266
17062
19684
18074
20550
18435
19217
17901
20710
20290
18111
19871
18044
19772
18770
20270
19794
18808
19040
18345
21253
18190
19253
17316
20053
19268
19757
20248
17406
20300
19088
20680
21471
20707
19897
20235
20162
20411
20894
19530
19718
18752
18491
20094
19250
18245
18605
18103
17419
18380
18035
16936
17130
17575
19135
17994
16878
18208
19189
17772
19136
17134
17366
20146
16822
20064
18424
16930
19226
18381
18739
19432
17149
18466
19735
17336
18767
18548
16574
19499
17896
18098
18734
17191
18376
18846
18401
18951
16700
17275
19662
17683
20830
17981
17726
20835
17197
20773
19960
17248
20732
19058
20297
20301
17549
19483
20292
19113
19465
18560
17419
20669
16554
19432
19326
16752
19068
19402
18173
20160
17247
18937
20016
16670
19953
20467
18853
22394
19937
20535
23345
19032
20405
21122
19732
20503
21335
19302
22055
18557
20737
19221
17185
20244
17102
18159
19705
18837
18392
19460
17450
18952
19889
17251
21147
16950
18723
20689
17217
21000
16682
17716
19960
17826
18137
19690
18515
18436
19402
17516
19998
16790
20019
19867
16208
19686
18073
17838
17633
21096
17657
18917
16128
18676
19413
15865
19069
17174
19467
20033
17055
18930
17489
19004
20121
18808
19439
19357
18923
20776
20637
18683
20834
18489
20262
19124
18078
19067
18739
17247
21263
18775
17375
20651
17750
20157
19632
17276
18504
16915
19945
19531
17330
20310
16415
18446
18177
18872
17699
17811
17217
19801
17977
16347
18851
15752
18548
18505
15577
18667
17262
16422
19824
17259
15984
18645
16123
18998
19169
16393
18645
17260
17241
19560
17650
17592
18203
16803
19911
18197
16657
20231
16312
20638
18868
16783
18399
17073
17275
20952
17583
17658
18563
16626
20483
19617
17009
19407
16481
18210
20099
17910
19017
17396
17728
22246
17391
19388
17231
17253
20489
19699
17918
19652
17090
18473
18533
16572
19825
17050
16546
19609
16223
17046
19564
16188
19804
17267
16271
18840
16900
17117
17444
16067
18730
16936
16200
17990
16946
15908
19861
16616
17853
17015
15830
18682
18716
17077
18140
15658
16230
21334
16885
18174
17215
16222
19397
18279
17761
17783
15999
18484
18715
15755
18911
16556
20561
16885
17492
16942
15894
19101
19181
17287
18868
16465
16611
21539
16330
17792
18099
16406
18771
18322
17539
17671
16134
17518
20895
15999
18902
17225
16047
21540
16500
18254
17756
16340
18928
24519
21683
19260
16980
16346
21933
25575
19128
17588
16907
19406
28278
17725
18234
16277
18441
22309
23740
19482
16012
15957
22041
26364
17979
17661
15586
19617
25000
17519
17714
16305
18427
23274
20941
18233
15965
15627
21571
23867
18030
16670
15606
18921
27711
17316
17532
15981
17938
21377
22445
18829
15846
15534
19730
25310
16495
16530
14909
18727
17111
16114
16863
14316
15554
19960
15401
16330
16713
15538
19512
15960
16020
15712
15710
17080
17802
16227
17369
15966
16183
20671
16059
15997
18545
16054
19897
16942
16343
18062
15848
19714
17509
15758
17224
16612
16205
19292
16879
16414
18246
15800
19697
17206
15669
18025
15590
15248
20071
16346
16568
16426
15085
19108
16177
15789
17367
15319
19381
17099
15500
17510
16518
16057
20248
16663
16613
16904
15797
19568
16110
15286
18277
14930
18323
17612
16269
16753
16707
15409
19985
16852
16447
17892
15397
19529
17044
15489
17967
15965
15436
19941
17992
18398
15772
20084
17363
17326
18284
17547
16311
20643
17555
17472
19254
17068
20968
19104
17207
20947
19528
18588
20783
19249
18749
19003
18058
22013
18924
18381
19808
17938
21367
20123
18139
20145
18344
18014
22441
19303
17963
17719
16642
21952
17683
16547
21432
16682
19480
18908
17640
19707
17705
16902
20581
16893
17087
19193
16655
19554
17648
15228
14932
14831
18066
16488
15163
15287
16179
17284
16721
16725
15554
16881
17151
18676
18626
14974
16442
16228
17794
17634
16614
15129
17618
17386
18163
17803
15548
16624
16944
18406
19148
15030
15292
17810
18255
16488
18042
15679
16691
16804
19376
18282
15166
16595
17012
17813
17949
16825
15545
17593
17967
16641
18118
15203
16901
16827
18127
19932
16187
16455
17631
18289
17649
18906
16851
16839
17724
19926
16369
15682
17917
18674
17454
18238
16353
16829
17491
19698
18553
15666
15941
17144
18634
18359
16049
15256
17005
16047
20881
16998
14904
16067
16821
18742
18089
15195
16584
16682
18027
16568
16035
15596
16319
15908
20164
16439
15239
17043
16820
19304
17796
15457
24767
25812
34551
18919
18458
15824
17466
16808
22151
18722
16137
17968
17617
20609
18674
16576
17523
19076
18350
17754
17943
17762
16771
18040
22417
16683
16548
18500
16101
18190
18739
16634
17468
17089
16121
19256
17372
15559
19087
16145
18000
17677
15901
19184
16879
17791
17690
15505
17402
17141
15570
18273
17384
17049
18161
17503
16367
18658
15587
17954
17419
17486
17935
17445
18373
17461
16345
16887
17676
16114
17615
17131
16851
17939
14739
18026
17467
18422
17012
15982
17252
16855
17269
18401
15790
18540
17179
17659
17851
17710
19116
19331
16004
17582
18672
16048
18804
18548
18546
18256
16996
19126
17374
15852
18801
16921
16886
18551
17048
17196
19034
15641
18226
16800
15964
17260
17242
18166
19182
15730
19047
18294
16658
19131
18584
18653
18199
18113
19929
18600
18258
18582
19744
20411
19128
19506
19140
20037
19102
20831
19825
20876
20054
19927
19865
19403
20626
18970
19763
19754
19035
20344
18359
20824
20165
20428
20491
20418
20603
19251
21382
19778
19771
19997
20907
19278
20919
19199
19212
19358
18143
20111
19698
20732
18221
18187
18563
18377
19305
17596
17226
17467
18013
17374
18539
18319
15840
18317
17091
18129
16962
17276
17435
17709
17107
19327
17433
15627
17241
17071
18808
17299
17343
17240
17089
18448
17413
17560
15632
17400
17303
19631
17544
17324
16838
19340
17495
17034
15972
17257
17378
18448
18919
16515
17659
17455
18794
17316
17081
19035
15663
19559
17446
16777
15493
17346
17032
18293
18230
15584
16775
16528
18159
17304
16900
16099
15735
16573
18598
17704
15969
16613
16441
18020
16833
16870
17234
15495
18726
17455
16989
15991
16237
16883
18301
17999
15380
16047
15222
19226
16942
16545
16613
15607
17452
17977
17468
15154
16292
15897
18631
16625
16198
15046
14751
18465
15579
17280
15125
16368
15765
17533
16060
15973
16737
16195
19471
17433
17025
15586
18140
18653
16080
18536
15863
17171
17785
18938
17637
17205
16563
17695
18619
17008
18224
16153
17782
18330
18674
20370
17886
19104
19178
20861
18950
18885
17967
19405
19552
17819
18685
16626
17467
16448
18033
16745
17508
17233
17071
18352
17236
18493
15396
16925
18448
17210
19100
17663
17639
17673
19180
17369
18507
17776
16768
18817
17081
18746
15822
17687
18872
16501
18816
17518
18199
18617
19019
18257
19393
17564
17975
19290
17502
19891
16763
17693
20028
17729
18510
17787
18073
17957
19859
18227
19294
16373
19221
18413
18182
18841
16958
17409
17267
18993
17501
17548
18645
18468
19837
18810
18405
17103
17615
19820
18200
16401
18003
17545
17618
19427
18184
18812
18888
18801
19816
18033
18450
16899
18052
19092
18245
16650
17521
17910
17637
18498
17742
16994
17993
18694
18616
18264
18643
18097
18613
19786
17300
19793
17062
18140
19608
18859
18142
18244
18588
18791
20351
17227
19806
18754
17747
21157
16851
18197
18481
18515
19288
19459
17470
18688
17794
17922
20499
17363
19875
17491
18592
20664
18229
19050
19136
19077
18566
20773
18793
18412
17084
17220
20593
16045
17914
17685
18423
18412
18449
19005
16499
17282
19745
16416
16655
16918
17231
16841
16808
17708
18144
16059
16185
18580
16955
16814
17133
17446
17931
17865
17640
17248
16809
17248
17170
17329
18444
15599
17368
18583
17254
17653
17426
17422
17273
18178
17906
17883
16521
17378
18130
16985
17416
17781
17579
18242
18279
17078
17538
17380
17747
17466
17270
17073
17007
16746
18345
17514
17187
17088
15769
18234
18586
17976
17061
16073
18652
18416
16276
17655
16118
16691
18791
15941
17174
15782
15812
17409
18548
17073
16989
16169
17535
19373
15986
19375
16458
17627
18244
18311
18350
16243
15776
18317
19298
17225
17038
15962
17092
19959
15942
18588
15955
16929
18606
18579
17768
17034
16332
17756
19736
16756
18552
16164
16495
18397
17554
17773
16334
15686
17872
18923
16320
17848
15560
17173
19090
16446
17149
15326
16531
19002
16028
18195
15704
15965
20023
17401
17486
16665
15229
17149
18473
16449
17367
15721
16587
18542
15745
18902
17112
16536
21404
17495
16552
16981
16945
16749
19822
15803
18633
17052
15861
19793
16854
17166
17724
15692
18104
16243
17639
17847
15599
19185
17884
17080
17069
17328
16702
19697
15973
18438
17388
16112
20010
17677
18027
19150
16448
18839
18776
18261
18361
18023
18185
19480
19142
20953
20287
18710
22853
19484
18648
20384
20355
20444
22152
19194
19503
20449
20339
22317
19313
19896
18847
18881
21240
21359
20455
21736
18377
21141
22502
18407
21645
19067
19543
20027
18614
17474
19026
16503
19871
19435
17864
18502
17654
20705
19156
18071
19033
15928
19133
20733
16996
21386
18675
18202
19985
18761
18566
19554
17673
19202
19820
19114
18724
16837
19473
18653
17370
18212
17918
16514
18370
18847
16925
17517
16671
19028
19336
16446
17719
16782
18928
19110
17281
17622
17553
15769
19290
18461
16649
17032
15911
18445
18803
16325
17871
17544
16584
18113
19020
17234
17046
15652
18632
17747
16404
17371
16894
19066
18568
16806
17599
16239
19328
19084
17853
16796
17874
19303
19454
16826
18317
19831
16840
19710
19819
17961
19889
18311
20187
19458
17512
18599
20667
18927
21762
18535
19354
21772
18279
20171
20331
17272
17830
18970
17207
19428
16780
19186
18301
16628
18338
17859
16724
21249
17074
16997
20385
17474
21832
19580
17933
19190
19060
17917
21819
17415
18895
19733
17525
21157
18361
17877
21680
17856
21729
16327
26084
20212
16494
24644
18896
16081
19320
17121
19776
21261
17936
18748
18476
16734
21806
16797
17536
19531
16715
20710
18203
17173
18078
17844
17209
22306
16138
17769
19436
16246
20838
16449
16158
18978
16980
18152
19536
16361
18385
18029
16114
19729
16004
17072
18202
15742
18855
17703
16072
19146
17412
17635
19082
15744
17546
18880
16256
19102
15815
16253
19791
23374
27961
27051
23961
18308
16385
19536
16116
17585
18147
16807
19299
17656
16748
19003
17160
18002
17570
16670
17666
17704
16574
19153
16889
16924
18891
18356
19230
17448
16280
17929
17863
15896
18890
16226
18361
18565
15777
17330
16569
17113
18295
16465
16392
17512
15695
16988
17357
16056
17837
16693
16885
18762
18350
17435
17628
16741
19546
18400
15770
20031
17305
17320
19426
17414
18097
18190
18321
19352
16716
17902
18075
18143
18497
18494
18374
19350
18440
20071
18638
16760
19956
16229
17434
18567
17316
17648
18645
16209
18771
18319
16480
19136
16202
18722
19155
16816
18175
17215
17165
19277
17495
17401
18102
15555
20070
17864
15558
17853
16025
16323
19891
15799
16692
16940
15259
19477
17061
15374
18029
15165
18466
17971
15384
17645
16239
16798
19978
17354
19074
16914
16027
19814
17106
15534
16400
16845
18260
16735
16276
17405
15550
19160
17358
14931
18213
16291
16746
19906
16843
16942
16609
16135
18868
17669
16583
18306
16525
18411
19900
16860
17658
17304
18300
19667
16992
17161
18803
16837
18666
18325
16623
17497
17018
16838
20944
17250
17152
17770
16300
19184
17131
16257
17450
17370
18967
18141
16425
16504
17450
15714
20219
18284
15849
18267
17334
18524
18507
17115
18124
16269
20448
18237
16801
19532
16802
18450
19219
17294
17561
17090
17996
18254
18122
17255
18257
16461
19016
18468
16180
18741
16388
19028
18551
17162
17474
17987
15866
20011
17655
15586
18379
16742
19191
19096
16115
17076
17726
18347
18826
17358
17857
19489
16665
21466
18026
16452
19366
18184
19491
19721
17280
17887
17421
19012
18982
17766
17961
19784
17340
19433
19027
16521
19242
16995
19025
18110
18361
18534
17715
20556
18587
17474
20181
16730
19197
20136
16838
18771
17865
16694
20294
19217
17248
19198
17705
19140
20483
17472
18570
18024
20500
20191
17319
17954
18848
16613
21216
19463
16724
19896
18514
17832
20009
16413
17116
18898
18413
20408
18119
17254
18944
16319
20825
17862
17132
19459
17899
19475
19677
19126
19395
18508
17028
21423
17953
18598
23844
20558
23262
23769
21444
23971
22971
20941
20384
19988
18847
19786
17618
21578
19808
17585
20673
17911
20069
20891
18015
19546
19025
17102
22209
18371
17722
20029
17370
20543
18871
17068
18687
16890
17027
20828
19428
17267
19531
16886
20249
19626
16771
21280
17170
20212
20058
17919
19710
18890
17103
22497
19742
18026
20702
17757
20946
20439
18652
19735
18789
18994
23008
19444
18907
19318
17815
21979
19627
20552
20087
17503
21743
19763
16033
19608
17674
20040
19833
18448
21297
20337
26163
30960
28375
21564
22338
20017
22383
22342
19329
22417
19337
22723
26167
21842
22646
22449
19891
21737
20924
18994
21169
18255
22109
21383
19581
20481
17877
18046
20863
20065
18176
19297
17416
19515
19311
19427
18327
16781
18699
18700
18548
17167
17427
16828
18206
20590
17946
18723
19572
18080
19517
16118
19425
18091
18143
20908
17137
17574
19771
18727
19057
20297
17438
18578
18136
19234
21490
16129
18923
17766
17376
19998
17245
16685
18040
18482
18245
20599
17501
18159
17646
18704
20386
15403
15597
19181
17479
18013
19318
16139
18369
18285
19521
18426
16363
18674
18632
18363
20602
17103
16515
18108
19328
18330
18607
17393
18580
18059
18086
20941
16226
16183
19904
18112
20815
17084
17952
18943
18033
18895
20242
18538
19138
18603
20420
20458
17670
19493
18846
19293
21465
18260
17324
20116
17718
19446
20200
17467
18062
18339
18676
21502
16490
16116
19316
17409
18060
18834
16161
17509
18177
18199
19684
16417
16946
16850
17479
20133
16394
16158
19072
17348
17785
19234
18827
20307
18312
19403
19186
18095
16778
17682
20101
17245
16781
16329
17377
19391
18684
18025
16927
19445
19098
19170
17643
16509
18707
18030
19055
17664
15830
17920
17408
19163
17459
15590
14973
18698
17499
16910
16813
16312
16778
18038
17254
16330
14675
15173
17302
18421
16762
15416
15276
18066
18263
17184
17128
15186
16290
18522
17668
20625
19778
21201
22980
19557
17155
16106
16609
18240
20081
16386
16554
15529
18310
19641
17690
17459
16375
17497
18994
18661
17975
15708
15575
18104
18584
17303
17078
16159
16800
19672
17623
17672
15397
17087
16584
19388
16952
15948
15537
17913
18956
17471
17656
16328
16932
18113
17975
16629
15257
16240
17644
18629
15867
16457
15323
19910
18646
17421
16779
14874
16192
18923
21040
21953
19621
19636
22770
23627
18954
16489
15460
17531
17443
16545
17421
15903
17143
19900
17335
17150
17088
17164
17901
17409
17601
16148
16068
18206
17440
17847
17354
16607
17887
16710
19222
17136
15432
15974
17714
17859
17386
15624
15343
17069
15758
19250
16206
14914
16363
16334
17120
18254
14859
14760
17680
14830
19202
16290
14618
16968
15572
18810
16867
15791
17005
17526
17187
19853
15597
18269
15508
19633
16957
15400
17545
16763
19735
17503
16118
16909
17604
16340
19814
16473
15697
18448
16358
20133
17625
16238
18127
17470
17876
19834
16716
15534
19870
15943
20029
17963
16775
19617
20655
20880
19369
18382
18665
21992
18699
20627
17373
17797
21969
18000
21363
18635
16933
19374
20170
19309
19275
17702
17721
21044
16992
20377
18463
16350
20671
17832
20450
18901
16800
18158
20704
18802
19573
17874
16665
21622
17739
21102
17601
17003
20346
18096
18631
18730
16670
18080
20828
18405
19710
17166
17133
22342
17249
20761
18807
17127
19837
19401
19075
19157
18353
18370
20727
18439
19754
18266
16794
21151
18149
19637
18382
18285
18005
22335
21178
19450
19130
18285
21788
21739
19500
18612
18167
20569
20859
19665
18313
18456
18316
21336
20710
18596
18608
17674
21243
19766
19619
18912
17992
18194
22217
20173
18087
18206
17740
20559
20193
19756
18620
17563
18001
18503
18738
16024
16625
16854
20611
18548
17165
16762
17150
19734
19181
18304
17193
17079
18688
19631
18997
17718
17113
17152
19795
19434
18060
19578
17583
18746
19466
18471
18214
17077
18389
20121
18687
17278
17356
17663
19067
20729
17302
17125
17083
17649
19472
18418
16120
17314
16738
20585
18427
16583
16340
17068
18886
19068
17380
17019
16321
17635
18729
18640
16695
17795
16394
19972
17156
17099
15389
18818
18165
17660
17162
15093
15025
21327
16900
16374
16697
15675
19665
18072
15699
17088
15967
17888
18196
16589
16786
16098
16235
21142
16755
15149
17595
14724
19533
17635
15968
17844
15977
16596
20866
17755
17271
16933
15986
21570
17507
16169
18834
16245
18957
18234
17635
17386
18508
17024
20857
16966
15572
18025
15923
20673
18496
15503
17832
15049
17973
20537
17395
17543
17123
20736
18973
17557
18304
17108
17352
21742
17879
17089
16929
16163
20848
17587
16493
18671
15507
18789
19147
16690
17156
16979
16964
21093
16753
15187
18913
15629
23017
20135
18676
19845
18248
20145
23157
18694
18137
16728
17198
21913
17968
16978
18645
16299
19638
19546
18931
18409
17106
18026
21636
17301
17499
18468
17771
19984
18820
16733
18342
15525
17759
19497
17610
16859
16755
17244
17790
15458
16955
14893
17931
17998
17843
15126
15744
16073
18537
16965
15096
17141
16539
17117
17976
17825
15302
17185
15025
19198
18846
15646
16405
15907
19273
19207
16513
15709
17532
18159
18057
19612
14695
17922
16745
19845
19299
15056
16508
17630
18766
17327
20058
15621
17729
17060
19979
19961
15584
17315
17663
18630
19756
17398
17596
17937
18365
18651
16394
17003
16923
18492
18491
19458
16046
18269
17782
17873
19510
15226
18489
16013
19111
18136
17691
16169
17247
18800
18026
20416
15193
19177
16850
19691
19211
15969
16304
16689
19101
18774
18281
16538
17145
17888
18118
20798
15391
18253
16622
19906
19519
17130
17617
16742
19556
18116
20024
15591
18457
18062
19057
19937
15716
19141
17123
18849
18549
17288
17031
16623
18530
17816
18319
17892
19127
24694
22977
23471
21115
21946
23250
24222
22463
20274
23176
22364
23200
24622
21212
20236
18773
18662
18069
17924
16300
15326
17310
17921
17191
15388
16392
16693
18183
18472
17441
15235
15438
18785
18137
15240
16019
15479
16278
19454
17181
16896
16396
15635
18407
19460
16826
16152
16496
19369
18105
16750
17905
17077
16398
19810
18286
17318
17429
16317
19077
19308
16482
17094
17524
18327
18423
19156
16912
16752
17761
19795
18220
16362
16835
16024
19555
19481
16169
16979
17164
16900
19865
18876
17031
16753
16491
18808
19571
17462
16905
16978
18908
19160
17246
17756
16794
16706
21767
22556
19636
19876
19066
23348
26845
19365
19906
20139
20517
22530
21594
21108
19742
21226
21217
24124
19324
17617
16438
18798
19221
16387
17367
17014
20053
20524
16347
17791
17528
24084
18576
18437
17704
17707
16897
19015
20207
17556
17137
16577
19114
17669
16976
16202
17062
16943
20025
18851
17362
16256
15406
20228
18921
15249
18033
16570
18440
19008
18119
15688
16879
15688
19759
19521
15314
17123
15817
17761
20326
15266
15933
18313
16550
18306
17694
15758
18224
16427
19083
20008
15803
17464
18455
17989
19969
16915
16762
19776
16970
19631
16921
16294
19325
16623
19892
18827
16565
19598
17243
19033
19303
16600
17416
20040
17581
20248
18386
16868
18773
17713
18096
20413
16064
16869
19984
18003
19655
17103
16871
19297
17496
19705
18934
16030
18543
17348
18118
19403
15985
16522
19636
17072
20931
16910
16746
17063
17824
19373
18571
15424
15777
18925
17930
18146
16975
15087
19609
16145
20898
18359
16273
17391
19773
19226
18790
17722
16669
17198
20246
20561
16691
17267
19046
18976
18925
17620
15933
20849
17570
20794
18786
16081
16398
18938
18923
18463
17867
16548
20738
17894
20735
16826
16004
20492
16990
17284
19917
17711
17849
19773
17931
18757
17247
14792
19556
16435
19305
16846
16054
19249
18429
17985
19429
16126
18054
18644
17605
19012
17833
17026
19721
17015
18827
17053
15117
18179
16648
17351
18618
15773
15457
19576
18885
19789
17362
15782
19576
16375
19499
18205
15489
18253
18967
16406
21529
16416
16238
20268
17952
20606
18073
17068
20256
17516
16806
20569
17263
16260
19127
16651
19438
16636
15310
19350
15925
18979
15848
15823
18654
16512
18943
16573
15384
19233
16229
17291
18367
14929
18211
17673
15397
20079
15835
15162
20024
17643
18534
19064
16172
20301
17582
19498
19712
16648
18874
19570
17445
19835
18167
16638
20385
20536
22398
19711
16441
19207
18099
16330
20456
17296
16753
20291
16052
19174
17835
15213
18572
18402
18848
16508
16173
16997
15806
17683
16909
15340
20082
16171
17029
16383
16038
16127
17950
15821
17568
16501
15981
16753
14618
19624
16898
15179
16392
18178
17915
17668
16523
15729
18289
17120
18595
16067
15675
16115
18417
19740
16249
15864
17550
18303
18122
18728
17255
17837
18530
15893
22051
15622
18034
17174
18389
19839
18317
17246
17421
18708
17311
18775
17601
17331
16589
17728
21573
15373
17797
16322
18674
17714
17775
16791
17460
17620
20313
15604
18355
17660
18630
17726
18975
15131
17281
17422
17464
20115
15589
16610
16483
16622
18212
18127
16201
17066
17610
16473
20101
15162
16923
16377
17545
20450
15462
16672
17245
17263
18127
19364
16009
18929
18833
16104
21264
16330
17387
16891
19247
19414
17892
16590
17812
17444
16446
20713
16066
17510
15247
19070
20808
16144
18576
17245
16375
18673
17550
15501
18194
17817
14819
18809
16640
17643
15586
17540
19159
15889
16686
15168
17549
17026
17087
16526
17529
16942
15893
20002
16398
15968
15898
17985
20470
15579
16352
17530
17062
15822
20237
16407
17956
15223
17837
20236
16853
15858
17341
17306
18690
15775
16956
17767
15394
17629
20579
17252
15818
17300
17873
20825
15590
16625
17949
16262
17788
20133
17178
17329
16133
18725
20895
16320
16783
18019
17809
20463
17177
16696
17629
15713
17512
20861
15940
15882
18078
17921
17766
16940
17844
14883
16637
20058
15606
15781
17339
16267
20696
15582
16749
17629
15472
17597
18349
17366
16548
17010
20396
22619
20350
18296
21179
17895
23515
19606
20043
20136
19369
19351
21777
19402
18289
19216
18075
22168
16936
18621
21055
17612
19606
20801
18617
18034
20116
19015
24345
18538
19055
20738
18264
22093
20919
18778
18688
18180
18289
19720
18306
17630
19469
18081
19777
17964
18883
16921
18066
19594
17357
16932
17155
15846
16773
17895
16424
14343
17233
15411
18043
16779
15555
17266
15916
18107
17027
17606
16538
16463
17347
19443
16326
16503
18228
18055
18188
16682
18099
15953
16880
18157
16996
17347
16565
16599
16757
19050
16769
18412
16622
17522
17279
17394
18045
16764
17256
15531
18939
16978
16936
18223
16769
17708
16466
18454
16995
18157
17860
19085
16343
17611
17478
16460
19647
16181
18623
18656
16445
20641
16256
18171
17599
18135
18777
17250
17557
17996
18640
16282
18518
17473
18445
17514
16922
19327
16459
18767
17590
18152
17006
20891
18103
18146
17258
15818
21210
16342
17627
16879
18743
20329
16417
16446
18365
17382
17055
21686
17320
18577
17790
17723
21217
17386
17005
18337
18200
17662
19766
14981
17371
15750
14975
20095
16356
16099
15747
16612
16700
18232
16468
15934
16729
17851
17766
15777
15172
16868
19528
18589
16875
16622
17441
20944
19282
17999
15657
16728
18716
21977
17961
17700
16765
17831
20985
20631
16178
16710
15231
18999
20416
17881
16044
16586
17585
20679
20646
17685
17189
17036
20063
20746
16587
16484
16799
20934
20320
17572
17077
16715
17320
21674
20072
16791
17393
16294
21382
19710
18419
17519
17342
18793
19752
20367
16977
16969
17191
21150
19770
17889
17201
16561
20195
20110
18436
16848
18439
21289
18910
19217
16406
19226
18712
21621
21420
18368
18279
18096
22100
20165
20039
16255
19216
19611
20073
19302
17518
17562
16679
22303
19798
18617
17454
16640
20523
17825
19234
16439
17231
18465
18962
19474
17046
15623
16102
19881
18679
16050
14755
17646
18294
18722
18493
16411
17177
16283
20636
19987
15896
15594
16201
18672
18661
16834
16688
16114
15700
19757
17442
16820
15327
18572
19294
19496
17373
17173
15666
22089
19324
17096
16508
17011
19925
18934
18598
17385
16841
15587
22576
19449
17262
16811
16819
22068
18609
16806
17679
16512
18627
19100
19379
16976
16420
15297
22125
20269
19460
17842
15667
19098
21991
18479
17751
17881
16877
22320
20961
17739
17319
15553
21865
19817
18090
17577
17115
18838
19442
20299
17677
16959
16356
21508
21274
18966
17548
16318
21365
21494
18343
18028
16303
20500
21235
17702
17641
17797
18278
20773
21276
18102
16746
15599
20654
20173
17748
17038
16507
19593
21141
19140
17267
16745
15650
21326
21957
18994
18175
16049
19777
20743
16888
17082
17169
17652
18233
19196
17482
15989
14948
20473
19230
17952
15966
16132
17398
21105
18722
16886
16675
15408
20736
19888
16731
17156
15485
18529
18724
17628
16865
16482
16144
19703
18571
18158
16233
16389
21035
17435
17735
19179
15737
20223
18538
17177
18292
17141
17268
21764
17257
18394
17447
15478
20492
18683
17125
19316
15220
19078
20059
17563
17367
18230
17105
20985
18579
18192
18618
15663
20517
20450
17934
18804
17784
17240
22108
16330
20218
17724
16481
21464
17032
18095
19218
15744
19938
19719
16598
20140
16904
17610
21117
17367
18704
18896
15971
20052
20322
17155
20119
16821
21900
16941
18939
18222
15753
20596
18767
17681
18963
15904
19009
19754
15203
19682
17344
16052
21623
18056
19462
19235
16543
19455
16226
19241
17070
16087
22150
16169
18189
17903
15566
19192
22518
15629
20212
15350
18755
19960
16185
20227
17761
16460
21950
18309
19164
18402
15745
20657
20821
15867
20776
18852
17393
22780
16051
19538
19184
15634
18510
20587
16531
18472
16068
18437
18938
16447
17046
15779
16692
20282
17071
16377
17206
15223
17704
18299
16594
18250
15713
18282
18825
16577
17926
16620
16494
17956
19986
16567
18532
15715
17722
20662
16277
18227
16714
16649
20238
25416
26191
24679
26152
28317
30484
23813
26710
19463
18944
20948
19127
18226
18257
18415
18769
22361
17233
18981
17569
19767
22029
18381
19378
17681
18039
18329
21760
18295
17540
17684
19799
22638
16249
19560
17945
18491
20929
19690
18669
16659
16857
18355
21686
16070
17851
17315
19134
20755
19961
18723
16556
18338
20045
20632
17001
17543
17924
17580
20300
18261
18335
17245
18106
20141
18270
18307
17059
17686
20909
17196
18888
18080
17698
16723
20651
16693
16627
19060
17027
20306
17462
18975
16987
17381
17765
18747
17221
17761
17329
16785
19281
18317
17279
16777
18304
20392
18142
18846
17540
18024
17560
19460
17896
17377
17798
19225
19050
18057
17992
18239
18046
18996
19725
16780
17097
18251
17430
20133
17143
17636
19499
17731
20488
19097
17969
19156
18408
20545
19449
19037
15750
18023
17669
19416
17795
17021
18376
15706
20134
19240
17161
16488
19104
18792
19881
17957
19944
17919
15590
21792
18151
16831
18907
17879
19484
19641
17755
17649
18158
17316
21332
18740
16033
18401
14663
20135
18504
17335
17109
17690
18078
21389
16514
16463
17228
14279
22252
16179
16356
18185
16067
21170
17637
16406
16445
17610
20440
15718
14962
18685
15276
20695
17214
16006
16631
16174
18260
19947
16043
15667
18192
14840
21221
16250
16277
18891
14797
19504
17298
16092
17590
16365
15760
21516
16225
13934
18466
14464
20654
16537
16073
17367
15274
17357
19422
16194
15240
17811
15714
20210
15236
15709
18344
15275
17593
20053
16995
17154
16673
18075
21206
15797
16211
19769
16308
21032
18560
17214
19682
16840
21231
18134
18276
19748
15509
19900
19965
17276
18090
17197
17038
19938
16613
16595
19379
15584
18316
19232
17249
19431
15395
16927
21109
17238
15650
21034
17592
18918
18060
17108
18859
16297
18210
19986
16540
16585
18174
15956
21195
17286
15559
20462
15096
18821
17378
16090
17712
16613
17205
18994
15451
14708
20500
15345
18471
15767
15786
18544
14988
18149
18163
16058
17341
18324
15849
15914
15700
19663
16969
17827
17839
15526
19040
16539
17906
18958
16110
15983
19930
16269
19888
17682
16911
18826
17914
17313
19879
15939
18674
17231
16649
21165
17284
16011
20134
16249
18079
16866
16612
18366
17013
17372
19387
15546
15879
18823
15579
19716
17199
17350
20135
17089
16862
19171
16826
19524
17046
16860
20022
16342
16220
21298
15850
18908
17019
17345
20350
16295
17514
21364
16514
18691
18325
16864
20888
16403
18099
19296
16023
21556
17029
16834
20404
16182
16870
20534
16452
18800
16599
15529
18670
15001
16651
18683
15387
18038
21239
16821
18739
14923
16691
20743
16442
17896
17464
15936
18342
18691
17354
18345
15013
20496
21742
15520
19302
15214
16920
20129
16532
18434
17535
15880
18881
20639
17225
19918
16504
17388
21856
17663
20308
17946
17744
20068
18516
18234
20902
17030
19459
18199
19819
18180
16969
19021
19414
18698
20723
15906
17217
21167
16699
20051
16317
18228
20707
16761
18796
18758
15594
17880
19927
16422
20098
15439
18237
20365
17194
19765
17274
16946
20360
18194
17342
18595
14900
18173
19524
16486
20043
16151
16949
20449
16920
19315
17542
16544
18331
18908
16598
20476
15800
18414
19564
16677
20307
16791
17612
20887
17816
19025
17961
17127
19313
18177
17506
20653
15859
17107
19344
17923
18819
17139
16793
19496
19173
16639
20755
17449
18602
18708
17063
21522
15821
18865
19377
18142
18252
18679
16968
20789
15937
18437
21059
18072
17597
20465
17309
18305
17944
17735
20445
17683
16938
20949
17374
20241
17421
17730
20841
16861
18880
20084
16186
18647
18699
17153
20885
16786
17078
21174
16117
17705
21009
17274
19456
16900
18876
19232
15134
17239
20171
16913
20076
15295
16850
21030
15003
18996
19707
17000
20637
15542
18697
19731
15857
18450
19165
16410
19332
16195
16630
19811
15268
17404
19912
15174
17764
19551
18270
19875
16996
17483
20743
15607
19513
19394
16388
21163
17323
18553
21806
16292
18126
20655
16133
21618
16288
17333
21341
16907
19371
20538
16242
19391
19972
17875
19608
16409
17842
21283
15250
18422
19285
15062
20366
17107
16007
19695
16359
20402
18799
16385
20264
17381
18586
21204
17458
17901
20150
15438
20961
19269
16014
19574
16965
19156
20877
15711
17343
19821
16584
21254
17430
16679
19933
16094
20870
18442
15496
17088
20111
19668
20970
16228
17275
19851
15959
21444
19123
15468
19919
17743
19270
19806
15969
18065
19837
16304
21342
19053
16780
19463
17303
20112
19157
16319
18466
18533
18308
20324
16654
17040
19446
15618
21865
18808
17651
19957
16937
21126
19141
15609
18752
18412
17603
19086
18553
17103
20534
15783
20633
17911
17128
20199
15676
19308
19520
16883
17664
20138
17799
20735
18373
17169
19352
15143
21584
19574
16592
18066
17184
16555
20604
16243
16866
21099
17939
22619
21407
18436
18116
15775
19047
19036
16136
19396
17484
17358
19928
17043
16565
18145
19076
18021
16288
20005
16350
17032
19853
17762
16731
21128
16496
17806
19536
16172
19944
17126
18166
17724
17916
18245
18826
16256
18666
17324
17279
18709
15824
18125
20272
16113
19845
17709
17440
19345
17048
18688
19897
15747
18147
20701
18296
19190
17232
18081
18299
17333
20751
15959
19123
19401
17477
19268
18130
17723
19270
16786
18411
19626
16164
18200
20586
18807
20042
16885
19181
19383
17335
19189
20539
17343
18977
18189
19245
19803
18105
19182
20927
16630
21827
18012
19266
18949
17491
19787
27663
17328
21733
19450
20069
25799
19218
19542
19741
17736
20982
26100
17470
18160
19608
19422
25004
16375
18027
19901
17295
20559
16990
18818
19130
23715
18785
21192
17168
18888
20028
25613
19541
18559
19800
18889
25776
21138
17417
19347
19349
26869
27674
20533
18991
18573
22527
29597
21904
18910
20154
19617
31644
21268
17585
18770
17791
27239
27181
20635
18068
17548
20674
32492
19822
18782
21938
19692
28499
21803
19876
18853
18571
26714
28021
18247
17760
20079
20680
31349
18163
18432
19957
16841
28669
22580
20108
19303
17314
20407
38198
18011
18381
20693
19920
28359
22476
19243
21983
17918
29445
22897
19306
20990
17358
20613
30411
19844
18564
21061
20109
27697
22005
17694
21237
18772
25524
26215
17650
20036
19454
19527
30561
18523
17591
19946
18278
29316
19717
19134
20232
18046
19990
30289
18561
18947
20018
19547
28535
20300
17668
20252
18872
19688
24063
18535
19519
20151
19269
24265
19803
18092
20215
18656
22487
20143
17946
17133
19396
18819
25119
18040
17149
19409
20266
21387
21146
16565
18784
18066
22582
18894
16805
18818
19028
20441
19303
17316
19178
17050
18933
23406
16064
16331
20582
17434
24496
17404
16575
17867
17621
21781
19241
16659
17044
18579
18982
23486
17129
18894
19634
19978
22121
20640
17714
20967
18379
22602
20080
17459
19909
19470
18370
24381
18066
19524
20112
18645
23268
20714
16545
20021
17367
21368
22174
17399
20184
19860
18744
24077
18943
19296
21005
18823
23945
19876
16149
19448
17314
24126
16782
19619
19718
18344
22173
19987
17633
19938
19600
20832
22650
16957
20191
20304
18948
22966
20173
18818
20904
18862
23239
19990
17440
18426
20363
20441
22894
17799
19457
19490
18370
22739
20469
18436
19286
18386
22481
19367
16118
19933
19601
17345
24107
18892
18090
19571
18077
21802
20789
18007
19656
19094
21912
21043
18566
19791
18883
18295
23335
20211
18089
19765
19276
23029
20055
18995
19730
19811
22453
19816
16502
19777
19143
19369
22990
18868
19217
20107
18500
21412
19985
19018
18259
19441
21436
20107
18735
17991
20724
19689
23577
21320
18610
21763
20325
21556
21582
19067
18419
22532
18775
25369
18893
18443
21994
17754
22179
21770
18613
20335
20724
22304
20580
19326
18011
21962
17895
23673
19790
18128
20429
19711
21627
22456
17578
17364
22041
19938
24243
16244
16968
20925
16748
20575
17707
19633
19595
21906
21423
17125
17683
21748
18183
23815
18377
17148
22820
16985
21739
21532
17911
18084
22191
22214
21171
16254
17639
22688
17147
22454
21127
16917
19263
19929
21386
21739
17627
17657
21107
19437
19571
20158
16608
22441
16116
20721
20422
17757
18240
20966
20989
21303
16241
17282
21538
18191
21240
20662
17370
23665
18784
20366
20604
16731
17678
20520
20800
20653
17272
17627
22108
17673
21676
22463
16202
22222
21966
21226
18004
17478
22270
17996
20930
19963
17357
20878
21878
24609
26774
21170
22608
27025
24970
26937
23358
18791
22995
18048
24341
22758
17178
21703
20738
20774
23066
18449
18219
21814
20497
21156
22687
18535
22850
18119
21474
24227
16788
18718
23548
21750
22328
20563
18546
22555
17881
24730
22774
17331
22986
18655
21047
23381
19426
19410
23376
20820
21629
22284
18832
23738
19230
22960
24089
17342
19993
23982
20751
21069
18492
21998
18925
23683
23321
16840
23128
19708
21654
24199
19705
20456
23881
20366
21877
21957
17819
23196
18206
23105
24099
17745
18133
23413
19897
21244
19497
18491
21503
17584
22413
21993
15702
22932
17929
20884
22577
18692
18307
22475
20490
19348
20950
18144
20716
17530
23229
21984
16477
21271
21493
21734
22305
20443
18303
21993
20244
20968
22779
17281
23818
18517
21187
23407
16969
17643
22893
20205
21896
19953
17511
21981
18103
21537
22028
16218
22904
18050
22465
23690
16853
18407
22845
21633
21284
20790
17212
23315
19323
21066
23670
16389
21721
17941
21154
22021
17204
16301
23471
18020
20157
21160
16025
21726
17267
20603
21735
15584
20150
20180
20691
21254
17686
16194
22709
18208
20473
22224
16709
21358
19063
21744
22125
16200
16071
24443
21249
19186
21700
16458
21446
18652
19869
22881
16055
19199
21093
21710
21443
17578
16503
23716
19941
17812
23305
17234
22085
17774
21814
22303
17306
18681
22513
21589
20873
19327
17800
19925
22273
21569
17674
17921
23086
21004
18041
19923
15951
22037
20142
19921
23213
16568
19676
19339
20806
20766
17598
16113
22864
21292
17327
21679
16165
22337
19016
21252
22321
16456
18716
20161
20985
20746
17898
16382
22425
19273
17270
23377
15671
19394
19985
20141
20799
17229
16124
21202
19039
16493
21045
15764
20968
19614
18472
22004
16334
17106
20629
20779
21574
19845
16649
22637
22271
18230
23110
18428
21072
20129
20104
21790
18915
17377
22140
20568
20030
20992
17131
23288
23817
18623
23553
18904
21120
21278
21129
22683
20222
19202
21926
22288
19962
23899
18816
22205
20499
19053
22412
18723
19547
22814
21366
22781
21448
18662
23586
23069
18013
23072
17914
21292
20653
19739
21243
18614
17570
22082
20884
18900
20117
16064
21757
18895
17763
21778
17316
18117
21769
20291
21378
19876
16942
22073
21627
17653
23473
16900
21807
18897
20704
23238
19354
19466
22315
21023
20749
21904
17793
23171
21814
18235
25180
18385
23919
19706
20616
24049
20438
19552
22826
21157
21363
20823
19189
22736
22495
17989
24808
17550
19718
21282
19128
23222
18759
17372
19697
20077
21141
18293
18604
18274
20504
20528
18117
16354
21603
17946
20858
20715
17345
19694
19375
20666
21746
17801
18230
20845
18394
19225
19030
16922
22157
17757
18489
21241
18578
24029
23833
24910
23758
17757
17611
24054
20710
19904
22510
17589
21787
22577
20602
21924
18379
21091
21082
22073
19037
20978
17928
24019
20060
18372
21249
18243
19705
21800
20549
20290
17951
16633
22132
20473
18319
21574
17230
23336
19102
19063
22234
17131
22793
19843
19945
21375
17216
20391
20176
21184
18845
20289
15780
24304
20220
18625
21119
18368
20725
21013
21483
21735
17949
17297
22690
22316
18380
21066
17166
24206
22039
22885
25797
21205
24611
25741
25723
25506
23887
18484
24475
22738
18494
22875
18316
21782
23346
19859
21848
20486
19230
22046
21778
17196
22838
17500
24600
20902
18892
21636
19715
20180
22517
21749
21567
18030
16783
23522
21710
17008
23541
16689
21579
22946
19032
20578
17330
23359
21434
16464
23039
16356
20269
22475
17792
21056
18401
18250
20292
21937
17732
21813
16620
21082
22586
16842
22402
22241
25551
25742
23973
21072
19697
16888
20498
21890
17444
22825
18007
18489
21730
17689
21958
19060
17314
20113
22129
18052
23061
17058
19460
21821
17587
22438
18455
17973
19411
21334
21725
19755
18226
20138
21371
16624
22842
17545
20306
21319
17432
21951
18655
17023
19951
21075
18625
16973
18340
21114
15965
21851
18843
17030
19822
20446
18892
21078
16931
19826
20841
16171
22871
18212
19063
19767
19553
21944
18923
17077
19814
22510
17357
21463
17498
19636
22495
17192
20820
19237
18113
20122
21098
19317
19045
17581
20569
23016
17313
21967
18645
21563
21346
20083
21358
19152
17875
20411
21067
17450
20868
18655
19121
22514
16417
20032
18987
19372
20618
20729
18391
19488
17612
19276
22089
16031
18401
18935
17535
20000
18805
17146
17176
18918
19922
17109
19182
17025
18398
22110
15953
20062
17455
18924
19463
20595
17578
19270
18908
19710
22619
15642
21468
17328
19925
21049
18471
20514
17777
19801
20971
21303
16984
20824
19555
19354
21958
16627
21024
16859
21536
19845
19870
18039
19883
18134
19044
21694
16540
20846
18056
20162
22759
16270
19747
17892
19179
19892
21477
17975
19984
17323
20358
21312
15192
20828
16473
19290
22045
16063
19207
18087
18850
19657
20663
18594
19903
18594
19910
22740
16523
21312
18526
19433
21744
19110
18305
19733
19009
20682
21148
16754
20864
18690
19937
21977
15643
21850
17097
19013
21229
21079
17053
19637
18832
20383
22052
17166
21005
19257
19716
22640
16692
20394
17906
20354
19214
21494
17642
19565
17509
18283
21369
16311
20230
15751
20517
21825
16846
15684
19457
18027
18422
21934
16097
20041
18630
18137
21348
15297
18260
18406
18300
20149
19939
15656
18986
17548
18009
21960
18355
19193
16355
20009
20697
17325
18531
18197
19808
17906
21791
17390
18947
17832
18813
20385
17519
18479
16590
19320
19049
18469
16481
19127
17126
18039
20527
16996
19095
15966
18908
20824
17577
17476
17065
18590
18968
19296
17671
18666
17025
18529
21255
18837
19416
16880
20098
20742
19382
18073
19516
18632
18830
21047
19021
19911
18341
18322
21548
18554
20890
17972
19750
20894
18090
18750
17234
20566
19545
19785
17527
19665
17571
19391
20573
19366
20285
15588
20652
19719
19254
17220
18116
18652
19925
20434
17104
19205
16723
19485
20540
17841
17789
17307
19185
18196
18538
17101
19468
16579
19610
20005
17640
18253
15636
19901
20457
17892
17728
17365
18348
18928
18714
17136
17241
16783
21061
19586
19234
18346
15114
18019
20559
17796
18061
17557
17686
21721
16617
15196
18805
17156
20089
21380
16095
19699
17067
20900
19801
16219
17666
18991
17461
22523
18316
15925
20118
17337
20267
21225
15173
19638
17669
18280
20569
16379
16067
20054
16240
21013
19328
14602
19708
16978
20852
19586
15329
18631
17313
17912
23603
16361
16358
19109
16068
20827
21221
15329
19279
17755
20023
19196
16572
17182
19293
17819
24048
17496
15778
19662
17289
24698
18041
15639
20104
16415
21242
20805
15750
19200
17047
18145
22530
18080
17252
19039
16085
21970
20324
15800
19712
17749
20835
20088
15589
16619
18143
18110
22049
16678
15092
19210
17115
20379
20351
15100
18862
16893
18767
20925
16662
16458
18894
16080
23715
17373
15802
18661
16536
20380
19678
15590
18074
18960
19985
21092
18893
17935
18227
16794
21501
21329
17938
22534
22015
24684
25711
21243
18339
18038
20184
20701
20700
18981
18836
17568
21469
20466
16984
20449
17017
20172
22532
19728
16638
19860
18847
22606
20676
16291
18347
18057
19415
22644
18008
19113
18125
19024
22749
19995
16592
20014
17508
24369
20218
15689
19470
18920
19569
23278
18575
15830
20433
18660
22238
20418
16842
19410
16697
20783
22035
17911
18856
18693
18968
20327
24156
16241
19878
19241
23663
19844
17340
19150
18338
23742
20128
17100
20551
19048
20925
23104
18051
16755
21358
18867
22208
20840
16549
19857
17623
23199
21602
17615
18601
20126
17555
22089
18650
15083
19518
18008
20806
19810
15665
18913
17067
18879
22487
18001
17461
18335
18003
21555
19563
15775
19085
16923
21277
18865
17533
18835
17357
18697
24172
18115
15592
19346
19013
21434
20444
16188
20825
16673
21351
22098
17868
18467
17751
19820
21457
15803
19441
17274
23886
20167
16676
19104
15705
20191
19077
19365
15110
19463
19060
20526
21522
16396
19571
16362
19143
20340
17554
15888
18824
17852
20791
19528
15165
18210
16556
21621
19599
16499
18817
14531
18782
21468
18382
15210
18961
17498
21405
21115
16008
19526
16867
19994
20119
17672
17581
17847
19082
21922
19464
14999
19614
17439
20669
21811
16783
20618
17804
18803
22151
19806
19453
17198
21890
20717
17174
19738
15474
20453
20984
19025
17010
19444
19405
22133
19398
16422
19627
16935
22367
18431
16893
16968
17401
19681
19799
20041
15928
19750
17433
20958
21135
15594
18812
17777
21467
19715
18760
15484
19277
19759
20841
19898
16438
19579
16871
22930
20920
16644
19127
16759
20918
20870
18400
15876
20131
18610
22346
20779
15214
20203
17235
22335
20200
16542
16434
19313
22098
21957
16598
18545
18302
21206
20368
20983
16268
19777
19246
21927
20325
16963
19098
18766
21782
21227
18996
16370
19860
18628
21490
21186
16204
20310
17631
22124
21245
15293
19033
19093
20831
19940
19092
16142
19211
18255
20666
21251
16227
19032
17266
21302
20746
18148
17015
20205
19971
20340
21541
16837
20616
17282
23635
21658
16238
20196
19243
21738
20726
19433
16729
20708
19742
20792
21888
16037
19274
18629
20739
21782
16008
19606
17106
20579
21761
14951
16747
18950
19023
20321
18365
15737
19845
17437
19649
21122
15057
19149
15848
20112
21454
17783
16574
19943
17542
20108
20792
16471
19491
16622
20520
21525
16733
18169
19694
20373
21899
19198
17013
20553
18212
21723
20904
17844
20347
15973
21927
22311
18260
17885
18694
21766
21132
23684
21007
23963
20948
26502
24555
21529
22579
17054
22678
20592
17722
20132
15145
22139
21214
17860
15432
18550
21029
19069
17934
16456
17516
17275
21790
20210
17442
18460
16477
21596
18524
19587
16804
18550
20428
19827
19591
16548
18678
16878
22982
19195
19282
15553
19725
20515
20474
19053
16053
18444
18521
21262
20128
18211
18371
18299
26445
25274
23341
20729
22734
27076
23627
23273
16440
18903
17873
24060
18334
18635
16852
17847
22129
17819
17029
17374
18456
21435
18238
18074
16154
17620
21692
17432
19885
15168
18128
21828
16847
19683
15669
17785
18902
23045
17808
18558
15186
18995
22434
17498
19501
15308
18221
20407
20405
19468
18774
17920
17811
21888
17081
18749
15212
19157
21338
17399
20048
15627
18404
17705
21545
18811
16689
14998
19112
20606
17431
18846
15356
18360
22353
18479
20041
15908
17478
17405
22723
18230
19075
14919
17942
22290
19615
15890
14989
18403
21500
17037
18740
15122
17152
20450
17610
19240
15127
17287
18089
21463
18016
18577
15448
19404
22268
17697
19924
15994
18177
19575
20182
21061
16579
15774
20398
22940
18181
20331
16191
17506
23172
16542
20623
16111
18746
18103
22172
19566
16973
15666
19427
21021
19122
19889
15770
17612
21526
18911
19787
17482
16283
19755
21382
17426
18726
14828
17663
23015
16724
20492
16154
17550
18481
21018
19605
16839
15291
19957
22003
16483
18717
15302
17427
22539
16694
19813
15227
17366
20377
20327
18926
16698
14811
17275
23082
17197
18574
15257
17223
19682
19887
18237
17840
16242
20380
21690
16393
17242
18463
18139
21912
18385
17163
17873
17581
18627
21188
17971
18410
16482
19070
21662
18576
16721
18187
17555
20411
19625
17905
17711
15347
20763
21460
16431
16636
17819
18143
21957
17889
16805
18067
17589
20618
18653
18245
18083
15998
20041
21549
16423
14910
18005
18045
22141
19753
16360
18132
18317
20744
20731
17752
19007
17105
18726
19938
19097
15766
20371
18550
19224
18208
16601
18976
17946
21548
18334
18046
16254
21602
18536
20404
19641
15746
18440
19401
19404
19798
16538
18527
17055
19948
19622
18977
15582
19574
18773
20018
17149
14846
19249
17463
19949
19096
15100
18700
16662
19970
19261
16107
18618
17004
19728
20255
18628
15420
20239
18761
19989
19053
16335
19139
18193
19887
20200
17076
15498
20156
18590
19807
18850
16778
19925
18980
19411
18321
16923
18937
17793
19287
23307
17501
17998
18603
19478
21313
19300
17144
19517
18702
18986
21430
17587
19833
17885
20738
19079
18388
18264
17961
19410
20822
16894
17446
18152
19266
20284
19466
16387
20174
19497
18655
19747
16517
18841
17426
19512
19397
17382
16862
18091
17552
17472
19166
15790
19553
16089
17475
20084
17030
17507
15014
18380
21028
18740
17062
16627
17526
17474
20008
17431
18042
15945
19981
20505
18297
17185
17897
19072
18739
22985
18815
15158
19671
21926
18307
17380
17212
18769
18464
22111
16971
18928
18366
20134
22960
20530
19915
17781
20986
22126
20820
17675
18110
19212
20012
20919
19742
19048
16227
21582
20778
18722
19796
17953
21304
34047
23177
16203
18515
18198
19380
20330
18286
18458
16277
20331
20497
19880
18718
16601
20369
19091
20508
17306
17379
21126
19621
21408
19759
17243
20287
17726
21873
18376
19011
16665
22498
20701
19739
19087
16653
20713
19758
22644
19183
16858
19014
19357
20634
19384
19659
16923
21392
21625
19244
19239
17183
19887
18768
22545
17760
18818
23262
27469
26819
25725
27033
23236
26032
24026
26087
23281
20464
23694
21368
23417
22511
24371
20870
25379
23927
21172
23175
19632
26288
22566
23757
22267
20299
23778
20717
24661
18653
21278
19713
23719
21377
19361
19699
15374
21700
18153
20333
17692
15485
20680
16980
19469
17307
20220
15885
21078
18263
17743
17773
14891
19594
48260
19649
15705
16697
17822
18884
19445
17406
18128
14607
20536
18792
18891
17435
16241
20535
17650
18507
17106
18643
14929
21483
19783
17213
16426
20411
16539
19117
16506
16997
15282
22808
18184
18327
17079
16152
20752
20484
19580
15953
16145
19538
18608
18762
17783
16220
14434
20515
18840
17817
14638
16420
20745
18592
18618
16494
16983
16825
23123
18632
18363
16084
15744
20613
20018
17848
15113
16329
21625
17947
20133
16854
16163
14875
25516
23958
21525
20800
20383
24045
23692
23315
17535
16626
18129
18241
18689
16112
15030
20333
19924
17545
16096
16907
18881
19427
19336
17090
17251
16267
21048
20831
18788
15889
17061
23158
18321
18997
16862
15702
20454
20216
17652
16424
16641
19659
19049
18285
17946
16389
16731
20040
20908
17005
16296
17013
21922
20229
19350
18134
17995
19694
20391
21352
19261
17084
17725
21675
21785
17403
17638
18598
21531
18739
21130
18996
17950
17665
18964
21629
17447
15416
17010
20915
19553
17992
17189
17028
19534
18975
19404
18614
15298
16954
21217
19456
17722
16650
18297
20777
19416
17377
17452
17760
22006
17339
21104
19163
17412
19860
21344
23214
19205
17305
18277
22729
20638
18297
17612
17369
20431
19838
20181
19069
15962
17092
23837
21046
18397
17502
18213
22451
19627
19418
18901
18201
18735
21072
21608
19461
16342
17917
23521
19560
18588
17665
17706
21562
17531
20375
17290
17190
17459
20778
19955
17658
16408
17997
20740
18239
18069
17511
18211
22324
20205
17930
16272
19527
19503
18643
21075
16574
18516
17376
21714
22398
17147
16586
18982
22294
18673
21282
15845
18417
16911
20935
20588
16783
17273
16863
20744
20321
17440
15111
18567
19244
19025
19306
15043
16642
17405
19543
21008
16436
15303
17746
20462
18496
19820
16128
19384
17749
21874
20511
17987
17912
18999
20951
21105
19030
16394
19133
21241
17460
21000
16699
18559
21345
18677
20255
17365
17083
18758
19031
21121
17509
18032
18305
21143
21740
22435
22644
17207
21779
18233
21187
18113
17155
19901
19893
22162
18931
16644
18317
22945
20106
21745
19245
18768
21961
22073
22208
19689
19616
21418
21669
23303
21099
19858
21018
25238
19947
22385
19629
19353
21568
23764
22615
21157
20982
26357
27218
28009
26864
23997
28160
30731
19871
20068
16790
17971
19545
19658
21252
17552
17309
18641
19965
22358
19493
16584
17643
22067
18570
18480
17349
17987
19868
19924
17670
18563
16717
21086
19925
17514
18959
15980
18589
20385
19202
19067
18045
17089
18866
19450
18710
17974
15810
18450
21672
17205
19367
16477
17729
19680
20144
18898
18004
17878
19557
20611
17777
19359
15551
18885
20598
19051
17459
16589
20948
20342
17157
19375
16349
18070
21816
19629
17247
17305
18493
21306
19746
17486
18691
16300
19082
21865
17967
18399
16570
19163
21325
19727
16957
17818
16935
18010
22640
16853
18500
15379
18945
21559
17929
16741
16438
17457
20429
18236
16759
16291
15806
17439
21328
17271
16093
16551
17338
19632
18726
16232
16252
15838
17296
21996
15591
17497
16002
17022
21855
16446
17555
14550
18128
16980
14368
15365
14728
17070
19289
14703
15967
14598
16235
17647
17926
15257
16137
15445
15920
19476
16074
16401
15664
16946
16804
17866
16480
15815
16356
16851
18972
15925
15702
16046
16076
20630
14709
14491
16509
15655
17844
18179
14525
15608
16171
15091
20469
15106
15202
15744
16572
19141
16098
14654
16818
15617
17562
18582
15895
16540
17316
16773
21819
15958
16528
17212
16308
17896
18768
16226
16321
16278
15697
20963
15737
15490
17306
16162
19089
16369
15616
17248
16672
16483
19884
14530
16613
17162
16669
21278
16196
16545
16422
16145
17271
20114
15515
16457
16548
16836
20386
15887
15295
16553
16167
16408
19385
15806
16307
15827
16473
18672
14481
16610
16320
15738
15906
18511
14718
16630
16460
16603
20047
15105
15975
16631
15764
18474
15134
16230
16105
16824
15790
18901
16554
15813
15348
16916
19855
18759
18702
17200
16541
17420
19576
16481
16999
16820
15488
19809
15778
16385
16571
16281
15823
18427
16159
16463
15039
15336
19233
14030
15748
14956
14495
18008
15724
16245
16440
16574
14868
19845
16721
16099
15554
16114
18789
16427
16303
17259
17179
15818
19662
17802
16473
17514
16712
18624
17437
18004
17329
15715
19772
17013
17197
16442
19235
16561
17408
19000
16352
16863
15498
18231
16538
21389
21063
19651
22259
18767
23685
18612
22031
18791
15697
17495
18853
18612
16188
17615
17128
19377
17555
17780
17477
15557
19042
16232
18991
17338
15391
17010
18376
18126
15957
16641
15596
18064
17810
18260
17503
15157
16159
18869
18361
16870
15385
15883
17905
18087
14973
16515
15545
17779
16170
17851
16523
14884
17315
16891
17807
14449
16661
15679
18261
17916
16574
16191
15686
18401
16412
18359
17023
15472
16403
17951
19109
15192
16829
16289
18234
17794
19115
18424
15625
16770
17265
19349
16167
15082
16274
17249
17816
16716
16477
14966
16430
17204
15937
16208
15128
16225
17404
17934
15942
16108
17476
15925
18739
17243
16315
16779
16696
16584
17376
17587
15501
18024
15341
19901
16625
16411
17852
17293
19235
18484
17846
15771
18849
15474
18953
17151
15908
18734
16898
18639
15426
15826
15748
22214
17216
17870
17395
16449
18291
18428
18167
16570
16811
16350
19952
15483
16679
18700
15516
18471
17711
17672
15298
16983
18265
18690
16942
17122
17135
15812
20569
15475
16616
17781
15892
20707
16625
17462
15623
16905
16727
18373
15572
15346
16321
14779
19960
14563
16321
14755
15834
17361
17182
15850
14899
15586
15712
18698
15519
15102
15624
14989
20307
15259
16234
14952
16427
16545
19211
17195
15397
16070
14682
20258
15034
16761
16063
17012
18210
18765
16668
15518
16793
15351
20605
16401
15490
16725
16294
19744
16448
16828
15095
15847
16162
18502
15877
16196
18067
18727
16466
16949
15640
18117
15028
19637
17534
15020
15905
65142
19322
14844
16521
15146
17311
16611
17560
16706
14710
15839
16845
19314
14562
16034
15091
17701
18917
15488
16558
14714
17646
18112
17429
16609
15620
15274
17544
18685
15435
17303
16558
16391
17614
16553
16891
15726
16453
19001
16899
16412
16157
17189
16806
17779
16903
16906
16019
17172
17777
16554
16644
15388
17329
17654
16058
16168
14707
16197
18556
16279
17693
15170
15723
16755
17795
16067
16372
15011
16911
17938
15184
16105
14833
17371
18490
15015
16845
15102
16450
20029
15963
16609
15366
15409
18480
21812
17902
19402
18050
20231
23096
18538
20340
17816
18478
23079
19729
19568
17361
17824
20992
22268
18193
19067
18550
18702
22000
18353
16985
15663
15085
19860
18037
15401
16946
15475
15352
20682
15299
15633
16117
15331
22660
18410
17274
17314
16253
18447
21865
16388
17548
15888
16235
23382
16746
18818
16750
17638
23178
17640
16629
19371
16572
21745
19100
17868
17686
16997
17449
21698
16042
17122
17691
15593
21638
16249
15523
17732
18212
18284
20498
16169
17197
18165
17769
21134
16493
16834
17513
20701
24636
22211
20970
21491
22875
22829
25190
17963
16400
18482
16639
21342
16514
16685
17690
18681
19386
19927
16636
17639
19166
17672
20289
17008
15890
17247
18558
20330
17455
16722
20328
17802
20832
17534
17168
16376
19501
21415
17988
17394
17094
18789
18255
21033
17060
16689
18500
17945
20925
18430
16723
16740
19804
19028
19606
16908
18025
18849
17679
20218
17108
15812
16831
19393
19970
21358
20699
21068
23355
20749
26009
20986
20258
18440
18770
20570
16393
17300
16074
18390
16768
19342
16010
16941
16804
15427
19603
16273
15886
16718
17128
18641
18434
17405
16279
21363
16926
21305
15947
15799
18871
16243
21444
15747
16700
17451
16764
17016
18476
15466
15051
17932
15288
20634
15929
15522
17433
15097
19375
16748
15148
17834
15164
15788
20958
17322
16709
19317
16748
22240
16830
16969
19611
15928
18558
18354
15979
15855
18763
15368
21080
15012
14848
14938
19551
17093
15043
15513
17316
15546
21253
15901
16179
19296
15977
21468
16474
16374
19050
16285
20489
17234
15987
16425
18169
15636
21472
16259
16119
18890
16592
21135
17894
16697
19341
16119
16136
21420
16262
15891
18468
15747
20726
15226
15318
18472
15199
19008
16797
15598
15367
17766
14995
20581
15135
15137
17239
14677
20308
14919
14709
17765
14971
18176
17460
14944
17728
14741
20590
14763
15517
17861
15090
19715
15641
15194
15699
18330
15626
19018
15379
15523
17050
15559
19402
17079
15666
18537
15713
18820
16750
15129
15891
19814
15293
20402
17127
15981
18231
16758
18700
17319
15163
15734
18315
16521
16212
18155
15564
16911
17172
17863
17827
15254
17008
16574
17727
15092
17452
14899
18135
16504
16429
17824
15205
16501
17241
17913
17001
16414
17728
16392
15761
17625
14970
16074
16710
17999
16874
16001
16586
16574
17573
14710
18023
15135
17561
16603
15803
16637
15983
16444
15967
18165
14873
17101
14789
17225
17462
15010
17977
14189
16242
16176
17153
15663
17334
17013
16201
17560
15872
17914
15263
17864
16616
16897
17745
16094
16534
17240
18469
15822
18579
15433
17485
17539
16183
17607
16661
16442
16483
17366
17361
17122
17697
16911
17959
15087
18390
15203
18828
17396
17666
17489
17043
16334
17067
18653
14978
17858
17596
16503
18209
16813
17031
15376
17208
16040
18867
16623
17651
15810
16432
18005
18425
17526
17625
16772
18690
16748
15898
17790
17399
18143
16807
17166
16688
17635
17019
16996
16253
16643
15676
17462
17892
15897
17068
15645
18012
16901
16981
15868
16443
17047
17089
15155
16992
15234
16580
16330
17858
15574
16949
15652
17763
16943
15021
16724
15489
17211
17659
16638
14904
16486
16036
18283
15070
15109
16776
15008
19065
15539
15389
15840
15685
17551
17752
16250
14885
17000
15435
19520
15758
17123
16930
15647
17166
16772
15825
15096
16827
17057
18914
15814
15344
16201
15140
19256
16626
16103
16776
16192
17639
16094
16076
17227
16304
18713
17141
15897
16673
15875
16844
18371
16333
15962
17220
16181
17780
16387
14822
16917
15446
18132
16155
15454
15730
17250
16581
17658
15916
15393
16281
14678
18262
16569
15429
16825
15234
16997
15606
17224
16243
17453
16786
19061
15745
16309
18415
15384
19055
17860
16439
17145
16560
16909
18240
16698
16109
17659
16344
17859
17133
16210
17376
16734
19829
17519
17250
17191
16990
16761
18732
17053
16513
18674
16680
18855
17613
16466
17107
16294
18429
18262
16974
17789
16621
15985
18446
17394
14974
18275
15725
18117
16510
16990
16602
16934
17132
18070
16809
16367
17800
16679
19040
17288
15293
17149
17023
17546
17387
16595
17201
17091
16860
18621
17200
16238
18433
15485
18827
16351
15866
18237
17554
18235
16584
15104
16899
15874
17531
17432
16950
16666
16660
16752
18309
16476
15097
17401
16314
18842
17868
16540
17638
17136
17801
17743
17132
16648
17208
17042
17630
17013
14836
17971
17589
18233
18738
17747
17327
17615
17905
18914
17684
15351
17935
16481
16632
19570
17265
18740
16982
16615
16818
16051
16222
15847
17240
18844
15570
16371
17791
17082
17283
17077
15629
16851
18250
16887
18799
17119
16066
18974
18173
17758
18741
16609
18036
17501
16268
18953
16465
15451
18885
16773
18578
17468
16079
19500
17348
16486
19942
16773
16199
20165
16339
19478
17781
16383
19860
16838
17788
20118
15807
19250
17848
15937
20274
16643
17837
19093
18530
20147
17257
17604
19542
16378
19758
17996
18338
18262
17596
19231
19865
19374
18546
18405
17006
19735
17789
18134
20040
17660
18806
18901
18389
18868
19598
18328
19427
18775
16557
21661
18103
20991
17911
18748
19276
19740
19943
18917
17601
17442
18797
18490
19653
16672
17388
19001
15890
18991
17302
18677
17353
18546
18305
19656
18264
17188
18333
18163
19001
17615
17350
19456
16243
19789
17454
17581
18098
17436
18138
19594
18211
17974
17845
16408
18153
17210
16492
17267
16570
16596
18469
18151
16719
16762
17963
15967
17577
17845
17056
16724
18686
16849
19465
17171
15515
17631
16544
16859
18576
16393
17108
18192
17236
17748
17973
18395
16647
17832
17652
17239
17051
18691
16777
19254
18175
16192
18990
18338
17022
16701
17610
17930
17749
17798
18443
18753
17342
23445
22711
23654
23177
22977
25030
22212
22204
21749
21179
21893
21785
21514
23302
20850
21054
23214
18461
18517
17731
19393
19355
17697
20476
19175
21835
18286
17909
17598
19171
17597
18695
18998
16936
19357
18548
18038
18537
16153
18278
17112
17713
18543
16746
18406
18347
16993
17430
18513
15819
21104
16060
17847
19998
16992
19597
18529
19216
18609
18023
18810
19472
16716
19493
18857
16202
19856
18546
17884
18953
17274
19048
18393
16683
19832
18396
16963
20316
17377
18061
16987
15539
18730
16476
16137
16978
16463
17210
18040
16445
16236
16917
17157
15551
18266
15941
17916
18241
16890
17010
16360
17434
18538
16593
16308
17502
16149
18311
17947
15550
16577
16857
17619
18006
16366
17346
16664
16662
19441
16870
15586
17923
16903
18342
18201
17971
17845
17495
17853
20112
16497
19167
18635
18103
17901
18060
18373
17279
17769
17417
20376
15629
17756
18778
17492
18753
18574
18669
15529
19390
17396
19153
18498
17584
17989
17897
18887
15190
19021
17486
17625
17508
16704
18221
16605
18115
17613
18258
16604
17635
17074
17659
18397
15294
18660
17012
18903
18106
17186
17039
16686
17752
16737
18718
15748
17734
15717
19107
18713
15363
18073
16297
17308
16634
18754
18112
16589
15973
17354
18023
14923
18172
15373
17940
18438
15649
21540
20791
22915
22403
19889
21622
21280
22226
20155
21271
21428
20926
20944
22717
20427
19374
20894
16664
16187
17274
15820
18382
17774
14912
17383
17989
16705
19953
16912
15831
19543
17109
19640
17517
17325
18222
19079
19026
19061
15935
17254
19891
15315
19903
17026
17698
18633
17584
18928
19644
17835
17523
20009
18621
20054
16646
18056
19309
19089
19043
17696
17880
18282
18278
19064
19033
17286
18207
18422
19656
17969
17160
18217
19325
19777
18592
18225
17913
17630
19514
19556
19642
16561
17665
19239
18503
19298
17941
18080
17913
17704
18701
18822
16230
16791
16831
19866
20109
15964
16637
17737
19232
18854
17588
16634
18188
20145
24388
26318
18959
16374
17730
18023
20030
15739
16860
15121
18906
19837
15514
18038
15925
18866
19387
17041
15726
16793
17642
20163
18646
16720
17347
16583
18399
19726
16888
17549
17752
18725
20422
17941
16244
16998
17061
19734
17828
15962
16614
16327
20065
18262
16742
16897
17381
17782
18736
15615
17155
16460
18166
18234
17335
17848
17633
18605
17485
17820
17165
16461
18108
18589
17238
17248
16226
17360
17045
18411
17085
17203
15679
18910
18827
18322
18985
16243
17360
18520
18782
18063
16451
17012
17486
19382
18027
17060
16320
18339
18654
18690
17356
16153
16794
18598
21561
20274
19776
17193
18972
18727
17141
17243
15891
18087
18993
17048
18351
16034
16080
17190
18076
16961
16725
15731
18447
19056
16120
18053
15092
16157
17212
18223
17320
15480
16433
16810
17237
15916
16688
15178
16474
17234
16332
19157
15848
16152
16530
17854
16046
17340
14770
18510
18760
15861
19477
16792
18098
18075
17733
18448
15669
19543
18786
18877
15955
18580
15683
18786
18226
18323
16192
18033
17378
17812
16588
20015
15691
19372
16910
17371
19693
16096
15706
17281
17075
17995
17279
16057
16434
17912
16523
18838
16524
16204
18660
16463
17493
17939
16402
17524
17161
17496
19002
17383
16143
18414
18867
18858
16609
16636
17439
16619
18597
18917
17970
17409
16731
18943
19856
17215
16937
17984
18076
18591
17958
18166
16726
19124
19134
18513
16845
18368
19149
19198
16931
18018
17399
16950
19319
19822
17469
17018
18266
19131
20443
18349
16670
17792
17925
20147
18054
18883
18106
17954
20328
20061
18457
15945
18586
18854
18683
17736
16559
18485
15790
19339
19225
19162
17400
17292
19165
19340
18944
17224
17765
18663
19630
18155
19062
18929
16810
19519
19398
17883
16209
18828
20705
19296
18061
16115
18197
18616
19975
16872
19452
17480
16725
19009
20016
19198
16606
18260
19266
19990
19050
16280
18139
17771
16807
18062
19605
17526
16469
17801
19636
19915
16031
20134
17642
17318
20502
16633
15526
17659
16468
19047
19529
16055
16584
18664
19365
17823
16280
17033
15839
16861
20055
18479
17021
17001
18343
19913
19814
19500
17678
18475
18706
19365
20815
17081
18615
20745
20990
18652
17667
17911
19597
17705
20333
16950
17289
17542
19669
19019
17486
16167
17565
19044
18272
18730
16376
17251
17821
19056
19383
17135
17620
18430
20011
19329
18114
16407
17780
21213
17420
19234
16829
17831
16722
20145
18700
17112
16864
17950
18900
18522
17838
15830
17562
19008
17795
19528
16775
16861
17964
20361
17916
17697
16151
18432
18484
17191
19625
16025
17754
19150
18260
19250
16764
17487
17952
18111
19121
16199
16076
17417
19603
19113
17366
15785
17952
17889
18181
18221
16768
17224
14905
18300
19234
16557
16883
17761
17282
20577
17434
16306
17109
16415
18562
19836
16111
14760
16826
17007
20675
16528
15934
16290
17130
17988
18447
15520
17267
16966
17749
18663
16703
17119
16357
17775
18944
17006
16681
17170
17962
19851
18277
16634
18693
19400
19323
17778
16520
17471
20589
18527
18317
17222
16781
19867
17691
19645
17967
16845
17365
19311
19905
18570
16407
16479
19129
19387
18193
18485
16325
18485
18844
19619
17368
16101
17126
17813
18899
18263
16861
15735
17783
18167
18855
16393
16159
17388
19143
18588
18066
16542
16416
20865
19960
18935
18255
16928
18853
19647
19485
19432
16619
17314
18576
19182
17280
16203
17652
17963
19357
17046
17030
16095
17860
19752
16886
16731
15531
18322
17206
18427
16995
15873
17132
18527
18565
17689
15400
15813
18117
19249
16463
15398
16494
19310
17700
16390
15525
15258
19236
18092
16559
17566
16138
18852
18127
18293
17341
15805
17042
19915
17746
16357
16425
17211
19393
19111
17264
17289
15670
18211
19082
17535
17821
16446
15899
21335
18621
15508
16093
16253
16669
18562
17897
16715
15810
18296
20948
18090
16535
17895
16646
19984
18119
17596
17411
15740
16570
19411
17203
16663
17314
15647
20473
17256
15628
16408
14172
21186
16612
14652
15943
15640
17933
19875
18243
16821
16565
17907
20356
17035
15924
18225
16742
18074
21714
16036
18034
16406
17463
21087
17193
16154
17298
15936
19455
19486
16198
17359
17677
17625
20972
16714
17596
16145
19043
19661
18531
16809
17787
16699
18563
20860
16059
16808
15955
17271
19579
17591
16599
17038
17209
17636
18594
16120
18412
17253
18502
16434
17689
17167
16186
17106
17264
16485
17738
15282
16182
16342
16113
18116
15673
16893
17236
16008
16918
17817
15576
17084
16059
17672
17299
15489
16611
16242
16068
17541
15782
15775
16307
15380
17560
17856
14880
16879
16307
18087
18005
15296
16678
16675
15985
17444
16891
15230
16416
15251
17818
17750
15061
16309
16444
17773
17183
16118
15453
17813
15297
18217
17901
17115
17193
18173
17965
17279
16358
17498
15455
18322
18567
14804
16408
16862
18047
18269
16031
17039
16717
17645
18762
17332
16231
18160
15497
18142
18743
15691
17224
17450
18747
17535
16714
17300
17346
16037
18846
18111
15474
18695
16529
18257
19345
16469
17876
17374
18314
18689
17475
16983
18217
16060
17992
18500
17931
17188
17592
19092
19764
15916
16875
17269
16430
17628
18428
17397
16732
17055
18592
15636
16877
18037
16196
17418
15460
15902
20066
16062
16750
18427
16118
18212
16889
17308
17991
15046
16698
19163
16865
16489
17853
15802
18541
17094
17184
19106
14985
16387
18636
16495
17736
15501
15465
18764
16128
15839
18175
15032
18206
17670
16330
18214
14981
14958
19492
16782
15846
16983
16093
18339
16975
16710
15834
15625
18415
16391
14860
17881
15828
15865
18083
17372
17057
15473
14936
18927
16660
15082
17366
15817
17550
16754
17561
16894
16337
15062
18856
15556
15830
17162
14971
19550
15986
15799
17643
14602
16550
18651
16431
17745
15893
15099
19087
16995
17283
16391
15635
17771
15914
17089
17604
15631
15426
16417
16185
16208
15640
18395
15004
16675
17197
15694
15646
18659
16964
15994
16094
15198
18831
16385
15172
18138
14942
15775
18665
16974
17412
14677
14337
17476
14924
17290
16853
14582
18226
16967
15933
17599
14936
15813
22673
21998
26321
25096
24451
29013
27068
18859
17440
16249
17322
14939
16315
16575
14607
18234
15769
15402
17099
14811
15114
17831
15970
16517
15626
14714
18200
15749
13986
16821
14762
15329
17555
15623
17822
14666
14643
18525
15996
16519
14619
14550
15804
16998
15512
16209
14242
15725
17764
16667
16120
14959
15017
18249
18901
15225
16147
15210
15436
19375
15960
13789
14134
17674
18148
15072
16329
14060
15646
19082
16511
16965
15164
15482
20209
18909
17313
15789
15306
17792
19890
15572
16754
15901
15579
18841
17014
17393
15051
15479
18382
19590
16278
16179
15400
17865
18433
15827
16957
14275
14034
19733
17862
16322
14401
14877
18323
19557
15571
16093
14573
15381
19265
15800
16737
15008
15289
17319
15308
16813
15616
14589
18691
16409
16280
16915
14656
16445
18972
15190
18351
15315
17508
19736
15583
16781
15977
15391
19189
16886
15895
16864
15479
16913
19493
15694
18996
15296
16453
19284
16227
15712
16897
16930
15141
20415
16107
17700
15107
16440
19631
15131
18016
15800
16381
18639
15510
17675
15094
16718
18452
15818
18696
14842
17416
16506
15248
15804
19151
15169
16657
18232
15007
18558
14584
16161
17801
14679
16075
18409
16437
16433
16099
14912
19171
14993
16779
16974
14236
17342
16257
16434
17379
15759
15151
19134
15605
16061
17372
15333
17596
16441
16514
18132
14487
16522
17249
16565
17818
16275
15113
18694
16186
17894
15823
18525
17242
16336
18418
15382
16519
19761
18022
17400
18595
15040
19204
14820
17632
17995
15367
16591
17372
16256
16958
15748
14474
18488
14927
16390
17331
14607
17399
16775
17301
17334
14729
14676
19246
16797
14710
16393
14431
17865
17376
15535
16059
14191
15748
20087
15548
15174
15243
14627
19590
17911
16764
16222
14713
16924
17951
16501
16130
15966
17463
19259
15762
16847
14910
15763
20621
16865
17180
17330
14653
17282
18972
16336
15992
14740
16109
20025
14632
17221
14888
14810
16338
17245
15273
15500
14203
15633
19721
15535
15860
14477
14086
21899
14738
17690
15925
16933
16060
20892
17328
17053
15717
16517
22628
15638
18540
15458
15220
19856
17240
16782
16187
15130
15857
21057
16382
16484
15506
21554
15727
17696
16618
14993
17896
20894
16487
16433
15003
16031
21312
15073
18184
15713
14686
18962
18425
17888
17221
15632
18143
19772
18035
16703
15430
16643
20460
16139
18603
16722
16108
18449
20334
17458
17021
16700
17113
20069
14890
18874
15344
15902
19388
15252
16848
15302
14989
16724
17994
16544
17225
14375
15741
16976
15344
21201
17822
17958
18176
16578
16668
16287
14504
17705
17486
14529
17261
15238
17293
17278
15010
18138
16145
18157
17290
15688
16570
16408
15603
16816
17806
14564
17128
14939
17897
17963
15004
17815
14977
16722
16755
16352
15191
15373
14614
18300
16404
14716
17061
14292
17862
14962
14178
16304
14786
15147
19136
15008
17089
17190
32054
34804
15561
14614
17015
14403
16924
18501
14557
16200
14173
15066
17625
16574
14999
17677
18253
18255
16678
15085
17924
15482
16988
17959
15718
16052
16951
15274
17096
15044
17558
15530
15520
18583
16570
15351
18176
15187
18677
14934
15265
16886
14939
18859
16069
14806
17103
13920
16991
17030
14137
17137
14408
15286
18233
15187
14212
17120
13841
17254
15921
14267
17709
14322
15333
17073
16596
16480
17213
14614
16345
16218
13996
17288
14199
16860
15958
15747
16948
15003
16655
17354
16291
14158
16945
13918
17167
16936
14424
16340
13901
15098
16495
15524
15078
14931
15181
15496
15502
14287
16402
14325
17814
16541
14387
17072
15101
16039
15658
16035
15602
15605
16139
16197
16586
14152
15676
15289
16349
17046
16603
16748
16131
15965
17831
16640
15271
17535
15891
16964
17132
24381
17655
14860
16939
16770
16213
15110
17013
17034
17037
16501
15304
18395
15833
16345
18733
15385
36031
28452
15902
16634
17036
15829
18033
16687
18114
17083
15353
16228
15659
16750
15772
14815
16545
16047
16012
16525
16876
17443
15265
15871
16489
16982
15682
15856
15870
15221
16243
16061
17320
14565
15715
16599
16693
15875
15950
15819
15898
16881
14743
17201
15688
16137
16092
16833
17338
15314
16742
16327
17400
15957
16730
17582
16747
17027
17429
18427
15303
16796
17391
18519
17089
17476
17325
17446
18113
16924
17401
15957
15924
17015
15931
16555
15905
15232
16354
16127
17041
14051
16051
16607
16770
15594
16268
15592
15840
16595
14893
17026
15072
15176
16910
16003
16523
14935
15649
16037
16804
15577
14290
15439
15531
16920
16211
16311
14590
15719
15943
17129
15909
14564
16147
15660
17238
16269
16221
15143
15343
17572
18045
16554
15154
17429
16410
17679
16588
15546
16150
15564
17417
17782
16424
15004
16604
16155
18433
16601
14952
15805
15600
17668
16296
15044
16210
16329
17802
16707
15314
16213
14932
17151
16150
15655
14506
15538
15563
18547
15813
14438
15583
15524
16906
15873
14213
16058
15636
16216
17555
14262
15605
15791
15634
16700
15774
15076
16853
15372
15467
16105
15719
16305
15417
15319
18695
16496
15310
17789
15748
16242
16282
16850
17335
16178
19206
18243
18378
17823
17709
17159
19701
16672
15103
17601
16381
16235
16224
15432
17335
14746
16713
16971
16689
15870
17659
16146
16720
16985
15568
17424
17169
15444
17442
16921
17745
16337
17873
18129
16944
16300
18840
17213
18906
17064
16995
17895
16445
15751
19159
16377
17330
17959
17874
16620
16321
16138
19130
16910
17161
16781
17493
17933
16935
17667
18255
19483
16602
18930
17285
16517
16766
17126
18822
16237
16670
16272
18165
17675
17934
17113
17808
19897
16516
18834
17010
16401
17930
17637
18152
16049
19449
16097
18298
15714
18907
18205
16209
17955
15321
18302
15422
17909
17213
16132
15029
16870
17929
15094
18262
15406
18470
17226
15177
17634
16110
17308
16364
18052
15645
18173
16386
18792
18067
16075
17859
16428
17015
16976
18799
16782
16386
16062
17953
18093
15688
18206
15368
18185
17505
16176
16605
17869
16547
17061
19334
16765
19527
16043
18531
18236
17207
16760
16485
17435
18373
16321
18521
15834
17955
17951
15311
16200
15731
16546
17466
16690
15747
15841
15828
16661
17819
15263
17888
14299
16636
17806
15593
16285
16466
16143
16834
17326
14701
17796
16120
16662
17238
14826
16218
18178
17395
18261
15401
17224
16359
17467
17332
19603
15822
18863
16372
18312
19258
16070
16902
17300
17490
18032
18087
18024
17233
18547
17891
19061
15984
18121
18052
17850
16626
16702
18384
17541
17321
17782
16287
18550
17103
17732
19374
16138
16435
19128
17490
17256
17276
16966
18060
17525
18960
17229
17476
20080
16347
17248
18601
16061
16379
19117
16738
17294
17332
15735
20013
16257
18706
17718
16084
20269
16237
18112
17272
16261
16145
20194
17260
17637
17836
16193
21266
15879
19328
17893
16888
16852
20909
18300
18330
18426
15778
19942
17153
22229
16813
16156
19525
15787
17338
16490
15798
15904
15624
17675
17603
20363
19034
16626
18583
17094
17485
16243
20391
16906
18168
17488
16650
20102
17510
19260
17608
16483
16748
20687
17273
19321
18260
16904
21538
16227
19536
18386
15963
20621
16822
19452
18123
16581
17759
18500
17766
20369
18315
17178
20567
17469
20607
18289
16858
19846
17970
19173
18028
17572
17349
19799
17221
19766
18941
16658
19271
17153
20143
18660
17384
18046
19086
18785
18710
16688
15400
19125
15331
19589
17686
16266
19148
15945
18384
17202
17358
19085
15011
18512
16526
15747
18313
14863
17896
16512
16402
17753
16621
15248
19154
16428
16838
18051
15295
16704
19263
15664
19318
16599
17252
18667
16541
17861
18055
16265
20132
17755
17100
20366
16966
17693
19904
17858
19547
17126
16030
19803
17487
17282
19033
15913
17714
19330
16286
19710
15884
17564
19026
17207
17850
18150
16835
19965
16961
18098
18889
16232
18014
18722
16694
17663
15980
16110
18604
17200
16535
16144
18174
18947
17039
17963
17506
16844
19377
17909
17091
17339
15989
17711
18897
17448
19329
17389
17940
20551
18989
19535
20430
19182
19774
19209
20839
20822
17633
19071
20465
19183
19097
17581
16220
19328
18252
17811
16857
15532
17734
17721
17430
16605
15033
17000
17460
17383
17083
18032
16122
18876
16921
17234
15456
16523
14978
17796
17637
17405
15416
13947
16374
15900
16964
15769
15373
15456
16072
15375
16822
16140
14986
15768
17583
15463
14862
14879
16072
17745
17158
16488
14684
16049
17290
17227
15661
14711
14741
18550
17912
21023
16085
14969
16156
16898
17781
15648
15892
16122
17398
18254
17551
16719
15866
16378
18235
17442
15474
16227
16346
17002
16653
16018
15724
14645
18272
16239
15308
16099
13766
16190
16711
17879
15750
14518
16991
17672
18188
15282
16696
14951
19921
16230
17126
16240
16277
17151
18001
17767
16941
17481
15448
18216
18326
17188
17749
16833
16511
18503
17860
16721
17447
16182
19130
16884
16551
16639
16970
19071
17583
16766
16371
17097
19251
18352
17150
16700
16553
15947
18828
18326
16688
15467
17027
17732
17284
15143
15222
16305
16080
17623
17495
15551
15328
15492
17500
17820
15362
15190
16203
16977
17514
14723
16358
16307
15148
18554
18490
16764
14842
16659
18694
19106
15982
17627
17584
16302
19862
16275
17054
15939
15920
19253
18082
17187
15542
17005
17682
19712
15988
18030
17402
16783
20320
16031
16579
17171
15148
18899
17330
16713
14668
16373
17134
18799
14888
16302
16653
17618
16757
15953
15655
15461
15418
19635
16472
16081
15460
16756
17541
17954
15477
17524
16831
16757
18927
15917
16932
17596
16749
17889
18299
16441
17224
16579
18133
17532
15323
17291
16687
15763
19232
17657
16623
16176
15460
19628
18320
15179
17173
16032
19858
18373
15999
16702
16048
15930
19590
17658
17116
15164
14879
18101
15524
16540
15248
17083
19487
17000
15129
16378
14655
19328
17763
14654
17126
14803
15606
19308
16868
15534
17601
15192
19018
18249
14114
16329
14678
18418
14372
18281
16390
14242
15589
18937
18024
15660
16857
14437
18842
15749
17106
16510
15350
16610
17374
18073
16990
14839
15473
19287
18180
14670
16179
15324
18219
17245
19066
18009
18164
17082
19393
19442
17159
15610
16337
20228
19280
15987
17452
15985
17528
19015
17323
17449
15885
18224
17748
17966
15805
17310
15416
20311
19293
15977
17917
16584
19220
19461
23029
21188
20520
21014
19051
19404
16589
17829
17150
20445
19444
17943
17934
16816
19273
18071
19576
17404
18179
17055
21044
19356
18913
19191
17538
20562
19250
20550
17100
15856
17402
17346
17973
17515
16433
16548
17722
16991
16309
17380
18041
17212
17409
16525
16330
16156
18326
18455
15672
16951
15322
17536
16385
16604
15601
14471
16514
16978
17193
16233
15569
15464
16600
18853
15124
16515
15685
17633
17538
17805
16782
15518
16880
18370
18022
16145
16127
16189
18502
19501
16057
17475
15896
17076
16852
18069
16410
15079
16918
17375
18349
15036
16701
15550
17439
17949
16527
17029
15043
17209
16217
17762
16134
14397
16611
17615
16244
16076
14397
15425
17032
16922
15772
15409
14485
16938
17930
16143
15724
13908
15445
16896
17549
15919
14309
15168
17617
17533
15900
16134
15062
17086
18376
16370
15871
14602
16418
17697
17930
15900
15973
14990
18201
18786
15487
16697
15932
16567
18042
17651
16705
14810
15975
17684
18312
15701
16214
15303
17456
17494
16913
16274
14679
16123
17892
17334
15930
15224
15081
16468
18114
14214
15642
13672
15528
16696
14478
15677
13895
15676
17419
15133
15672
14146
15117
16372
16370
14048
15294
14829
15404
18056
13667
15405
13669
15858
17522
16776
15238
15213
16021
16236
16173
15932
15855
15068
16866
16466
17490
15857
15388
16371
16476
17289
16500
16296
15745
15977
16072
17148
16088
14878
17484
15746
17226
17272
15585
16244
16373
16606
17903
16007
15361
16723
13861
18266
15629
14924
15928
15368
16793
15629
16004
15848
15083
15408
17464
16131
14292
17306
15057
17109
17111
14646
17036
15918
17751
17080
16168
15756
15356
16199
17473
16134
14893
18305
16059
17494
17453
15525
16888
16901
17365
17134
16699
16986
16637
14833
18140
17142
16167
18714
15656
18644
16750
16505
16876
17101
17054
18212
17074
16589
17024
14775
18507
17692
16818
16916
17169
17415
16455
16655
17146
18156
20621
23584
19779
20082
18718
15328
18121
15925
15629
16897
16272
16703
18028
15526
15623
17299
16870
18008
16510
14684
16933
15747
17273
17426
14770
17042
17187
18375
17702
15576
16265
16274
17430
16990
17089
15791
18616
17003
18324
17101
15314
17393
16662
18491
17124
17533
15951
19185
16868
18624
17115
16348
18985
16225
20190
17862
17470
16545
16844
18726
17397
17949
16059
18283
16090
20097
17028
16450
17877
16698
17699
18116
16670
15953
18913
17758
17848
17724
16305
16930
17071
19688
17011
15509
17279
16249
17659
17175
17174
15438
16650
17922
19825
17397
15503
16519
17090
19271
19257
18366
19723
21077
20075
22042
20743
19650
20669
20234
22282
18228
19141
21546
19229
20438
20689
20295
19963
18843
20316
22474
19386
18162
19349
20785
22266
19474
20262
18949
20418
16867
18889
17558
15601
17442
18173
19601
16502
15748
17025
16084
17953
18817
16982
16130
17244
19963
17152
17128
19797
17141
16507
18708
16440
18539
19843
16310
19909
16318
16921
20117
17172
18405
18038
15884
19452
18959
17091
18950
17403
17537
20436
16885
18099
18837
17666
20015
20544
16904
20022
17649
18399
19654
17595
19904
17650
18159
20639
18664
17781
17634
16749
19175
19487
16987
18373
15181
17587
18872
17393
17873
17801
15996
17680
18706
15980
18969
16296
18496
17390
17117
17093
16971
19250
19493
15474
19046
16340
18143
19588
18539
19783
16990
16524
21882
18461
18752
19800
18211
20697
18968
19433
20326
17431
19647
18474
18627
19937
17611
16786
19313
18998
18495
20738
16515
19132
18392
19081
18701
17282
17572
19031
19921
17220
18248
16474
17026
17529
19675
19204
17327
16304
18419
20680
18506
17550
15944
17102
17990
19145
19891
16749
19757
17382
20370
17217
17775
18633
19887
19123
18706
17859
18093
17509
19654
20142
17169
17428
18906
18599
20262
19191
16822
19088
18717
22178
20919
17297
18410
19405
18398
20381
19964
19741
19293
19243
20019
19621
17307
18329
18443
20392
19954
18453
17197
19737
17701
19022
20399
16647
17992
19028
19563
19563
16461
18201
17881
17843
20278
17869
15915
18771
17339
18997
19052
16243
17323
17904
19262
17143
15731
18410
17122
18160
18744
16298
17285
18353
19614
19099
16162
17324
18322
17975
19683
18928
16511
18148
19433
19422
19135
16700
19647
18040
19527
19252
16784
17606
17905
19122
19569
16335
17199
18355
17534
19480
19611
16571
17594
19359
18546
19130
16077
17285
16990
17562
19404
16064
15645
17403
17384
17922
17423
15810
16994
17065
20363
18652
15650
17357
18476
16611
19035
17430
15654
18437
18174
19529
17603
16273
16060
17365
19080
15693
15596
15970
16716
16730
18846
16729
16136
17766
15344
20221
17565
16727
18070
16153
18787
18677
16795
15932
18655
16557
20509
18144
16363
18957
16971
20880
18591
17460
17173
18882
16721
20079
17948
16317
19470
16716
20959
18089
16042
19627
17351
19311
17731
18243
16482
19303
16299
20189
17500
17658
19867
15607
20289
17537
17054
17339
18310
17367
19564
17019
15754
18998
15731
20397
17079
17060
18541
17534
18980
17466
18068
18696
18389
18594
19862
18383
16051
18684
15919
19835
17222
16202
17419
18327
19154
16440
18216
16635
19432
18217
18058
18174
15980
17607
18643
20120
16183
17345
17410
17557
18479
17797
17739
15697
17314
19088
19569
16203
18257
17339
17443
19928
17376
17569
16831
17713
18919
17835
18497
16448
17842
17573
20133
16961
18356
17821
16883
19937
17075
17987
16648
16260
16706
19699
17184
16742
18161
17795
18738
17293
17727
16153
18883
19564
17300
17864
16463
18852
18797
19314
19043
16478
18386
18226
20121
18963
17584
16329
17679
19477
17411
18187
16467
17323
16738
19454
18894
15920
16812
17884
18851
18014
16633
16422
17426
17828
18347
18070
16170
16819
17632
18542
18540
15233
15537
16347
19541
18113
16684
16237
16892
18165
18407
18785
16079
15784
17263
19871
18826
16001
15967
17902
19385
18531
17247
16128
16731
20371
17501
16227
16108
18524
19362
16898
17130
15178
15266
19674
16715
18385
15356
15657
18383
18753
17908
17134
16044
17333
18913
16586
19158
15793
15873
20337
18475
19375
16422
16379
18086
18976
17992
17673
16131
16444
21075
17684
18221
17129
16670
18764
18627
19466
15834
16854
18170
18186
18831
18787
16053
15610
20737
17232
16962
16128
16005
16421
16750
18390
17132
15398
20100
15804
15925
16379
15206
18699
17308
16920
18012
16310
17754
19986
17252
16572
19554
17025
19647
18654
16285
17802
17244
18103
19874
16398
16749
17175
16693
19639
16819
15942
18816
15519
18670
18299
16060
18430
17235
17292
19531
16827
15649
18971
16590
19365
17125
15556
17750
17234
18118
19689
15223
16912
17101
16775
19814
16572
15934
18219
15529
18962
18509
15634
17070
17111
17889
19629
16745
15541
17851
18008
17921
16433
15908
17205
16963
18930
16098
14817
17758
15040
19721
16900
16260
17291
17108
19959
19418
16272
18300
18765
18341
19683
16349
16173
17872
18294
19894
18049
16348
17661
17569
17810
20605
16012
16264
18687
16113
20556
17488
17519
17559
17489
18617
19653
16140
18458
17001
17168
19897
17419
16289
18058
17229
19062
18294
15950
18373
17401
18329
20633
16668
16019
19641
16980
19683
15552
17129
17269
17658
18142
17034
15857
18023
16307
17648
20249
16653
17011
16722
17449
19647
16463
15742
18287
16806
18384
16998
16198
17302
16024
18352
20290
15596
16604
17969
17126
19264
16763
15545
17504
15963
20123
17965
15374
16135
16435
17730
18909
16094
15338
19486
15741
18413
17017
15358
18177
16195
16662
19559
16220
15749
18337
16368
19549
15169
14966
18125
15502
19013
17025
15442
18294
14240
19064
17541
15509
17668
16427
17303
19154
15060
14493
17998
16638
18476
15229
15131
18014
14128
17026
18192
15042
14246
17098
16925
19024
14956
14861
17040
14337
18900
15944
14841
15721
15816
16709
20182
21079
34294
29986
18891
19571
16203
31186
36077
18041
18773
18212
23984
34438
25047
18578
19766
16436
35965
31775
17033
18599
16720
29087
34236
20626
18706
19139
21222
31364
29580
18905
18873
26799
32545
23138
17607
17751
16109
28431
19167
17407
17667
16556
21359
23823
15759
18415
18135
18237
25861
19753
18028
18881
16814
25795
22252
16400
20707
17490
16188
18590
15701
18845
18783
16579
30546
35584
19125
18160
16386
21762
35499
25993
19901
17922
16129
34253
32640
17776
18042
16298
27185
32615
22375
19580
15914
14757
36682
29176
17763
18313
14613
32120
21779
19144
16857
16871
36627
29396
17662
19524
16001
31420
34109
19087
18964
16501
23930
34083
23741
19520
17776
15872
36460
31884
18361
19092
18223
30789
31413
23988
19511
16639
17554
38445
28147
19475
18209
15466
32287
33987
18160
18200
16016
24651
33378
22857
19214
16731
16774
36750
27057
17621
18821
15586
28536
31709
21991
18615
16946
20716
37335
25463
18366
18376
15864
33692
31028
17976
16399
18488
35656
26043
17821
16210
15848
34202
28395
17118
17697
15317
24683
32323
24480
15579
16916
15661
36709
27108
18416
16938
15924
31914
29911
22230
14935
15789
20701
37139
27017
16204
15889
16078
37126
28003
17643
15774
13969
26712
32113
25024
14716
15491
17415
37145
25803
17300
15756
16757
35908
27196
20235
15126
16616
23162
35079
24766
16997
17852
17722
36480
28975
18374
19107
16745
29021
30994
23681
17890
16390
20648
36245
26726
18235
16914
16424
37485
28378
18165
19238
15883
25276
38068
28578
21705
20736
19028
39185
26570
18879
19136
18511
35455
28529
22445
17715
16291
23394
34233
26234
16793
16709
17032
36840
28987
16604
17800
15356
29332
29658
23447
16502
17380
22176
34367
26721
17491
16849
16134
36906
26739
19721
17577
16047
24600
33800
24618
17838
16796
20297
33620
27823
18011
16935
23493
31557
26872
17366
17496
17775
35605
27127
19669
18133
15945
29351
31355
23372
17459
16691
23142
30204
30564
18403
17514
17787
33014
26705
23262
18649
15623
27146
31781
25932
16366
16871
22599
31479
28419
18751
18938
16113
30984
28131
17644
16794
19556
32469
25683
23722
18976
16624
28619
32340
25519
17278
17907
23663
30439
30818
17538
17856
17895
30504
28311
24413
19653
15580
28459
30558
26782
17557
17874
21741
33361
26216
20966
17455
15637
27899
29690
26591
17487
15890
24724
29523
29354
17549
16853
19803
29462
26606
24883
17248
14681
28310
29758
26225
17553
16942
23949
30515
29314
18846
17063
20096
29474
28319
24666
17521
18565
26798
31685
26485
18818
17169
27972
30338
29705
18050
18849
23228
31758
25955
25546
17521
17255
29017
31495
27755
18270
18337
25633
30363
29254
20767
16192
20325
29023
25378
23696
16882
15473
28047
27247
26560
18699
14880
23371
28432
22350
22307
15328
17174
26208
28098
24099
18282
14805
25399
28763
24058
20294
16728
20063
28035
26337
26046
19022
15719
28133
29186
25032
19198
18222
22829
31350
24763
19001
16743
28741
29403
25814
20821
17515
24347
29885
25306
22273
19632
18831
27731
29356
26062
19392
16887
29286
28746
26429
19918
17640
23057
32019
27154
22151
20308
19715
26275
30398
26214
19884
17591
26793
29090
26880
17386
20838
21924
28764
26755
23291
20068
17063
29058
30759
24622
19811
18349
26406
29192
26933
23265
21238
20126
30731
30788
25289
20396
17708
29900
30465
26593
20492
18627
24047
30343
27882
23248
21270
18455
27813
32616
26237
20994
17792
27581
29860
25970
22187
21790
23576
27314
29769
25208
21615
17652
28394
29439
25343
20194
18130
24821
28576
27813
21607
19561
20920
25340
29490
23251
19843
16272
26016
29208
23523
19570
18138
23314
24762
26656
25203
19370
18538
26963
28215
25235
20781
17942
26160
27226
27245
22116
20476
22198
25256
28451
24958
18756
28427
25941
25904
20209
18941
22978
24685
28913
24271
17282
20117
27405
29565
26081
19122
16884
27547
25222
28828
22371
18623
21498
23567
30966
24779
18388
17871
27289
27248
25665
21153
18419
23395
25165
28781
22693
18064
18367
27791
29597
24244
18333
16992
26133
28451
25970
22190
18367
21743
23612
31674
24824
16313
19061
25689
29187
25853
19081
17188
21717
26436
29123
22285
17496
20655
24463
28773
23759
17069
20298
27270
28867
24707
19562
18381
24359
30057
26474
20923
18272
21709
24046
30853
24828
17501
18411
27476
28722
24935
19341
17701
22092
25042
27174
24623
16947
20724
23105
28667
25027
18333
16366
25905
26276
25076
19064
18111
21275
21852
32326
22462
15870
20502
23716
27766
23227
17231
17348
24325
24582
27587
23625
17049
22904
21821
30284
25718
17358
18524
27004
27288
27517
17274
18725
26409
27101
29770
22152
21842
29528
25601
34067
26938
21067
25538
24805
28057
27048
15920
19534
27476
23108
29849
19943
17035
24139
21748
28476
26706
16150
21784
24004
24532
27355
19050
19035
27636
20791
27461
23771
16953
23008
22897
27286
30157
16052
18732
28079
22816
28865
20490
17373
25213
21808
29151
25565
17866
23091
23017
26419
26107
19255
18389
27705
21443
28838
23938
16963
24363
21505
27852
24274
16797
24072
22808
27882
27531
17781
21120
25322
23076
28069
20117
17128
25628
20209
29520
24137
15694
23817
23130
26092
25518
17470
19068
26725
19689
27916
23132
17023
23235
22538
26884
26321
16475
23672
23284
23999
27546
19431
17948
27619
19707
28928
25122
15740
24458
22532
25053
28025
17026
20915
24224
20573
29794
21706
17817
23422
20361
27134
23775
17909
22889
22597
24820
24786
23495
19085
25890
21767
27078
23630
20165
22607
23026
26081
24372
19334
22901
23769
23136
25304
23119
19796
24907
21721
29216
22904
21480
21904
23349
25398
23745
21725
20231
24810
21933
27364
23519
21934
23213
22584
27090
23710
20940
23972
24029
24751
24374
22852
20195
24600
22001
27844
24577
22612
21621
23865
26336
25188
22651
19595
25708
21568
27732
22272
21275
24688
21613
27830
20277
20556
23218
21382
26898
23222
19651
23142
22966
22792
24625
21652
17826
23917
23466
25672
22150
20689
20899
22853
23663
24522
19409
20127
22962
22378
26076
20328
19702
22014
21350
28592
24270
26386
26419
28083
27093
30594
27414
22760
27578
26400
29156
26252
23766
25085
26319
27791
28854
23530
22356
27638
28650
26771
23783
23132
23396
25946
26668
18487
17689
25913
24049
27111
21274
19056
23782
22503
29527
24883
18110
22075
26439
23898
27026
21735
19558
25875
22722
28995
22520
20249
24046
23705
26415
24681
19501
22464
25867
24780
26917
21914
19766
26385
20660
28985
23507
20541
22300
25030
23728
25692
20876
21801
23286
23345
26687
23686
19735
23747
23313
27138
25409
18056
22731
27080
22593
23954
22419
20501
24783
22110
28120
22155
19574
24981
21640
27756
25055
17948
22381
26562
23475
25733
20355
20017
25023
21217
28281
22782
19014
23488
23426
25856
23479
19519
21365
27344
18650
27798
22035
18872
26142
20544
29316
24122
18946
21949
26274
24370
25446
22150
20201
26148
22677
27635
23686
20111
26428
23488
26130
26309
21403
21417
28722
23406
26741
21550
21388
26167
25843
26908
22313
22695
27936
19336
28873
22831
21152
24575
22984
29203
25799
20242
21652
25306
24838
27797
19321
20457
25181
21317
31074
22329
19393
23271
23625
26870
27328
20251
22603
26102
20878
30820
24228
20349
24936
22475
27881
27777
20648
22281
25513
23221
29738
20877
20616
24976
21292
31961
24395
19138
25806
22783
27291
27906
20617
22107
26364
24890
28788
24309
21748
23574
27384
27690
21504
21934
23749
25698
29563
22682
20826
23866
21559
27937
28426
18938
21944
24174
24237
29851
18595
20054
24807
23942
29728
23752
18965
22494
24907
27513
28425
20648
22989
25309
26430
28293
21695
21286
24514
23437
29401
25681
19098
23020
26049
25488
28865
19027
20144
25627
24920
28555
23925
20804
23421
24937
31288
20016
20217
25858
26028
29505
21996
21787
24829
21966
29171
28700
19911
23171
27466
23765
30649
20534
20333
24673
23756
30155
23412
20964
22892
25300
26674
26739
20659
21545
24532
24323
27163
20888
19870
25511
21126
28334
25088
19870
19919
24994
25798
26537
21571
18898
25134
24720
28197
22679
21330
23480
21751
26316
26499
21531
20252
25331
25863
26742
22447
22425
25478
26153
26076
22893
21672
25569
21309
30606
23876
21571
22140
25261
24929
28199
20655
19069
25525
26909
26786
21964
22354
24534
22671
26617
29222
22166
24187
25915
26216
26324
22212
21534
26413
21215
29855
24367
21582
21359
25538
26611
27662
22267
19042
25822
28943
26846
22558
21364
24732
22392
26993
27116
21401
21686
27126
25140
27856
20594
22111
24814
26905
26164
23634
20433
22972
24101
26194
28073
21225
21382
24578
27546
25635
21369
21512
26078
20301
31057
24480
22067
21330
26816
25693
26951
22697
19231
26761
29649
26844
22542
21412
25412
22233
28988
28041
22283
21126
26609
25601
28816
21714
21274
26249
24403
29956
24719
21190
23769
24594
27088
28375
21677
20541
27122
27557
26924
23189
19798
26287
22438
27195
22482
18860
25336
24121
27046
27947
21393
20066
25608
25128
28404
21053
19960
26937
20439
29794
23687
19445
23774
24117
25188
26002
20314
19152
25947
26209
26546
21825
18678
25244
23071
26743
27951
20573
21188
27401
24850
29276
19728
23524
30697
26822
34320
27110
23323
28508
28445
26479
27929
22265
19367
26562
29826
29653
23971
21786
29231
23930
31695
28792
23778
23394
27596
31466
21839
19878
28841
23199
29285
22398
20297
24189
24741
27792
28779
21510
20822
25725
27006
26800
23515
18507
26616
22670
28071
26708
19989
21337
24189
25562
28855
20187
20310
25130
25765
27399
22145
18995
26107
21671
25910
29125
22028
21591
24461
26621
29322
22547
18371
28945
19750
29793
24684
19725
24838
21899
25632
28251
20216
20992
26304
23710
28741
18900
18472
27214
20339
26933
22350
19226
22519
21044
23776
25855
20130
18858
22996
24546
23544
20133
19085
23244
19710
26795
21806
18831
18108
23340
24148
26009
16881
18335
23770
22728
24509
22457
18025
19779
21779
24969
25236
18244
17523
23923
24493
22569
19808
18292
21365
20063
24645
23682
17708
19595
23123
23699
24838
19127
17595
24632
24977
24664
19129
17112
25084
23690
23018
21432
18431
21068
21833
25978
23102
18155
17897
23660
24040
24235
20568
20549
23725
25674
26568
25068
20262
21230
26448
27898
24334
21729
19312
24003
24530
23502
23721
18466
22184
22535
26432
24851
19290
18891
26002
24001
25858
23821
18276
25911
22535
27048
23605
20166
20398
26227
26934
22541
19542
20709
24394
23690
22921
19784
18068
23022
22875
21616
21862
17478
21257
22494
23715
23275
18663
18972
23507
24357
23484
19764
18317
24913
21169
22107
21976
18554
20638
22113
24350
21268
18803
17882
23034
23107
21004
22502
17058
20980
23556
23198
22270
19576
18136
23130
23156
21439
20257
16868
24581
21429
22246
21135
18840
19825
22845
24344
22637
21050
17022
24061
22719
20006
20987
18806
24138
21052
23922
20808
19230
20341
23723
23811
21151
20939
17068
23980
23425
22339
20723
17475
23003
20478
22375
22164
19920
18616
22431
23952
18550
20445
18343
24242
22156
20718
21242
19348
21940
20785
23508
20174
20204
19018
22905
22784
21449
19957
17231
22772
21203
21417
20803
20996
18548
24203
23002
19404
20434
18602
25013
23844
19278
20508
18084
24709
23264
20544
20937
18540
21446
24344
21649
19734
21152
20630
26399
24032
19757
19820
18944
24707
21316
21856
21906
20407
21453
26429
24243
19393
20091
19298
24277
24449
20819
20459
19608
19873
23520
21579
18700
20093
19705
22480
25850
18074
20067
18910
22656
25108
19958
17309
21072
20169
23933
21854
18786
18387
18021
24027
21059
19668
19929
20302
23305
27964
19398
20642
19905
23523
25912
21219
18144
20899
22707
25998
22785
18738
22058
20145
24012
27545
18490
19102
22578
22302
25161
23237
18635
20350
20707
24653
26627
18287
19952
21439
23950
26880
20515
17719
20739
21768
28107
21688
19199
21265
20839
23280
27610
18413
16802
22786
22813
25371
20944
17141
20790
19578
26486
22604
17944
23481
23313
27153
18586
17728
22170
22139
25877
20891
18576
20390
22604
24256
26464
18220
16993
23651
23711
28426
19669
17693
22918
21735
29696
22519
19157
17295
25646
24331
28872
19613
18084
23707
24257
26609
22369
20102
19775
24514
26237
24548
19423
17118
24040
22627
27337
19381
16154
20967
23017
27140
20889
18355
16372
24141
24092
26604
17813
17999
23436
25280
21438
18629
19311
23138
28781
23133
19572
17022
23034
25362
29050
19569
16909
22398
25967
25634
20833
19710
18193
25049
25623
26919
18689
16344
25122
24880
25710
20872
19932
20590
23946
29936
21682
19205
17732
25317
25114
29558
20348
17316
23023
25735
27533
22656
19863
17938
24915
29574
24830
19249
17449
24898
25703
26408
21198
20012
19038
25761
30170
22519
18958
16928
23095
26488
27767
19239
16651
23204
25614
26630
20452
18460
16954
24918
27964
25898
19896
16401
24260
25102
28403
18757
20382
19824
25404
29401
23897
20964
18648
24088
29083
27935
21267
17777
22824
24088
28973
22799
19571
18433
24939
27325
25516
18541
16825
22429
28904
27255
19115
18218
19532
25384
28465
23394
19889
16955
24746
28628
27109
19865
16346
19706
27356
28089
22564
19934
17618
29052
26849
20125
16044
19324
28069
28550
19222
19191
17490
27273
27062
26217
20361
16771
24721
29779
28451
19893
17628
21162
24703
26882
24965
18949
15857
24633
28546
25536
19835
16677
19647
28294
27325
18998
19384
17335
25623
29136
24797
18581
16328
22445
28673
26037
19669
17915
19082
28066
23384
24730
19353
16547
25861
27810
26588
20388
16167
20244
29140
25724
23017
18348
16234
25371
28212
25669
18800
15445
22211
27346
27141
19875
16960
17240
29959
24318
22545
18781
15983
24456
26244
26962
18383
15813
19584
30248
23474
22863
17842
15499
27388
23388
25053
18027
15277
20834
28634
23353
19557
16657
15736
31094
21690
22094
17750
14432
23179
24916
25615
16991
14278
17872
27592
22987
21273
16251
14116
27851
22517
23330
18051
15050
20754
26719
22743
21284
15248
14539
30976
33481
38481
33081
32596
43421
38321
37912
30037
23318
22158
29454
22683
21394
16393
15489
29787
23149
24133
18761
15122
21504
28011
24114
21276
17259
16223
30790
23120
21767
17009
15742
28492
22816
24685
17387
16011
19562
23390
21957
21037
16025
15313
29021
24931
19608
17129
16165
25549
22633
22113
21626
17995
18182
29190
22490
21485
15337
16043
30043
24373
24675
17215
14929
20985
25130
24690
22819
15368
15464
31040
25692
21394
16191
14578
25249
24360
23006
20631
15501
16501
31203
23326
21046
15571
15560
29770
24063
18457
20411
14524
21802
26455
18379
19831
14528
23207
25504
23665
21406
15383
17413
29622
25561
21839
16489
15909
25673
27007
22448
21216
15252
17814
29873
23428
21553
15080
15968
27758
25196
18065
20384
15867
20596
26656
24273
21521
15028
18539
29933
23561
20098
17276
14699
26377
26233
20723
20171
15373
18614
30263
22986
21027
15576
15397
27144
25712
19280
20192
14942
20761
30526
21467
20191
15689
18742
26862
25004
20871
16029
17992
28495
24280
19229
19305
15243
24439
30194
19022
21900
14857
18521
27603
25921
17896
18500
17302
25428
27054
20126
20844
15217
21509
30048
22764
18171
18218
19927
25846
24718
19954
18625
16373
24700
28060
19421
20908
14871
18553
26897
26481
17516
19533
17332
24514
26929
21066
20234
15191
22284
30990
21072
18628
18965
18758
24373
28399
18640
18823
15086
23565
28414
20501
20322
15873
20487
28667
21365
17623
18711
18463
22749
26691
20047
18505
14868
22264
29473
19486
17524
17285
18907
27312
25024
18407
18815
17187
21645
28673
20359
18190
15955
21631
29473
21110
17832
19030
18292
20724
29816
20455
19609
15017
21081
29426
22330
16069
19480
20166
24956
25618
19672
19202
18206
21139
27724
19240
16783
18156
19722
29708
23085
17798
19433
19460
23168
26681
19976
20111
19423
20418
30544
21920
16664
20216
21255
29105
23682
16393
19583
19911
22829
29415
21460
19597
17379
20438
30421
23004
15582
19490
21676
23709
27109
18707
19704
18941
20443
30029
21156
15374
19919
21191
26385
24141
16604
18759
20344
21273
27434
21199
18045
19717
19494
29225
22085
14783
19295
19357
23901
26019
19330
18656
19871
19108
28532
18502
18898
21068
19851
28897
20575
15388
21883
20046
30002
21168
16588
20434
19257
24381
26382
18412
16693
22248
18777
28439
22517
15278
22043
19714
23449
24055
17978
20431
18701
20254
27946
21147
15794
24177
19416
28550
22794
15978
21841
20317
21861
29158
18636
17623
23666
20792
27872
22189
15642
21422
20545
27717
25061
18771
21433
19948
23045
31690
18963
24409
20586
24434
26378
18473
21174
19417
23028
29028
18583
15410
25082
19608
26508
23031
16958
22323
21120
22831
26156
18780
18194
22425
22171
27888
20086
15744
24725
21560
23261
25992
18900
17433
21964
23004
28652
18223
15276
24258
21017
24970
22716
18411
21661
20223
19455
28508
17557
15819
23382
23122
26641
18968
15930
24635
19703
22527
24621
18133
17967
21320
23136
18310
17000
23910
20443
22460
22743
17967
18592
21070
21670
27342
17718
16033
20360
21734
22574
20929
16183
22689
18757
19068
26733
17579
16563
23993
22509
26794
19387
16883
22226
22240
19759
24921
18046
21542
20781
20682
28403
18365
17289
23530
24013
24032
21085
19226
22485
20255
23520
25151
18474
18060
22384
22041
25367
22147
17172
22210
24251
19487
25798
18092
24595
22182
24079
23480
19464
22466
24391
19438
25508
19025
21924
22508
22369
27696
19753
17496
24286
24626
22039
24514
18710
21487
26287
19695
26806
19649
20648
24251
22514
24121
23375
18951
23062
24871
20806
26642
19369
22013
22945
23213
27583
20078
19855
26225
23894
22348
26577
20457
23223
24376
21620
27012
19528
19443
24968
23023
23306
23337
18693
22437
26807
19459
25675
19711
24817
22217
22033
23904
18671
21653
25216
18350
25028
18751
20548
24217
20846
21330
23477
19107
24008
23382
22470
23633
17764
22687
24799
19091
22886
21925
21412
24108
21804
22542
23366
19031
23516
23656
22512
22014
18422
21691
24853
21245
21706
22359
18945
26561
22833
22201
24059
18608
23336
24802
20002
21534
21587
22914
25038
21538
20990
22810
19195
25349
22490
22425
23775
18797
25624
24345
22356
22069
20540
22955
24924
20718
21098
23737
19351
26889
22235
21413
22597
19637
24241
23836
21477
20240
20983
23370
24269
20287
21228
23767
17773
25323
21989
22022
20394
21558
24725
23279
21613
17885
23030
20533
26802
20518
20316
22257
19461
25391
23415
20389
19239
22598
24227
23819
20738
20199
23220
19578
26346
22677
20441
19327
21032
24531
22385
21313
19132
20575
24749
23232
19717
18743
21227
24458
22010
21373
16765
21343
19029
26260
21278
19069
18923
21373
24351
23690
21225
18829
21682
23393
24271
21631
19659
20285
20265
25631
23478
21125
18287
22806
25551
21956
22213
18257
22436
20855
26514
22332
20288
19398
22270
26860
23754
19619
17556
23370
26025
22449
21479
18728
19095
22479
26313
22797
20686
21186
24715
24186
23242
17837
18380
22518
26283
24278
19941
18243
24439
24587
22581
22268
17734
19116
23554
25007
22483
20214
17709
23936
26412
23832
20075
17222
21513
23998
22332
24091
18578
22753
21163
22880
24114
20241
20069
21711
26332
22554
20298
19225
22921
22722
19957
23970
20412
22574
19893
25371
23492
18918
19411
23093
23563
21668
22064
19681
23968
20271
23662
23377
19122
21264
21036
23978
21545
21543
19394
25091
19763
22328
23461
19352
22146
19659
22060
22052
20988
19877
23551
23095
22099
22054
18499
24432
20685
20233
22140
21756
24841
21738
19790
21138
19412
24870
20870
19870
21450
22081
23944
20157
23656
21013
20833
19565
25344
21460
20691
20482
22080
26230
20646
22264
22456
23734
21583
23464
21778
22244
20530
20799
26308
21534
20941
19782
21991
23768
22225
23845
19597
20486
20830
26548
22376
19158
19637
22501
26811
20931
21373
19121
20820
23188
21872
24099
19781
18615
22639
26002
21928
22562
18449
21618
26415
19931
23472
20425
20185
27878
20833
21374
21932
19813
25070
25005
21206
22475
19304
19983
28777
21390
21670
23047
18524
26981
25686
21178
23207
18904
23664
26303
22292
21613
20633
18342
27994
23644
20240
21822
19635
23885
23363
21769
21547
19247
19358
26383
22795
19506
21559
18990
26033
22450
20473
22506
17919
23823
21431
23544
20655
22027
17048
21692
24168
23348
18142
18558
27869
23190
21970
22398
18869
26669
23763
22664
23244
18662
21393
24365
24152
21477
22823
19075
26811
23112
21530
24142
19006
22913
23238
23499
21083
21033
21365
25196
23617
21172
23598
19054
23863
22928
23940
22730
20540
22848
23598
24554
22413
22544
18689
25705
23987
21947
24194
21410
24006
22179
23699
23613
22774
24617
22404
24663
22683
23437
23821
20852
24477
22202
24144
20369
26183
21145
22122
21900
22057
24198
21027
24664
21752
24194
21896
22924
23402
22077
22344
21160
23042
20423
21651
22732
21005
23433
19343
23831
21930
23370
18369
24269
20785
20611
20794
21754
24929
17339
22665
22479
21935
21752
20575
21806
20336
21347
21568
23333
22982
21460
22634
20472
21738
22240
19136
23040
20465
26545
17069
23019
22684
22476
23528
19954
21960
20977
23626
20871
26172
19064
21986
23476
22482
24329
19971
22630
21525
24969
23318
22619
21356
20038
23795
22283
27049
17122
21026
20842
23857
23880
20846
21051
19358
23841
22226
24543
20172
18139
22958
23479
25401
18750
20628
20113
24788
25749
19101
21004
20786
22588
26980
20825
20337
20029
25583
23355
26344
18901
20039
23749
24057
24641
21244
19453
21493
25182
24177
25361
22137
17096
23992
25320
25020
22292
19586
21970
23578
28434
22003
20981
17874
25872
25585
22821
21923
19038
22526
23476
27065
22572
19615
18341
25398
27857
23039
22021
17974
24555
27779
22791
22533
16593
20487
31753
25364
22512
18112
17346
23724
29759
18997
22159
14831
21714
24649
24205
24095
16909
19437
22791
28902
20858
22444
17269
21868
27919
21717
24726
18255
19407
24914
28703
22088
20672
17912
21794
30850
20817
23344
17427
21272
24403
26899
22914
19058
18469
21157
29909
22948
21334
18198
22059
28244
22618
20269
18889
20763
23670
26577
22624
19221
19566
20428
25741
24759
19571
19312
19505
25050
26027
21522
19011
19340
22498
24616
23589
19994
19842
21205
24162
27157
21766
18488
19981
25877
21770
24203
20972
19243
20494
26145
24201
21000
21002
20406
25567
23474
22654
21459
18809
21500
25497
23845
19983
19266
21195
24051
22385
21279
21626
18141
25021
24024
22419
19599
20815
21617
22119
24493
20480
19483
21092
22929
23529
22040
19079
20046
23227
20751
22248
20547
19243
21599
21360
24131
21030
17718
21158
21336
22267
20014
20979
18432
22888
19604
23960
19700
18205
20711
20445
22507
20181
19175
18876
23415
17781
23723
19808
18124
23023
19716
23486
19937
19115
21597
21998
18385
23134
20361
19673
21851
17498
25193
19611
20234
20892
18344
23635
20224
19386
21718
21524
19562
22115
20050
20087
23757
16408
23890
20081
19695
22915
22616
20343
21556
19885
22985
22585
17551
24405
17835
21320
24043
19821
20559
21160
20158
23123
21293
18945
23190
19286
21967
25486
18831
21514
21608
19999
15819
14698
15132
15075
15127
15172
15618
14763
14723
15045
15541
15252
15075
15228
14423
15518
15204
15134
14756
14405
14229
14633
14500
14688
14719
15127
14603
14302
14454
14560
14605
14380
14168
14575
14471
14609
14688
14146
14039
14164
14128
14955
15048
14407
14152
14288
14405
14353
14258
14587
14294
14248
14647
16259
14581
14650
15560
14290
14313
14364
14402
14692
14929
14547
14205
14520
14463
14931
14485
15189
14834
14809
14901
15056
14994
14637
14822
14739
14929
14956
15330
15563
15396
15523
15210
15804
15235
15193
15339
15118
15028
15423
15350
14642
14933
14924
15909
15596
15447
15584
14662
15060
15009
15275
15258
15154
15009
15512
15621
15219
15610
15331
15431
15249
14818
14783
15582
14836
14732
15768
15266
15187
15422
15481
15675
15410
15218
15275
15037
15028
15358
15314
15343
15402
15330
14785
14625
14587
14896
15231
15301
14693
15912
15118
14538
14739
15288
15568
16104
15675
15875
15771
16638
15647
14785
15621
15762
15902
15464
14523
15278
15895
14539
15484
15128
15824
15416
15134
14308
14280
15222
14136
14542
14446
14761
14404
14245
15399
15234
14731
16744
14066
14517
15117
14563
14884
15183
15262
15642
14707
15056
15035
15402
15280
14918
15625
15770
14546
15193
15277
15793
15006
15241
14539
15768
15586
15231
15145
15945
15302
15223
15786
15797
15326
15614
15943
15478
15368
15098
15270
15550
15692
15651
16084
15648
17645
16213
16528
15719
15792
16001
15219
15432
14983
15863
15341
15320
15896
17189
15845
16816
16578
15537
16490
15525
15508
16370
15766
15771
14569
14750
14791
16242
14978
16314
15223
16100
15410
15424
15739
15092
15835
16010
15521
15106
15679
15839
15454
16334
15686
15938
15047
15228
15467
15511
15314
14865
15824
15946
16568
15812
15901
16037
15753
15722
15668
15807
15152
15030
15481
17402
16082
14881
14553
15664
14967
15276
16137
15553
15298
15210
16741
15828
15732
16118
16171
14957
14736
14853
14901
15328
14695
15886
15091
15824
16088
15169
15382
15863
15157
14540
15989
15371
15837
15699
15863
15652
15486
15366
15910
14533
15523
15940
15843
14990
14654
16055
15587
15565
15768
16415
15556
15314
16671
16278
15413
15601
16513
15928
15497
15994
15397
15303
15024
16172
15397
16065
16479
15457
15738
16418
16515
15670
15384
17663
15465
16239
15410
15714
15028
15581
15662
14653
14592
14659
14923
15143
14330
16148
15577
15954
16405
15667
15482
15019
15405
16046
15609
15059
15874
16313
15069
15571
14874
14442
14559
15592
15754
16056
16010
15959
15873
16265
15484
16114
15716
15892
15284
15688
16496
15155
16240
15851
16734
16433
16325
16222
16811
15843
16180
15923
16087
15907
15931
16912
15418
16249
15275
16186
15552
15625
16100
15401
15242
15260
14579
15223
15201
15093
15676
15911
15331
15083
15742
15785
15896
16166
15160
15766
15964
15840
18153
20244
20398
20804
20343
20604
21653
21241
20064
17274
16552
16456
16841
15794
17007
16650
16606
15740
15947
17109
16441
15886
16358
15845
15722
15926
16062
16348
15177
15980
16339
16565
15466
15264
15875
15403
14723
15903
16307
15234
15864
14616
15112
16359
14889
15272
15371
15725
15308
15041
15165
15521
15775
16031
14790
15635
15637
16175
16094
16346
16141
16875
15628
15941
16104
15639
15089
15648
15193
16513
16289
15492
15006
15237
15012
15721
15332
16428
15470
16229
14939
14970
16019
15354
16372
15993
15714
15562
15225
16671
15797
15693
15023
15245
15128
15263
15077
15287
15863
15153
15500
15452
15540
15251
15800
14735
15652
15287
15357
15059
14992
15356
15901
16173
15631
14856
14574
15555
15847
15037
14955
14944
15777
14675
15644
14892
15176
15386
15292
15215
14853
15502
16803
14930
15264
15157
15129
15623
16542
15668
14577
15090
16232
15807
17131
15870
15518
15478
14948
15881
16492
15532
15703
15885
15466
16242
15224
15169
15562
15752
16112
15726
16116
15724
15482
15893
14961
15280
15681
15309
15529
15056
15083
15031
14674
15888
16230
14530
15587
15539
15633
15394
15550
14483
14717
14481
14920
15776
15196
15039
14849
14907
17367
15618
15411
15547
16050
15185
15251
14970
14798
15669
15364
15523
14637
14815
14915
14861
14807
15371
15724
15639
15075
15295
15489
15308
15112
16240
15841
15861
15488
15746
15458
15807
15740
17988
15884
15332
16255
15952
15737
15885
15745
15677
16032
15707
16015
16080
15466
15663
15077
15612
15691
15451
15389
15163
15266
14891
14855
15279
15236
17188
15172
15386
15563
14983
14921
14788
14821
15370
14757
15366
15764
15602
16214
14836
15190
15046
15051
14798
14689
14906
15245
15726
15519
15302
15443
15367
15665
15296
15661
15253
15569
15201
15305
15187
15617
15455
15017
14669
15353
15662
15475
15320
15847
15461
15194
15228
15025
15130
15458
15596
16204
15946
15614
15581
15624
15708
15583
15452
15117
15748
16610
15877
14990
16040
16798
16125
16123
15762
15481
16121
16510
16087
18478
16319
16129
16248
15924
15819
15589
15714
15293
15958
16172
16128
15896
15973
15846
15787
16037
16360
16115
16813
15906
16372
16247
15869
15938
16251
15936
16584
16500
16185
16206
16261
16492
16238
16267
15881
16086
16516
16226
16063
16049
15820
15990
16281
16344
16230
16118
16136
15927
15887
16197
16492
17043
15965
16071
16733
16185
16211
15977
15923
16344
16177
16283
16900
15963
15921
15907
16244
16306
16701
16443
15740
15690
15629
15621
16034
15418
16400
15781
15946
16048
16289
15845
15749
15726
16068
16070
15822
15605
15688
15602
15579
15922
15476
15656
15240
14931
15170
15150
14562
14965
15412
15788
14614
14897
14977
14997
14713
15043
15299
15184
15066
14003
14607
14086
14582
14453
14380
14464
14501
14408
14397
14462
14845
14675
14956
14941
14978
14520
14408
14627
14814
14494
14791
15052
15169
15478
15424
15379
14941
15342
14965
15265
15759
15451
15819
16605
14966
15674
15813
15402
15738
14816
14820
15960
14939
15928
16341
15840
15049
16255
15888
15959
16009
15698
14792
14980
15362
15653
15758
16574
16835
16038
15445
15919
16138
15277
16321
16387
15771
15359
14917
14593
15843
14584
15248
14851
15637
15281
14846
14471
14748
15891
14827
14719
14515
15217
14604
15751
15438
15248
15072
15222
16599
18859
19767
19582
19230
19016
18717
19393
18549
14995
15623
15073
14637
14873
15128
15142
15186
14898
15678
14760
15326
14792
15341
15686
14730
14315
15085
14792
14285
14780
14770
14961
14837
14448
13861
14194
14192
13968
13308
14694
14685
14582
13833
13743
14723
14540
13926
14316
15157
14580
14814
14384
14499
15221
14908
16498
15938
15218
14790
15389
14881
14837
15247
14666
14269
14807
15687
14932
14706
14286
14233
15315
15313
14708
14897
15120
14851
14349
14640
15281
15118
15325
14785
14837
15559
15916
14691
14936
15079
15088
15294
14918
15131
14705
14391
15010
15779
15416
15801
14952
15548
15325
15239
15546
14765
14522
14990
15812
15707
16432
16221
17081
16485
15870
16031
16310
15687
16290
15976
15051
14453
14082
14752
14971
14582
13852
14569
14408
14321
15083
14665
15379
14991
15109
16116
14483
15314
15139
14820
15711
15982
15821
15748
14581
15812
15466
15720
15526
15980
14969
14745
15586
14874
14848
15736
14903
15249
14947
16347
16304
15949
14797
14926
14610
15813
15595
15298
15131
15488
15608
15258
15675
15582
14641
15232
15924
16108
15393
16032
15268
57869
144429
137217
137711
137573
136472
136946
134673
136331
135832
136587
136686
135734
136602
135242
133530
135308
131758
134988
134507
134996
134721
134484
135745
136667
134582
135886
136334
137789
134372
41363
14977
16287
15305
16121
16416
15686
15643
15189
16832
15980
15662
16676
16394
16344
16278
15853
16198
15192
15410
16265
15961
16174
16143
15405
16003
14947
15599
14998
15080
15574
15489
15211
14531
15277
14360
14463
15020
15341
15060
15567
14786
16664
15715
15600
14323
14524
14660
15439
15688
15101
14477
15628
14910
15039
16033
14818
14409
14939
15646
16650
16258
17037
16145
16171
15711
15454
16524
15219
15056
14545
16143
14390
15869
15590
14983
14612
14586
15019
15418
14600
14538
14636
14510
14530
13997
14374
14922
14322
13465
14478
14816
14271
14200
14624
14153
14239
14654
14251
14023
14481
14238
14580
14719
14907
14426
13859
14664
14419
13941
13798
14534
14691
14443
13847
14845
14965
15406
15720
16279
15981
14889
16488
15727
15982
15866
15552
16231
15916
18499
19249
18130
18865
18503
16665
17329
17426
17832
17909
17374
17003
18073
16866
16990
18554
17280
18069
17945
17201
17131
17053
17537
17164
17172
17038
17443
16910
17729
16295
16547
17232
17719
17807
16914
16765
17741
17726
16705
17816
16739
17701
16966
18025
16875
16940
16626
16933
16201
17239
17634
17121
17401
17908
18323
18661
17749
17805
17795
17707
18317
18442
18605
18158
18237
18351
17068
16677
18641
17380
16962
16745
16780
17820
17505
17354
16974
16922
16894
16754
16994
18267
16753
17002
16155
16448
16663
17085
17495
18069
17779
17418
16667
17162
17030
16699
16746
17500
17900
17568
17598
17404
17307
17918
18406
18011
18035
17935
18253
17415
17869
18033
18698
18466
18626
17776
17687
18485
17468
17743
17494
18089
18011
18836
18100
17894
20785
18445
18023
17963
17605
17418
17608
17778
17600
17210
18306
17313
17921
18228
17024
17854
17763
16761
16647
17314
17466
17578
17626
18002
18539
18277
17473
18087
17245
16939
17056
16959
17514
17064
17589
16788
16289
16899
17233
15796
16842
16943
17753
17101
16921
16904
16838
17396
17699
17260
16847
17115
16795
17552
17068
17281
18307
16731
17248
18889
16844
17336
16624
16747
18047
17283
17053
16741
16592
17290
16830
15951
16577
16067
15279
15807
15202
15963
15523
16151
16133
16571
16088
15474
16151
16875
16406
16886
16417
17095
16837
16861
17032
17691
17391
16825
17552
17136
17509
17595
17212
17055
17001
17212
17192
16935
16796
16815
16783
17309
16377
16780
16871
16977
16597
16707
16804
17097
17092
17468
16851
16762
16719
16574
16409
16559
16396
17195
16339
16780
16822
17030
16609
16705
17078
16771
16986
17224
16314
17200
17040
17661
17104
16358
14276
13620
14091
14467
14586
14210
14265
13847
14933
14135
13753
14153
14133
13548
13878
14154
13503
13798
14101
13778
13769
13884
14564
14188
13813
13864
13942
13834
14228
14248
14167
13899
13839
14001
14251
14347
14158
14402
13638
13975
14318
14194
13910
14291
13733
13955
13995
14241
13873
13831
13938
13716
13803
13801
14173
13783
13139
13352
13449
13553
13512
13615
13329
13432
13277
13124
13435
13552
13697
13928
13591
13830
15032
14030
13559
14030
14116
14174
14535
14547
14069
13788
14070
13792
14155
14144
14403
14220
14217
14523
14571
14486
14607
14562
14736
14826
14315
15638
14671
14170
14089
14144
14358
14305
14370
14028
14454
14525
14310
14572
14932
14787
14353
14108
14626
14913
14417
14043
14132
13703
14056
13884
13954
13800
14431
13609
13876
14147
14863
14271
14196
14266
13834
14057
14231
13857
14156
13571
13777
14066
13625
13471
13473
13403
13519
13543
13720
13289
13332
13395
13238
13612
13244
13499
13492
13417
13737
14335
14067
14100
14342
13760
13742
13791
13880
14352
13989
13757
13825
13504
13733
13964
14005
13950
13418
13506
13899
14255
14191
14028
13614
13702
13959
13500
15805
13754
13998
14507
14755
14849
14756
14598
14529
15213
16251
14907
16790
14289
16305
15820
17648
15639
17080
15116
17488
18717
15451
16445
16275
16327
16948
18204
15934
16037
16090
17112
19495
15151
16554
16578
17458
18272
16728
15968
16022
17564
16308
18893
15357
17843
15712
16854
17825
16463
16606
16414
16623
17422
17480
16069
16330
15678
16708
18645
15488
17703
15722
17524
18125
15664
17316
16323
17140
18368
15680
17188
15608
17153
18523
17670
17336
16986
17039
17317
20225
16006
18562
16515
17859
17939
16879
16972
16759
16245
17620
18415
16016
18144
16950
16364
19068
15565
16930
15699
17754
18197
16366
15463
16885
16307
16632
18103
14766
17202
15074
16968
18298
16490
16764
17152
18284
18708
16457
15464
16317
15803
16072
16794
13946
16637
15630
15405
17098
14068
15709
14500
15571
16019
15070
14005
15958
13929
16296
15869
13865
16849
13921
14153
16950
14365
14676
15780
13980
16734
16231
14129
17069
15324
14852
18631
14504
16032
17413
15213
17776
15246
14803
17301
15313
15988
17237
14667
15769
17203
14298
18550
14098
15501
18317
15039
19354
14624
16434
17402
14645
18767
16681
14948
16176
17551
16019
18633
14960
16588
17890
14678
17965
16460
15931
15652
16841
16616
17368
15006
16155
17767
15239
18428
15454
15547
15654
16026
16763
15745
14373
16178
16885
15044
16606
14900
16090
16518
15887
17079
15556
14154
15672
16854
16078
15896
14646
15203
16341
15067
17951
16064
14883
16052
17462
15494
15881
15629
15916
15668
16995
15367
14098
15796
17022
17206
14723
16053
15605
16297
17106
15892
15764
14900
14850
16919
16558
13973
13938
14842
16434
17283
14873
14206
15057
15520
16813
17067
13730
14318
14807
17478
15397
14238
15313
13351
15439
16964
13768
15325
15464
14874
17507
15413
14111
16712
13966
16250
16306
14875
15181
15162
15313
16096
15211
14223
15489
13553
17021
15211
14167
14982
15050
16051
17602
15685
15038
15191
15121
16834
15169
14859
17241
14414
17585
16209
16095
16208
16046
16100
17550
15704
16627
15868
15196
16839
15071
15800
15651
15767
16715
16094
15481
16370
16249
16630
18990
14737
17056
16730
16778
17491
14677
17738
16523
15951
18079
14971
17487
16772
17270
17024
17077
15209
17726
16211
16538
18960
15475
17297
15357
16347
18189
15784
15732
17526
16332
15779
17707
14653
17412
14485
17121
18218
14468
14465
17487
17390
16701
16675
13711
16074
15889
15602
17241
15108
15720
15655
14988
18542
14216
16226
15076
14898
18288
13636
14642
15154
15653
19302
13523
14858
15981
15764
15351
17135
14788
14459
16624
15001
19112
16125
15083
16708
15201
17916
16944
14788
15166
17523
14644
19993
15659
14772
17703
16561
19578
16499
14969
17141
15927
15648
20675
15477
15909
15451
16633
20464
16501
15611
15442
17495
21712
15919
16324
16051
16823
19570
17088
15350
16617
16076
17380
19276
15074
16214
15221
17413
20235
15669
15206
17127
16715
16527
19302
15329
17711
14730
16840
20498
16069
15613
14968
15547
16618
17771
15537
16339
13844
16615
17905
15855
16951
14671
15967
17719
16344
14212
15520
14676
17099
18594
15723
14255
14093
19412
15515
14254
16505
14846
18122
17244
16329
16489
15654
17462
17613
16147
17053
15158
14121
16277
18542
15503
16559
15926
17014
16640
13919
15917
14653
15743
18219
16325
15071
16891
16565
16181
16947
13955
15989
13983
17983
16712
13713
13669
13922
17825
16719
15197
14083
15673
15010
17923
15425
15169
16349
14613
20384
17280
14850
16581
14459
16132
18958
16035
14401
16130
14767
20108
16737
15059
16185
16380
17246
18528
14169
14176
15251
14895
18914
16184
14150
16032
14140
17247
17801
15786
15580
14813
16807
17453
16384
14562
15970
14028
18110
16706
14397
15929
14078
16606
16855
15129
14054
14678
15011
17055
15478
13619
15289
13557
16070
16413
14877
14161
14234
15791
17198
14606
13483
14560
13253
16046
16348
15018
15339
13445
17087
16745
16104
15688
15617
15270
16821
16485
16859
16511
14990
17630
16791
14892
17113
16001
17441
16487
16185
17203
15391
17705
18048
15920
15941
15061
15620
17183
16543
16721
16313
15906
16207
15981
15324
16629
14852
17665
17081
14535
15770
15985
16176
17856
15127
16625
16110
14752
20478
16093
16333
15185
15626
18764
16758
16010
16135
14612
18844
17501
15329
14025
16090
15199
21158
14164
14582
15566
16789
19330
17234
14489
15595
14388
16997
18431
14646
14808
16514
14857
19832
16245
14621
15831
14281
17295
18550
14248
15010
15450
14074
20616
14545
14030
15253
13539
18784
15451
13951
14509
14387
17529
18097
14521
14711
15827
16760
19179
15022
15346
16504
15064
20183
18294
14856
15567
14980
16332
20099
15359
14776
15241
14924
19680
15494
14255
15798
14840
18157
18216
15372
16106
15410
16303
19286
15846
15124
15776
14554
18116
18364
14742
15819
14237
18295
18994
14837
16092
14843
18037
19277
14629
15786
14907
17568
18150
15467
15196
15604
15333
19212
16175
14573
16224
14544
16613
19164
15984
15878
15265
16131
18021
18029
14308
15924
16054
17567
17331
15926
16296
14619
17093
17243
17418
14828
15004
16381
19139
16669
16217
14613
15278
17641
16850
16310
14594
14618
17657
16849
17060
16422
15317
16066
18653
16864
16438
15976
14769
18786
16820
16557
16437
15106
16139
18993
16350
16276
15563
17339
19409
15746
17931
16124
16386
19483
16692
17245
16566
14875
16845
18825
15647
17441
17555
16667
20065
17193
17639
17825
15852
16631
18762
17329
16974
15672
20918
16959
17638
16443
15751
17945
18538
16582
17380
18092
16696
20211
15650
17026
17149
14765
18098
18730
15607
16398
16627
16076
20514
16238
18376
17299
15998
20383
15129
15321
16151
16797
17797
18113
15901
15212
16978
16255
18124
18074
15961
15871
16164
18400
19188
15546
16859
15228
17791
20673
16583
16019
16399
15402
21622
18085
16621
15970
15868
19123
18748
17900
15954
15378
17086
20752
18091
17779
17666
17014
21238
21704
17815
16876
16492
17245
22964
18564
17069
16842
17964
22692
20310
17114
17534
16435
18510
22215
19467
17004
17189
17029
24434
17936
17456
17964
17331
18090
23587
17351
17182
16855
17416
22159
17834
16206
18542
17243
21915
17490
17671
16473
15724
19358
19605
15481
15084
15541
15993
21083
14687
14350
15416
15790
17151
19354
14950
14657
13907
16798
21298
14796
14176
14271
14792
17456
18402
14916
14999
14563
18683
18418
15335
15457
14239
14688
18625
18052
14633
14738
13657
17609
19375
14954
14638
15176
17531
17450
17218
14790
14966
15852
18373
18905
15049
15169
14820
17962
20665
14118
15891
15818
18051
19453
18187
14647
15363
16095
18345
17711
16047
15023
17410
18178
17479
17058
15006
16418
17494
18399
16526
16102
14546
16286
17343
17345
15371
14866
16772
15975
16829
17669
14875
15962
18598
16985
17140
16870
14462
18907
17650
16828
17772
15175
15721
19826
17372
17455
16959
15907
18063
17384
17775
16432
16034
19429
17082
17638
17135
15947
18899
17295
17032
18703
16136
17140
18714
17951
17404
17917
16463
18601
18421
16050
18446
15931
16568
18686
16028
16766
16822
14361
18047
17201
14912
18226
15107
16781
18935
18288
17781
16470
17341
16099
17744
16349
17460
15694
18651
17166
15250
15789
16858
17102
16496
16426
15742
16678
14810
17635
18572
14425
17274
16139
16247
19226
16669
17538
17778
16766
16604
18180
14880
15836
16357
17735
17937
15707
15126
16578
17404
20956
16096
15640
16939
16747
17459
17362
15161
15933
17454
17567
20278
15787
15871
18075
17431
18775
16963
16307
16733
17717
19023
16397
14546
14926
17010
18123
18711
16060
15238
15419
19455
17635
16481
17022
16850
20050
16185
19449
17794
15718
16948
18784
18555
15309
16758
15982
19500
17292
17063
16981
15431
18172
17172
18225
16012
15439
15601
19523
18996
17304
16802
15801
18595
16349
18890
17466
15394
16711
18158
17759
14854
15488
14376
19464
15498
16794
16708
15006
18243
15569
17068
16599
14431
15744
17881
15615
15566
16776
14349
17962
14522
16510
16122
14807
16080
17568
15937
14926
16537
14536
19171
16896
16005
17386
14914
17218
16809
16079
17788
14605
17178
16230
16390
15713
18034
15299
19265
17427
15826
16095
15958
17397
17229
17519
16243
15831
15061
19242
17356
15151
16462
14232
19195
16556
14955
17967
14680
17700
16858
17137
17132
14619
16574
17134
16293
14713
17089
14584
17683
16714
16633
17948
15262
15555
19721
16952
15232
18188
15229
19213
16178
16704
17155
15764
17078
19370
17184
17121
16026
15761
20742
15292
16814
17246
15347
19034
18219
17194
16698
15860
16180
21376
17394
16743
15957
16732
20675
17081
19085
16844
15326
20373
17730
16864
17156
14844
17796
18716
15308
17639
15364
15882
21716
14602
16219
15929
14325
18453
16061
15392
16597
14443
17166
18469
14292
17106
14460
14435
19276
15517
15597
16560
14208
18309
16398
15251
18078
15380
14992
20715
15122
17238
16383
15713
19574
16897
15892
18807
14965
18634
19289
15874
18964
16305
18148
20444
15394
16608
16437
15120
21358
16200
15516
16656
14683
19338
19097
15675
16748
15324
18466
19091
15310
15659
15253
15097
18040
17349
14544
17125
15070
17188
16851
14249
18057
14766
15440
18726
14206
14519
16980
14608
17548
17223
15342
17485
14343
17217
18061
15158
17952
14826
14451
20405
15227
15900
13894
13795
20022
13925
15065
17596
13790
17845
16697
14986
18691
14741
15324
19625
15327
16415
16173
14849
20011
15247
14753
17896
14353
18028
16429
14132
16740
14528
15298
18159
15809
14405
17268
14131
18013
15300
13761
16637
13455
15303
18576
14386
14738
15874
13584
18235
14715
13581
16935
13284
17996
14598
13125
15031
13926
14168
17121
13605
13867
15949
13375
17015
14826
13997
16107
14504
18708
14491
14339
17003
14874
18148
15962
14700
17486
14477
16279
19529
14323
15655
15657
14216
18811
14983
14659
17855
13704
17619
15090
14030
15423
15330
14520
17910
13998
15057
16428
13886
18732
13445
15737
14829
14049
16942
18024
14341
16617
14446
14129
20894
14336
15797
14659
13570
19095
16312
15908
15781
13909
15245
20591
14983
16858
14341
17654
17712
15585
16917
14473
15606
19745
14354
17229
14290
14524
18706
17577
16087
15836
14285
16308
20750
14221
16906
14694
16328
18717
15919
15393
15923
13810
17906
17447
14693
17594
14435
15210
20682
16684
15904
15120
14532
20258
16340
15623
14376
14519
17322
18483
16157
15726
15303
15676
17833
16520
14670
13144
14047
18912
14282
16069
13992
14651
15290
18459
15802
15113
14291
13828
18053
14850
15891
13512
14410
20885
13878
17025
13448
13947
15419
18008
15831
15768
15239
15043
19484
14760
18155
15568
15208
19722
15954
17229
16110
15298
15785
18299
13951
17066
14301
14602
19995
13986
15614
14243
14336
17019
18591
15094
14718
14338
16726
19604
15040
15217
15904
15429
18953
16955
15257
16835
14680
15915
20512
14080
15287
15171
16785
19804
15040
15973
16270
15311
18272
17757
16666
15744
16186
17196
19153
16622
15296
16657
15971
18961
15949
18167
17040
15978
17778
17010
18302
14458
16205
16262
19550
15495
16499
17321
17077
20095
15675
18575
15914
16536
17518
19865
19800
16488
16826
16908
19430
15768
17847
14727
17771
18609
17270
17983
14545
15638
16360
19063
17729
14633
15769
17397
19392
16210
17382
15180
18092
17920
16967
18588
15230
15944
17175
19493
16468
16382
15675
18089
17781
17508
15157
15428
18390
19586
15057
17295
15545
18049
17941
17737
17176
15427
18446
17959
20518
15350
16898
15142
19931
19807
16902
16856
16011
18790
16656
17966
17948
15338
16513
18289
18027
16872
16654
15108
19879
17992
17838
17031
16876
15979
16674
18038
17897
16194
18622
21274
17170
16310
16681
16611
16362
17591
17106
18739
16118
17341
16922
17710
16731
16938
17109
17659
18193
17813
16650
15987
17292
17416
16968
18471
16726
17593
17683
18556
17441
17223
17277
17245
17701
15920
17164
17757
16566
17266
18382
18299
15757
17952
17386
17891
16488
15805
16046
16786
16868
15365
18067
15990
14980
16295
17114
17900
16688
16378
16906
16826
16355
16321
16833
16669
16457
18071
17799
16422
16882
17143
17921
17179
16263
18029
19018
17315
15915
17639
17199
17541
19155
16449
16485
16808
16930
16546
16613
18402
15986
15718
17338
18090
17846
16577
16769
17488
18301
15785
17537
16869
16328
15851
17447
18054
17276
16756
16884
18463
15339
16800
17272
15020
16920
15706
17183
16167
14621
17584
17523
16191
16344
16265
17313
16232
17244
16002
16147
15991
19647
16295
17458
16551
15205
16946
17929
18192
16811
17116
17349
17402
16268
16561
16805
16878
17543
15091
18056
16199
15754
17227
17282
15526
15591
16171
17536
17132
16256
16455
16509
15116
16608
15985
17088
16512
15041
16348
17610
17160
16597
16413
16808
17938
16690
16208
16045
15190
15362
17579
16597
15557
15453
15596
16744
15752
16354
16666
16156
17550
15156
16428
14649
15242
15602
16256
16073
15208
15902
16023
17886
16283
16218
18420
16794
15640
17725
17092
17486
16226
17936
16936
17463
18443
17443
18736
17967
16376
15769
15489
16074
17853
15780
15549
16840
16158
18454
16129
15560
16180
16000
16255
16802
16338
15861
15520
15601
