19448
16625
17323
17449
14728
19553
15378
18010
16902
15099
15571
16733
17233
15152
16858
14902
19667
21095
20923
21699
18551
17639
16738
19591
16646
15347
15611
18284
17415
18271
16923
18694
18431
16472
20233
16683
14538
16418
15583
19112
15628
17280
15459
17916
15406
18129
16052
23969
18163
14388
18487
15670
15000
14806
17166
16073
15597
15859
15639
17523
13924
15501
15956
15840
17003
15168
15442
15481
16290
16300
13528
15401
15629
16086
16723
15039
16194
14909
15494
16894
16793
14575
15856
15923
17031
15703
14242
15362
15126
16280
19125
15867
16524
15096
18025
19317
16490
16732
29370
23772
17662
17951
15664
16010
17097
15294
18397
16158
15271
15224
16599
16810
16603
13877
15414
17236
15140
16999
14912
15890
17064
14843
17366
17809
14911
17904
16231
16417
19197
15845
16330
17952
15342
21046
15851
15886
16749
16816
16073
18089
14707
15984
16048
16664
19355
15422
16456
18034
16247
21169
17641
16867
18601
16915
20994
22715
19324
19879
16521
17770
19561
16116
16017
17055
15141
20587
16684
15300
16474
14841
17103
20131
15618
15823
16932
16383
17892
18003
16559
17705
15440
20095
20981
15550
17344
15326
17230
20876
17340
15729
16100
14299
18467
17625
14688
16582
15315
18695
19120
14839
15589
14881
14373
28955
18688
16326
16438
14830
19107
18283
16799
16632
15093
22494
17580
15655
15231
17925
18032
19015
16523
16192
16758
17280
20380
17655
16138
17014
15896
19251
27369
27636
16306
15956
16744
17816
15792
15753
16785
15795
20473
17195
15686
16391
17259
18006
19000
17903
16163
17231
16020
18917
17068
16452
16791
16206
20112
19064
15919
15526
16754
16654
18398
17693
17355
17312
16438
19894
17037
17974
17407
16255
19520
15793
17561
17245
18040
16495
18556
17123
16652
16868
15643
20523
17087
17477
16641
17403
18530
18682
16452
17742
19503
19462
18935
18486
17028
17937
15966
18137
17403
15408
16247
15789
17893
15466
16888
16798
16061
17931
15802
16242
16315
16406
16411
19008
17149
15391
16995
15744
15931
13782
16202
15438
17257
15489
16847
16883
15952
15800
16416
17793
16475
15644
17566
16334
15734
17064
16545
16923
16227
15402
17309
15530
18197
16112
14925
17064
16465
17105
18520
16079
17879
16718
17439
17434
15889
17280
18269
25033
18874
17679
16434
18325
16727
16812
26644
26444
21218
15697
15147
17540
14484
16877
15802
16189
18952
14544
15958
18443
15883
18387
17923
14933
18288
15719
16144
19457
15725
17838
18031
16700
18798
15878
15921
19491
16407
17527
18920
15301
17862
16473
16838
19078
15417
16188
16941
16681
19506
16364
15419
18541
16884
17176
20099
16095
17316
17420
17860
20685
16255
16588
19632
17500
17913
18933
16728
16357
17375
17690
20439
16092
17488
16725
15811
15614
14476
16060
17590
16037
16820
15500
15236
16373
16225
17119
15367
15607
15535
17477
16584
17114
15787
14979
16666
18560
16994
15696
16338
16263
16652
17921
16439
15733
15588
15479
17650
16004
16001
15395
15305
15925
16774
14940
15798
14442
15146
15315
15610
17919
14716
14878
15778
14551
17574
15841
15332
16365
14942
15711
16687
15001
16096
14637
15634
16786
13882
16624
14215
15895
16482
16338
14832
17321
14563
16819
27819
25719
20968
15572
16621
19927
15919
16228
24608
20881
18667
18908
16556
18622
15581
16322
19559
17119
17592
15604
14504
18817
15569
15015
17724
14876
17763
17516
14902
18294
15098
16879
19035
15342
15306
18305
15189
18523
17912
16223
18362
15456
17382
15764
18544
15495
16294
20193
15893
16064
18099
16283
17955
17965
16653
18226
17152
17738
20028
15471
16401
17512
15428
18654
16736
15746
18944
15800
18450
19622
19900
28286
24898
26003
28770
24607
24362
23723
19909
17192
16916
15479
17347
15811
16446
18349
15249
15740
15589
15061
17452
16430
15178
17176
15451
17099
17686
15616
17483
15703
17481
15307
14927
16287
15770
15898
17169
15109
17493
16523
15417
15302
15846
15200
17534
15872
16049
16830
17204
15864
15876
17697
15573
16716
14587
14643
16206
15563
17311
15440
15542
16136
15006
18255
32039
19380
14771
16275
16471
15839
16249
15202
16754
14864
17479
18988
15287
15300
14668
18118
16166
17642
15776
15295
17825
18389
18494
15309
15701
17670
18187
29197
17745
16206
15871
19275
17416
18520
16176
15765
16642
16809
18526
15900
15275
18534
17142
18000
15663
15391
16876
17939
19182
15794
16775
15142
18988
18182
17975
15439
15690
17732
19491
18790
15341
14936
16842
19192
19111
18237
15946
15946
19553
18973
18645
16168
15775
17342
18849
19400
16341
15698
15967
20305
19138
18634
16605
16613
18147
18623
20119
15555
16608
16834
19101
19205
18006
16381
16191
19521
18753
18715
16221
16453
16964
20975
18630
16587
15791
16270
19473
20091
18433
15937
15333
18830
16528
19876
15659
16765
18501
17928
19236
16243
16317
16177
19434
16010
19022
16958
16540
18379
16800
19167
18000
15895
18534
22324
21044
16734
19889
16590
20660
16547
16797
19525
16083
17126
17935
16416
18491
16012
17298
16822
17160
16601
19074
18231
17646
17597
16552
20411
17900
18003
16145
15750
16691
19291
19045
16313
16475
15818
22988
17269
19563
18421
16118
18481
20013
18957
16916
16254
16852
19442
19787
18081
16712
22617
18666
18752
16418
16268
17568
20154
18817
18343
15854
16405
19478
19346
21201
15527
15709
18175
16705
18672
15435
14516
17316
18972
19550
17880
17764
15523
19450
17711
19698
17121
16883
17125
18164
18538
17620
16773
15540
19152
17063
17943
16642
15793
18328
18513
16830
17508
15704
17023
18407
17091
16940
16863
15851
19369
17352
16899
16806
15680
17871
19565
17979
17099
14723
15567
18332
16061
16008
16036
16661
15238
15943
17381
16118
15376
16572
16376
15703
17248
15051
17489
16676
15838
18447
15499
16944
18526
20425
17960
16094
14848
17785
17487
18083
17798
16504
17430
17742
15648
18715
16837
18680
17388
17292
18450
18206
15592
16985
18111
16453
17244
16790
16961
19193
15171
17576
17328
15632
18590
18232
17257
17709
16261
16835
18729
16225
18260
16899
16575
18237
17585
17513
17763
15687
17043
20102
16324
18556
18192
16170
19168
15043
17863
16641
16495
17483
16622
17323
17075
15545
16215
19735
16276
20664
15321
15289
20169
14874
17525
15593
15023
16586
19272
18253
14882
14849
14030
20138
15910
17457
14875
14868
19193
16544
17690
15868
14917
16799
19949
17304
17055
16599
15815
20583
18106
18398
17267
16086
17409
19020
18630
16393
15016
16699
20777
15594
16842
15475
15540
18710
16054
15522
15275
18734
19741
18018
15526
14502
26800
24714
16846
15429
15555
17172
21388
26115
21423
15419
15545
15505
22324
16039
15543
15454
15577
19147
19079
19179
20838
15057
15253
19086
14957
15537
17317
15842
18019
16821
15775
17102
14836
16977
19139
15891
15641
16446
17649
19657
15710
16754
16937
16293
17645
18432
14949
17053
15349
16348
19502
16142
16672
15602
17554
19638
16762
18017
18020
17112
16982
16579
15717
17731
17047
17602
17177
15021
18993
15641
17343
18583
14973
17463
15791
17289
17223
16344
15297
17768
15495
20381
17221
15276
17119
15894
17857
17073
16053
16469
16768
17977
16680
16654
15331
18089
15152
20217
17192
14912
17077
15390
17700
17788
14945
15436
18113
15631
18643
16700
15609
18066
49175
18207
16827
15468
17872
15204
17994
16672
15242
16334
16162
17520
16310
15474
14920
17572
15010
16823
16403
14659
17637
17048
16123
16663
14291
15429
19119
16262
16443
16875
15372
19650
16698
17681
17681
15178
19269
16846
17171
16897
15882
15534
20677
18008
20911
17023
15811
18560
17911
17093
17584
15628
17250
18165
15786
16879
16938
15911
19409
16225
18900
15929
15956
20933
15285
18009
16835
16632
17675
17604
15318
16449
15053
15119
20023
15845
17169
15518
15079
19520
16063
17075
15029
16887
16760
19980
16201
16208
15417
15394
20134
16818
16556
15803
16545
18839
18503
18508
16817
15628
16437
21361
17395
17800
15941
14956
20652
17386
19055
15645
15664
17679
19089
16618
17454
15393
16860
19780
17729
16905
16429
16291
23357
17546
18490
16794
17130
19526
19152
17235
16708
16650
16137
21823
16324
18073
16521
16305
21770
18304
17419
16233
17683
17902
18766
15392
16776
16837
15071
19962
15561
16615
16273
17608
19204
18226
17508
17278
17524
15595
19745
15816
17908
17101
17190
20623
16469
18356
15625
17784
18621
16848
17059
15325
16919
17967
19865
20128
17330
18958
15470
17515
15549
17207
15608
19345
16301
15530
15924
15942
20522
16220
17944
16214
16301
19308
17860
18885
17091
16052
16671
21763
18173
16835
16042
16046
20442
16653
17116
14908
15129
18932
16364
17077
16914
15092
16394
20872
18491
17810
16161
15683
19594
17052
16485
16232
16288
17359
20376
17158
16553
15270
21887
17265
16220
15676
15088
19290
17813
17533
17498
15930
17067
20630
17431
18036
16124
15957
21076
18178
18311
16648
15697
20035
17202
17239
17991
16121
15100
21709
18087
18090
17031
16368
20395
17815
18437
16883
15913
17908
21564
17427
16405
15863
15583
21014
17027
18597
17420
16079
20412
19869
18262
19557
16855
16053
22273
18674
17724
17029
20981
20110
18872
22044
22922
16068
20877
19731
17540
16374
15919
19162
18331
16328
16727
15504
18043
19074
17996
17239
16323
16881
21039
18399
17834
16402
16600
18895
19697
24650
31235
19311
18388
19507
19455
17142
16990
17450
18784
19103
17964
16589
15131
16707
17046
18262
15752
15402
16024
17838
16435
16806
15594
15965
16997
19151
17435
18772
16049
19210
18518
16495
18402
17073
16308
20271
16628
18884
16856
16697
17835
20441
18962
17192
16837
18434
20240
17681
18438
17717
17017
18225
19090
18679
17124
17184
17526
20389
17646
18731
17222
17553
20606
15741
19058
17667
16711
17593
18259
17733
17618
16226
17025
19695
16564
16750
17421
17719
18258
18709
18595
18368
16031
17679
20599
18532
17995
15590
17289
19407
18228
19052
16221
16861
18321
17738
20256
17291
16708
18089
20252
20253
17109
16639
17665
19471
19211
17749
17330
15685
18073
19451
18836
16603
15188
14963
19883
18061
16608
15294
15220
16380
16304
17992
17612
15069
25333
16981
19022
17604
15072
14369
16355
17232
17020
17482
14532
16310
15289
16502
20700
26549
22258
16611
15269
16521
14097
14576
17183
14313
13523
16730
14325
16584
16475
14924
15490
14457
16266
17116
13680
15480
14288
16417
16874
15693
14469
15538
15525
17722
15489
14007
16847
14369
18428
15442
14738
16073
15311
16181
16725
16396
15353
17527
17635
17105
16271
15397
16507
13841
18210
15015
16354
16343
16441
17184
17398
15548
15170
16654
15537
18177
15316
15605
16847
14539
18190
14912
17284
14311
17487
16305
16963
15363
15368
17145
17557
17511
14429
15328
16502
16883
16264
17012
15250
14384
16986
17172
15212
16144
14365
17625
16938
17169
15923
14025
17735
16397
17204
14465
16227
16193
16971
16314
17091
16548
14262
16836
16304
17807
16134
14605
17212
15263
18143
15657
15485
13838
17127
16754
17106
16332
14653
17019
18167
17225
15538
15061
15973
17014
15251
15465
15369
14294
16789
15140
15249
16448
14351
17277
25735
19068
27809
20019
14570
16935
16735
15540
15558
14651
17158
14395
17594
15150
15813
16646
15207
15655
14258
15304
15841
14373
16285
15998
16460
13912
16752
15644
15612
17402
14459
16002
16688
15724
15945
15816
15758
16265
15845
16440
16886
14265
16447
16743
16001
16133
16616
16085
17560
16502
16199
14056
16572
17090
15620
17122
14393
15865
17371
15295
15367
15092
15075
15700
16942
15623
14633
13802
15113
17039
14827
16257
15113
14852
16004
16196
17165
15814
16508
15818
15592
16290
18488
14499
14837
17533
15193
16474
15867
16385
15358
17658
17572
15661
13472
15131
18514
14934
17666
14936
14639
17956
15612
17182
15916
13764
15043
17168
17204
16379
14508
14101
17785
14948
17275
16598
14685
16667
14121
17044
17502
14188
17631
13809
17767
18527
15318
15941
18415
17001
17888
16481
14598
18692
15967
16140
19639
17218
16652
15912
18150
29455
23716
14975
13965
16013
15153
19627
13869
15966
16090
14777
22760
21343
15724
15875
14250
16996
18154
14554
16358
15424
15067
20385
14706
13882
17450
14648
18776
14405
14496
16478
15045
15881
18825
15165
15623
15718
14984
19874
13521
14177
16966
14278
17623
15182
14344
16488
13841
16678
18052
15206
14322
15689
14854
19315
13793
13922
16734
14208
16729
16458
13463
14866
14801
14567
18822
13192
13956
15354
14727
18661
13497
13498
15500
14096
16064
17448
13519
14420
14483
14676
18288
13837
13827
15989
14215
17790
15770
14114
16597
14401
15647
18375
13513
14546
16267
15127
17898
14334
18845
18777
15237
16807
18008
16272
17851
15994
16144
17298
16756
16464
15794
15746
17694
15767
15489
16676
15577
16527
18809
16223
15949
15928
15977
14459
17110
16839
16749
16524
16258
32315
24069
17031
15349
16799
17771
17410
18024
16534
15397
16727
17976
18377
17003
17125
15171
19028
16535
16242
15218
18486
17255
20200
16783
15757
16818
15112
19937
19370
15536
16766
15592
19281
17989
20940
21544
16089
16045
17662
18895
15118
15807
14896
19081
18600
15061
15708
15063
18340
18033
17205
15570
16663
16054
18480
19287
15696
16576
15275
19655
18705
15398
16530
16495
19406
18728
17031
15708
16565
18103
17059
19037
15069
17268
15677
18106
19780
15361
15620
17146
16619
18569
17210
15273
17068
16544
16827
18343
13848
15588
14286
16023
17808
14367
13543
15638
15417
15392
15762
13743
15301
14277
16312
15300
13839
14019
15327
14972
14264
15338
13370
14793
14531
13577
14208
14451
14591
13682
15497
13380
15154
14725
14951
15222
14749
13819
15989
15540
14726
13696
15424
15964
15505
13818
23272
27319
15640
15245
15342
13938
14586
15250
16838
15670
14405
15458
15267
16299
16940
13795
13781
15694
16763
16459
14804
14346
16643
16977
17484
15261
14466
15149
15783
17296
15393
14030
14236
17020
16617
16223
14835
13771
17858
15937
16894
15757
15024
15614
15589
15767
17015
14258
14193
15490
16766
16077
15027
16198
24036
16359
16298
16131
14962
15089
15534
17665
17290
14947
16029
15489
18144
16947
16802
14872
15381
17873
15444
15930
14802
16198
15910
15768
16727
14224
14163
16285
16896
15051
15356
14698
15540
17267
17054
16315
14623
16415
16906
16219
17642
13976
13473
15378
19419
16226
16085
15491
16000
17000
17512
15582
14228
14945
16110
17654
16021
14119
14039
15779
16495
16455
15609
13824
14367
15721
16714
15600
15011
13802
15722
16685
16051
15090
13856
16942
28221
24545
15772
13236
13458
15923
15951
15496
14002
13650
15198
14747
15606
14948
14490
13972
16851
15397
14891
13514
14816
14708
14289
15644
14756
16256
14462
15113
15336
14895
16127
14266
16419
13793
15588
14256
16762
15215
15497
16270
15241
15600
15036
16369
14864
14572
14465
15623
14420
14759
14494
14927
15843
13635
16884
14692
14955
14583
15938
15861
15862
17195
17368
15480
13979
16194
16402
14808
16177
13644
16035
15756
15128
16618
14913
15626
19614
24547
15136
16588
13878
18423
16210
14886
16130
13942
17909
15277
14894
15131
15377
13935
18928
15401
14435
16607
13619
17389
15978
15193
16633
16463
13358
20434
15368
15327
17614
14060
18649
15017
15268
15746
15045
16435
16064
15758
16117
15849
14006
17580
14801
14997
16331
13532
17542
15240
14951
16524
15077
15131
16046
14712
16075
14293
14363
15805
23456
23253
20515
13399
14653
17795
13680
15293
13963
14270
17315
15817
17215
20875
19264
14962
17839
14446
14905
12907
14110
17999
13262
14530
13200
14114
16499
14587
13021
14583
12756
15673
16923
13435
13949
12625
13994
16549
14032
12908
13853
13416
14198
15422
12801
13903
12350
15149
15048
12856
14771
12855
14351
14988
14631
12826
13951
12296
14975
17736
15371
17927
16186
19256
16863
17876
18068
18995
24577
27197
20084
12518
14192
12967
15705
12840
14487
14387
12416
17766
15179
14502
13190
14203
12963
15864
13019
14370
15433
13485
15529
13935
14817
13851
21003
17681
15663
13378
14485
14367
13478
15356
14504
14633
14348
13113
14459
15227
13405
13191
13902
13459
15776
13069
14310
14330
13094
14412
14524
13179
14839
13632
14975
14189
13268
14421
14991
14246
16195
13304
15648
14766
13903
16071
15450
13493
13898
14943
19568
32383
17164
13233
14620
13716
15904
15111
13934
15168
14106
15213
15694
15335
13658
14270
14908
17262
15854
13630
14316
13093
18482
15508
14269
13819
14601
14069
16161
13825
14723
13996
20536
16426
14871
14884
13861
15556
17612
15285
12851
14645
14749
18532
15127
14673
14526
13724
18125
15275
14741
13291
15186
14481
18079
15285
15463
14678
13384
22536
21347
19800
20146
19558
22365
23127
23535
35346
36940
32228
30454
26647
15803
14986
14239
16587
15898
14243
14229
14806
13338
18458
14238
15248
15756
13406
16876
15808
15788
14949
14038
14861
18076
15814
15174
14835
13592
17523
14465
14901
13725
13633
18794
14900
15018
15533
13641
17909
26319
15977
15598
14252
14849
16219
14765
14646
15579
13584
16037
15009
14736
13628
13066
15951
15128
15104
19446
26713
16481
13992
14562
17500
13945
14610
16565
15224
14787
16766
13222
16042
13957
15058
17518
15478
15741
13648
14701
15295
17278
14445
15723
14609
15484
16262
14154
15983
13017
14711
15266
15251
16255
13414
14031
15030
17635
13215
15793
13747
14167
15435
14205
14514
14824
15243
14711
16281
14646
14434
13479
15674
17787
14404
16215
14935
15657
16605
15629
15404
15555
15100
14977
17970
14968
15142
14315
15490
17791
14953
15600
15460
15031
15718
16236
14758
15028
15237
16317
16085
16232
15374
16220
16844
17175
14474
16986
15044
15343
16954
16018
15094
15652
16196
16201
14990
14935
16344
15622
14149
17230
15941
15701
15038
15432
16674
15319
15544
16313
15428
15182
17307
15418
15293
14553
13593
15577
16128
17718
15032
14075
15499
15718
16186
15730
13737
25555
25242
16176
14863
15622
14212
14712
20127
26365
15029
14454
13941
17428
18946
15672
14615
14823
17224
16630
16038
15217
13900
14430
19687
15154
16449
13787
13324
20257
14687
15087
13455
13569
19232
14191
14915
14695
13646
15220
17930
15943
14947
14302
13037
19812
14889
15928
13634
12946
17445
16462
16286
14293
14515
15022
20154
15020
16443
14366
14679
19381
15945
18353
14378
13729
15852
17965
18647
14871
14146
14148
18612
18207
16326
14946
13382
17790
17045
16384
14149
14219
15191
19255
16123
15520
14717
14143
18861
16580
17889
13935
14735
18573
17201
17066
15455
15450
15858
20110
15672
15984
13965
14097
18249
15751
16652
13547
13357
18129
14729
16982
13875
13244
18028
16306
16139
15576
13563
15467
17500
14408
15141
13795
13659
17713
15715
17945
26263
21946
15518
16274
17111
15733
13514
13991
16485
15450
17604
13888
14208
14413
13583
17203
15706
13718
13182
17230
14429
15989
13248
12753
14493
15014
16972
14087
12787
12597
15608
15060
15220
12997
13365
21559
20113
13740
14233
12650
13292
15745
16844
14353
13520
13190
14310
16661
16367
13412
13245
14291
17094
18197
14361
14226
13473
17264
17840
17139
14522
15292
16154
18043
15063
14595
13739
16043
16558
16704
13672
13919
15177
17325
17474
13742
14004
13574
16266
17061
15622
13450
13126
15969
17333
16307
13527
13949
14046
16127
18236
13505
13410
13438
16851
16767
16026
13756
14317
14620
16241
15843
13724
13570
13201
15876
16565
14234
13135
13178
14133
16487
16267
13319
12751
14137
16003
18810
13695
13802
13024
15340
16803
16044
13637
13407
14458
16368
21528
27923
17696
14412
15971
17524
14363
13660
12684
14604
15915
14909
14692
13671
15336
15994
14574
15476
13485
13386
14279
15471
15223
14292
13469
13248
14297
14515
16310
13385
13112
14713
14296
17786
12966
12413
14686
13626
14335
17763
12508
14556
13952
13475
16784
13683
17920
15367
14074
17020
16097
14323
16524
15280
14039
18719
14769
17753
14845
13853
18074
21392
19083
17799
13833
13922
19846
14020
16997
15104
14901
19253
15493
16708
16497
14060
18087
16143
14090
16684
15788
14182
19736
13940
16203
15047
15543
19079
18798
19351
20437
17604
21901
18932
20735
17030
14163
18033
15414
14265
17856
13858
13559
18671
14930
16181
15027
15036
18187
15753
13509
17776
14266
16584
16958
13614
16349
15249
14210
19092
15114
17021
15189
13897
17830
15806
14850
16718
21958
25134
20240
14329
16147
15951
13849
17210
14260
16983
16218
14470
16982
16597
14324
18207
14118
14066
18145
12804
15890
14516
13535
14847
15090
13131
17199
12843
13903
16109
12624
15345
13334
13410
18743
13345
13902
13431
12850
15478
13062
14641
13470
13125
17668
13178
13128
14142
13248
17208
14928
14029
14162
13472
14602
18571
14142
13876
13759
14887
19034
16244
14245
13645
13512
19674
16656
14409
13766
14680
17277
18744
18564
14012
13978
15346
18401
18570
13847
13583
13542
18505
20012
14517
14387
14039
15564
31284
16529
13803
14051
13694
19092
19377
14304
15243
13797
17771
19311
15074
14051
14049
16310
16926
18228
13764
14195
14211
19471
19772
14158
13878
13864
16655
16853
18829
14726
14521
15256
20572
21134
15303
13512
13177
18378
19245
14293
13715
13429
16187
18093
16508
24401
24810
16240
15952
19142
14887
13955
13853
19813
19358
14866
14354
13768
16302
17301
18502
14420
13425
14911
17557
20400
14224
13440
13633
17117
17283
16560
13835
12911
15270
17333
18514
14475
13490
17091
24921
26020
21714
19835
20586
23457
25437
21677
24176
18178
15023
17910
19263
15087
14145
14017
18144
19991
14905
13473
13257
14756
18132
17765
14496
13581
13213
18202
20157
14454
15608
14265
17387
18126
15977
13858
13511
17372
18082
14992
16557
15231
17764
20745
22084
19683
17020
17820
21300
21484
19857
19215
17058
19053
20674
21488
18859
14799
13653
19423
17837
16391
14233
13673
17310
15603
16682
15560
13382
13582
18906
17671
14335
13703
13281
27008
19923
16487
15488
13785
16507
17020
17882
15193
14430
14135
17851
17659
17586
16388
13843
18576
16611
17985
15631
15924
26203
28489
16736
18066
15377
12769
17608
15795
18213
13939
14078
15531
16677
16591
16378
14817
12552
19033
17366
17541
17653
14920
16710
17473
17371
14284
13006
17619
17039
15226
15289
17114
17322
19498
16992
15522
17106
14108
19485
17668
14654
14797
16641
15890
18883
14582
16102
16374
13506
19539
16510
15829
13600
15217
16531
18590
14677
14483
14971
13988
19395
16401
15304
14623
14086
17063
18743
13778
14167
15120
14390
20828
14539
14985
14950
16072
19600
17810
14653
14681
15924
18005
20675
14597
14404
15276
15807
21068
15968
14539
13773
15001
18442
18722
13729
13731
16004
16369
19497
15290
14505
15733
15036
19601
18059
14174
14657
16143
17900
17879
15445
14760
15545
16115
20659
15270
14121
13885
15848
19910
16316
13439
18030
16014
20235
15752
13556
13724
17301
18362
14987
15850
19114
31496
17697
17338
15687
13427
23674
19163
17798
13680
15438
13499
16858
19271
15707
14359
12889
12911
19392
16720
13363
14112
12707
18494
18328
13956
16739
12939
14189
20989
15228
14264
15696
13322
19255
17294
13921
15456
13857
15777
19433
14382
13856
16807
14070
19794
16847
15725
16731
13879
18439
17851
14878
14016
15691
15080
18337
15454
15078
16428
13458
17473
17130
16046
15297
14398
16208
17795
16640
14342
16337
14558
18174
15226
15135
15680
14575
20445
16860
15853
15577
13901
17608
18427
15113
14888
16920
15385
19157
15521
15708
16868
14124
19115
16290
15422
17812
14102
15457
17168
14942
14953
15371
14515
18090
16763
14518
16797
13517
16669
17350
16174
16065
16347
15986
17599
15646
14940
16066
13965
17261
17953
14524
17008
13720
15865
17659
14645
15558
16281
14782
18335
16328
14793
16024
13720
17709
18306
14656
15203
22708
25438
22025
16381
16861
15452
15022
18742
17567
16295
17272
14910
19145
18066
15874
14911
15897
17607
19696
17071
24498
16037
14838
19035
17682
14724
15439
15222
19110
18508
14552
14056
15727
17148
19018
17633
14495
15845
15780
20150
18883
15568
14958
15301
19600
20184
16419
14528
15690
17038
18466
18088
15492
15303
13777
20968
18481
15949
14131
15784
17572
21026
16995
15052
15966
14652
21173
17978
15682
16006
15380
16306
21030
16565
15481
16691
14015
20668
16337
14941
14607
14082
17655
18670
17540
15444
13443
14132
22244
17552
19166
20935
19553
22622
22360
19431
19805
18240
19069
25072
22950
20829
20531
18943
18960
17626
14883
15585
14088
19085
18376
14047
14985
13792
16312
18888
16799
15229
13289
14150
18455
19066
13451
14886
13598
17023
18995
16157
15129
12867
14346
18637
16532
29992
19680
16216
17285
19015
14120
16479
15004
16431
18756
15693
16645
13821
15896
19464
16764
14683
15303
15419
17393
16437
15062
16338
13660
16947
17106
16872
16125
14498
17019
18094
18472
14276
16857
13811
19012
16299
16398
17231
13877
17595
18586
17013
15821
18298
23749
20165
18255
15359
17432
14353
18531
18375
16793
16681
14992
15592
19869
17117
16475
14165
15791
19294
17778
14333
15211
13555
18349
16952
17178
14152
14045
16513
18088
18194
15450
14475
14791
19790
15289
16807
13988
13556
17455
16934
16909
14458
14589
16534
18650
16967
15425
13967
14832
18386
17120
16899
13930
15058
16025
17202
16261
15134
12927
15234
17750
16051
16675
13321
14675
16062
18677
15700
14131
14563
16552
18128
17620
16652
13513
14708
19109
16580
16744
13981
15403
16059
22440
31490
16329
13956
16617
17726
15603
16633
13879
16154
16652
18936
16753
15206
16848
17143
17683
16048
16791
15316
17440
18684
17035
16840
16453
17493
18015
17687
16332
15925
17682
17185
17020
15921
15922
16989
16807
18335
15600
14813
18191
15416
17857
15164
15414
15930
17014
17032
18399
15523
13881
18927
15929
18334
17372
16420
20142
15426
19027
17353
15570
14946
16983
16173
19674
16233
15395
18858
16173
18251
16209
15943
25130
17803
16636
18616
14885
14310
17107
15530
17750
15986
14811
17466
14707
18359
16889
14779
14284
15640
15108
20272
14364
14364
15482
15616
18243
15566
14197
14537
14278
15598
18014
14036
13986
14527
15239
20230
19362
18402
20048
18902
22794
19561
18626
15380
15259
16864
17155
13599
16005
14337
15072
18670
13529
16532
15815
15199
18771
28018
24171
15460
17275
16326
16805
15375
14442
13847
14537
18200
14332
15236
15269
14464
16011
16843
15658
14859
14276
14470
18728
13761
15966
14188
14686
18015
14287
14699
13334
14764
14699
16123
13186
15099
13001
14504
17283
13360
14771
13315
14783
15980
15360
14510
14732
13292
17326
16560
14022
15018
13563
14746
17294
15127
13831
13563
14675
16856
14811
13696
13466
13574
14733
17103
15608
14258
13404
15423
17471
15187
13876
14165
14334
16394
15480
15871
13469
13402
16388
16548
15968
16267
13826
15068
14780
14944
16078
13351
13305
14798
16515
15886
13354
13272
13996
14747
23579
17373
13174
13632
14211
14777
15489
12885
13178
14437
15234
13157
16072
12743
14204
14412
15120
16426
13675
13837
15837
16842
13827
16954
14399
15101
15813
17095
16841
13600
23017
29279
17206
14826
17279
14999
17228
15958
17143
18076
14747
18069
16278
17476
17515
15064
15902
18873
17220
16778
14613
18912
15642
15916
17890
13527
16537
16630
15569
17309
16788
14414
18968
16292
17380
19198
13957
19586
17691
17096
16960
18549
14625
18687
16071
16241
19188
13804
19606
18649
17398
17104
16965
16067
19399
17310
17208
19382
14144
19764
16749
16805
17252
16354
17761
18192
18202
14671
16411
13876
19941
16118
17452
16172
16028
16882
18135
17284
15903
16168
16955
17455
17656
16844
15887
15594
17182
17639
17356
15138
16023
16380
17490
18066
15298
14913
13878
17181
17086
16729
15163
13469
16517
17146
13539
14894
14360
19640
16353
16211
15759
13846
17662
17412
18456
15126
15801
15384
16289
17164
17501
15985
14048
25232
22597
16614
14904
15075
16677
15868
20005
28431
22188
16168
17171
15541
14778
16060
14334
18535
16906
15516
15768
14937
18208
15674
16070
15288
16289
13331
18587
16601
15783
15748
15286
18600
14235
18015
14812
15476
15884
16965
17486
16692
15510
15035
20127
15887
19168
14218
16514
17182
17379
17263
16923
15337
17987
17845
16096
17027
15016
17446
63623
37712
17355
15519
17023
16611
17837
16313
17526
16554
18664
16749
17681
15941
16871
18692
17894
15371
17764
16315
16116
17948
16908
15284
16431
16960
18167
19148
17260
17708
17046
15545
17113
16517
15611
15724
16321
18235
15595
15958
15369
15886
16245
15858
17428
15022
16258
17048
15358
15047
15927
16822
16508
13948
16987
14838
16038
18545
16283
17063
14290
17205
17461
16291
14748
17435
16864
19319
17883
16093
15602
16025
17280
17409
17500
14767
16553
16267
19756
16898
15576
16269
14736
18182
21154
14767
15171
15866
17435
18896
15896
14347
18893
26259
26855
16993
14889
15408
15273
17160
24529
19752
14314
15441
15460
19879
17907
14669
17270
16089
19126
19099
15991
14626
18643
16607
20398
16740
15036
18412
15985
18410
18552
14540
16678
15636
18509
19643
15181
15462
18087
17976
17965
17535
15431
18243
16003
17645
20352
15190
18252
15421
18537
19391
16413
16028
17227
15736
17823
19214
15567
17353
16367
17555
19222
15046
15819
16240
17593
16591
17468
16387
16734
15199
16003
17876
14126
16076
15445
17006
17651
15236
16032
16943
14774
16929
18288
15041
17968
16412
16288
18416
16346
18229
15993
17376
17435
18016
16734
17328
16562
15964
19424
16376
17089
16585
17734
19705
16642
14909
18055
15891
17322
18519
14839
17508
15258
17018
19488
14645
16158
15842
16051
21481
14622
14742
18011
14654
17165
19622
15954
18480
15844
16321
21005
14545
15165
17221
14628
18161
16647
16095
18318
16537
15130
27232
29707
17360
16585
16294
21332
17010
17064
18099
15130
16248
20398
16223
16359
17580
16306
22421
14573
17159
18491
17261
20324
19634
17096
17229
17287
15895
22509
15012
16752
18494
17284
22405
16486
18033
18107
17516
18201
20931
17737
17451
17824
17009
23119
15908
17323
19138
17406
21365
16823
17284
17177
18036
16653
21145
16754
15768
17653
17214
22355
15247
16713
16829
17373
17419
20149
17580
16321
17331
15909
20424
17307
18079
18600
17507
21354
17475
15943
16314
17897
21153
17115
16732
16616
19341
18703
20335
17032
16473
18901
15535
22798
15469
17858
17540
19491
19752
18605
17574
16096
19523
15356
21677
15933
15508
16034
18859
19312
16334
16748
17816
17702
15651
20247
16547
16775
18941
15711
19988
18118
18997
17584
18347
18207
20328
17372
18728
18873
17877
21511
18499
16688
18958
18312
18518
20957
17031
18428
18788
22698
31712
22817
18470
17831
16035
19068
17815
16445
19422
16795
16554
17688
18724
20148
17577
16403
19077
17685
18550
17961
16909
16621
18879
18207
18803
16759
16012
17574
16045
19929
15907
15362
17894
17026
15862
18153
15779
17098
20960
23230
19318
16597
15554
19217
16437
18464
16777
15869
18452
17887
17773
18998
15866
16532
17410
16162
20854
15796
15568
19440
17491
17444
19739
16742
17972
17868
16378
20393
16877
16080
17810
16560
18474
16524
16009
17794
18488
16979
19097
16828
17572
16574
16747
20732
17805
16919
18903
18073
16625
18677
16405
17931
16809
18263
19784
17094
15197
18437
16843
19183
15270
16794
18413
16879
16357
19665
15411
18390
15743
16100
19053
16676
16496
17335
14924
17749
20191
16845
17836
15288
17406
17739
16766
18215
17364
15220
20161
17322
16546
18409
15572
16996
21453
16220
18431
27598
28493
19804
16239
16999
19134
15136
16252
19426
18470
18092
16425
16337
18521
16249
18466
15585
14544
19204
16533
18043
19327
14471
16584
18834
16183
18221
16128
15302
19939
14794
17771
18488
14542
15539
18270
16040
18616
15783
15717
18866
15095
17954
17392
15262
21209
16712
17165
17772
15657
15838
19133
15329
17711
17042
15643
17222
16182
18257
17052
25909
15962
18453
16137
16876
17218
16280
18634
15965
17548
18450
16145
17638
16231
18625
17148
15266
18945
16666
16121
17070
16707
15282
18896
15997
17714
15445
15203
17698
16661
16484
15468
15767
15199
18919
14212
17400
16845
15068
19384
17360
17395
16470
14070
18450
16475
14576
16215
15240
14037
20509
18338
17437
15540
14979
19274
17277
16351
15956
16978
18974
18457
14635
16516
15661
14162
21227
16269
17392
15278
14181
20448
16340
15636
16030
15502
14942
26587
32597
15730
15493
14487
20694
16601
17511
13770
15495
17207
17895
18115
15321
14015
21148
15107
17740
15418
15339
17864
17117
18385
15693
15418
14466
20703
15453
17729
15703
14260
18346
18163
18429
17160
15339
17205
18285
17860
13687
15587
14291
18318
16913
17200
14962
14777
17646
17200
18292
13757
15880
13966
19247
18613
16481
14792
14646
18551
17702
17732
14253
14698
16710
18623
19235
14014
13332
13567
16421
18587
16846
13989
13661
15491
16398
18803
13702
23003
15745
16066
18393
17105
15142
14583
16111
15839
18645
15729
14099
15802
14651
19583
16590
14219
13876
15121
15746
17986
15076
14031
13708
14738
20423
13933
15064
14592
18093
15683
15052
13611
15323
15577
18709
15088
14471
16056
16486
16676
16200
16600
14245
15711
17407
18555
14858
14734
15744
17172
17563
15521
15693
15086
16102
15366
15806
25703
25624
15113
16297
17994
16082
14400
15791
18012
17322
15419
15441
14898
17816
16433
18693
15811
14365
15981
18654
18557
15161
16566
15920
17918
17518
16777
17116
15223
16802
18200
19050
15581
16241
16055
17177
17535
16656
16527
14101
18388
15263
16803
15151
15660
15990
17829
17588
15359
16621
16936
18910
16515
16831
16639
15411
16553
17207
17477
14562
15706
18474
15715
16569
15863
14689
15443
16754
15643
15475
15144
14409
18323
15523
15649
15789
14501
18192
15729
16565
16086
15122
14976
19032
15780
16119
17905
14214
19644
15571
15834
15916
14342
14472
18845
17071
16507
16553
14572
18831
15967
26866
16095
14144
15671
17760
15762
16780
15122
15553
16263
15739
15872
17577
14130
16787
17534
15804
17404
14674
16328
16782
16986
16149
17992
14759
18296
17241
16442
17392
14836
15864
17618
17262
14770
17220
14473
17202
17308
16139
21969
27084
21025
16914
16775
15903
17618
17588
15825
16925
15465
17966
16004
17230
16296
15877
17696
17295
16103
16195
15118
17105
16070
17599
16963
16306
17260
16478
18663
16892
17709
16370
17771
17308
16867
17858
15555
17974
16591
18142
15985
18633
16180
17801
18880
17735
18848
15372
18371
16874
18288
16402
18333
15590
17843
19018
15174
17022
15351
17977
16698
16977
16699
16536
16210
19122
16004
15571
17693
14030
17580
16822
15998
17112
18345
15253
17756
15792
16695
19171
16164
16209
16650
17855
16763
16172
15841
17631
16190
17354
16966
14483
16184
16771
15000
17533
17375
16581
18451
16393
18764
18902
15777
17777
17948
16429
18401
15596
16873
15131
14252
17436
17644
14052
17155
14611
27697
17803
14727
17429
14228
15250
18130
17290
16462
16250
15270
18190
16663
16183
18610
15753
18860
17371
17014
17223
25797
28061
21152
18660
16102
18606
15754
18626
17277
17544
18652
16552
17759
19718
17770
20355
16135
16392
17609
16848
15802
17148
14456
16786
17951
16212
17157
15339
15735
20185
17012
18301
16576
15566
19269
17412
17156
17386
14753
16930
16421
16497
18683
16617
15381
18051
16327
16733
16127
15199
17690
17544
14931
18901
14773
13872
17010
16579
17333
16506
15074
16796
16137
14817
19162
14898
15753
17582
15008
18145
16074
14686
19272
15918
17005
19628
15426
17019
18151
17177
19780
16666
16190
18442
17699
17191
19845
16266
18109
18576
16650
21013
19258
19525
23018
16455
16514
15170
14987
17085
17570
15455
15782
14051
14884
19018
16060
17808
14609
14173
17343
17688
18255
16247
15226
15878
17801
14447
17861
14946
14582
22708
14643
17447
15783
15472
16180
19175
14935
17337
14968
16836
18298
14858
16810
15368
14945
32124
35694
17469
17126
14052
15545
17928
14635
16841
15056
14252
17839
16537
15646
15281
14291
15472
18826
14648
16602
15106
15114
16654
15280
15009
15326
14078
15539
17177
15639
15305
13634
15723
16472
15772
18041
15084
16259
17102
14219
15960
15629
13606
18945
13970
14941
15268
13898
16253
16108
13766
15051
15180
15507
16885
13650
15914
14880
13360
16959
15180
14725
14232
14632
15635
16136
13689
15425
16053
16154
17336
15789
16296
15467
15929
18112
18030
15008
16354
17094
17168
17450
15256
15982
14556
17770
16060
18071
15149
16204
15841
16620
16375
14284
15980
14172
16890
15627
16940
15448
15661
15477
17303
18119
15639
17356
16100
18952
18640
16105
17637
15129
18061
16544
18248
17868
16876
18818
16483
19254
17204
17831
15880
19051
19559
16379
18813
16285
19741
16216
20877
18156
28897
27453
20506
17605
15881
18775
17823
18201
17237
18353
17001
17849
20966
16058
19908
15826
19453
16579
18825
18478
16364
19550
15863
18793
16467
18764
16647
21177
24857
18665
18228
17025
17416
17656
19075
17320
19355
17644
19749
18013
19868
19667
16994
20072
17730
20244
20371
19268
19551
20139
19519
19086
19436
16887
19416
18118
19720
18667
15896
18725
18073
17434
19876
17672
17561
18337
16547
18630
20114
16561
17720
17824
19457
19312
17709
18082
18428
19306
20729
17987
19129
18331
16452
19465
16580
16529
16857
16463
17706
17670
17404
16156
18185
17909
18458
17050
15972
17838
18349
17328
18958
17961
16792
19150
17931
19272
17719
15226
17098
17861
16865
19253
17697
15908
17237
18136
19312
18816
15625
17419
17097
18627
20358
20679
19741
21449
20173
17450
17762
15058
16523
15880
18134
17787
14416
15575
16741
16398
24729
32102
16929
16534
16279
17043
18296
14742
15563
15835
15581
20216
14302
13820
16639
15911
17771
16222
14190
15572
16479
16166
18431
14565
17667
15805
16255
19036
14532
17186
14555
16613
19807
14308
17428
15236
14437
15978
18992
14672
15978
14637
15704
20517
14992
16283
15277
14925
19126
28646
15245
16562
15025
15578
18281
13907
15259
15325
14803
19813
14637
15133
14420
13391
16648
17963
14348
15398
13497
14817
18519
13921
15580
13769
13789
17368
17315
13985
15331
13978
16497
19413
13587
15317
14282
15202
20552
14283
14275
15507
14600
15695
18720
13948
15237
13920
15425
19847
14328
15753
14435
15702
15141
18242
16109
15929
15260
15026
20140
14583
17575
14616
16476
19120
15412
18041
16361
15005
20186
14677
17469
14495
15944
17669
17114
16678
15290
15898
17088
18496
31189
17147
16472
18063
31554
22318
16807
15312
17336
16379
18900
16067
16134
17182
13983
17982
18093
17596
15027
17239
16449
18205
16004
16296
17622
15930
16644
18921
16265
16714
15375
15915
17042
15524
17461
17558
15824
14593
17243
17263
16569
15596
17148
17808
16917
17705
18268
16333
17175
18308
18852
18170
16543
15982
18246
17578
16995
16674
16639
16791
17234
18849
14854
19559
14599
15396
18270
15730
16097
14710
15857
18678
16374
15266
16790
16014
15969
20195
21641
22825
15531
15000
19257
16715
16155
17359
15245
15289
21957
15619
17220
15397
14789
20412
15279
47412
16313
16291
17277
18426
15094
16558
16800
15057
19362
15302
17136
16757
15677
18996
15525
16297
16389
15703
15136
19008
15770
16698
16457
15490
19367
16816
17148
16762
16306
15694
19755
16973
15898
17074
15113
18254
17006
18032
17003
15257
30832
21142
16231
15979
15752
17800
18899
16710
16160
15174
16790
18211
16708
16589
16788
15217
20230
18227
17343
16724
16314
19078
16879
18053
16980
15595
16915
17181
17003
17711
16961
15046
18245
17809
17865
16965
15547
17812
16626
15757
17457
17254
14426
17677
15342
17286
16503
15267
18243
14958
17104
17137
15146
17125
15360
64734
18168
19532
20775
19253
18686
19743
19911
17611
21399
15751
18138
19591
16652
16770
16662
16914
17883
16675
16926
17036
16400
15616
17727
15036
19205
15069
17451
17537
16884
17851
15320
17974
17375
15175
17199
18127
16764
17497
16980
18694
26480
16469
18571
17712
15401
17614
16855
19342
16505
15355
19369
16028
17941
18390
15746
18547
16605
17962
18155
15482
16324
18193
17032
18217
15389
15518
19237
16069
19224
16857
14526
17723
16463
15571
16443
22190
25892
23139
17533
18182
15333
15256
17859
16630
17174
17189
15657
15882
17260
17340
17413
15471
14895
18836
15432
17934
16306
17237
16777
16493
16950
17314
15103
14809
18229
16071
16243
16167
14758
17265
16277
16775
16920
14354
17492
16865
15640
16857
14674
14692
18439
14886
16573
15826
13850
16463
16277
16642
14691
14817
14973
18164
15368
16254
14791
17665
17170
18363
18209
16693
15919
20136
16099
16478
15868
14003
18169
16087
17470
18006
14006
14663
18909
15810
16410
15694
15476
19181
14559
16425
17440
14896
16395
17397
16890
17619
15010
14612
17649
15931
16601
16898
14691
18075
15940
15165
20608
14969
16026
16371
15786
18549
14769
14893
16872
17777
16226
18021
15587
17402
18573
21880
24887
14256
14851
18056
19743
19224
17111
15458
16552
19102
15334
27923
28514
15900
18283
15758
19298
16128
16861
16998
18816
18230
17165
14590
15990
19059
15462
19358
16084
17017
15423
19841
17657
15475
16630
19599
16146
18799
15767
15793
16301
20112
19606
15436
15704
16499
19275
16822
16806
15428
15717
17821
14663
18706
14482
14664
14845
18434
17372
15243
15318
15996
17536
15975
18546
15825
16340
15773
17076
19609
15786
16100
19070
16998
18237
17214
16145
17743
15684
15942
19668
15501
17668
16054
17013
19373
15732
15338
17885
17118
17708
18118
16905
17796
15557
18230
19896
20355
21223
25700
16058
19216
17204
16589
19220
15429
17451
18173
15989
17885
17339
17782
20006
15933
15584
18997
20036
21868
22398
19931
21681
22651
21511
22770
18711
17254
16651
16377
17996
15042
16517
16510
16112
18159
16409
15386
17980
15865
16097
20584
16632
17173
15251
17739
17292
17432
16035
26564
29797
18393
18968
16231
20212
16417
26217
23208
16424
18668
17102
17245
18848
17778
16748
17809
16927
16362
17829
15891
17795
16937
16831
16490
15887
16757
17005
17065
17569
17965
15314
18813
16145
16930
16311
16171
17268
16698
15846
16255
18395
16555
18067
16601
16887
17441
15430
18328
16381
18693
17698
15776
18010
17014
17656
17348
17482
16395
19045
15658
18589
16823
15304
17528
16193
17633
17344
16110
16902
17234
15673
19391
15496
17114
17515
16146
17200
18297
15379
17218
16813
19295
17365
16491
17896
17611
16927
18746
16040
16121
18530
17874
18946
15661
15216
16041
17438
15189
17985
15609
14728
17541
16311
17291
15305
16285
18122
15444
16747
16626
14618
15732
16689
14858
17954
14934
16163
18029
17179
17234
16017
14910
17168
17998
16674
17286
14997
15089
17477
17644
17749
14669
14821
16062
18896
16308
23527
31246
16566
17102
17653
18375
15006
14659
16060
18045
15953
14614
14141
16943
17254
16483
16021
13392
15760
15075
16358
15525
14028
13682
16254
17860
16583
13786
13793
16619
25797
19500
16191
14855
17843
16643
19155
18818
16370
17254
19038
22950
22827
19361
19253
22524
19361
26605
22971
21342
23730
21436
30022
35780
24361
15502
17653
15846
18261
16018
14993
17793
14894
17029
19048
14821
15681
16810
16683
18035
17041
14844
16654
15333
17303
18004
15108
16382
15368
16794
17973
16395
15464
16784
16550
17466
17316
15156
18210
17308
16292
20922
18696
17495
18084
16644
18282
16035
14681
16191
15935
14944
17520
15363
15752
16637
16097
18194
16848
15615
18477
19418
19760
20602
18849
19579
19488
20062
16510
16481
16789
16506
16033
17617
15919
16086
16118
16816
17004
15922
16096
16543
16199
16725
15713
15521
16799
16053
15777
15499
27326
25967
15740
15718
17256
15802
15706
16199
17293
15627
17200
16362
16492
16541
17487
16273
17017
15067
16383
17707
16461
18482
16355
15903
17854
17089
16457
17304
15069
16839
16123
19306
15750
15773
16001
18383
14570
16947
15578
14813
17205
17547
16399
16077
16054
16421
30102
15242
18010
15627
17557
18482
15829
16125
16559
16241
15984
18978
16272
15332
16324
15992
18602
14144
14892
15649
14835
17208
14379
15669
15509
13964
15566
15524
15345
13741
15853
15080
16189
15907
15590
15191
16016
15914
15423
15459
14551
17200
16074
16101
14854
15987
15063
16651
16183
16453
16668
15253
17366
16462
16571
15008
16852
18036
14671
16386
16167
16126
14576
17309
16292
16122
14971
20466
20341
17648
18189
18209
18624
17055
19815
16195
15477
13950
14819
16775
17045
15410
14147
15792
15515
16368
15073
15985
22107
30339
17130
16653
16548
15904
16453
16444
18597
16696
15837
15332
17404
17361
16571
16793
14964
16243
16881
17247
16994
16754
18066
18533
17642
17352
16644
17362
17573
17592
17564
16897
16456
16652
17505
16877
16988
16584
16362
16678
18211
17942
18293
19253
19391
19298
20392
19375
17690
18613
18370
18138
20822
18980
20115
19908
19555
20799
19290
19788
20240
18760
21316
18575
18591
18191
18709
18253
28817
19796
19040
18674
19630
19400
18363
17865
19639
19513
18147
18288
15750
17179
17416
15771
17079
15733
17255
17687
15256
16749
16744
15680
16649
18342
17373
16322
15881
16793
18022
16759
16901
16493
15151
17471
16912
16453
17248
15340
16657
18055
16716
16829
16698
17209
18193
16910
14647
16098
14377
19702
14509
16378
17289
14363
15743
17845
15746
16795
15368
16122
20919
18533
20656
20108
19247
20476
16658
19129
18564
16745
25484
32268
18069
15939
18450
15819
20529
15603
17964
16972
15903
16179
19640
17131
16450
16590
15885
19213
17522
16701
17077
17218
18422
17824
17823
15734
17196
16755
21079
17061
15733
16723
16323
16855
18549
15872
15230
17432
16590
19155
16931
15606
15747
16168
17609
17197
17054
16765
17094
17357
18345
16691
16420
16354
16561
18330
18155
17104
15385
16964
18210
18497
16249
15565
17542
16274
17929
17261
16689
17367
16072
18700
17398
15765
15084
15961
17419
17925
16738
15093
16963
15673
18604
18673
17425
25945
18239
17846
18211
16731
17326
17354
16435
19361
15543
16521
14484
16601
17237
16877
16104
15412
16110
17699
18707
16276
16532
16159
14657
19770
16295
17022
16092
16365
17839
17819
15825
15927
16924
15912
17861
15531
17617
14057
16357
17210
17913
14937
16470
14512
19918
16202
15409
16690
17484
16524
19519
15450
17294
23798
27189
25106
15707
15584
18562
16932
18342
20496
17316
19908
17121
18774
21670
16241
16263
18903
16091
20832
17203
15292
19612
16591
17859
20852
16651
18633
18864
17665
20283
17691
16907
19880
16582
19693
20807
17989
18096
18201
17733
18232
17499
16686
20471
15780
19385
18958
17997
20440
16957
18428
19072
18921
16922
20168
17853
18256
16918
18219
21393
16059
18795
16415
17927
20980
18922
21255
22054
21677
21609
26688
22809
24928
22319
26201
21686
20953
20901
18451
19094
20197
16652
19948
16683
18772
21539
17490
20581
18812
19261
18224
20700
18151
20306
18234
19360
19479
16340
18129
16205
15920
18983
15592
27509
16495
16418
16215
17795
14701
18254
15061
16328
19022
15818
17338
16437
18151
17268
17777
17014
17012
15142
17844
29662
20469
18914
15641
18149
20610
16909
17646
18998
17757
18238
19713
16731
33213
24914
19204
18480
16557
18887
15205
17870
17470
17358
17515
17654
18328
19622
19009
15636
19360
16858
17974
19004
18147
17192
15938
19342
18147
15622
19983
16175
17158
18693
16853
19804
17503
17532
17682
22540
17204
21607
15899
17960
18254
17303
19493
17237
16855
16663
18490
18084
18979
15391
16911
18786
16701
19797
16353
17409
15438
19452
18623
17523
15245
15270
17819
17000
20060
16826
15488
19528
16998
20254
15240
15828
16062
16864
15489
17373
14654
15043
15683
15786
19958
14474
13813
14358
16618
17439
16262
15017
15191
16270
17200
17587
14280
13779
15956
15634
17770
15008
15355
14112
16263
18527
15658
14964
15836
15616
15755
17928
14668
13796
15687
17514
17415
14746
15195
16362
16174
19262
15942
26489
15512
16741
17751
16953
15304
15840
16222
15791
18735
15269
15551
14730
15999
17144
16029
16136
20997
31096
18230
17005
15833
16075
17965
16242
16636
14559
15974
16450
16552
19934
15544
16524
14924
17129
18277
17259
14886
16907
16856
16298
18920
14765
17119
16512
15471
20026
15994
17683
14820
18180
15902
18987
14609
17389
15274
14573
20079
14918
17705
17512
15943
19232
16613
15507
20062
17020
15296
20018
15060
16639
17591
13786
18050
15589
15598
15435
15305
13984
18694
14376
16517
17594
14268
20488
14226
15227
16944
15103
16347
15416
15540
15367
15747
13539
19089
14599
16030
17322
13461
17388
15744
14672
15903
13456
15174
18425
15261
14996
16532
13879
18125
15192
15901
16499
14690
15490
16731
16422
16251
16044
15228
17805
15860
16734
17618
15166
17064
16722
15719
16130
15166
17183
17229
15755
16686
16292
16252
16489
15805
16240
17034
14602
15503
17931
16506
16902
16792
15981
16915
16625
26664
29177
25736
15866
18331
15920
18546
17089
15934
15525
17356
16458
15992
15447
16361
17377
16152
17674
15921
15998
16902
16035
16574
16547
15952
15793
15859
17059
16500
15716
15975
16344
16093
16694
15465
15433
14229
14890
15905
15969
16798
14282
15250
15079
16268
16647
15815
14212
16887
16226
15697
16492
14915
15176
15268
15248
17832
14798
13761
15497
14840
14986
16886
13628
14266
16215
13669
17153
13241
16550
14418
18425
20499
17499
16968
19068
19137
17824
19939
17182
20277
19143
18787
20369
18484
18633
17831
15868
15640
17287
14485
15145
17563
15256
17112
14152
15016
15702
15892
15551
16075
13740
15564
17111
13896
16711
13544
15158
15100
15311
17009
14166
16330
13960
16680
14347
17416
15379
16866
17449
14075
15957
14558
15578
14137
16795
15287
14868
13804
15927
16067
14068
16306
13136
14718
15211
15642
16734
27410
23893
15622
15397
15518
17300
14944
15393
17075
14815
17427
15242
15828
16078
14064
14818
16279
14002
18102
14104
14315
23523
20317
15477
16589
14356
15867
17356
16033
17827
14503
14542
16642
14521
16669
14681
15777
15604
15308
13194
16373
13019
14276
15908
12667
15471
13019
14370
14389
14447
15218
13729
13254
14318
16312
14213
14646
13112
14181
14444
14901
15221
14634
12927
15644
14727
14530
15704
14498
15769
15862
16490
16749
13891
13713
16778
15247
14979
15995
14204
15401
15640
16939
15425
13927
15055
16200
15546
15226
14076
14446
16064
15136
16673
13876
13668
16817
16054
15803
15385
14594
15726
15840
17517
16333
14863
15077
17241
15736
17473
14471
14503
17242
15565
15467
15383
14333
15665
17070
15282
15748
14196
13760
16723
15047
16436
15187
14549
16225
17282
16324
17968
14507
14689
30549
25188
19432
15857
14288
17451
16008
19123
15979
14852
16636
16956
16990
16946
14972
14319
18012
14574
18611
15086
14923
16631
17368
18834
15836
15016
14504
18691
14300
18458
15874
14413
16746
16457
18471
15188
13453
13552
16749
16427
16078
13979
14193
15644
15311
16530
13191
13424
13158
16152
21861
20732
14823
13606
15399
13924
15688
15153
15088
16627
15664
16635
14869
13397
14109
17303
16718
16571
16416
14155
16921
16236
18117
16728
13703
14780
17403
17901
15990
14554
14483
17032
15005
17019
15620
14178
16675
16020
16183
16544
14897
14204
16545
16229
16687
15614
14516
16592
15526
16646
16545
14226
14663
17530
17446
15940
15673
14409
17233
15762
17095
16268
14894
16323
16538
15491
16211
15410
14213
17171
16917
15657
16521
14724
17542
18175
16052
16587
15861
17039
16010
15930
16328
15991
15558
16036
18130
15579
16481
15310
17268
17278
15975
15064
27369
26672
16462
18337
14243
15713
15281
17679
17277
16307
15050
16358
18731
17271
16686
15139
16276
15231
18783
17925
14848
15632
15244
18513
16290
16135
15486
15736
17117
16522
16366
14157
15728
14112
18320
15011
17206
14566
14824
20031
16003
17402
14523
15264
16611
20107
17290
18164
15447
16039
20417
18032
19833
15702
14839
17772
18069
16526
16365
15715
15684
19852
16432
19008
15611
14874
23853
23243
17045
15839
14982
16643
19728
17417
15870
15950
15358
21011
16138
17721
15116
15201
20052
17717
16567
16890
15114
16367
19306
18325
16990
15092
16024
19028
15525
16726
17320
16190
18597
17201
23400
33082
31660
34067
36056
34298
33759
31492
21046
18614
15918
17410
15524
15219
17319
18103
18443
16619
15444
16217
19833
16241
15643
16683
14841
17749
18540
15764
17939
14859
16981
18090
16035
17736
16028
16038
17254
17661
30367
22619
14650
15552
16855
16237
17524
14116
14756
16757
16312
14903
16151
14087
15539
16098
15478
17356
14310
15788
18234
16273
15779
15703
15117
17231
15534
14803
14870
13850
14014
15684
16161
13855
14190
16155
17234
14163
16384
14616
14554
19020
14630
17225
16271
14891
16866
17653
16561
16825
15674
15408
20190
15155
18883
15217
15794
17463
17029
16449
16532
14829
16405
17996
14741
17726
16513
14228
18778
14512
17178
13846
13893
15441
17477
16610
16774
14729
16578
19405
15004
17261
27146
14841
19367
16249
15985
16150
14773
18409
18548
15921
16524
15002
15879
19955
15650
16417
16188
15094
17514
18236
16629
16651
15163
17290
19290
14902
17269
15534
14943
19578
16458
16099
16267
14769
16996
18001
15892
16137
14405
15166
17586
17646
14333
15779
14960
17048
16328
15597
15480
13969
16445
24064
31491
14686
15689
14338
18426
16425
15973
14924
13802
16865
17366
15282
14751
14935
16680
15950
17377
14590
15780
14269
18544
17665
15760
15059
15131
16769
15625
17627
15689
14139
14473
17262
15977
15369
14234
13982
18425
15837
16763
14055
13931
16800
15752
15733
15672
15800
14726
17250
17220
16192
15088
15859
19069
15897
15975
16542
16839
16023
16852
15442
16894
16768
14646
17539
15437
17010
15365
16185
17376
15775
15457
16669
15891
14743
18317
15326
16947
16406
15462
17883
17634
16505
16562
15969
17786
17126
15656
17489
16800
15859
18960
16941
15832
17516
16917
17900
18120
16147
15873
16781
16581
18892
15030
15840
18050
21800
21160
18400
15998
15209
16836
16044
18738
15674
15126
16908
16102
17341
18498
16151
16024
14620
16208
19493
17143
15347
16202
17018
19518
17339
20993
17693
16993
16890
17900
16094
15845
16016
16729
19596
17123
16876
17524
17188
17560
19180
17769
16979
16466
17370
17989
16770
15730
17567
16134
17627
17932
17129
17082
16372
16872
17739
18919
16767
16948
17214
18506
16129
19390
17111
20196
17236
17077
18840
16014
16872
17256
17021
19532
15814
17625
17598
17270
17310
18172
17521
18161
17477
17401
20104
17632
18099
19448
18743
20618
17639
19437
19191
18115
19203
20358
19679
19194
18491
18835
20241
17111
18649
19443
18560
18736
19460
18458
16820
19792
19649
19861
19897
18086
19216
18188
18345
17934
18360
18800
20062
18105
21067
17950
15538
19423
16655
18513
23222
20332
22992
21531
20272
21512
20680
20492
21193
20424
22894
20447
19238
22016
20074
21197
16252
16746
18024
17106
15289
17829
16077
15366
17936
16948
18676
16791
15233
18915
16772
16414
18385
17477
18000
18017
17177
18192
29007
23934
18530
16802
18105
16785
16102
16277
16619
16086
17520
14873
17380
15978
17498
16826
18623
16748
15918
16008
17249
16251
14851
18586
17156
17476
18599
14952
17903
15399
17359
18937
16656
17491
17647
16750
17924
15619
15906
17974
17189
16914
16593
15279
18736
16114
16844
16967
14760
16060
17828
16765
18688
14558
15332
18845
16389
17495
17069
15304
18033
17154
18256
19105
16115
17369
18848
17856
18573
17585
16576
19775
16594
18128
18269
16632
17170
19562
17532
18640
15519
15646
19577
18090
17230
17287
15368
19767
18699
16328
19272
14767
17055
19487
15447
16004
15510
19119
16694
16689
16488
15241
16475
19192
16120
17175
15539
15053
19272
17607
15631
16540
14716
18169
16837
16782
17115
14693
16679
18924
18452
17762
15949
16081
18833
18778
16430
16385
15254
17446
18912
17186
18556
15276
15267
18404
27383
28676
16556
14923
18884
18396
15466
17907
14947
16720
18152
17133
17338
18810
19193
23578
21862
20745
20739
19731
21740
21684
21741
21789
18957
19152
24407
23010
16268
15517
14810
17990
16941
15707
17382
16090
14745
18900
15452
17503
13752
14085
16749
16453
17107
15730
15897
17789
15380
18394
14069
14355
17994
15729
17708
15864
14924
16258
17269
17080
15551
14595
14320
17226
16488
18943
14433
14416
15867
17872
17074
15824
15361
14077
17917
16102
18489
15505
15282
16821
17403
18007
15768
15484
15853
17373
15096
18617
14664
14321
16302
16672
18251
13793
16550
17064
17068
17457
15442
14774
14736
17750
14823
18118
13455
14390
16102
17507
19526
15268
15259
16772
17396
15190
19124
15809
15999
18882
15312
19387
14960
15313
16395
18046
16845
18163
15120
16736
17386
14979
19641
15770
15717
15886
17614
18667
14938
14821
15946
17095
14824
18936
14023
15134
17039
17481
15635
14439
15465
16822
14220
18619
15120
14233
14790
17371
18385
14598
14288
15234
17079
14214
18115
13979
14002
16484
14534
16796
14790
14744
15918
17310
17479
16806
15286
16409
17083
15830
17401
15299
14347
16128
18896
17263
16039
15201
16738
16872
17233
16976
16198
15337
17036
16547
17621
16656
15442
15696
15529
16574
16205
14047
15056
17994
15933
16539
14880
15995
15364
16150
16378
15507
15925
14577
18211
15290
18240
14872
14397
15486
16950
15861
17082
14202
16015
17108
14472
17661
15043
14585
17149
15723
16885
16385
15205
17031
17204
16343
17665
14945
15471
17977
15760
17787
16671
15314
18030
16203
16531
17697
15532
16442
17966
14790
19259
15733
14716
17794
16833
17338
16074
15456
16716
18176
15339
19444
14905
15745
17882
15216
16865
15082
14173
17135
15718
15173
18360
14106
15098
17093
16270
21189
18593
15134
17769
16012
17700
17557
14691
15831
17916
15127
18994
14767
15991
17045
16217
18765
15195
16733
16410
15120
19104
15417
16866
16494
14576
16261
18052
16380
16083
16472
14893
18833
14758
17879
16505
14649
16007
16391
16873
16150
16336
15190
19209
20379
17040
16635
14512
18747
16580
16850
17984
14456
14439
18973
17346
16493
16288
14728
17200
15792
16562
15814
16389
15842
17782
15911
16076
16216
16806
16629
16782
15865
16385
18120
16675
17622
17288
18628
17510
16892
18810
17315
17091
16979
17870
16833
17626
16884
17725
17970
14950
18488
16747
17428
16374
16183
16423
17054
15873
16011
17284
15212
16657
16587
15403
16304
15699
16366
17258
16493
15627
18359
16873
16733
14969
17057
18181
16599
17358
15021
16556
18556
14836
18376
16844
16760
16462
16184
18640
16867
15940
16742
15787
16770
17323
16500
17433
17755
15130
17942
16739
16758
17628
15757
16611
16707
15101
16907
16420
15639
18474
15048
16468
16086
14685
18932
15007
15827
16685
14930
17890
16321
15779
17047
16895
15468
19612
15298
16910
16409
15418
18050
15405
16635
15889
16662
14759
17678
15827
16100
16413
13748
17777
14036
17351
23035
15104
17123
15317
15281
16743
16291
14980
17429
15784
17326
15901
14960
18069
15695
18791
17277
17080
16794
17297
17186
18041
16932
16028
19279
15760
18315
18153
16878
16901
16457
17742
18976
17506
15977
17337
16224
17038
16271
15824
17937
15185
17382
16296
15106
16615
16029
17398
16812
16483
16667
16929
16846
18320
17828
18272
19999
15629
18669
19066
15973
17006
16937
16631
18515
18012
16472
19306
16275
19803
17063
16156
15959
18037
17979
17008
17029
16219
17809
16565
19077
17488
15995
18494
16004
18582
16495
16753
15803
18766
17432
18179
16810
15999
16818
16161
17846
16091
15104
16927
15487
16706
17215
16751
16302
16452
16502
18585
16678
15591
17672
15344
18865
15901
16690
16710
16524
15555
17951
16138
17824
17098
15449
16953
15758
18087
18148
15940
16558
15429
17263
18408
16929
15916
17202
15818
17711
17709
15524
18626
16002
17598
19690
15948
15827
14521
15234
17804
17213
15989
15426
14932
17885
17768
15979
16583
15144
16296
17299
18357
16496
15103
15860
17259
19076
15541
15343
14627
17203
17050
16215
16099
14786
16330
16084
18923
16654
15146
14699
17102
17015
17034
16846
15148
15798
16869
18201
16572
14714
15694
16715
17000
17063
14774
14387
16988
15850
16115
17322
15397
17294
17062
18923
18628
15374
15459
18519
16857
18248
17365
15434
16507
16981
18718
18760
16383
16933
17410
16989
18593
15704
15448
18115
16664
16530
18635
16234
17516
18662
16502
18940
15738
15702
19053
16967
18351
17151
14852
18084
17504
17845
14489
16592
16333
15946
16565
16439
14745
18126
15820
15280
19295
15075
15108
18279
15472
19750
15696
15091
16532
16764
17894
17852
16376
16245
17645
15831
18297
15055
15179
16974
15818
16415
16654
15383
16315
17416
15365
18179
14212
15097
17699
14988
17049
16919
16118
17183
15515
15043
19525
15006
17402
17020
14622
18604
14908
14476
18183
15300
16022
17622
14663
17175
15518
13738
18965
14127
17750
15558
14215
16465
14995
14583
16759
15504
14844
18461
13922
17886
16779
15081
18382
15893
14537
19557
15436
15731
17496
14350
17826
14745
18226
15227
14880
17518
13953
16371
17372
14808
17638
16211
16860
18420
14082
18292
16267
14282
17832
15724
15126
17869
19922
18506
20009
17997
20307
20257
18920
22383
18266
18458
20699
19230
20800
19811
18107
20716
19284
18524
20086
16643
19250
18960
16247
20752
18196
17285
20419
19118
18666
20828
18357
20867
19384
19624
20148
17441
21146
19567
19212
21258
19695
18896
20675
20006
18696
19379
17340
19024
16206
15597
17582
14923
14714
17223
15813
15822
15695
15002
17072
15585
16159
15115
14664
17796
16450
16233
17075
16503
16191
17807
17084
16924
16819
17489
18501
16062
16493
16712
14804
19152
15822
17709
16947
15385
17115
16309
20897
15712
16325
15289
18026
14686
17380
15966
13963
17551
15762
16137
16811
16332
16503
17588
15773
16776
16832
15434
17705
15223
16445
14914
16978
17898
16734
15934
17325
16286
15860
20519
13611
17316
15771
16437
17722
15928
16488
16166
16079
15729
17108
15065
17475
15546
15137
17750
15275
18669
15652
15024
15947
16284
15140
15151
15369
15436
18164
15039
17708
16058
14788
18434
16032
16443
16714
16231
15756
17507
14565
16694
15158
16179
16931
14876
18063
16004
15346
18556
14620
16383
16375
15916
16640
17383
16084
16470
16309
16123
17486
15050
17262
15283
14885
17104
16275
17313
16756
17254
16451
18974
15794
19880
17242
15685
18857
16082
17722
17202
16436
16051
18387
16237
19188
17373
15040
18245
15026
19244
15915
15479
15974
16948
16515
17271
16450
15308
17729
15461
19465
16648
15576
17816
15888
18804
15490
17684
15330
17414
16410
18194
16120
14976
17622
14540
18139
16959
15994
15456
16301
16028
22014
15991
15087
17101
14784
19545
16366
14718
16937
16304
17773
15974
15360
17410
15674
17545
16231
14656
16780
13898
15978
16244
15962
14426
15725
15065
16731
15076
13986
16573
14172
17034
15157
14856
16203
14573
15770
16586
15195
14457
16276
15306
17424
15685
14635
17434
15823
16336
16604
15085
15578
18226
16330
17815
15870
15471
17472
16047
17576
15761
14493
17579
14263
15822
18095
15245
15108
17692
15910
17806
15827
15067
17816
16254
18032
17014
15488
15115
16844
16131
15721
15988
14632
15771
15868
17360
14388
14229
15729
15472
16506
17114
14431
15247
15446
15898
19283
14596
15078
18312
16061
17309
15228
14299
16462
14498
14987
17703
14305
14243
16398
15769
16910
14046
13765
16726
14221
16594
15022
13172
14156
16557
14768
17957
14672
14415
15912
15967
17827
14422
14109
16303
14661
18151
15744
15783
16284
15146
16397
17712
14140
15264
19507
19856
20276
18805
15470
17923
14246
16842
15306
13011
14588
14680
13648
18797
13959
13972
16935
14528
19145
16219
15505
17168
14512
16960
18536
15011
14429
16839
14030
19303
14733
14790
15672
14582
17800
15833
13976
14804
15672
14816
19355
14472
14377
19344
14860
18603
16356
14670
17382
14848
15383
18659
14309
16156
16083
15103
20451
15630
14944
18909
14887
18895
16377
15698
15355
17946
14347
20280
16006
15366
17972
14213
17916
15349
15887
15779
14292
18967
14302
15880
16390
14841
19930
17146
14475
16546
16606
17351
18405
15275
15944
15957
15921
17722
15056
15001
17291
14364
17647
17327
13899
15225
15481
15588
18083
13361
14738
15653
13563
19137
14125
14489
15581
15462
15001
18427
13990
16474
15947
15489
18785
14830
14689
17099
16130
16549
17965
13420
15018
15700
16003
19129
13016
15577
15415
13476
22950
13760
13279
14922
15357
14980
17106
13679
14956
15542
15058
17522
14878
14800
14956
15913
17068
15670
16132
16256
16871
16347
18308
17058
16540
14623
18010
18101
15052
19538
15623
16259
18426
15002
17143
15940
14835
16400
17082
15889
17901
14751
16704
18083
16239
18985
15883
16597
17805
18500
17194
20832
20268
21803
24794
24681
22638
20413
20158
21872
19126
22227
21128
19704
21020
21930
20733
20687
20088
20963
16730
16060
18275
17067
15662
16626
16550
16623
17755
16206
16091
17453
17601
17082
16736
16392
18277
17736
19653
17305
16197
17006
16923
18341
18379
16682
16834
18109
16479
19140
17409
15189
19103
16168
19511
18390
16400
17275
17418
17960
16684
16982
15879
17763
15338
18040
16272
15536
18535
18225
18787
16622
14831
17752
14642
19052
17294
15017
14884
18200
17600
17262
16335
15068
16695
15358
18594
17193
15023
17357
14954
17833
16496
17279
15270
17882
15436
18981
17033
15490
20263
16016
17448
18797
15611
16228
19334
16483
18771
15929
14900
19079
14818
15953
19437
14884
17251
17065
16914
19076
17113
14772
19411
15549
16718
20082
15546
17584
17508
16144
19285
15323
16528
16563
16227
18399
16451
15140
17298
16297
15884
19006
15621
16843
18392
16010
18341
15625
16612
18405
16339
17985
16443
15729
17681
17273
16908
18765
17047
16985
20398
16304
16493
18641
15402
18054
15266
16585
16605
17288
17463
16155
15759
16230
15936
16044
16954
14426
15943
18488
17789
21083
19316
18957
18945
17199
17748
16266
16014
17234
16903
16184
17797
15337
17678
18735
16901
17005
16232
15941
18393
15797
16453
16761
15083
15365
20420
15630
16096
14943
18003
18304
17389
19748
20527
17586
16558
17560
16226
17159
16507
17229
18947
16506
18191
16678
16296
17790
16778
16802
16822
16531
16233
19091
16654
19002
16452
17033
17202
16114
16980
16544
18053
19325
16934
17218
16421
18896
17117
18796
18274
16171
18020
17185
17184
16700
17243
16683
17730
19902
16802
18823
16201
18479
16505
17026
17867
17427
16711
19527
19102
18763
17594
15372
18500
17548
16420
17565
17289
17100
17570
17448
15868
15881
15750
17121
17352
14918
17250
16661
16260
17980
14910
16423
17817
15566
16478
17796
15790
16733
16597
15730
18117
14556
17166
17142
15549
18453
14683
18098
17078
17744
18783
18009
16833
18936
18845
17941
19293
16003
17161
15841
13759
15749
15853
16480
14350
15277
15571
16815
14326
16791
15229
15974
17118
17839
15192
16549
17447
17302
15967
17154
16517
15711
19433
15217
18156
17730
16986
18570
17082
20033
19391
20727
21138
21870
19512
22603
20678
20427
22322
19707
18420
17769
17899
18742
16846
15950
18253
18208
15197
20393
15203
18213
18971
15251
17085
18126
17134
18612
18516
16745
19840
15963
18719
19281
17270
19746
15928
17340
17128
18715
16272
18730
15892
18357
18301
15306
20384
16941
17553
18409
15527
17323
18447
16575
17564
17954
16403
19271
15190
18310
17095
14617
17280
16824
17386
15656
17836
16703
17141
14649
17588
17914
14874
18027
15079
16941
16296
15859
16040
17641
14973
16221
18460
15540
18023
14739
15395
18732
15631
17794
17429
16397
17879
16070
14620
18010
14186
16687
18715
15415
17625
16036
16235
19776
16228
17930
17165
16588
17816
17805
14918
19759
15527
16812
19806
15348
17624
17148
15692
17634
16994
15898
18399
15237
16035
19368
14857
17814
16647
16086
18992
14037
17501
17177
15752
16706
16296
14820
17160
16788
16707
17565
15795
16868
17273
16665
17023
16798
16070
18290
15916
17358
18866
17519
17121
16601
17033
17414
15854
15952
15680
15442
15515
16664
16368
16779
15516
16264
17741
15819
16535
17752
16435
17493
16947
16555
17970
16709
17624
17209
18466
16808
16981
17778
16407
19159
18547
16985
16708
18108
16869
16568
17509
17221
18601
17451
16837
17294
16479
18350
16445
17013
17874
17210
16476
17500
16697
16818
16423
16938
16468
14537
15916
17379
16401
17077
16054
15402
15533
15883
16856
16100
15635
13905
16934
15306
16710
14357
15576
16851
14434
17118
16094
16455
15898
16694
18514
15930
14805
17100
18001
14766
17834
16400
18083
20798
20345
21999
18933
16058
15704
17092
16301
17139
14704
16051
16614
15844
18393
16546
16541
16373
16180
17060
18012
15641
15422
18095
14844
17116
16818
16383
16527
15148
16388
17411
15962
17055
16525
15437
17619
15264
16345
18608
14942
17348
17651
16668
15494
17492
16456
17438
16069
16190
18448
14943
17014
17515
16426
17823
15463
16682
18372
16570
15292
17624
16346
17498
16231
16580
18307
15391
16618
18484
16411
16079
17073
17001
18772
16975
15483
18056
14553
16944
16954
16055
17920
14955
16006
17111
16456
15402
18327
16676
17236
15442
17048
18453
15418
16808
18691
16490
15755
16673
16486
18116
16086
15898
15088
16563
17611
16426
14940
17447
13645
17100
16345
16525
17213
15451
16117
18144
16594
16728
16869
18428
16795
16955
15755
17899
15364
18676
16922
16260
17305
14928
16620
18172
16404
15792
16832
14979
18658
15913
16038
17494
14682
15526
16879
15717
16102
15225
14695
18227
17618
15367
17295
14514
18642
15022
16852
16981
15111
15668
17673
15657
16050
16956
14540
18493
14851
15546
16775
14884
15728
17553
15571
18096
15490
14821
19062
16754
17060
17249
15617
19432
15342
16450
18092
14816
16281
17075
15977
15940
15920
14128
17396
14737
14925
16548
14127
15606
16094
15574
17103
14429
14467
18481
16242
16921
14231
15229
16529
15167
15638
15618
13369
16725
16462
15948
14740
12931
15699
15813
15433
15391
13631
14848
14880
15677
15790
17085
13542
16056
16930
16549
16410
14651
15400
15682
17475
15615
16950
15159
18436
18828
16208
18274
14045
15602
16564
16632
15424
15034
14459
16301
16599
14601
15827
13649
16041
16005
15241
17761
14537
15597
16237
18607
15806
15580
15439
16858
16272
17013
17428
14651
15906
17771
15849
16273
17185
16684
14766
17330
17535
18186
15570
16377
16782
16289
18563
15298
16026
15524
14877
15922
18218
15485
15678
18452
15131
17909
16012
16201
15934
14630
15934
18525
15379
15466
14650
16325
18554
14383
16719
16060
14522
18826
15692
15533
15055
14090
15420
18102
15636
14422
15554
14623
19886
14264
15981
16225
14334
16897
17741
16185
16581
15083
14571
18820
14912
16692
15953
14029
18169
14069
17489
15635
13746
16954
15934
15177
17652
13744
14586
17744
16128
15652
15602
14313
17442
15913
17702
17673
15753
17392
18560
17638
16723
17369
16962
19885
17248
17040
18296
16760
18977
17830
17768
17822
17957
16845
19268
17537
17016
18255
15895
18892
16478
17538
17109
17024
17535
18950
18048
19007
17815
16122
21205
16972
16086
18078
17511
18895
17531
18833
18325
17102
15816
20363
17709
17352
18756
16504
18978
16149
17166
18097
18191
16620
18222
17741
16542
17291
16554
16706
15800
14787
16170
18053
16418
14593
16229
17319
17591
19290
18190
18124
18703
16982
20701
18630
18330
17214
19256
19641
18266
17197
18401
19275
17156
19090
18362
17757
16727
18033
19124
19083
17160
17421
18856
18689
18772
17684
17732
19705
18830
21441
20974
19957
15295
18377
17326
18249
15380
17404
18189
16724
20925
17262
15826
17141
17065
18126
17558
16362
15862
18440
16544
17887
15467
16002
16554
15971
18436
17008
16697
15155
17520
19543
17551
16528
15647
17146
18392
18497
16563
16694
17279
17008
18804
17624
17376
16491
16028
20051
17890
18083
16343
17196
18866
21890
18587
19099
18005
15538
19516
17439
17418
15211
17612
19872
18085
16834
16524
17601
17719
18933
15891
17674
15800
17904
21217
16609
17697
15558
16314
19355
19347
16042
16633
18182
14924
19030
16821
16657
15582
16374
19277
17868
16253
16220
17158
14846
19235
15981
22164
19925
22254
21520
19963
20085
15619
17894
18316
16933
15807
16730
15310
17292
19271
16716
16567
16002
18938
20004
17217
17279
16706
16314
18500
20299
16601
17780
15502
19935
18024
16605
17182
17318
14882
19174
16689
16157
16606
16553
16492
18233
15007
17191
16949
14504
20467
16473
15078
17961
16690
19381
19172
16163
16717
16806
16736
18187
17955
14923
17606
15065
32384
33442
17594
16915
15781
16301
17854
16416
17005
17754
15472
19242
16626
15233
18177
15574
17567
18623
15132
16806
16184
15242
18644
16007
15098
17882
14874
17640
16830
15295
18073
15454
16884
18346
16852
17756
17268
15639
19254
17673
15773
18127
14936
17709
17989
15056
17006
46000
47751
21784
16522
15208
17950
14539
18747
17488
15324
17269
15622
17565
18306
16922
16364
18420
19389
18341
15722
17238
16583
16084
19960
15845
15703
18180
16690
18735
17563
15851
18779
16568
19134
19734
16297
19476
15829
16868
19837
19727
16580
17767
15658
17190
16836
15037
18661
15375
16765
18109
15435
15793
18434
16485
18284
15713
15694
16136
15993
18373
17317
16062
16863
17933
16412
17987
17552
17281
17751
17378
16232
18045
15763
16197
16270
17451
16134
16698
16643
16588
16099
16137
17505
14772
16550
15967
17238
16915
15376
16529
16372
16710
17012
18006
15386
18216
17986
17055
18019
15520
16710
16689
18366
15843
17966
15546
18538
17097
16929
18543
15709
17126
17209
18581
16729
18035
17478
17539
17326
18900
16021
17201
16942
17833
15327
18435
15652
18111
16788
16811
18016
15611
16902
17276
18507
16757
16892
15592
18290
18129
15785
18664
15947
17668
17730
18981
18890
16794
18163
17962
18815
17604
18543
17019
18569
16962
17894
19157
16209
17667
17836
17094
17574
17534
18869
18500
18224
16970
19602
18087
17941
17960
19716
19823
16958
17755
17591
16718
17399
17749
17056
18730
16861
20679
20995
17048
19095
16484
19096
17047
17479
19368
17801
20147
16288
17731
20536
17590
15280
18188
17717
19831
15018
17778
19452
16827
18344
17282
17189
17374
17131
17378
19748
16694
15618
17532
16565
16661
15565
17125
18291
16400
17057
17613
17064
16049
17098
16679
18580
15828
17651
18340
16007
17012
16330
16744
17622
17241
17496
16789
17004
18095
16829
16052
18628
16465
19323
19694
18758
18840
18162
17306
18476
17516
16110
18589
17378
15737
17948
17096
17758
16188
17569
18944
17521
16450
17615
17128
16064
19329
16134
18321
17379
15758
18882
17343
18368
15723
17211
16989
18390
17673
18001
17734
15905
19702
17169
18450
15266
16761
18074
16812
16166
14752
16006
16050
17480
15399
17960
14605
16074
17849
17963
16754
15518
16004
16215
18075
15288
17225
16858
16512
20041
15814
18854
18467
15426
15874
17451
16497
17177
16650
16697
17849
15715
17278
16522
15813
18146
16685
15919
18350
15367
18026
17596
16243
19213
16011
17045
17668
17419
17725
16865
15918
16332
18088
15880
19443
15803
16923
19327
15115
19473
16432
16719
17737
18232
17159
19750
16833
17189
17882
16228
19778
16557
16355
17439
16647
18011
16860
15297
16333
17709
14993
19800
15170
15677
16910
15951
19061
16174
15552
18303
17998
16532
18832
15396
16482
15898
16010
19071
15022
16000
16703
17722
19895
15089
14970
18042
15437
15553
19636
15606
17185
17112
17186
19085
15355
15243
17873
15747
16628
18395
15023
16384
15844
15882
18822
14536
14480
17181
16722
18368
14224
15330
17682
15580
15648
17800
15211
17836
15699
16497
18740
14890
15335
17706
17153
17794
16310
16408
17806
17044
16772
18680
15621
15387
17051
17883
19367
16469
15413
16804
15868
18519
15392
15418
15344
17224
17024
17063
14774
14761
16578
16541
17520
14997
14653
16129
15436
18483
15011
15356
14855
16354
18291
17662
15206
14946
16184
17570
19811
14800
15247
17644
16000
17788
17308
15464
15979
16500
19296
17943
14848
15227
16944
16478
20599
14745
15613
15742
16138
18102
17578
15628
15459
17866
17305
20400
14814
15681
17160
16437
18921
17810
16259
15637
16726
18651
18530
16147
15364
15410
17384
19073
15127
14858
14468
15741
19830
15178
15355
15026
15673
15515
18459
15132
16140
14778
16516
19930
14551
15714
14127
16751
16933
17813
14782
15398
14165
16850
18518
13981
15132
14122
15567
18841
14671
15046
15829
15263
16540
17468
14956
17625
15014
16658
19015
15011
16432
15981
16526
18012
16996
18301
19068
15684
16938
19662
15519
18673
17334
15655
18136
17191
15684
17998
15622
17054
18361
15405
18675
15699
16047
18629
15551
16948
16915
17141
15532
18600
16946
17893
17169
15714
17253
16670
19398
15974
16981
18560
17937
18197
18365
17701
17676
17787
17327
18423
16919
17765
17609
15811
18074
17074
17260
17994
16008
17203
18657
17169
17392
17208
16789
18300
16094
18025
18047
16393
18780
17882
17361
17417
17052
17234
18916
17931
17818
17526
17117
19662
16185
18299
19183
16824
19073
20121
18127
17888
17687
17863
19281
17067
18979
17417
16058
17341
17446
16864
16874
16920
17308
17991
16590
16931
17160
17751
18442
16363
18731
17469
15594
17736
19095
18597
17790
17664
17764
19386
17930
18859
17809
16420
19414
17819
18715
18340
18031
17915
18760
17259
17573
17279
17046
17347
17187
16953
15762
16185
19509
17047
16450
16209
16424
15468
17189
16790
16417
15373
15751
16745
16850
16667
16792
16618
16731
18168
14796
16179
15787
16303
17563
16243
17064
15552
17202
15586
17720
16767
16511
17958
15152
16946
17650
16518
15187
18642
16538
17891
17491
17162
17992
15532
18820
16402
16601
16231
19276
18334
18096
15774
16872
18169
17476
18846
17504
17358
18537
16841
20013
17594
17877
17030
18854
19135
17400
18017
17857
18769
16895
19084
17721
17495
18150
16621
20389
17471
15545
16895
18234
17494
18253
17588
16456
18249
15820
18931
16619
15515
17901
16458
17068
17236
18317
19119
16986
20522
18482
17544
18408
17943
20851
17652
15352
18054
16878
14105
19181
16565
15404
17064
15140
19512
16316
16586
14769
16893
17233
16880
16282
15908
17307
14527
18986
15752
15163
16334
16439
17236
17129
14231
17086
16476
15361
18209
16425
15973
16925
14325
18959
15111
14814
16406
16595
17465
15320
15928
16409
16984
16387
19503
18928
20039
20436
21452
15185
15367
14319
15611
17369
18719
18042
16232
15813
18186
18902
17184
16268
15821
16538
18537
17138
16956
16494
16372
18471
19031
18020
16196
15697
17862
19326
17748
16703
16281
17579
20088
18545
17810
16114
16188
21146
19228
18406
16027
16042
18144
18952
18402
17265
16160
17760
19086
19608
18231
16637
16442
19394
18130
18144
17033
16213
17328
20211
18083
17631
16481
16168
18973
19888
18419
15892
16209
18682
19125
19323
16347
16041
17461
18958
17672
18634
15963
16816
18917
19306
20393
16792
16983
18611
19297
18502
18354
16837
16507
18731
20163
18587
16564
17050
18802
19136
17206
18772
17386
16418
20224
17812
18324
16713
15877
18733
19156
19387
16107
16166
17793
19753
17996
16983
15707
16462
18121
17190
15903
14700
14755
18060
18462
16936
14741
15428
16922
18353
18895
15044
16368
14469
18064
16845
16758
14375
14427
16009
18864
16803
15039
14762
15136
17227
16786
15679
14238
14270
16511
18160
16286
14097
14361
16045
18738
16890
14732
14311
14556
18605
18315
16257
15279
14628
16585
19767
16305
14753
13862
15053
17287
16440
16018
14232
14319
16419
17021
15376
14153
14301
15210
17982
16111
14978
13714
13976
17895
16593
15631
13819
14515
15701
18327
15649
14227
15787
15646
17757
15256
16051
15232
14564
15043
18127
15640
14325
15424
18008
13864
16338
16357
14535
15319
18700
16049
13918
15355
15746
18242
14059
16334
15713
14607
16571
17078
15371
16002
14542
14650
20133
14733
14439
15979
14396
21640
15038
14978
15406
14979
16122
19214
14651
14339
15081
15349
19687
14128
14503
15252
13499
16794
18394
14332
16643
14051
18368
16443
14070
15951
15707
14717
19931
15327
13989
15448
19360
15879
14063
14597
15593
16102
17572
15789
14571
15371
14631
19691
15955
15453
15506
15921
18763
17717
15439
15771
16640
16059
20880
17670
15083
16725
15061
19048
16940
15179
14731
16687
18715
16363
16351
14497
16067
14735
19789
16489
14272
16124
14596
18785
17363
15222
14828
15966
14781
20374
16669
16021
16342
15428
20420
17990
16197
16143
16609
19454
17446
16071
15248
17720
16068
20276
18732
15683
16876
15789
20005
18475
14860
15783
16369
16266
18904
19012
15803
17202
15352
19177
20150
15170
16000
16868
19134
19106
16080
15133
16451
15026
20000
17976
15512
17183
20403
17701
15923
14914
15938
16394
17854
18442
14903
15824
17008
19857
17421
15528
15743
16349
19333
17656
15322
15933
16979
15778
17021
18571
14826
16570
14975
18046
17988
15018
16521
17913
16842
17345
17945
15524
15944
15108
17960
16458
15650
14652
16261
16498
17920
15934
16284
16081
18594
17137
17224
15720
15866
17136
18809
17312
16376
16434
18748
17037
16993
14660
15620
15688
16825
18949
16522
15756
16968
18502
16177
16859
15697
16987
19058
15870
17927
16129
15435
17365
17958
16786
17951
15557
17454
18208
17232
16535
15218
15687
19267
16477
16863
15210
16856
19435
15590
18976
15886
15639
20172
17204
16530
17399
15473
16554
19740
15581
17953
15538
17213
19314
15700
17239
17743
15267
19837
17198
18268
19514
15931
16942
19753
15164
16691
14883
14804
19130
16253
13780
14471
14132
16657
17451
13973
14757
14489
13811
18963
15967
14579
15515
13864
18571
16016
15602
16145
15003
15859
19346
16530
15990
16763
14634
18901
16248
15089
16158
14229
17313
18081
15567
16180
16449
15335
20366
16508
15210
15396
15512
18510
16889
15596
16078
13827
14107
19413
16152
13873
15364
13443
18439
16337
14251
16129
13427
15745
16943
15895
15096
14183
13656
17964
15227
13909
15332
14662
16265
15962
14039
16070
13868
15065
17820
16161
16511
16294
15156
18215
17631
15592
17116
14766
17102
18286
15114
17466
15134
14908
19187
15559
14643
17847
15409
16676
18186
15465
18058
16626
17407
18303
17770
15893
17093
15537
20066
15820
14883
19434
14749
17064
17905
15290
18630
15555
16003
19436
16858
15241
17986
14839
18325
17313
15182
18433
15054
18012
16381
16130
17831
15422
14926
18359
16237
15053
17877
15191
17238
16075
16673
17140
15539
15235
19165
16890
14956
18235
14920
19122
16450
16259
17533
13983
15738
18157
16643
15248
16325
17260
16528
16125
17224
14940
15290
19165
15657
15965
18181
14715
19296
15003
15881
18009
13693
16528
17660
15766
16013
15097
14951
17869
14410
13624
17674
14223
16939
16249
16745
17584
14596
14950
19792
15624
14110
17545
16464
17704
15145
15873
17544
14511
15631
17441
16476
15701
17087
14632
17495
15457
15917
16606
15138
15972
15713
16764
15925
15118
15916
17069
16102
15817
16907
19039
16735
15563
19019
16797
15705
18545
16646
16611
18532
15648
18383
16961
16106
18181
16303
14809
19441
14682
17883
16726
14542
17452
16220
16587
16469
17414
16686
17384
16398
17601
16426
17431
18515
14783
17115
16245
14908
20023
15311
17683
17056
16876
17702
17552
15868
16294
16926
15152
18860
15456
17980
15466
16023
18829
15476
16547
16238
16257
15826
18067
15044
17061
16297
14641
19005
14853
16780
16807
15145
16080
17533
15302
16834
15717
14528
18585
13769
17093
16410
14802
17615
13873
15535
14918
15226
15148
16560
15195
15510
15857
13960
17763
14750
16540
15988
14938
17003
15198
15622
15707
17841
16187
15899
14904
16321
16584
15611
18726
14933
15796
16656
16882
17175
15982
15820
17254
16471
16459
18196
14010
16746
15540
15533
15394
15777
17388
15122
18721
14822
14712
16069
15633
15322
17017
14719
16282
15446
17227
18341
14677
16195
15919
15999
18630
16875
18345
21114
19472
20613
22032
18811
21021
18571
16869
19950
15268
15401
15854
15044
15322
18940
14458
15956
13821
15292
16973
13182
15193
15309
13482
17614
14764
15629
14381
13986
14847
17465
14151
15226
13929
14159
19253
13462
16583
14005
13760
16411
17161
15390
15659
13438
14640
19453
14062
15096
14054
12839
17328
15301
15983
14194
13254
14345
18454
15660
14540
13674
12770
17438
14133
17011
13661
13285
15825
14714
15336
13598
13993
12943
17472
13718
14736
13714
13298
16422
14682
16010
14244
14695
17797
14448
17108
13648
14806
17901
14822
16952
15380
14612
16516
17588
16599
17826
14875
15017
19437
15432
18079
15092
16223
15565
17902
18002
15572
16810
15493
17518
16447
16365
18214
16270
18790
17241
16929
16130
15801
15789
15615
14958
14126
15304
13961
16553
15137
15676
16527
14474
17908
15167
16748
14609
15145
15562
16313
15784
13869
15504
13976
18284
15549
16163
16488
15504
17701
16939
16289
15080
17320
14943
19151
16259
18122
17036
14446
19176
16226
15789
14965
18393
15648
20370
16373
16461
18517
15710
19194
16439
14994
16518
16157
16530
18428
16801
16150
17570
15019
17612
16597
14756
17453
15915
17814
16143
15295
15631
16087
17114
17880
16348
14561
17967
14758
20595
17478
14640
16643
14316
17546
15247
15308
13750
15959
14820
17093
15949
14434
16741
14750
17334
15112
16745
16755
16615
16420
16562
16773
14966
15079
14388
16788
14437
14373
14914
14770
17378
13855
14909
14913
15166
14517
15935
14580
16412
13545
14602
17097
15472
14977
16484
14002
15509
14935
16871
16156
14331
14711
17216
17561
15263
16390
14131
16632
14639
17278
17413
14366
14485
15469
17120
15674
16185
16175
14546
17772
16893
14522
14320
16638
17532
15152
15603
14494
16699
16794
14630
16066
13382
14711
15830
16294
15774
13867
13702
16318
16089
16043
15819
13788
16470
15100
16848
17083
13469
14688
15072
16323
15079
14846
13375
15469
16140
14515
14574
13569
16061
12927
15791
14930
14304
14099
15917
15967
14083
14425
13253
16502
15401
14432
15370
13315
16625
13211
17093
17188
15372
13447
17675
16995
15857
15805
14413
17923
15735
17250
15793
15435
15613
15246
17272
13742
16932
14434
17023
16171
15014
16947
14214
16480
14863
17506
15755
15145
14862
17271
16949
13874
16779
13585
16607
14581
16122
15653
15255
15952
14757
15318
14185
15254
15568
16425
15968
14759
16358
15698
17016
14713
15380
17432
14163
16814
16527
15675
14805
15251
15670
16441
15291
14380
16536
14800
16176
14893
14124
16469
14290
16026
14949
15377
15537
15749
15536
15247
15749
13660
17699
15150
15385
13332
16745
16229
13130
15687
13327
16287
14307
15831
14870
13288
16599
15668
17241
14781
14365
15410
15910
15381
15236
14588
15417
14884
14581
15137
14629
13810
15546
15087
16395
13449
14722
14250
16483
13804
15776
14258
13180
15124
16116
15969
13356
14806
14303
16174
15491
14266
16337
14584
15976
14438
16618
17090
14369
17296
15929
18216
14157
17120
15688
17513
15403
16745
17073
14835
18720
17201
16626
14678
16271
16148
17445
17335
16252
16944
15087
15999
14911
16303
17256
14545
17354
15715
16645
15530
15997
19459
21571
20105
18381
19290
18293
19203
18514
16377
17337
15127
16705
17268
16092
15153
16615
15396
17975
14439
15835
16401
14709
16498
16703
15320
16857
14542
17175
16455
15933
14014
17317
15121
17142
15191
15745
16179
14529
16994
17794
14945
15403
15319
15955
17037
14522
15905
16723
16743
14712
16362
15552
15806
15001
14528
18284
15038
16137
16433
13950
16940
14634
15901
16422
12997
13041
17555
14675
14763
14511
13679
17478
14349
14464
15803
13177
14336
16503
15451
15724
12966
12877
17070
14498
13665
14570
13317
16184
13830
16189
17087
16558
14905
19386
15878
16355
15672
15159
20430
17625
15590
16386
15509
20326
17361
16560
20929
19505
19545
27503
19424
20996
20221
19958
22811
15564
16392
17726
15789
17640
22559
16676
17553
17011
16348
22943
15685
16109
17795
16729
16473
17000
14535
15134
14811
15591
19199
14474
14254
14186
16273
19137
16498
14266
14271
16891
17148
19060
14671
13732
16715
14630
19082
14586
14414
13890
16358
17976
16258
14565
14690
16479
14827
19516
14215
14603
14898
16198
19237
15257
15059
14611
17582
15705
17684
14777
13471
16958
14741
17629
14496
14415
14808
16513
14158
16397
13639
13208
15398
13434
16201
13232
13438
15628
14273
15211
14277
12767
14196
15643
14202
14637
13480
13978
16847
14794
15578
15384
13128
16392
15842
14485
15760
14805
15087
17180
15438
13907
14466
13032
16318
16150
14413
15148
13248
15470
18825
14955
14534
14695
14579
16033
17777
13886
14776
13806
15195
18387
13284
15645
14704
15982
16031
16141
14248
16145
14209
15675
17082
13705
16213
13604
15112
17038
14982
14985
15333
15298
15162
17157
14511
16277
13737
14923
16601
14828
17230
14361
15276
14044
16300
15483
15268
14860
14186
16237
14786
17137
14035
15096
15016
15457
16237
15421
15430
13780
17793
15099
16375
14483
15081
15296
15503
17740
13942
16627
13386
16535
16883
15161
15618
15126
16492
18681
15431
16377
14950
17580
16791
16110
15019
14251
15166
16189
17947
14559
16981
13350
16207
16703
15726
15310
14016
14678
15775
16527
14932
13705
15125
15767
17340
14103
15320
14723
16538
16805
15586
16216
14084
18686
15900
16655
14346
15342
17946
16460
17915
14479
16122
15951
17868
15450
16174
15606
14562
17316
14346
17008
14803
15823
16290
16300
17141
14267
15648
13529
18622
15645
13885
17244
14048
17551
14544
16704
15359
15190
13992
18086
15704
14223
16991
13964
17971
13697
15832
15531
15153
14839
16798
15278
15001
15581
14765
17778
13563
13629
16411
14229
16416
15151
13786
15206
14735
14450
17584
13601
13846
13796
16601
15150
14106
15324
14976
15074
17131
14103
14334
16741
14110
16829
15322
14096
16118
14601
15254
16486
13416
15023
15324
13659
16307
15053
13832
16174
13542
15629
16846
13640
14793
14747
14842
14920
14559
13995
15252
13354
14719
16029
13816
15041
13162
14290
15932
14875
14423
13161
13378
15921
16567
13630
15331
14762
15166
16632
15392
15371
13761
13621
17888
15329
14607
14463
13847
16981
15620
13900
15245
13773
15046
16542
14140
14958
13864
14208
18551
15487
14815
14775
14207
16765
17140
14429
15440
14743
15500
17372
16538
15128
21258
22556
22535
22000
18621
19759
20711
19373
21049
19761
20632
19735
21667
20891
14191
16256
17156
15734
17559
16102
16272
14546
16791
17695
17003
14533
16315
17296
16499
17903
16917
15477
17878
15322
19275
16470
15584
16678
18164
17993
17975
15751
17193
18171
16764
18840
16512
16951
16700
16659
18681
17216
15338
16589
16232
16833
17808
15203
15479
16242
15179
19312
15280
16073
15111
15475
17500
18139
15180
15346
14219
16521
17882
16442
15905
14995
15880
19261
16377
14085
15417
13818
15241
17902
14472
15438
14534
14462
18751
14132
14829
15340
14845
18265
14903
14472
15553
13795
17017
15254
15433
15658
13783
14012
17997
16208
14369
15149
15024
16892
15618
15888
15970
13684
14748
18182
15664
16055
14362
13774
18499
15869
15816
14100
13989
17551
16052
15407
14728
16454
16015
17364
16408
15843
16513
14371
18432
16270
15948
16318
15021
17068
17537
18011
15533
16344
18487
17730
16197
15748
15856
15018
19131
15502
15900
14082
15532
16632
15820
17030
14817
15813
16476
18338
17146
16173
15536
16177
19805
15747
17484
14739
15418
17737
18479
15945
16129
17108
15705
19963
15990
17219
14219
15525
18658
16941
16263
15241
14124
14734
18603
17336
16733
14957
16061
19188
15397
17852
15961
14570
18410
16288
16633
15023
16308
18560
16172
18412
15784
16319
17426
20056
17778
17492
16728
14951
17761
16384
17773
14751
15256
17568
17334
16880
15695
14377
14977
18232
16806
16653
14625
14783
17265
15479
17586
14844
15885
14146
18207
15611
15722
14639
14236
17198
15454
16704
14352
14245
17308
16330
17149
15876
15165
14885
19384
15840
15495
14021
13914
17669
16937
15462
16271
15206
15516
17572
16910
15648
16020
15441
18403
17596
16864
14910
15698
16862
16571
16644
16834
14987
14947
18757
16358
16164
17178
15167
17315
17518
15790
17518
15026
17842
17186
16267
16537
16618
15151
18529
15938
16557
16024
15141
18467
17428
16696
16916
14756
16757
16529
16384
16473
16122
15022
17439
16094
15580
15595
14622
15560
16151
15767
15457
13958
15098
16157
15278
15649
15932
14448
19030
15754
16296
16837
14965
16971
18389
15979
17411
15320
14727
17062
16915
16795
15742
14205
16409
18946
17325
16074
14594
14567
16188
18036
16003
16934
14810
14560
18453
16549
16853
15887
14281
17620
16590
15734
16917
14355
15116
19982
15745
15544
16550
14276
18262
16192
15725
16141
14603
14897
18519
16219
16146
15794
14578
19034
16559
16649
16075
15267
18092
16631
16639
15176
17903
15106
19462
14907
16412
15832
16385
17389
14952
16355
15046
17633
15151
17537
14501
14587
17062
14040
18565
14308
14116
15764
15928
16995
14192
14209
14680
18459
15876
16205
16237
14854
19032
15641
18650
14309
14618
16168
16758
16271
14795
14667
14049
19729
16545
15758
14234
13732
16165
18921
17595
13846
13118
15349
17701
17430
13531
14991
13362
18043
15449
16750
13226
13429
14859
18128
17631
14206
13862
13461
18737
16794
17806
15213
14520
16820
19361
18552
15241
15131
15446
22205
17740
14157
13523
13427
19625
15532
15291
13592
13952
13548
17394
15734
13427
13929
14081
16199
16562
16496
14261
14527
14432
16379
16481
13470
13540
14063
16130
13405
15306
13699
14415
14150
16390
15288
14565
14602
15184
16474
15417
13870
14171
15392
15269
14412
15439
14215
15080
14403
13338
16504
13250
13447
16257
14144
16408
13930
13711
14687
14765
13893
16446
13008
13537
16007
13589
15260
13980
13445
14428
14428
14593
14338
13103
13207
14292
13676
15182
14091
14839
15378
14531
15120
14508
13576
14324
14313
13489
15165
12752
14429
15022
14735
15251
14524
14549
13855
14537
15126
13947
12723
13838
14086
13831
14063
13856
13691
14247
14572
14389
14318
12679
14833
14933
15250
15651
14803
14924
14338
15254
16205
15372
13951
15260
16550
15021
15398
15752
14663
14252
15956
16539
14721
15029
13431
16342
16851
14232
13425
14257
14792
16939
15195
14907
15319
13701
14674
17849
13409
15315
13874
15710
17069
15930
15326
15362
13701
16979
16618
14518
16187
13896
14875
19438
15490
17162
16979
16741
17301
15709
15023
15075
13584
16435
16803
14079
16335
14789
15195
16056
16060
15613
15140
14020
15919
16694
14993
15797
13155
14631
16902
15554
15684
14474
14097
16380
15761
15240
15250
14213
15359
15945
15547
16827
14507
15325
16625
15498
14704
15379
13474
17211
13444
16705
13909
14433
14849
16729
14371
14284
13744
14402
15447
13786
16789
15523
16271
17579
16153
16185
15368
15207
15001
16475
14516
15020
13057
13926
17442
13474
15412
13945
15059
16423
15302
15676
15214
13732
15974
19434
14031
18545
15457
16601
19945
17176
17954
16626
16190
18155
19696
16453
18582
16099
16448
19378
18335
16918
18271
20987
28919
25282
16736
13746
15053
17686
14395
16371
14007
14278
17125
16551
14358
16824
13901
15230
16562
13982
17950
13846
14368
17866
14266
16764
16172
14128
16062
16578
14177
18668
14169
13902
17853
13950
17109
15901
14122
16050
15677
14388
17223
13911
15170
17212
14127
17275
14418
14731
16565
15441
14982
16339
13890
16214
16299
14743
18506
14044
14563
17238
15283
16976
14342
13827
16820
15314
13861
16318
13211
14644
16534
13895
16670
13954
14239
15312
15423
14449
17098
15339
15271
14844
14942
17249
15367
14034
14605
14831
14547
16347
15581
13896
15620
14609
17001
15798
14368
16430
16539
16973
17398
15540
16753
16783
16300
17296
15735
15495
15603
18181
16225
16025
15595
16330
16429
20954
17219
15449
16378
16175
15928
18683
15792
15925
14727
16765
19167
16156
14869
16270
16909
18355
17522
15052
16655
15936
17449
16325
16480
14942
15905
15975
18238
15548
14351
15853
16284
16597
18421
15334
15715
14843
16597
19759
16762
15147
16880
16363
18903
15990
15365
15584
15044
17645
17729
16445
14464
15920
14513
18376
16529
15830
16376
14025
17029
16031
15792
14768
15460
14769
16613
16979
14681
16634
14357
16792
17661
14651
15394
15589
15990
16123
15688
13623
15055
14660
16731
16658
14115
15474
14413
16954
14525
17186
14613
15631
15558
16800
17120
16029
16706
15717
18180
15782
18314
17034
15599
16238
17004
14672
15745
14348
16629
15080
16618
14666
14792
16803
15100
17626
14567
14634
14936
17127
18685
14877
14517
14616
16987
15834
17171
14478
13886
13787
17045
18282
13841
14195
14601
17140
17015
16471
15167
14585
16473
16453
18027
14744
14980
14592
15846
17303
17699
16110
15693
16505
15683
17682
16403
15738
14681
15129
18531
17281
14902
16741
15482
16686
19346
16686
17139
16456
15997
21391
16248
16238
15460
15005
16441
20051
14701
16073
15299
14629
20036
15777
16220
14896
14926
17763
19014
14753
16458
14933
16524
19520
14652
16134
14915
15515
18990
16325
16212
14830
14651
17169
19135
14444
15818
14953
16013
18367
16086
15935
14663
13841
18432
14366
14299
14164
15581
18216
13672
14298
14471
15903
16435
16461
14814
14023
14007
16083
19059
15491
14781
14767
17654
17639
15954
14719
14307
14374
18203
14029
14563
14550
16822
16821
16679
13992
13854
14116
18061
16694
15012
14910
14107
16985
17013
15835
15715
14583
16951
15710
16105
15349
14668
14159
17433
17085
14546
15986
16159
17062
15895
15323
15346
15357
14442
17841
15714
14897
14483
14518
16784
16177
15011
16154
14045
14921
16151
15787
15101
15061
13678
17258
15653
14513
16284
14748
16307
15557
16343
15695
14930
14291
16723
15082
15295
15557
13768
15351
14659
15240
15332
15052
15062
15045
15626
15262
15516
14417
16565
14233
14749
18759
15248
16984
15944
16725
15563
15255
14428
17106
15727
15504
16195
17321
20030
19300
18533
20293
17516
18537
20073
16961
16950
14330
13642
16210
14831
15022
15548
14239
16954
16497
15827
16813
15275
17894
15696
16647
18838
15656
15028
17219
15799
16069
16231
15204
17602
16350
16418
17108
15410
15337
18325
16570
17084
16127
15930
17926
16551
15451
17176
15096
14857
18192
16301
16145
15405
14331
17257
16175
15400
17053
14717
15270
18728
16007
15942
14423
15296
17743
17525
17268
15747
17073
18223
16797
17148
16886
15270
16344
17437
17202
16576
14632
15823
16729
16279
15882
14366
15006
15068
19430
16607
14982
16188
15903
18137
16591
16552
16558
16428
16761
20019
16718
15242
16165
16256
19248
16590
15297
16348
16439
16636
17893
15449
15145
15647
14949
18049
16570
14457
15304
16813
16847
15789
15458
16391
14763
19319
16089
14018
15981
14456
17504
17290
14418
16264
14239
14210
20068
15843
14378
15903
14603
18811
15727
14458
16068
14242
16729
15644
15466
14031
14083
13809
18439
15972
13704
13735
13839
17657
16228
13887
14389
14433
15601
18261
15754
13446
13596
13652
18369
15588
13788
14085
13396
17195
16078
14335
13420
13432
13434
19093
14857
13841
15474
13811
17596
16501
13779
13961
13428
17017
17071
15415
13704
13754
13607
18230
15369
14014
14993
13838
18217
15266
14758
14509
14378
14633
17489
15593
15446
15617
13736
17877
15531
15394
15678
13892
16377
16150
14915
15497
15266
14172
18110
15653
15857
15540
13989
16721
16227
15366
16244
15239
16974
16755
14536
15156
15380
14736
17529
16250
14822
14746
13686
16225
16554
15664
15548
13456
14911
16853
15116
15652
15298
13735
16622
15196
15278
15161
14442
15726
19799
15842
14773
14677
15245
17000
15616
16234
15494
14091
16473
17377
15559
15593
15124
15040
17544
15727
15485
16055
13951
16386
17491
15276
15618
13740
13913
19059
15446
15291
14689
13756
16307
16379
15439
15324
13864
15778
18580
16361
15581
14394
14022
17057
16174
16643
14002
14011
15611
18223
14990
15294
14237
14182
19006
15371
15633
14278
13943
15698
17047
15508
15540
14186
15043
17510
16090
14647
14057
14210
15418
18218
14623
14584
14887
16045
17482
14595
14119
14115
20912
20335
18380
18378
18244
18005
22101
18138
15903
14502
14138
18433
15409
14741
14749
14336
16822
18098
14434
13679
13944
14064
19468
15959
16030
14629
14106
17541
16366
14302
15312
13591
16478
17364
14493
15112
13907
13922
19136
15562
15351
13927
13544
16713
16210
14947
15246
13898
13760
19391
16396
15407
15211
13810
18925
14992
15586
16661
14401
16706
17162
15982
16580
15058
14122
18814
16119
14794
16586
14304
16480
16262
16523
16937
14962
14387
18154
17052
15279
15744
14606
18064
15545
15916
15449
14034
16218
15107
16908
15008
15465
14550
18440
17862
15697
16046
14372
17487
16698
15371
16488
15317
16084
16788
15839
16166
15805
14043
17998
15277
14977
17005
14084
16265
16433
15375
16468
15217
15004
17489
15843
15860
15771
14044
18145
15040
14419
16662
13867
15441
17331
15825
15404
15267
14655
17950
15608
15557
15941
14184
16764
17667
14521
16317
14359
14664
16231
15338
15145
15533
13959
16098
15083
13623
15453
13682
15273
15459
14870
14449
15652
13691
16558
15081
13894
17149
13999
16545
16769
14659
15848
14926
14966
15999
17139
14207
16328
14540
17575
16439
14367
15186
15854
15401
16081
17006
15114
16632
13593
17316
16957
14288
17190
15644
17250
15258
16727
14503
18385
15162
16218
15883
13993
17698
14876
18254
15138
15205
16062
16405
16426
15634
15672
15206
17829
15332
18271
16402
14662
17696
15002
18029
15576
15199
15104
17887
15459
17489
16324
14528
18535
15572
18119
15959
15054
17334
16260
16905
15655
16171
14689
18780
14471
18530
16576
14379
20317
14789
17991
14720
15592
15616
15909
15471
17561
15844
14900
16937
14388
18402
14374
15128
16479
13985
16484
16087
15577
14406
17420
14126
16275
15182
15161
16577
14779
15822
14368
15865
15003
15754
13872
16339
16061
13600
16807
13695
15994
14379
16346
15240
14957
14587
16286
16552
14405
17280
14356
17719
15113
17548
16739
14695
16622
15775
16369
15507
17224
14128
16730
15135
16340
16209
14977
17489
14722
16638
15803
15999
15590
15961
15786
15509
16969
14076
17250
14418
15981
17376
14831
16658
15920
16213
16600
14547
15137
15846
16797
15994
16317
14722
17076
16580
16271
16554
14855
15998
15616
17007
15869
15936
15294
16291
16928
14823
17338
14352
16253
16151
15813
17241
14634
15543
15766
17327
15979
16164
15893
17043
16887
16059
16973
14507
15952
17169
15628
15629
15317
15253
16399
16752
14247
17769
14017
16630
15907
15730
16507
14752
15721
16014
16651
15633
15808
15679
14883
15901
14785
16744
13780
15520
14965
16435
16417
13920
16194
14967
14690
16020
16082
13874
17718
14019
16134
16577
13906
15289
15132
16440
16368
15735
15026
16066
15415
15616
17485
14596
17390
14563
15124
17132
15485
16166
16138
14206
17251
17115
15586
15703
14552
16255
17933
14936
16258
16024
15528
17180
15807
16094
15844
15232
17959
16213
15544
15849
14757
15300
18396
15837
17274
15706
14198
19123
15305
15758
16165
15592
18049
15247
15823
15324
14339
19022
16222
15987
15252
15031
16443
17002
15058
15805
15890
14826
17652
15674
15200
15763
14162
17787
16358
14806
14531
15284
15946
18768
15744
15684
15955
14555
18721
15937
15933
16276
14882
16876
15993
15196
15428
15466
15344
17128
15342
15165
15679
14524
17656
15906
15700
16824
14021
14979
16330
15089
14754
14765
15015
16586
15174
14065
16636
15348
15138
15552
16278
15062
16696
14122
16607
15395
14730
16294
15505
16462
16147
15287
16406
16584
15234
16652
16127
15547
16410
15640
16773
17688
15014
17146
15874
16197
15759
15593
16462
16779
15698
15300
15498
16921
16166
14996
17103
14555
16906
16341
15929
16971
14814
15516
16071
15610
14146
16908
14129
17438
16114
15062
17149
14288
16010
17622
14331
15906
16169
16513
14504
15916
14600
17202
13714
16563
16648
13867
16888
14057
16595
15110
15984
13665
16701
14853
19206
19282
17552
19075
17436
16993
15598
15508
15378
16187
15690
14463
17120
13837
17153
14193
16983
16514
14237
15171
15253
15945
15114
15484
15665
15739
14383
15798
16893
14538
16286
13539
16301
15994
13606
14664
14412
14159
14784
16158
12908
15090
14593
15199
16208
13159
14737
14286
15518
14422
14867
14578
15278
14401
14848
15371
13299
14849
15498
16040
17552
14061
14940
15291
16002
17545
13690
15476
15234
16628
16541
15509
13782
16698
16010
16697
15529
14182
16740
16547
17604
15804
14146
14335
17299
15310
16993
15644
14950
15750
15811
18803
16130
14945
15808
15371
18212
17280
15508
14743
15895
16941
17537
16276
16501
19653
19600
24769
22402
20306
18507
21851
25839
21754
20769
17903
18046
18395
19526
16690
15239
16485
17896
21675
22627
22227
20014
25058
24221
21143
18095
19556
17873
19639
19037
15631
14696
14567
17335
19278
16389
15144
14154
15620
18374
17419
14814
15412
15461
16750
19403
15687
15311
14288
17375
18766
16103
14356
14529
15761
17666
17282
13915
14037
15421
15745
17959
15291
14135
13888
15841
18383
15827
14299
13992
15089
16263
17172
14647
14089
14378
17603
18646
16007
14602
14541
15954
19135
16010
16207
14774
15606
16835
17288
15856
14579
14318
16292
19268
15533
15083
14599
15776
17860
15960
18275
17871
18243
19073
21457
18253
16980
16700
19401
20616
17126
18351
17083
17510
18724
20052
18374
16652
16349
19202
20007
18573
16331
16172
17088
19166
18213
17807
16908
17723
17750
20212
17866
16214
16446
18742
17727
19465
17545
17093
17964
17182
19106
16518
14847
14092
17195
17426
16795
14421
14281
15289
13900
18596
15251
13733
15262
13789
17716
15750
13754
13796
15006
15136
16842
14126
14098
15071
14011
17588
16076
14275
15308
14021
17705
16562
14169
14107
14985
15600
16424
13606
13552
14882
14764
17957
15895
13194
15067
13930
16754
17368
14319
13906
14843
14806
17915
15286
13855
14867
14188
16828
17455
14335
15708
14467
16189
16949
16285
14364
15342
15364
17377
16924
14378
16183
14311
17096
17716
15186
14555
16012
16412
17627
15649
14631
15635
15807
17051
17836
15889
14638
16043
17487
17351
15979
14334
15430
15697
17809
16405
14115
15200
14693
18146
17279
14510
14834
16365
19246
15675
16770
14645
15638
16030
17686
17668
14455
15050
16451
19031
17168
14143
14409
15928
15805
18444
15448
13953
15258
14790
17942
16505
13477
14373
15073
17871
15994
15404
14360
15577
15165
16886
17027
14046
14668
14341
17962
16581
14194
14345
14500
17633
16502
14214
14053
15313
17182
16975
15421
14699
16291
15324
16777
16319
13648
13278
17502
15262
16177
15049
13596
15581
14037
17436
14924
13875
15676
15354
17020
14773
14785
15604
17301
16091
16467
14337
15530
15439
15569
17605
15530
15399
15619
16472
15653
16713
13600
15355
15763
15294
15794
15796
15168
15421
15393
15989
16176
14518
15488
15759
15388
15880
15584
15133
15033
15616
16894
16258
15154
15524
15558
15647
16740
15010
15434
17021
15844
15969
15641
16044
15549
15670
17412
16940
15040
15919
16204
17132
14856
14981
16467
16425
16412
15502
16093
16140
15506
16622
16711
16013
14914
16128
17247
15830
15694
15988
15829
15893
16747
14919
15655
15552
16576
17156
14897
16141
15365
16393
17024
16188
16248
15064
15952
16032
17570
14421
15559
15727
15373
17013
15117
15686
15551
15307
16309
15404
16376
15430
14442
13232
17649
14647
14997
14549
15169
14998
16096
15127
15467
14609
14729
16880
13632
16230
15527
13683
16365
14945
15686
14693
15352
15613
17056
15641
15761
17697
14919
18914
14610
17133
14808
16465
16099
17612
16031
16255
16747
15600
17026
13910
16911
16186
15080
19000
14456
17554
14402
17194
14914
17870
14709
17739
15972
15958
18444
14206
17172
15342
16266
16468
17022
14814
17159
16293
14879
19199
15036
17327
15974
16706
17691
16277
17082
15290
16165
17195
16013
14967
14825
16398
16260
16996
15604
16077
15701
14982
17141
15914
16064
15500
16333
15568
17588
14900
15748
15995
15567
16172
17060
16265
16154
16218
15078
16858
15225
14074
16638
14755
16639
15851
14777
15616
14850
15953
15046
15286
14032
15603
14157
16406
15379
13631
14144
14602
15462
15512
14919
14703
15503
15535
15822
15504
13087
16167
13631
15798
15313
14913
14813
14996
15483
14278
15717
14819
15988
14931
15314
16435
13996
16134
15244
17138
16050
15111
13711
15360
15305
16625
16965
16021
15628
16693
16289
16054
17456
14737
15924
16783
16410
16395
14377
16906
16733
15995
16004
15832
16272
15873
15958
15991
15680
15698
16012
17811
16472
15767
15329
17303
16769
17647
16032
16191
18379
14624
17915
16824
16475
14557
17697
17366
15594
15553
17107
17378
16810
16347
14961
16319
16880
16569
18150
15145
16381
15958
17530
17528
15130
16363
15845
17507
15504
16666
15176
16516
17926
16629
16203
15747
15964
15507
17037
15640
16266
15407
15477
17927
14689
14706
15118
15537
15195
16322
15523
15829
15229
15768
17578
14726
15956
14276
15490
17119
14425
14659
14110
15048
14565
17512
15600
15439
14991
14391
18017
13860
15861
14944
15489
15613
17495
15973
15624
15831
16398
17854
15030
16785
15171
15895
16913
16867
16240
16660
16025
16281
17058
16002
16159
14870
14568
18450
14545
17331
15456
15649
18044
17441
16818
16107
14737
15404
18627
15882
16203
15453
15593
17747
15550
16533
15906
15461
17169
17514
16284
17252
15366
16456
17098
16396
17162
15771
16495
16205
17630
16126
16218
16266
15509
18279
15300
16700
14626
16115
17458
16293
17435
15184
16390
14609
18514
15826
15868
14240
15469
16639
15884
17213
14789
15504
14786
17687
15993
15607
15323
14750
17799
15157
14870
15876
16191
16422
15983
16574
15017
14870
14238
17994
15794
14214
15664
15303
16808
15238
14995
15019
14971
15285
16784
15056
14566
15096
14255
17870
15054
14187
15511
14862
16376
15961
15187
15191
14811
13481
17111
17463
13670
15295
15287
15052
17663
15308
16080
15373
14601
16025
17177
16428
15908
14867
18662
16583
16009
17599
16016
15922
17322
16871
16017
16146
15155
18152
17401
14795
16020
15504
17543
17640
15294
16178
17402
15855
17425
16656
16202
16191
15648
18001
15889
14057
16023
15984
17110
17074
14866
16052
16397
17413
16152
16183
15878
14748
16278
18723
17029
15344
16388
16472
17668
16579
16784
16024
16161
15180
16470
16554
14259
17740
15671
15942
16512
15317
17602
17243
16013
15956
15333
16073
17766
15913
15134
17316
14433
17170
16890
15889
16155
16080
15818
17651
15358
15560
16190
14107
17088
17183
15876
16863
13890
14981
17407
15049
15243
15341
14967
16465
16266
14169
16828
13737
15833
18510
14926
15108
14731
14817
17515
15204
15457
14964
14543
16666
16773
14447
13698
15070
15208
17764
15194
14072
15122
14777
18168
15049
14634
15587
13732
15981
17034
15418
13854
15404
15176
17110
16296
14102
15600
14773
16898
16947
14399
14122
15169
15906
18194
15432
14046
15420
15188
17678
15470
15381
15100
14938
18199
16007
15723
14039
15441
15696
18039
15590
13936
15530
14842
16858
15007
15032
14156
15041
14968
18153
14832
13712
15384
15023
17287
16045
15361
15600
14839
18755
15702
16065
15782
16327
15707
16648
14934
15244
15203
13445
16373
14948
14880
15840
13676
15215
16380
15262
14886
13412
15490
14622
14807
15485
13538
14851
13656
14872
14556
14803
15068
15409
14071
15712
15883
13980
17013
14016
16200
14898
14975
15106
15115
16849
14882
15229
13604
16467
14663
16917
16668
14558
14938
15602
16603
16061
13923
15380
17348
16687
16249
14620
14032
16968
15386
16916
15137
14063
16825
15093
17162
15570
14078
14643
18189
15578
16443
15466
14154
17331
15759
16625
15660
14598
15742
17413
16694
16519
14367
14207
18123
15556
17064
18063
15307
17690
16463
17973
16688
14919
15440
18323
15424
18298
16086
15127
18311
14924
17088
16862
14883
16127
17541
18690
20909
18725
18616
22836
19976
19907
19826
17266
18408
15872
15477
16020
14330
16837
17046
18533
16709
14869
14469
18416
15914
18177
15257
14505
15927
16190
18359
14611
14916
15726
16873
16682
16842
14550
14118
17802
15175
16544
14107
15721
15482
17078
17713
13495
15420
15086
18479
15159
16383
15130
13711
17692
15032
17179
14940
15712
14535
17358
17862
14897
15689
14075
17743
14648
16697
14296
15210
15619
17125
17168
14904
15747
14745
17009
16089
16395
16143
13803
17179
15954
16851
15705
15097
13835
17626
17364
15363
15715
14069
16673
15498
16848
16236
14115
15050
16113
18296
15502
15968
13881
16664
15666
16169
16950
15135
17209
16054
16939
16474
15709
14740
15658
18502
16555
16170
14756
15600
17075
17400
17054
15115
16063
14930
20116
16084
15402
14100
16153
18637
17098
16583
14585
15865
15342
18798
16933
15267
16362
15484
19440
17770
16678
14868
16373
17431
15883
17516
15647
16199
14502
18161
17636
18206
15244
16384
17739
16743
18287
14537
16316
14949
16686
18127
16969
15179
14918
18439
17917
16361
14187
14712
16933
16847
16908
15812
14215
14948
17938
17833
15296
13834
14368
15473
19567
14938
15432
14345
15989
17203
17734
16756
14498
14545
17064
18859
15813
14664
15209
15392
19058
16270
16909
15169
15903
16923
18931
16022
13960
14447
14896
18274
16700
14990
14489
16003
17872
16734
14670
14999
16213
17833
18496
15518
15152
15359
17131
19164
16319
15175
14279
16080
19823
16911
15346
14853
16133
17317
18258
16401
17377
15499
16461
20733
16946
16022
15494
16655
19016
17627
16375
15197
15213
16449
19997
16643
16694
16268
15001
18936
17894
14900
16493
14913
17528
18061
17126
16854
14701
14864
19981
16039
14691
15885
14441
18406
17577
14207
16082
14540
15201
19799
14548
14820
14930
14338
18552
15504
14650
15935
14281
17615
16737
14447
16574
14644
14050
20329
15222
14614
15196
13814
16041
17602
14139
15198
14213
15347
18404
14292
15399
14285
14137
17310
16784
15489
15704
14444
15253
18403
15535
16554
15143
15043
20007
16110
15058
15722
14372
17125
15678
14652
16326
15181
17095
17512
15234
15396
13500
15298
17535
15982
14822
14591
13690
17185
17322
15017
15508
13905
15073
18000
15557
15693
14114
14651
16912
18398
14987
16418
14131
16298
16880
15116
15747
14036
15494
18033
17457
15772
15155
14535
16374
16890
16567
15999
14681
15621
16968
17117
15334
14823
14823
15727
17566
15543
16428
14175
15787
17341
17148
14490
15855
16093
16712
19473
14657
15686
13942
15092
17439
15413
15238
14026
15554
15868
14615
14822
14106
16171
17279
16149
15394
14321
15698
16890
18073
14173
15872
15379
15951
17291
15228
15077
13503
15211
17338
17567
14647
14023
15179
14812
18808
13935
15290
13746
13550
17614
16361
15349
15137
13432
15408
16886
15334
15427
14495
15547
17526
15909
15871
14958
14367
17945
16561
16092
16198
14509
16396
17229
14493
16207
14423
14232
18125
16801
15233
15148
13438
16034
18443
15327
15931
13943
14251
16423
16208
16489
15737
13580
16767
19146
19327
20041
20409
19557
17413
14614
17408
14650
14581
17198
28293
20899
15499
13883
16021
17212
14331
17338
14026
15118
15836
15051
16802
15586
15298
16357
15643
16479
15575
13540
16698
16664
14946
16749
14012
15410
16646
15995
16326
14970
16492
18893
14125
17569
15319
16773
16103
16854
16641
15561
15795
16755
17345
15186
16240
14365
17086
17085
14428
17415
14480
15713
16706
15439
15957
15674
15478
16286
17146
14795
17493
14525
16173
16352
15757
15354
15337
15360
15303
16117
15190
16239
14316
16009
17149
14793
15485
14161
15821
17172
17227
17499
14546
15350
14989
18143
14559
15716
14430
15090
15278
16743
17100
14558
15709
14849
17820
17078
14621
14288
15893
18199
15940
17233
14578
15437
15318
16654
16771
15377
15543
14819
18508
16194
16171
14146
15754
15486
17802
15512
15973
15884
16154
19227
16216
15421
15439
17630
16673
15417
15643
15314
14873
18972
15716
15625
14498
15659
18515
17746
15165
14727
14120
15327
19062
16251
15740
14373
14055
20077
15709
15039
13796
13881
17177
15288
15425
15444
13828
15251
19027
15771
15458
13901
15389
17923
16776
15769
15168
15844
16870
19064
17465
18894
16635
19515
21565
16337
16624
15494
16341
18704
17128
16722
16890
14250
15063
19523
16744
15737
15198
16129
18343
16389
15360
14176
15128
15958
17131
16134
15428
13856
15087
17938
15553
15591
13832
14611
17410
15462
15910
15030
13980
16835
16586
15480
15667
14012
16747
18036
15251
15392
14202
16709
18713
14501
16050
14606
16940
16760
17406
14955
14495
14675
18861
17752
14532
15275
15111
16837
18640
16130
14653
14714
16073
18508
16005
16303
15348
14920
17153
35209
32537
15290
14661
17148
17106
17869
16020
14424
14223
18066
16790
17216
14676
14812
17065
16130
18846
15567
14752
15526
16419
17491
16219
15276
14880
17824
15244
17166
15416
14362
17509
15190
18622
15157
14307
14140
15974
17890
17584
15448
15547
15992
16120
18822
15360
15560
15165
16929
18397
17012
15141
15043
16518
16542
18049
15538
15695
16987
16695
19012
16425
14261
15910
16112
17985
17757
14712
15851
16589
18554
18544
14553
15966
16021
15900
19189
15402
14845
16097
16944
18315
16696
15258
16259
14622
16892
18275
16078
15572
16154
16582
19275
15526
16647
16163
14679
17307
17040
15659
15326
15465
16134
17385
15968
15373
17378
16092
16705
16700
16528
17729
15387
16748
17991
17003
16415
17477
17863
17880
16000
16921
18714
14249
16020
16502
15963
15651
17187
16498
14255
16390
16848
19894
15877
15407
15288
16497
18756
16245
16566
14992
16406
16358
19951
16689
15128
16552
15515
20479
15657
15161
14102
15707
15421
18279
15564
14482
18471
14509
19962
14146
14211
15080
14994
17786
17804
14684
16151
15948
17205
18961
14628
15315
15862
18576
18216
14735
15340
16334
17419
20156
15613
14497
17255
14805
18364
16516
15509
15577
15591
16148
18930
14774
15957
16675
15627
19246
15811
16308
16610
15466
16721
18032
14924
17986
16359
15420
20675
15391
16238
16852
15515
18440
16994
15597
16825
15213
17466
19698
14800
16511
16662
14661
18864
16214
15665
16522
15213
18919
15917
14818
18130
15826
14934
18827
14855
16216
17378
14510
17990
14386
14191
17187
16267
15550
17444
14820
16715
16238
14205
17132
13944
14279
18049
14822
16878
16009
14877
17100
15757
14817
17290
14613
15411
19145
16543
16461
16220
15314
18578
16081
15746
16807
14533
15925
19256
15177
17403
14202
16171
17830
14589
15669
16154
15182
17890
15149
15926
15544
14174
17528
17548
14552
15944
16042
16710
17905
15056
17536
14576
14290
17718
14828
16059
15675
15979
15656
16486
15538
14805
16998
14716
17463
14312
15615
14634
16648
15717
15186
16301
14072
14564
15889
17266
15381
14046
14748
16118
17271
16185
14058
14194
15929
15832
16708
15140
14489
15201
15508
15369
15081
15985
14760
16835
15145
15148
16529
16803
16693
14879
14772
16095
16992
15941
17459
14848
17427
16318
16963
15371
17603
14792
17923
17440
16552
16420
14746
17628
16129
16003
15820
15144
15524
15536
16831
16335
15317
14782
15942
16071
15309
15252
16151
14516
14502
17953
15845
15182
15184
14185
16728
14997
15283
16268
14866
16577
15430
16145
15579
15477
15888
16820
14550
16352
16273
15547
15530
15474
16467
14889
15846
16590
15541
13995
17856
15943
15607
15593
15465
15660
16754
13938
16560
15746
14639
16307
15611
15351
17295
14715
15744
15659
16458
16677
16134
15440
15662
14896
15975
15998
15884
16376
15967
15990
15533
15820
16336
17419
16070
16222
16420
15634
16817
15595
17082
15865
15358
15690
17688
15951
17036
15269
15520
16820
14223
17149
15756
14310
17433
15849
15996
15784
15408
14499
18092
15256
16083
16064
14049
18194
15331
14918
15432
14704
17403
14748
14999
16268
14854
17048
15806
15777
14714
16651
15806
17772
14567
15887
17665
14123
17922
14383
16050
15270
16720
16242
15467
15135
14122
15617
14525
18526
15130
15897
16081
14251
18090
14174
14825
13731
15720
14986
14962
13868
13951
15554
14900
15835
15564
15189
17094
15529
15619
16190
15386
16539
18449
16577
16887
15675
15417
17214
15541
18495
15705
15327
15551
17647
17002
16605
15258
15586
17627
15690
17579
16008
15150
17362
15143
18151
15186
13929
16289
15100
15184
16008
13837
14470
15536
15647
15486
13635
13664
15878
15306
15879
15604
15709
14845
16962
16402
15366
15471
14595
16370
15389
16034
14073
14611
13767
16066
17238
15464
14815
14840
14841
16374
16045
14922
15046
14992
16181
16164
15087
14250
17605
15152
15149
16786
13816
14891
16937
15546
15337
15343
14305
18226
15503
14502
17219
13848
14912
17596
16614
15194
15385
14313
16087
15151
16597
17379
13613
15585
15401
16466
16072
15460
14215
15681
15702
16722
16180
14058
16355
16001
16012
15539
16461
15322
14777
16303
13662
16453
15058
14831
16102
14590
15384
15992
15962
13257
16304
14348
14231
16860
14154
16455
13512
16036
14663
15040
15161
13441
15228
14547
15731
13277
14573
14767
13050
15268
16581
15440
13460
15164
15950
14895
15422
15055
14383
15221
15618
16278
14691
14217
14227
16210
17282
15355
13582
14235
14601
16798
15558
15541
14824
13441
15725
16727
13860
15606
15263
16684
15482
16308
15622
14973
13396
17846
16495
13531
16012
14453
16200
15920
14183
15295
15387
15106
15121
14917
14666
15131
13691
16402
14828
14034
17224
13988
16485
13909
15395
16404
14929
14283
16223
15282
13793
16611
14624
17277
14938
14671
16297
14424
16389
14189
15198
13472
16241
13753
16891
15139
13960
16570
13808
16481
14965
14172
18004
14090
14254
17213
15855
13637
17330
14255
16522
13933
15419
17880
13489
15801
13836
14697
13108
17435
16902
13809
14909
14497
17440
14088
15817
15130
13542
17734
13594
17000
15320
13686
13506
17614
16620
13400
14781
14396
17797
13728
16151
13486
13223
15253
16495
15639
14572
14992
13818
17850
14848
14695
14302
13900
18341
15273
16470
15522
15485
14674
19357
16703
14390
13930
13950
17044
14146
15295
13457
13473
13775
15351
15032
14203
13476
13865
16441
14456
15248
13217
12765
16448
13341
15152
13849
13227
15683
15795
13563
15975
13064
15192
16580
14686
16282
13105
15008
14901
15853
15347
14967
14272
16464
15732
14978
16184
13402
16035
15571
16236
16754
13478
15148
15958
16461
13853
16432
13448
17263
15697
14734
15960
14046
16213
14927
16230
14609
15069
15110
18724
13266
14947
16653
13248
19503
13506
14948
15171
14531
16224
16351
15675
13778
17074
14228
18946
14303
15723
17495
13583
18489
17267
15185
15305
14713
13724
17829
14381
14345
17062
13410
19714
13622
15310
15967
14039
14236
17223
15138
13296
15903
13867
17506
13515
14553
16430
13068
17634
13984
14762
14156
17152
17703
21992
18443
18628
20306
17460
23873
24391
25080
21788
19904
18504
16839
15008
13875
16507
14342
17724
13704
15291
16483
14175
17935
14510
15223
14120
16439
13560
18080
15149
14577
17132
13681
16103
15763
14966
16412
14477
15383
16758
15406
13938
16516
13685
17636
13987
14971
15926
14035
14950
16471
15410
14359
15808
13937
17817
13882
15150
16692
13817
17637
14569
15647
15850
16525
14847
18159
15741
14567
17243
14302
17969
14634
15590
16486
14109
14708
16885
15506
15502
16358
13797
17513
14277
14376
16172
15421
17929
13846
15099
15818
16519
13337
17847
15302
15530
16337
14766
18078
13641
15453
15489
15252
16784
15224
14878
15231
16601
13820
18089
14622
13717
17005
14944
17871
13512
15443
15131
16333
13758
17865
15290
14407
16421
14543
17207
14430
15299
16633
17507
16773
15884
15540
15154
16694
14400
18275
14394
14511
15782
15625
18010
15177
15242
15376
15984
14608
18050
16036
15065
14632
16392
18706
15542
15419
16112
16046
17653
15121
15912
15734
15719
16047
16850
16536
14609
15845
16079
18323
15534
14262
16031
15555
18407
14928
14391
15915
16627
17821
14587
16049
15804
15367
18126
15862
15648
14859
15872
15456
19018
15642
14821
16065
13761
17197
15678
15409
13811
15730
14442
16827
15300
13968
15605
14973
16542
14391
17100
14544
16767
17600
16160
16234
16295
16499
15975
18619
15890
16332
15644
16251
17689
15729
17529
14860
16185
19272
16594
16726
16663
16551
16629
17785
16000
18150
15036
16738
17181
16608
15977
16059
16568
16503
17604
16722
16814
15193
17436
17313
15964
17278
15664
16670
18730
16639
18307
16569
16095
17473
18168
16619
18944
15908
17461
18939
16630
17976
16600
16686
18501
17881
17015
17395
14925
17544
17746
16133
17714
16011
17751
18645
16788
16969
15215
18045
17742
16116
17999
15448
16418
17626
17228
15740
17916
15482
18975
17870
16279
18059
16681
16194
18249
17202
16455
18187
16881
16431
18941
15811
17007
14670
15802
16047
17374
17566
16372
16119
16162
18104
17350
18018
15403
16854
16618
18303
16367
16495
15894
15579
19319
16160
17876
14479
14065
17898
15297
15622
14906
14228
16363
16633
15395
17167
14221
15541
17280
15441
16493
14292
14867
17421
15262
15675
17370
14299
15717
17447
16076
17633
14691
15698
18940
16715
17458
14751
15208
16327
16257
16695
17518
14660
15734
17788
15910
17293
15448
14400
18443
16405
15327
17389
15123
16283
16955
16145
14168
14874
19222
16318
17364
16017
15780
17685
19426
16201
17479
15435
15569
17120
15789
17346
15729
14862
18047
16850
14850
17810
15487
16422
17439
15523
17796
14922
16222
17788
16297
17644
15060
15030
18294
15382
16124
16276
13951
16966
16146
14704
15998
16900
15194
18802
16764
16375
17057
14873
17195
17438
14542
16577
16803
15473
17136
17202
15675
17560
15142
17864
17604
14620
18537
15066
16304
17149
16057
15993
17064
14629
17577
16973
15286
18028
14666
17441
16993
15198
16183
17176
14838
17493
16787
15391
17879
14086
17920
16782
16850
16854
16068
17157
16018
16761
16491
17957
16074
17212
17569
15994
17589
17594
16325
17797
16673
18166
15916
17355
18941
17012
18349
15668
18297
18201
16828
18278
17211
17400
18368
17555
18352
15318
18813
18735
17288
16252
17916
18382
16851
18059
17097
18607
16196
17979
18567
15921
17758
15942
17976
17662
15811
17259
17926
16593
17368
19211
16560
17181
15379
17261
17765
14732
16615
16317
17973
14579
16437
16317
17237
14464
16490
17904
15627
15898
16150
17305
16407
15625
15720
15877
16606
15461
16235
15800
16544
14553
17706
15645
14589
18409
14574
17029
15088
14721
15095
17779
14384
16858
15051
16441
16980
17691
16491
14919
13991
17428
14839
15320
15713
14985
15030
17830
14509
16745
14346
13799
18119
15885
16186
16328
13915
18432
15727
14818
16351
16716
14385
17617
16410
17431
15652
14409
17758
15794
17476
15970
15312
18307
16456
15219
17294
16076
17052
17829
15933
17910
16897
14869
18062
16612
16258
18354
15903
16182
18944
14858
17708
16674
15417
18239
16465
16923
18127
15109
18063
16479
15293
19533
15374
15433
18817
15619
17022
17974
15510
18114
16198
16786
18680
14734
17950
16234
14618
16249
17937
15181
18824
15937
16476
17592
15132
18071
16605
15598
17272
15967
16723
16931
15259
16194
17811
14491
17553
16038
16033
15883
15838
16374
17532
15709
17121
16142
15043
23324
18723
20121
19372
20169
21419
21331
20005
15008
17210
14935
17195
14469
15594
16439
15493
18050
14672
16196
15332
16544
15682
16507
15619
14837
17464
14474
14341
15979
15550
16520
15419
16910
15801
15179
16747
14855
17574
15077
16221
16090
16303
16367
14999
15614
14360
16023
15865
17447
15128
17139
15993
15558
18047
16147
17681
16862
14764
16835
17631
17547
15702
16777
16010
18103
16157
18006
15919
14600
18145
19002
17356
17546
15157
17792
16342
16300
17646
16190
14831
18950
15836
17457
16077
15127
18816
15322
18179
15463
16023
14259
18157
15869
16983
16337
14582
18616
14541
17642
16136
14365
14927
17274
17124
15479
15703
13886
17320
14845
18532
15913
13917
16619
16300
18062
15043
14357
14027
17705
14442
16994
15682
14043
17524
13921
17889
15237
13790
15992
16375
16769
14719
15545
13846
17251
15542
17008
15066
13945
16765
15908
18037
14114
15762
15074
16812
17668
14408
15042
15343
17264
15523
16572
15800
13927
16562
14918
18159
15759
14245
16866
15758
16910
16325
15484
14773
17057
16593
17217
16284
14292
17123
14256
16949
16320
14950
14338
17261
14414
15300
15744
14621
17173
14706
17069
16673
14372
15948
17356
15124
17135
16144
14385
18629
14737
17369
15932
14301
16850
16380
16745
16027
15068
16194
18302
15278
16802
16309
14374
18377
14281
17340
15784
14554
15729
17050
15627
16727
14684
14383
18080
14760
17478
15625
14306
15809
16972
16460
16135
14471
14935
16587
15765
16260
16017
14231
17087
15974
17129
15698
14286
15430
17189
14748
17095
14530
13979
18050
14867
16619
15449
14204
17641
14444
16719
15481
13814
15175
17684
14101
16593
15366
14828
17037
14778
16242
15109
13624
17207
14075
17220
15178
14009
15107
16553
15958
13751
15096
13034
17023
12570
15916
14334
12914
17240
13381
15759
14787
12834
13192
16968
14604
14512
14913
13142
16315
13926
15862
15092
13585
15854
14648
14712
16073
13272
14207
17226
17429
18301
17735
16178
16119
16255
13778
15625
14113
13472
16535
13848
15317
15146
13619
15421
15006
14865
16701
13792
14782
17354
13967
16856
14053
14203
16687
14827
14868
16588
13446
14021
17942
13667
19113
13270
13600
18170
14887
15357
16819
13640
16358
16234
13927
17895
13865
13857
17689
14923
16221
15788
13744
16436
16076
14061
17883
13577
14646
19532
14695
15532
16169
13904
18108
17430
14767
17152
14780
16301
15888
15547
16137
15368
17362
17356
14243
17232
16845
16837
16669
15258
16879
16156
17854
17832
16074
15508
17221
17693
17744
16701
14980
15554
17844
19568
17421
14993
15218
17313
17294
16512
15636
14365
16979
15197
17325
16219
14761
17039
16300
19114
15699
15696
13618
17644
16765
17529
16264
16143
16171
16311
19690
15106
16906
16333
17622
18613
17832
16677
15631
15753
16677
18618
14026
16386
14318
17015
19336
15376
15662
14742
16249
17329
19055
15881
16600
15140
17747
18585
15199
17533
15992
16195
17423
18754
15176
16854
16500
17446
18144
16419
17540
16877
17576
17614
18143
16729
15902
17357
17435
17087
15917
16537
16164
17543
17747
17520
17387
16973
18262
16210
15806
16346
17424
18044
14616
20275
16566
15653
16953
18555
17069
18589
15699
17761
17663
15887
17781
15506
15718
16316
15740
15346
16003
14059
16017
16960
13798
16934
14377
15512
14727
17025
15920
16980
15157
15715
16990
15689
17637
15544
15048
17667
14648
19168
14516
16335
15002
17602
15972
17859
14611
15512
17519
16678
16470
16534
15216
14150
16659
15516
16764
16404
14245
16605
16113
17965
15400
16136
17908
16554
17791
17010
15835
14442
17086
17224
16946
15561
16316
17040
17362
17618
15538
16231
16388
16558
16610
18012
15947
14663
16575
17656
17085
14674
16653
16144
17141
16914
16478
15945
15377
16522
18244
16177
16068
14863
16331
18738
15625
14898
16185
16205
16092
18722
15308
16884
14998
16235
19581
16194
16102
16346
16750
19119
16773
15203
16860
16074
17028
18290
16144
16029
15061
15950
18979
17300
14825
16564
15624
17136
18268
14822
15647
15764
15424
18335
16063
14448
16061
16343
16455
17342
15002
16535
17769
14648
18007
16203
14781
17307
14173
17907
17253
14990
16447
18008
15584
18051
15457
15352
18739
15163
17331
16202
15595
16287
17267
17172
17790
14539
14684
19386
15174
19096
14961
14349
16662
16892
17675
16704
14977
14777
19566
17013
17972
14962
15727
17491
15061
18618
15362
14454
15162
16938
17180
15526
13752
13704
16710
15510
17909
13627
13990
15802
14934
18469
13743
14235
15010
16852
16500
15462
15085
14588
17169
16052
17504
14920
14232
16377
15511
18219
14861
14630
15607
14817
18183
17074
14277
15172
14914
17371
16804
14407
16069
15360
15441
18384
14498
15763
14301
15680
17820
15650
14257
15959
16248
16228
16105
14473
15946
15136
15322
17937
16958
15353
16188
15475
17324
17281
14503
15464
15274
14457
17416
14562
15152
16993
14411
15906
17381
14555
16002
15533
14849
18475
14570
17984
16051
16014
17931
16866
17998
15940
17094
16057
17924
15244
18588
16075
15080
17163
17474
18162
16064
15695
17386
17796
14900
18184
16630
16294
18590
14967
18410
16230
15372
18400
16792
17119
15229
15481
16345
17288
14688
17916
15966
14860
16543
16203
17579
15453
15054
17419
15657
14321
17480
17182
15762
16959
16745
15205
16118
16475
16741
14991
18002
15833
15299
16802
16374
17238
14605
15410
16215
16535
14431
16824
16068
15687
17375
14916
16797
14752
14786
16038
15620
15067
14873
16041
13962
16884
14423
15557
15568
14397
15449
16126
15409
13736
16329
15242
16578
15420
14501
16635
14867
15635
17136
15239
13744
15965
15461
16915
14288
13360
16124
13475
14914
15031
14460
14318
15177
14830
15298
14590
14947
15270
15387
15645
16790
13434
16517
13825
15508
16032
14608
15943
13531
16325
14123
14200
14831
15243
14418
15773
15094
13358
15388
13444
15645
15044
15122
14365
14800
15627
15231
14512
13611
15188
12994
15707
14822
17053
19504
15301
18517
15221
17025
17082
19878
19641
17652
16837
17126
17829
15052
18678
16603
17346
17076
15474
18013
18536
17240
16448
17842
16455
18390
18706
17517
20829
15813
20021
18306
17776
19287
16605
16920
15423
14744
15849
15232
15520
16083
14412
15001
16937
13558
16016
15135
15690
14880
15610
15185
16337
16401
13590
16471
14132
16639
15734
15258
15723
14758
16283
14749
15275
16642
14285
15277
17458
15650
15272
16560
13609
17679
13843
15544
16909
14848
16123
15703
15020
15775
15858
14785
17640
13598
15230
17024
14232
16058
16165
15416
16385
14241
15791
16425
14566
15533
15341
13529
17987
14239
14911
16413
13558
15427
16900
15716
15509
16447
15018
16990
13746
16494
15993
12954
17245
14502
15300
16416
14344
14752
16059
14511
15546
15053
15462
15459
15337
14952
14854
15364
17322
13617
16541
14511
14184
17271
14359
14870
14961
15255
15275
16347
15911
16124
15256
14922
16748
13632
14804
15928
15545
16214
17166
15856
15857
15274
15231
17889
13795
16200
16194
13723
19520
14118
15575
15369
16544
15784
18082
15233
15126
15492
15010
19138
14321
15515
16130
15583
17658
16059
16441
15054
16185
15645
18440
15857
15149
15277
16201
19006
14724
16007
14902
15274
16772
15760
15264
14127
14233
16255
17313
14533
15032
13859
16672
16363
14382
16591
13772
15709
15874
16928
16498
15307
13920
17270
17283
13922
16269
13858
16740
16027
15905
17568
13912
15990
15974
16647
15096
14510
15493
15409
14423
16026
15900
15699
16460
14860
15235
16234
16133
15531
15071
14963
15150
15023
16329
15441
15477
15811
15564
14800
16584
14384
14499
15829
14863
15612
15489
15209
15704
15033
16223
15673
15271
14893
15723
15974
14890
15100
15636
15517
15234
16081
15167
15643
15241
15220
16557
16275
14842
15122
17155
16236
15613
15589
15408
15232
15140
16044
16078
15708
14569
16501
15868
16424
15931
16177
16710
15048
17391
17049
15425
16393
16630
17278
16292
16532
15814
17593
16475
17035
16220
16841
16308
16527
17104
16690
16334
15321
15699
17035
14399
17214
15076
16255
15267
17175
16067
15594
15630
15529
15641
14011
16968
14465
15641
14726
16999
14256
16184
16946
14983
17441
17155
15880
17792
16424
16968
15804
16803
15338
16750
15251
15420
15489
16463
17204
15289
16860
16442
16009
15446
15028
15369
17005
15923
14068
17247
15886
15404
16532
14958
17107
16489
15728
16292
15784
15765
17307
15365
16119
16563
14660
17038
15530
15950
16238
15180
16068
15756
15798
17175
15542
14975
16596
15585
15164
16794
15163
17102
15569
14591
16664
15440
15893
15485
15743
16759
16143
14876
17033
15620
15981
18071
16207
17678
15703
18624
16533
16318
17038
16027
16647
17280
16609
15411
18245
16092
16950
17506
16002
16449
16993
16218
17481
16858
15782
17902
16292
16757
16761
14757
16728
15843
16404
16059
16125
15907
16183
16881
16479
16541
14465
17070
16461
16347
18084
14908
18319
15640
16133
17444
17446
15572
16628
16031
16677
16572
15894
16965
15916
14338
16697
16258
14670
17001
14407
14819
16817
13997
16835
16384
14933
17673
16296
14332
17387
16231
14618
16946
15635
15359
16256
14331
16750
16057
14068
17939
15852
15282
17256
15607
16503
16278
15214
18047
15767
16072
18051
14702
15783
17707
14432
18202
15777
15271
18703
16345
15915
17717
15622
18122
16630
15442
18904
16830
15339
16730
16881
18139
17049
14815
17924
16237
16824
18304
15372
16961
15659
15803
18395
16076
17035
17004
15777
17511
16376
14840
17603
16491
15731
19163
15018
15796
16999
16074
17482
16123
15599
17246
16241
16762
18512
17720
18238
14546
16369
17776
15883
15818
15608
15885
17318
17041
14631
17223
15285
18111
18835
15515
17245
16356
16357
16989
16947
17280
16179
15433
19360
17040
16097
17569
16067
17529
19395
15447
16755
16572
16182
19345
16790
18633
15546
16969
17463
16583
15710
17749
14837
16266
15886
14490
15092
13557
14857
16104
13925
13871
14685
13920
16237
15061
13722
15557
15716
15302
16915
13486
15097
16191
14804
16084
15044
14365
17662
14582
16021
17606
14241
16709
14680
16436
16136
14336
15278
14968
15689
14476
16289
14038
16273
15480
14650
15984
14238
16961
16932
16310
15215
16516
15350
16071
15994
15757
17455
14492
17230
15922
16416
16211
16446
17847
17783
17555
15730
17659
14327
17499
19290
16265
17864
14714
18367
18557
15793
15735
17011
16427
15472
17850
16510
17213
15616
17047
16241
16249
15987
15564
15004
16344
16181
16345
17378
15042
16295
17635
15043
16399
15544
16999
15982
16757
16487
15484
16179
16606
16922
16027
16911
16500
17092
16806
17218
17096
16186
15582
16788
16643
15823
14554
17387
15978
15484
15860
15238
15088
16264
14931
14965
14490
15353
17534
21777
20157
18922
14469
15358
16275
15432
16699
16174
14740
16055
15488
14638
18361
16398
14552
18106
17477
16964
17285
14850
16142
18370
15787
18397
15812
15224
16104
15393
16290
15848
14640
15462
16885
14462
18091
14434
15703
15850
15426
17416
14609
15796
17059
13892
16148
16358
14339
17142
15524
15362
17176
14166
15505
17625
14684
17360
15366
16099
16795
14624
17512
15904
14836
16592
16957
14686
18269
15101
15943
16955
14784
17674
15686
15132
16193
15533
17936
15997
14844
15981
17445
15157
17639
16024
15931
17447
14446
17375
15724
14747
17408
16465
14331
18929
14678
16261
17219
15054
17847
16187
15748
16941
15776
15321
16700
13609
15982
15617
13056
17113
13917
14719
16066
13566
15802
15614
14584
15368
14583
13789
16798
14472
14967
16070
13159
15466
15523
14778
16006
13285
15244
15352
13675
14775
15514
15149
14900
14962
15308
15187
13864
16739
14155
13826
16669
13906
15843
16668
14632
15615
15738
15379
16697
15175
14141
15913
15972
14783
15067
14041
16990
14943
15169
17181
14439
15847
16772
16239
16874
15617
15681
17301
16186
16798
17345
14153
16508
17054
16497
17166
15827
14966
18685
16178
17280
16214
14883
15991
17205
17029
16790
14555
14517
18287
15526
16040
16240
15334
16563
15242
16484
16233
14096
14884
18589
15844
18132
15488
15238
18645
14871
16993
15892
15583
16240
17360
17669
16733
14105
14113
18350
15800
17810
15485
13829
16673
15778
18153
16087
14012
14132
18179
15261
17074
14558
13915
18111
16248
16174
16498
14645
14319
18818
16704
16191
14385
13857
18477
15078
16342
14460
13439
16084
15534
16418
14988
14388
14074
18177
15374
16538
14100
14484
18017
15086
15330
16293
13950
15044
16645
15671
15344
14354
14968
15811
16756
13944
13721
16703
14432
16558
16864
13894
15566
15225
16270
16820
15559
14148
17060
16619
16727
16782
13974
15473
15881
13675
16409
14835
14562
15951
15366
16461
15573
13696
16723
15383
14900
17043
15059
14981
17362
14978
17625
15231
15176
16855
17049
17830
15391
14710
16702
17339
13984
17567
15013
15009
15540
16269
16806
14998
13468
16267
16952
14099
17359
14710
15711
16222
14318
17424
14839
14943
15384
14905
16803
15659
13803
16284
15767
14056
18208
14653
15377
16467
14422
16776
15214
13836
16480
15489
15973
16396
15153
16305
16728
14169
17488
15002
15136
15027
14982
16552
16436
13820
16858
16695
14783
17575
14108
15680
16371
15930
17438
13861
16133
16524
14274
16683
15041
14476
15845
15244
15279
16322
14984
16597
15158
14063
16446
14767
14598
15306
13673
13867
15253
13590
13930
14754
14411
14159
13972
13843
13821
13545
13673
13344
13305
13807
15365
13916
15688
13531
14769
15719
13966
15980
14174
14985
15151
16673
15586
15336
14985
15917
15537
16214
15552
15322
15954
17473
15721
16363
16358
16063
16066
17395
16510
15779
14614
17065
16024
17197
15769
15107
15863
15766
17483
16128
15647
15892
15523
15697
17126
16243
14394
16451
17399
16249
15984
16350
16344
16006
18765
16578
16587
16158
16326
17583
17439
16185
14518
16023
17983
16320
16692
16165
16378
15343
16373
16759
15804
15890
15696
16788
16352
15894
15749
16065
16212
17586
14866
16650
16178
16172
17819
16347
16346
16014
15624
15890
16897
15294
15283
16012
14955
16858
15522
16297
16450
16359
17125
16624
15971
15319
15944
15866
17227
14664
15845
15888
15715
17934
15681
15804
15815
16104
16854
17599
18186
17113
17077
16892
18345
16738
16712
16876
15824
17821
16354
18184
16588
14957
17898
16716
17242
16492
15010
14774
16789
14915
17123
14303
14457
16421
15224
16053
15607
14533
15318
15506
14211
16665
14115
13953
16811
13550
16775
14253
13585
15150
14696
13664
16094
13914
13881
16805
14277
21136
18408
18397
19541
19572
18529
20716
18319
16442
15807
14358
16937
14619
14649
15835
15721
14839
15805
13804
15265
14718
15723
15489
14563
15563
15770
14114
16885
14458
15102
15857
14356
16710
14958
14137
15453
15644
15040
16689
14572
15612
16195
14725
16390
16482
16070
18074
17387
16632
17081
15892
16817
16503
16236
17967
15874
14836
14233
15282
14910
14950
13824
15541
15501
14790
15421
14417
15837
14441
15565
15101
15209
14190
15592
15657
15864
14376
14154
15268
13563
15792
15626
14516
15046
14469
14275
14845
13726
14545
15784
13467
15305
13786
13848
16181
13682
14432
15557
13197
15268
15423
13758
15339
16312
14190
17898
13853
15497
16446
13509
16244
15330
13616
16209
14594
14235
16402
14437
15071
16350
13566
16330
15075
15078
16121
14459
16251
15817
13884
16883
16259
14168
18231
14753
15160
16731
14179
16700
15525
15651
17026
13920
16477
15128
14369
16983
13641
16983
15993
13725
16912
15126
14341
15845
15230
15031
16265
14734
16604
14819
13600
16351
15407
16635
14301
15019
15978
16053
14860
17166
16132
14647
16314
15748
16855
15127
14351
17107
15134
15201
15345
15143
15248
15727
14371
16610
14750
13758
16742
14979
16240
13840
15321
15808
15240
14929
15678
15388
14859
15364
15301
16456
13837
15225
16480
14976
15966
13803
15174
15571
14451
15505
17032
14108
15598
15849
15372
14810
13522
15244
15203
13945
15088
13814
13570
14762
13612
14731
13550
13390
14104
13222
13238
12566
14586
12707
14720
13390
13763
15910
14009
14911
15048
14765
15193
16387
15528
15234
14737
15657
15929
15671
15677
15696
15552
16802
16186
15504
15683
15351
15399
16248
15493
15776
14678
15305
16766
15327
15188
15011
15024
15103
16783
15349
15207
15035
15498
16110
15444
16561
14402
15298
16176
16232
15302
15113
15689
15918
16712
15513
16559
15410
15670
16449
16336
16530
15270
16458
16111
17483
15806
16051
15941
16333
16789
16098
18070
15691
17409
16059
16826
16294
15474
16431
16033
17607
16032
16762
16576
14781
16014
15741
17676
15267
15462
15762
17520
15414
15837
15811
15403
16945
15639
16424
14931
16463
15974
16382
17410
16129
15847
16901
16994
15217
15607
15719
16451
16378
14682
14697
15548
16258
17348
15210
16006
15919
16696
17037
14246
16721
15155
16296
15944
15631
15568
14316
15391
14188
15615
14237
14287
13881
15333
15153
15436
14636
14603
14676
14287
14916
14564
14295
15439
14971
14227
16971
14848
14970
15463
14658
15402
15163
14299
13660
14700
14307
15086
14573
14115
14251
13805
13671
13730
13901
13702
15322
13557
14569
15369
15304
15864
15086
15987
13705
16368
14903
17637
14805
16993
16725
14650
16602
16253
16542
15349
17210
16208
16298
16232
14916
16509
15062
17465
15632
15567
16461
15395
16132
16671
16844
14040
17447
15114
16701
15597
15397
16441
16300
18210
16589
16336
14570
18259
16763
15960
16293
14890
17304
15037
16729
15657
15296
14844
16847
15973
14710
17410
13984
17035
15241
17641
17782
16005
16329
16087
17771
15025
18158
14282
17931
15996
15457
17366
14832
16904
15926
16549
14238
17207
16095
15695
16635
14519
17119
14431
17884
14970
16904
17414
16095
16303
16036
17180
15010
17057
15198
17926
16613
16926
18157
16252
18139
19592
19296
18103
18187
18376
18251
18207
16415
18099
14847
17245
17381
15207
16211
17009
16398
17060
16462
13935
17468
14334
16239
17014
14048
15882
15935
15890
14981
14639
13915
14426
13873
13746
13862
13666
13637
13462
13575
13230
12991
13390
13160
13211
13311
13608
13418
13263
13021
13195
13113
13302
13363
13184
13212
13062
13105
13017
13080
12986
13365
12907
13316
13779
13465
13096
13032
12812
13135
13026
13161
13005
12922
12603
13030
12955
12735
13129
13060
12943
12834
12908
12937
13006
12838
13198
12885
13032
13256
13352
13197
12950
12960
13172
12832
12656
12492
12834
12671
13165
12764
12850
12911
12739
12672
12780
12999
12908
12672
12948
12888
13044
13207
13198
13044
12875
12870
13147
13284
12933
12710
12919
13117
13200
13040
13148
13251
13439
13492
13809
13441
12857
13045
12931
13002
12938
13938
13784
13242
13161
13170
13296
12635
12851
13378
14049
12959
13525
12994
13750
13692
13492
14431
13919
14764
13693
14737
15015
14398
13612
14434
13536
13882
14761
14173
15652
16851
17071
18394
16456
15756
15989
15154
15676
14545
15021
14090
13570
13414
14263
13343
13564
14797
14256
14742
13984
14750
13459
12884
13915
14127
12972
15316
13117
13687
13191
13973
13089
14478
14957
14242
13565
13079
13293
13692
12522
13228
12826
13342
12745
13347
12462
13343
13154
12670
13367
12732
12539
13503
12993
12469
13388
13009
13174
12933
14422
13421
14050
13432
13551
13164
13880
13694
13061
13618
12717
13370
12942
13565
12825
13132
12927
13027
13067
12689
12787
12585
13162
12481
13148
12738
13270
13495
13230
14601
12838
14262
13883
13127
12552
12521
12625
12961
13174
12796
13716
13499
13217
12786
13421
12910
13933
13431
14996
14223
13217
13520
12790
13246
14411
12829
12641
13006
12967
14101
12914
14048
14313
14314
13920
14490
14477
13453
14168
13684
15071
13997
13650
13894
13826
13922
14998
13331
14934
13738
13981
15325
14745
14547
13926
14462
16169
14718
14544
14796
14117
15455
13493
13964
13785
14128
13840
14329
14206
13871
13330
13422
14518
13697
13780
13901
13094
13596
14056
14194
13436
14830
13498
15594
14156
13534
12745
14424
15457
13710
12739
13762
13867
13437
14090
13655
12473
13143
13036
14365
13886
13346
12891
13098
13817
13324
12706
13246
13185
12661
15338
12854
13496
13018
12950
14317
13117
12835
13061
12567
12913
14339
12645
12482
12891
12992
14623
12586
13241
13746
13823
14187
14218
13486
13985
13669
13841
14909
14164
13833
14391
13393
15694
13718
14500
13454
13466
13807
14930
14289
14885
13652
13736
15137
13829
13701
14088
14095
15268
13413
15556
13695
14091
13309
15558
15466
13290
14553
14439
13554
15498
13632
13678
13229
13449
15181
14424
14464
14642
15110
15552
15882
14059
14466
14604
14633
16119
13723
13763
13697
13211
14579
12583
12876
12950
13366
13118
14492
13811
13016
12977
13015
13876
13501
12820
12734
13158
13652
13713
12794
12859
12671
12892
13979
12890
12498
12853
13257
14204
13834
13105
13301
13952
14343
14574
13789
13255
14249
13916
15217
13708
13705
13891
13611
13727
14761
14111
12945
13308
13322
14170
13446
13302
12996
13614
14851
13034
12779
12826
12789
13226
14458
13095
13090
13547
13329
15079
14253
13363
14633
13451
14456
13722
13890
13278
12468
12963
14653
13275
13392
13715
13592
14899
15079
13507
12967
13732
13779
14912
15439
13711
14159
14548
15269
15387
13863
14123
13955
13827
13494
14763
13667
13186
13984
13737
15436
13271
13559
14617
13512
14929
13650
13505
13470
13580
13575
14651
13973
13401
13115
13563
14882
13739
13497
14239
13356
15676
13529
14017
13607
14026
13767
15030
13902
13096
12957
12898
14255
13894
12902
13247
13119
14390
13027
13068
12732
12516
13446
14159
13065
12792
12848
13481
14130
14782
13772
13367
13765
13465
14105
13383
13722
13525
13967
14378
14724
14525
13706
13197
14891
13451
13339
14290
13197
15458
13826
13368
13500
13305
14697
13555
12894
12890
12780
12796
14135
12521
12905
12598
12350
14541
12399
12679
13018
12932
13023
14462
12930
12703
12616
12772
14147
12590
12807
12747
12378
13245
13298
14297
12728
12865
12620
14107
13677
13884
13109
13104
13183
12826
14258
12841
12900
13235
13216
14000
12709
14973
13114
12783
12954
14237
12877
13156
13193
13181
14497
13374
13449
13335
13101
14750
16067
16523
15739
16209
14498
14367
13182
13031
12932
12779
14254
12725
13179
13621
13069
14142
14066
13759
13291
13124
13074
14105
12466
12770
12724
12888
13889
13431
12846
12721
12574
12990
14364
13527
13430
13403
13478
14977
13553
14290
13340
13216
14157
14788
14014
13443
13660
14952
13477
13928
13877
13356
13182
14445
13853
13687
14315
14731
14846
13898
14135
14250
13907
13809
15410
12617
13340
12922
13768
15715
12878
12872
13272
12482
13498
14295
12625
13042
12663
13486
14809
13688
13695
14727
13800
14450
16265
13605
13350
13618
13285
16996
13957
14375
15022
13722
13643
15714
13427
14353
14757
13854
15408
13788
13267
13630
14827
15258
13318
13554
13391
14147
13759
15617
13498
13419
14279
13473
14779
13354
13351
13735
13579
13926
15115
14247
13784
14316
14317
15658
14166
14688
13535
14457
14915
14177
13937
14358
14341
15661
13871
13353
14071
13787
14374
15943
13156
13229
13765
13389
14314
12963
13025
13602
12755
13373
14811
13715
13784
13258
14336
15286
12988
14059
13310
12754
13706
13377
14013
13141
13699
14746
15614
13329
13582
13763
13544
15388
13341
14357
14214
13201
14696
15182
13381
13083
13279
13747
14933
13239
13896
13311
13538
15882
13462
14009
13190
13810
13390
15057
13471
13246
13323
12973
13957
12977
14957
13615
13164
14374
13674
15591
13437
14550
13940
14861
14164
15463
14405
14711
14169
14175
16225
13368
13916
13920
14279
14219
14870
13399
13552
13989
13531
14899
13185
13492
13433
14369
14307
14492
13867
14438
14017
14740
15595
13513
14391
14422
13901
14358
14161
14535
14227
13689
14336
16151
13679
14631
14255
13378
15009
15488
14924
14943
14266
14266
15436
13672
13875
14450
13320
14839
13569
14147
13953
14301
13491
14264
14615
13286
13170
13648
14283
13295
13446
13337
12968
14948
13869
14230
13686
13916
14437
14923
14135
13897
14398
14031
15245
13471
13201
13738
13644
13179
14260
13462
13312
12663
13077
14056
13035
12691
13130
12859
13619
13776
12735
12648
13209
14039
14732
14670
13937
13591
13591
14014
15310
13817
13650
12812
14676
15540
12754
13684
13556
14105
15608
14370
14598
13772
13328
15110
15024
13670
13561
13612
13671
14058
14620
14097
14143
13750
13580
14898
13340
13838
13358
13362
15022
13781
14235
13303
13799
14099
15696
13694
14450
13609
14041
15549
13814
14472
13618
13938
13899
14376
13667
13416
14261
13994
15126
13414
13536
12882
12936
13307
14986
13447
13469
13921
14590
15035
14793
13473
13374
13463
14029
13947
13835
13441
12698
15603
14089
13224
13725
13030
14375
15317
13607
13550
14316
13604
14294
12998
13160
12913
12845
13255
14076
13748
13170
14275
13501
14669
13184
14015
13347
13694
13214
14858
13029
13719
13090
13237
14867
12982
13505
14114
14278
13315
15580
14141
13760
13273
13703
14994
13055
13920
13610
12611
13123
13074
13489
13591
13236
13200
13401
12999
12638
13062
12993
13316
13860
12644
13037
13471
13751
14039
13585
14725
14477
14947
13714
14534
14260
13484
13809
13733
14502
14578
13861
14246
14769
14571
13697
14306
14639
13859
14326
14416
14116
14570
14210
14387
13884
14018
14201
14465
14269
13879
13927
14254
13819
13287
14460
13833
14132
14005
13524
13879
13734
14617
13603
13698
14038
13959
14214
13790
13790
14021
13914
13642
13628
13860
13764
13090
13498
13463
13676
13661
13233
13428
13566
14035
13718
14299
13570
13333
14250
13953
13040
14801
15680
16059
16075
15752
17062
16003
16122
15951
15798
16065
16123
15434
15804
15356
15802
15010
15703
15663
16588
16024
15836
14897
15807
15304
15459
15657
15659
14893
14931
15014
15414
15131
13765
13383
13435
13509
13622
13246
13624
13196
13082
13417
13526
13756
13537
13738
14599
13522
14349
13227
13582
13324
13516
13538
13481
13771
14023
13808
14360
14067
14070
13780
13929
14091
14794
14212
14016
14281
14464
14763
14395
14251
14399
14093
13697
14116
14268
13978
13569
13731
13737
14136
13801
13816
13988
13934
13958
14889
13838
13981
13559
14491
13816
14187
14350
13686
14336
14090
13943
14919
13822
14040
13929
13706
13242
13977
14202
13249
14075
13386
13492
14227
13724
12916
13892
12899
13674
14689
13628
13977
13586
13189
13178
14301
13632
12694
14338
13340
13444
14444
13190
12983
13651
13088
13388
15403
13187
13242
14042
12946
13024
15095
12883
12965
13672
13199
14009
13095
12697
12978
13332
13447
13243
13457
12828
12826
13641
13871
12414
13240
12464
12891
14298
12257
12131
12997
12447
12798
14820
13015
12565
13749
13185
14426
14085
13736
13309
13713
13057
14685
14121
13407
13332
14310
14507
13127
14337
12646
12563
14538
12783
13278
13501
12934
12870
14946
13126
12695
13915
13101
14520
14207
13102
13113
13777
13709
13585
13742
13052
12752
13663
14123
13079
13481
12763
12610
14917
12838
12737
13263
13017
13213
14288
12869
12893
13646
13073
14038
12805
13230
12863
12870
14082
13165
13526
13788
79199
13670
14847
13640
13144
13275
13346
14379
13427
13595
13375
13009
13662
14211
13318
13176
13842
13398
14597
14159
13839
13415
13037
14212
14650
13178
13590
13490
13258
13397
14362
13654
13379
13446
13439
14281
13583
13758
13252
13181
14663
13336
13432
13521
13510
13460
14515
13549
13709
13710
13526
15116
13802
13651
14055
13925
14978
13764
13978
14004
13502
13526
15087
13693
14111
13723
13796
15184
16232
14090
13686
13473
14793
13781
13692
13854
13801
13512
14241
13730
13724
13994
13692
15113
13643
13934
13632
13983
14556
13884
13828
13907
13702
13800
15477
14043
13745
14007
14167
15418
13887
13905
13890
13571
14762
14278
13569
13872
13687
13672
15440
13422
13881
14215
13740
15357
13831
13744
13734
13467
13739
14613
13595
13206
13556
13471
14583
13300
13042
13160
13182
13170
14745
13168
13028
13205
13553
16834
14705
13265
13471
13508
14718
13699
14692
13527
13176
13236
13492
14512
13011
12929
12752
12471
13158
12694
12429
12518
12494
13729
13158
12527
12431
12764
14421
12681
12712
12498
12818
13193
13171
12168
12603
12476
12205
13737
12549
12780
13115
12473
13639
12604
12841
12727
12939
12916
14239
13167
12642
12875
13213
13841
13183
12879
12834
12707
12724
14013
12741
12754
12751
12492
14298
13007
12939
12604
12822
14190
12814
13192
13477
12941
13452
14918
13714
13451
13358
13713
14822
12974
14179
13150
14362
14841
13958
13301
13105
13782
13344
14490
13669
14190
14614
14074
15654
14748
14322
14746
13936
14569
15866
14113
13675
13378
13381
15380
14278
13323
13418
13099
13654
13873
13400
12696
13184
13643
15439
16411
13042
15054
13426
14644
13283
15450
13537
15373
14177
13854
15083
13774
14629
14321
14103
15549
13835
14053
45309
13370
14283
14127
13372
12914
12820
13980
14683
13118
13659
12731
13578
14620
13426
13383
13852
14161
14672
15207
14007
13549
12974
13109
15776
13010
14004
13482
13215
13680
14601
13117
13773
13981
14274
15211
13002
12844
14138
13344
15746
14017
13276
13392
14327
13645
15924
13218
13818
14542
12739
13839
12973
12719
13063
12781
12751
14076
12672
12845
13289
13061
14490
13181
13147
13252
13450
13381
14619
13412
13231
13263
13525
14896
13318
13275
13083
13123
13707
14830
13810
13335
13208
13562
14872
13754
13252
13668
13421
13289
14537
13888
13387
13123
12997
14532
13558
13486
13286
13931
14697
15527
13961
14016
14676
14444
14995
13204
14514
13383
13948
14706
14378
13565
13772
14690
16068
14159
14679
15281
14431
15341
15870
15056
14811
13888
14447
15062
14370
13818
13872
13114
14708
13439
13616
13274
14064
14056
15490
15087
13417
14715
16694
18233
20923
20832
22273
20885
21036
21707
21490
20358
20610
19106
20490
18712
20346
18691
18450
20673
20113
21109
21132
21780
21159
19981
17431
17013
16774
16801
18060
17485
16371
16280
16662
16908
17279
16772
16873
16905
14700
14615
13159
13035
13095
13349
13973
13726
13424
13518
13181
13508
14993
13279
13246
13542
13404
14809
13752
13565
13485
13254
13862
13766
13519
13400
13297
13130
14564
13053
13369
13883
13995
15331
14305
14446
13324
13417
14137
15147
13326
13597
13413
13762
14721
13682
13538
13905
14417
14464
13952
14347
15968
14330
14301
15543
13622
13925
13718
13464
13492
13675
14105
13576
14359
13443
13940
14017
14640
15290
14406
14536
13647
12776
14440
13301
13839
14819
14217
13819
13658
13218
14275
14115
14841
13615
13033
12926
13133
12596
14251
13122
12709
12992
12720
14488
12864
13065
13311
13220
13631
14652
12994
13463
13705
13231
14391
13295
13275
13946
13372
15113
13148
14391
14239
13586
13989
16145
14245
13791
13780
13174
14594
13442
13933
13723
13013
13925
14347
12917
13291
12700
13446
14632
12893
13072
14302
13853
15594
13918
13958
13502
13201
14767
13791
13984
13173
14178
15251
13154
13003
13529
13538
16580
16716
16342
15242
14557
15696
15438
13744
12717
12723
12557
13481
12895
12744
12913
12912
12687
13906
12682
12676
12884
12408
14036
12793
12672
12496
12380
12264
13986
12560
12429
12660
12870
14633
12806
12824
12962
12646
12875
14341
13104
12639
12125
12232
13810
12278
12604
12539
12391
13882
12567
12672
12471
12691
12759
12312
12260
12276
12361
12100
12448
12192
12323
12397
12510
12587
12494
12325
12488
12450
12330
12875
12616
12364
12573
12266
12524
12289
12117
12496
11989
12553
12794
12314
12433
12665
12924
12541
12815
12680
13203
12730
12802
12842
12571
12928
13158
12855
13130
12785
13138
12994
13040
13211
14604
13315
13563
13254
13280
14244
12659
13054
13338
12947
13655
13438
13239
13031
12983
12840
14623
14342
13701
13191
13060
13824
13697
13198
13398
13417
13160
14581
12947
13069
13103
13163
13648
13542
13004
13542
13042
12554
15188
13356
13309
13373
12917
14388
13151
13126
13414
13265
13673
14551
13497
13124
13210
13374
15111
13205
13296
13386
13262
12972
14976
13330
13202
12916
12965
13830
13474
13531
13658
13013
13134
14501
13111
12694
12970
12847
14202
13002
13056
12941
12617
13030
13887
12469
12682
13165
12936
14002
13467
13575
13559
13443
14954
13138
13159
13149
13069
12953
14003
12560
12702
13347
12833
14104
13316
12960
12882
13232
14114
12939
13092
12754
12528
14211
12667
13086
13606
13249
14163
15423
13147
13363
12841
13209
15583
13105
13311
13435
13500
14265
14309
13424
13390
14803
13615
14907
13267
13524
15525
15799
17298
15848
16206
16179
16097
15769
17725
16967
17326
17405
16467
17456
16701
16773
15628
15919
15994
17456
17301
16339
15757
12961
13787
14383
13628
13593
13473
13486
14736
13569
13624
13705
13502
14249
13647
13600
13919
13875
14002
15469
14074
14144
14328
13607
14980
14331
14236
13220
13510
13525
15191
13547
13497
14401
13879
14398
13926
13406
13778
13807
13933
15295
14172
14013
13965
13549
14941
12579
13027
13027
12822
12787
12958
13329
13258
12594
12873
14289
13129
13214
13466
13101
14342
12782
13320
13158
13072
13186
14573
12951
12856
12875
13329
14194
14090
13509
13757
13560
14646
15061
13424
13688
13182
15081
13401
13489
13281
13055
13054
14236
13011
13103
13064
12956
14316
13120
13006
12969
13541
13791
13695
12784
12816
13026
12570
14572
13037
13033
13506
13264
14987
13560
13468
13288
13550
13013
14799
13532
13197
12792
12989
14438
13081
13192
13163
13008
14423
13044
13132
13126
12957
12856
14516
13336
13586
13268
14029
14643
13568
13161
13608
13422
13565
14785
13516
13724
13214
13075
14402
13547
13139
13318
13168
12937
14381
13441
13081
13081
13094
14796
12956
13136
13323
13126
14544
13405
13825
12973
13332
13161
14502
12594
13249
13196
13153
14483
12418
12976
13443
13528
14744
13494
13526
13479
13068
14555
13198
13130
13170
12798
12740
14347
13027
13000
13252
13063
16075
14593
13233
13211
12976
13884
13734
12979
13087
13436
13350
12779
14399
13084
12875
13075
13022
14132
12966
13132
13350
13235
13783
13472
12729
12690
12740
12767
14200
13188
12900
12974
13125
14071
12947
12989
12704
12570
12468
14149
12673
12904
12877
12993
14214
12855
12960
12768
12532
13309
13436
12881
13297
13161
13251
14096
12617
12421
12704
12471
13950
12513
12740
12176
12532
12485
13907
12730
12802
12567
12622
14138
12486
12785
13170
12726
13420
13640
13102
12841
12398
12625
13891
12606
12510
12617
12328
13510
13092
12291
14336
14994
16388
15038
15218
15472
15598
16529
13884
12213
12239
12265
12878
13849
12541
12342
12485
12681
14234
12833
12789
13055
12666
15461
12859
12548
12512
13122
13245
14536
13935
12885
12762
12832
13989
14072
12678
13580
13125
12425
13101
13820
12720
13147
12888
13259
14359
12926
12922
13031
12632
13797
13551
13647
13408
12944
13129
14215
12911
12666
12942
13099
14405
12847
12982
12829
13035
14482
13109
13214
12963
12716
13156
14421
12849
12845
13414
13186
15095
13860
13788
13676
13081
12916
15342
14071
13364
13645
14322
14847
13692
14040
13187
13882
16441
13193
14207
13476
13708
15681
13745
17098
15026
14068
15763
16163
15139
14976
14761
14139
17081
15471
14680
14699
15477
15436
15628
15088
14340
15065
15738
16364
14150
15100
15227
15243
16189
15119
15091
14872
14989
15153
15619
16141
14751
14757
14286
15545
14258
14828
14341
15426
14976
16423
15032
14485
14528
14460
14974
14885
13941
14024
14231
14552
15399
14126
14040
13742
13112
14055
15918
15591
14137
13729
13305
15262
13498
14215
14428
12661
14325
14779
14136
13167
13722
14432
15083
13289
13876
14188
14558
14817
14522
13743
13090
14415
13929
14426
14394
13406
14426
12695
14929
14064
13832
13414
14004
14395
14288
13837
14574
13918
14710
15721
13564
14090
13215
13469
14791
13826
13923
14207
13941
14283
14565
14275
14884
14498
13863
16175
13940
16350
14160
14024
14797
14845
15216
15199
14099
14094
15179
15336
14405
13653
13496
15718
14925
13894
14018
14511
14554
15385
13925
13459
15608
13364
15536
12970
13475
13561
14275
14728
13493
14292
12772
14227
13876
14974
13522
13937
13707
13561
14350
13535
13287
13752
13065
17195
14527
16234
14668
13710
14456
15337
14581
15045
14452
14195
14869
14079
14735
14093
14171
13433
14553
13337
14574
13816
14121
13317
14618
14022
13409
15207
14718
14653
13835
14233
15081
13710
14051
14257
14031
13594
14723
13910
14028
13925
13330
15121
16034
18755
20636
14810
14438
13176
14039
13801
13665
14195
13146
14105
14061
14112
13224
13634
14049
13923
14112
13379
14078
14245
13867
14021
13148
13537
13641
13798
16235
14507
14087
14433
14636
14013
14768
14051
13821
13413
14759
13925
14524
15022
13916
14182
13727
14496
13714
14455
14416
14025
15395
14634
14060
14048
14149
13753
15141
13456
13099
14263
13757
13247
14291
13640
13284
13880
13863
13405
13478
13671
13780
13375
13310
13845
13714
14070
14356
14515
13581
14070
13856
13352
16246
13554
14297
13403
13405
16983
14046
14722
14458
14251
14241
16197
13712
15015
14451
13567
14802
14637
13349
13955
14103
13531
15229
14540
14047
13692
13444
15465
13860
14228
15130
13285
13884
15691
13958
13735
14078
13987
15124
13283
13413
14156
13772
13950
15446
16233
12920
29511
13776
15193
13326
13451
13172
13627
13516
14040
13494
13262
14339
13346
14728
13264
13891
13964
13185
14283
13790
13546
13409
13499
12945
14872
12939
14064
13714
15167
14615
14061
12864
13855
13845
13473
16273
14201
14333
14782
14849
14979
14779
14405
13942
14263
13914
16761
14009
14422
14168
15059
14772
15404
14788
15668
14352
14993
15180
14775
13687
14662
14848
15582
14658
16300
14700
14124
16249
15625
14609
14269
14499
16707
14921
14519
15152
14204
13830
15591
13923
14579
13708
14200
15472
14757
13876
14612
13995
14231
15658
13938
13597
14730
13932
47978
14241
14369
14050
13833
15182
14533
14587
13400
14368
14475
15003
14392
13985
14204
14430
15514
14344
14644
14579
14684
14397
16009
13855
13806
15277
14915
16286
13681
13848
14219
13917
14724
15334
14078
14136
14415
13799
16047
14006
14029
14043
14496
16529
15107
15217
14656
14556
14363
15137
13987
14603
14194
13562
14637
13824
14162
13732
14290
14611
13785
13280
13612
13430
13516
14857
13387
13987
13762
15424
14174
13761
13507
13959
13993
15091
14258
13944
13717
13571
15026
13670
14152
13908
13717
15060
14094
13340
13604
13457
13284
14986
15142
13855
14185
14052
15083
15382
14049
14188
14024
13720
13607
14861
13714
14266
13702
14358
14996
13481
13840
13847
13801
15407
13740
13886
14706
13835
13929
15177
14022
13953
13788
13992
15363
14341
14867
16296
14228
13934
15348
14364
17811
18434
18272
19753
15293
14224
14005
13766
15597
13928
13949
14035
13982
14076
15496
14006
14113
13784
14964
14259
14537
13933
13924
14515
14687
14007
13850
14270
14030
15503
13869
13973
14034
14087
15332
13828
13987
15739
13345
13478
14995
13376
13642
13437
13549
14650
13070
13739
13572
13542
14430
13820
13788
13768
13273
13422
15227
13151
13672
13362
15950
17909
14972
16135
13474
14216
15461
15382
14433
14346
14392
13945
15176
14198
13936
14081
13510
13748
15720
15151
14068
14265
14058
15501
15280
13933
14362
14411
14608
15236
14262
13701
13826
13853
14067
15172
14008
14489
15053
14168
15473
14036
14364
14528
13911
14273
14954
14140
13954
14021
14166
15450
13938
13941
14690
14196
15715
14299
14594
15116
13938
14551
15114
14627
14828
13969
14650
15842
14666
13911
13893
14572
15423
14428
14282
13570
14360
14313
14912
14299
14104
13335
13405
15622
14146
14958
14191
14181
15111
15674
13739
14518
15154
14184
15093
14132
14923
13760
14315
15558
14521
14347
14022
14832
15061
16021
14050
13906
14264
14602
16086
13784
14273
14307
13285
15966
14083
13609
15007
14464
15040
15267
13730
14154
13561
13508
14834
13590
13508
13700
13490
14857
13197
13749
13781
13366
13281
14685
14977
17340
13312
13068
14321
13874
13604
13570
12693
13300
13381
14475
13223
13342
13257
13621
14669
13109
13570
13399
12935
13261
14455
13193
13391
13571
14285
13849
13409
13675
13038
13885
15166
13877
13454
13237
13402
14649
13690
13869
13637
13482
13273
14724
13708
14436
14456
13870
15017
14278
13847
14505
14087
14214
15823
14438
14168
14499
13548
15618
14388
15527
13704
14592
15499
13883
14101
13727
14015
13968
15999
14650
14091
14811
14454
14846
15222
14071
13417
14411
13747
16196
15050
14566
14906
14962
16710
15134
15501
16311
16195
17932
15981
13474
14014
13266
13918
15907
13325
13745
14218
14068
15190
13788
13144
13131
13397
13749
14568
13522
14137
13159
13135
14727
13547
12979
13910
13537
14078
15053
12940
13694
13081
12937
14202
13880
14191
12817
14109
13025
13588
13639
13670
14389
13976
15337
14278
13428
13931
14386
15027
12848
14228
13475
13969
14367
15056
13812
14411
14463
13708
15455
14170
14214
14379
13860
14612
14684
13722
13628
14329
13910
14831
14303
14394
13899
14071
15600
13758
14992
14894
14466
14390
15348
14590
14056
14341
13943
16316
14830
14496
14317
14712
15287
15671
14106
14652
15083
14412
16296
14380
13995
14974
14817
16730
15303
14818
15219
14617
14175
15665
15649
14421
14100
14324
16765
14333
15594
15363
14279
14491
15944
15675
14413
14512
14556
15552
14792
15389
14480
15292
16566
14817
14090
15215
14629
14281
15561
15287
14163
14496
13870
15279
14439
14299
13675
13826
15317
14070
12977
13552
13402
14859
13463
13972
13917
13441
13424
13528
13408
13392
13062
13723
14025
14425
13811
13601
13688
14139
14162
13934
13893
14326
13719
14031
13963
14018
14348
14302
14336
13511
13401
13471
13634
13595
13352
13379
13491
13692
13405
13656
13493
13432
13540
13585
13633
13556
13323
14034
13590
13335
13762
13599
13400
13871
13584
13716
13433
13290
13548
13773
13904
13596
13821
13454
13603
13218
13575
13463
13542
14218
14103
14223
13674
13800
14525
13449
13556
14131
13823
13598
13537
13922
14018
13397
14042
13016
13626
13402
13260
13902
12941
13372
14115
12897
13241
13864
13252
12856
13368
12801
13415
13904
14072
13827
13519
14141
13677
14206
14187
13544
12613
12999
13443
13301
13072
14715
13823
12958
12990
12895
15108
13751
13136
13001
12956
13186
14684
13838
13115
13568
13406
15113
13819
13669
14618
13782
13696
14861
14261
13746
13905
13710
15765
13335
14374
14378
14098
15736
13951
14297
13722
13957
15013
14267
13968
13341
14236
14291
16138
16172
15378
15697
16552
16172
15620
16235
15517
14859
16484
16329
14138
14382
14704
14089
15492
13797
14915
14648
14779
15051
14541
14185
14165
13989
14202
15576
13286
15418
14716
13799
14871
13897
15008
14509
14084
14112
15825
13654
13486
13528
14063
15705
14056
13901
13512
13244
14794
14567
14018
14977
13235
13813
15389
13090
13557
12810
14027
15610
13640
13264
12982
13405
14587
13955
13115
13242
13008
13775
14382
13207
13261
13604
13461
14437
14819
13766
13311
12850
14573
13639
14421
13930
13095
13778
13703
14649
13275
12870
13207
12361
13715
13981
13639
12900
13825
13924
14370
13040
14415
13424
13232
15330
13655
13643
14659
14253
14978
14776
13954
14738
13580
14304
15754
13949
13819
13508
13558
16173
14142
14257
14148
15243
14121
15290
14348
13323
14640
14077
15565
13665
13971
14379
14283
15513
14757
13684
14255
14132
13480
15124
14742
14684
15043
14829
15910
14044
15149
14659
14489
14497
16285
14166
15016
14503
16416
14380
15087
14632
14998
15368
16349
15080
15055
14735
14286
16011
14179
14791
15011
14821
15822
14619
14108
13820
13626
14024
16025
13739
13732
14043
13736
15331
13084
13165
13405
14147
13781
14638
13381
13833
13415
13418
14291
14457
13520
13931
13096
14961
13975
14752
13659
13361
13596
13729
14197
12643
12825
13403
13338
13840
13879
12927
12813
12630
14104
13923
12730
13540
13315
13662
14605
12739
13254
13132
13510
13542
14464
13044
12911
13679
13369
14760
14505
13282
14212
14416
14735
13518
13278
13781
13809
13454
14474
13968
15817
14029
13900
14607
13493
13363
13430
14117
13726
13475
14003
13719
13001
14949
13813
14302
13208
14214
14443
15088
16307
14458
13804
13825
15087
13721
13035
14043
13755
13398
15752
13105
13753
14055
13441
15841
14519
13898
14718
14015
14562
15493
14023
14057
13389
14887
15192
15257
14433
13710
13908
15247
14240
13763
13763
13837
14364
16399
14351
14401
14276
13972
16118
13954
13989
14063
13346
16516
12816
13130
13824
13432
14674
14625
12696
13349
13062
13061
14452
13513
13492
13443
45458
13241
14106
13588
12299
13671
13250
14132
13522
12906
13129
12867
14424
12723
13747
13657
13947
13169
15551
12985
13356
14259
13442
14879
12736
13838
14019
13333
13583
14510
12992
12546
13807
13728
14764
13363
14042
13643
13820
13857
14871
14377
13655
13437
14460
15488
13700
13631
14004
13149
14405
12995
12959
12873
13774
13043
15503
13990
13241
13414
13652
14844
12995
13646
13681
13810
12932
14468
13592
13419
13952
12811
15468
13932
13706
14350
13396
14628
13956
14126
14422
14549
14241
15403
14344
13614
13699
14480
14980
13269
14653
12866
13878
15476
13911
13457
13034
14218
14907
13540
13978
14108
14093
15465
14739
14169
13840
14145
14238
15119
14565
14074
14136
12985
13191
14296
12133
12486
13307
12966
12849
14500
11873
12680
13055
12906
14568
12322
13201
12880
12855
13636
12960
12734
13165
12990
12222
15093
12523
13509
13479
12603
14506
14090
13268
14177
13730
13483
14583
14332
13121
15451
13925
15804
13826
15355
13907
14333
14281
16011
13953
13718
14679
14722
15626
14043
14486
14185
14882
15085
15752
14030
13892
14251
15044
15933
15500
14833
14883
14802
15979
14414
14454
14206
14610
14922
14435
14151
13898
14015
13916
14979
14076
14479
14267
15024
18623
13804
14312
13658
14733
16238
13478
14475
14905
14378
15710
14948
13900
14520
14277
14772
16584
14893
14839
14284
14599
15103
13897
15098
14711
14526
14239
15553
16104
15891
14819
14277
16627
15725
14042
15589
16576
17034
21968
21423
19123
19172
19965
18409
19665
17790
14213
14427
14927
15189
13409
13538
13240
13140
12821
13746
12587
13135
13028
14678
13863
13675
12452
12827
12876
13573
13410
12873
12477
12960
13119
14371
13536
12837
13344
12932
13437
14209
13332
13468
13368
13002
14504
13844
12884
13461
13858
14283
12342
13564
14017
12652
14687
14338
13287
13195
12820
13890
14704
13876
13355
14338
13790
15109
13462
13719
16421
13956
14819
15556
15837
14760
14345
14987
15756
14678
15040
14899
14439
16105
14717
14404
14961
14492
15143
14709
14639
14224
15260
14697
15540
14226
14256
14485
14281
16222
14477
14279
14684
15307
14350
15907
14582
15033
16078
14011
15621
16227
14731
14142
14502
14133
15564
14324
14776
14132
13363
14673
14327
14545
14414
14054
14113
14561
14346
13549
13835
14468
14145
15496
19857
41319
13462
14348
14610
13396
13059
13492
13457
13833
14356
13427
13643
13397
14170
14315
13626
13159
13726
13340
13550
14107
13653
13413
13958
13835
14521
13627
13398
13936
14964
14924
13940
14295
15073
14362
15362
13841
14559
14426
14694
14210
14714
14693
14430
14725
14410
14839
14681
14556
14241
14335
15050
15740
14333
14823
14350
13957
14108
14637
15025
14031
14493
15028
14916
15260
14508
14878
14903
14319
14413
15935
15128
14924
14337
14668
13936
14006
13714
14271
14578
14840
13654
14069
14029
13580
13491
14201
14088
14614
14574
14447
14163
13563
14340
14745
13486
13683
13975
13484
14675
14197
14118
13326
13549
13545
15393
13456
13727
13223
13360
15384
13360
13823
14180
14186
14430
13983
13347
13650
13837
13543
14977
13497
13148
12801
13015
15119
13194
13689
13365
13093
14080
14133
13541
12722
12896
13286
14639
13010
13164
12803
13592
15619
14113
18863
19461
19072
20489
15237
13899
13149
14007
14632
13732
13656
13582
12666
13222
15008
13493
14077
14698
14098
15264
14260
14102
13554
14572
14551
14056
14470
14556
13291
13450
15248
13381
13740
14147
13152
15074
13633
13884
14234
13535
13616
15688
13691
14028
13618
13730
15812
13533
13417
13337
13645
13843
15604
14234
14355
14163
15428
17750
17238
17062
16875
16748
18422
17480
14718
15093
14985
14753
15137
15900
14388
14122
14055
15774
14313
15205
15581
14501
14712
13869
15735
13996
14486
14467
13869
15454
15153
14263
14388
14120
14465
15670
14557
14199
13942
15732
14158
14213
14381
14275
13731
15587
13665
14414
14028
13777
15695
13957
13975
13675
14155
14913
14611
13789
13959
13701
14332
15829
14119
13706
14100
13855
14803
13854
14220
13718
13728
13873
14802
13772
13534
13824
14442
15192
14417
14504
14795
14596
14625
15382
14089
14443
14094
14930
15391
14172
14128
14068
13979
16300
14620
15700
15811
15110
15255
17104
15755
15214
15204
15477
16883
15464
15788
15665
14975
13993
16090
13574
13646
14166
13693
14889
14524
14326
14075
14344
15330
14528
13807
14310
14433
14228
15450
14362
13905
14329
13969
16304
16026
14698
14260
14667
15755
14672
16532
14488
14179
14243
14503
16169
15449
15112
14347
15464
15417
14688
15202
14716
14846
15338
14999
14687
14619
14452
14581
16028
14880
14414
14537
14177
15733
14521
14490
14170
13939
13941
15943
14736
13741
14169
14490
15611
14904
14285
14187
13905
14983
14199
14085
13357
14364
13452
15033
13695
14180
13661
14456
15329
15191
15000
13907
14029
14238
14333
13524
13566
13756
14206
16043
14483
13692
14129
14154
14984
14415
14223
14568
15749
14633
15707
14238
13810
14315
14040
15678
13082
13399
13392
12977
14480
13777
13475
13473
13274
13315
14563
13168
13997
13314
13005
14762
13464
13708
13535
13280
13058
14785
13732
13572
13344
13145
14772
13158
13240
13213
13039
14494
14836
13145
13067
13209
13695
14901
14816
13507
13615
13597
13794
15109
14024
14260
13425
13320
13784
14720
13592
13387
13362
13691
16058
13533
13972
13440
13440
13563
15109
13654
13521
13395
13432
15053
13463
13668
13329
13482
14084
14105
13315
13559
13565
13435
14857
13393
13206
13568
14274
15292
13541
13107
13203
13464
13926
13955
13385
13126
13381
13244
14723
13662
13399
13563
13380
14987
13707
13506
13225
13248
14478
12953
13118
13554
13469
13551
15053
13639
13510
13489
13816
14973
13269
14068
14186
13502
14486
14471
13471
13816
13783
14468
15406
14947
14238
14195
14411
15300
13754
13821
14097
14883
13953
14967
13664
14039
13732
14373
15696
14471
14140
14692
14486
15889
14277
14380
14783
14496
14131
15172
15628
13819
15598
15724
17588
17852
15397
15936
15359
16054
15613
16689
15747
16458
16926
16305
17988
16199
16172
15717
15320
17097
15943
16827
16515
16100
16512
17738
16879
17252
18032
17132
18499
18084
19194
17921
18171
20032
21672
20877
20400
20760
16700
15695
14930
14687
14579
14782
15572
14407
14389
14345
14024
15211
14796
14488
14505
14357
13631
15526
14087
13305
13767
14405
15246
13607
14186
14223
14294
14596
14873
14048
13445
13612
13821
15402
13819
13954
14052
14261
13552
14664
13392
14379
13662
13257
15268
13822
13961
14103
14316
14609
14182
13601
13717
13149
14212
15433
13571
14494
13286
14015
15767
13620
15050
15003
14954
15025
14835
14718
14304
14077
13392
15717
13292
14171
14320
13605
14965
15251
14234
13458
14038
14180
15000
15124
13827
14279
13743
13787
14378
13585
13673
14599
14236
13993
15629
14288
13583
14034
14025
15385
14229
14354
13819
14795
13623
15912
14026
14491
13550
14499
15854
14390
14085
14228
14091
14999
14592
13993
15027
13716
14791
14988
13914
14433
14576
14232
15645
15119
14340
14864
13923
14992
15482
14169
13594
15131
13491
16100
14146
13530
13778
13367
14531
14822
13816
14532
13817
14121
15665
13630
14653
13978
13198
14325
15703
15141
14115
14631
14676
14731
14983
13887
14139
14221
14374
15881
14318
14299
13780
14251
15430
14231
13930
14780
14384
14822
15131
14235
13401
14350
14835
14158
14793
14246
13978
14481
13232
15208
14089
13947
14426
14512
15619
13898
14673
14437
14783
15162
16124
14624
13542
14385
14473
14314
13999
14569
13871
13607
14093
14587
13684
13587
14037
13810
14187
15228
14147
13905
14626
13698
14496
15121
13845
13806
14800
14316
14057
14502
14293
14073
14839
15094
14085
15066
14545
13879
14590
14381
14507
14563
14591
14893
15036
14094
14522
14408
14601
14489
14760
15282
14930
14321
13864
14347
14237
17218
15225
14597
15140
14287
15333
14650
13884
14633
14465
15289
14728
14228
13628
14497
14339
13776
14579
14203
14706
14738
14221
13924
14470
13873
15457
14655
14227
13926
14458
13919
14540
13982
13482
14385
13885
13828
13934
14061
13927
15350
14456
14284
13986
13788
15083
13474
13738
13797
13562
13992
14870
13633
13572
13205
13735
14764
13500
13633
14114
13490
15076
13462
13516
13979
14899
14792
13480
13311
13730
13285
14691
13332
13199
13581
14250
13578
15004
14121
13484
13731
13168
14990
13434
13899
13729
13718
14282
14620
13649
13603
13840
14081
15156
13427
13728
13450
13513
14901
14429
14512
14368
14011
14483
15954
14216
14608
14325
14082
15854
14054
14475
14845
14401
14192
15226
14059
14798
14015
14055
16338
13608
13934
14621
14448
14647
15080
13472
14198
13619
13756
15317
13600
14031
13927
14331
15429
13808
13916
14616
13251
14412
15119
14549
14370
13331
13670
15965
13421
14836
14162
14061
14922
13863
13752
13813
14420
13639
15229
15632
14126
13870
13695
15395
14604
14522
14456
13948
14011
16414
14305
13978
13595
14255
13742
15089
13681
13735
12997
14063
15127
14012
13665
14064
13726
14134
13208
13873
13580
13366
13349
14544
14595
13778
14489
13285
14857
13530
13634
14567
13380
13727
15611
14000
13422
13996
13483
14815
13528
14225
15001
14840
15921
14363
14927
13613
14283
14369
15119
13891
13889
14872
14538
16049
14601
15634
13873
15115
14526
16189
14991
14600
14150
14562
16190
14401
15760
14797
14990
14587
16649
14077
14946
15052
14311
15751
14987
15346
14134
14605
14732
14202
14495
14686
14377
14617
15892
14154
13831
14463
13841
15017
13872
14125
14865
14564
15598
13667
14267
14566
14182
13943
15815
14016
14043
14892
14764
14974
15601
14779
14090
13729
15189
16311
14333
13905
14331
14610
14609
15404
14657
14725
14117
15028
16255
14390
14656
14161
14090
15673
14892
14365
14324
13834
14100
14972
14973
14677
13999
14988
15294
13749
14437
14010
13493
13855
15673
13996
13594
13624
13917
15633
13447
14448
15716
15011
16003
15636
13890
13241
13279
13420
14499
13923
13911
13129
13806
14600
13661
13576
13509
13206
13230
14780
13178
16204
14373
13409
14599
13035
13042
13121
12914
14024
13938
12895
12709
13190
14509
14262
12988
13251
12893
12974
14832
13083
14510
13496
13453
13800
13824
13519
13077
13552
13524
14993
13297
13365
13176
13244
15147
13461
13322
13665
12705
13244
14452
13584
13186
13601
13686
15001
13836
13505
13634
14118
14064
15374
13541
13751
13459
13544
14716
14793
13297
13699
13060
13644
15586
13737
14052
13426
13566
15531
14779
14571
13860
13586
13899
15284
14907
13878
13808
14318
15218
13332
13723
13769
13694
13967
15323
14603
13647
13717
13879
15306
14474
14120
14837
13612
13800
15405
14275
13603
13429
13752
15270
13883
14322
14482
13525
14859
13315
13621
13887
14296
14229
15395
14217
13554
14051
14679
13698
13690
13687
13452
13699
14926
13351
13586
14262
13878
15492
13657
13345
13594
13950
14738
14613
14121
13631
13876
14065
15243
14261
13315
13528
13503
14520
13196
13445
14164
13673
13561
15579
13913
13934
15573
13691
15174
13826
13644
13726
13767
15480
13473
13629
13269
13436
13634
14895
13138
13147
13519
13733
14157
15960
13424
13853
13651
13326
16138
13901
13716
13514
13524
14377
15180
13584
13963
14087
13730
15372
13936
14188
14317
13737
14564
15388
13762
13708
13974
14631
14393
14165
13973
14157
14128
15765
14035
13681
14030
14039
15209
14110
14132
14191
13910
14450
14515
13704
13850
13970
13957
15657
13472
14355
13899
13885
14477
14889
13978
13745
14210
13707
15004
13938
13971
13751
14656
15403
14281
14018
13693
13874
14147
14849
14009
14096
14400
13771
15003
13972
14098
13567
14027
15903
14800
14611
14436
14062
14731
15539
14529
14232
14177
14975
16270
14600
14792
15127
15092
16137
14767
14288
14477
15316
14860
16351
15169
15644
14854
14806
16453
14983
15332
14674
14717
15218
15330
14411
14166
13893
13822
15566
15738
14881
14062
14125
15305
15015
15761
14219
13670
14275
14240
15607
14908
14138
14036
14578
14971
15257
14672
14569
14114
14462
15933
15065
14608
14017
14359
16728
14806
14753
14665
14562
14235
15708
14358
14459
15066
14935
15601
14094
14032
14876
14614
15622
15373
15151
14730
14683
14591
15554
14190
14694
14987
15186
15614
14309
14322
14320
13835
14681
15365
14272
14316
14994
14558
15455
16666
17060
16636
16611
17662
17935
17486
18223
18103
16961
16383
15307
14795
14016
13535
16028
13702
13911
13961
13909
15352
13656
13851
14259
14070
14831
15262
14496
14175
13874
14986
15963
14075
14185
13792
13842
14693
14710
13851
13839
14056
14023
14970
13249
14458
13996
14391
15379
14082
14624
13999
13864
14115
15205
14119
13674
14462
13642
14910
13833
13395
13856
14617
14715
15189
14098
14206
14572
14742
14290
13737
14605
14033
14372
14337
14084
14407
14027
14767
14528
14665
14957
14505
14238
14868
15111
14122
14002
14535
15129
14429
14995
14063
14149
14505
14220
15590
13984
14319
14628
14096
14875
14218
13619
14105
14496
14111
14354
14768
14084
14417
13986
14270
14802
14211
14818
14297
14532
13596
13931
14303
13931
13849
13470
13397
14487
13961
13844
13941
13662
13551
13486
14249
13455
13725
14608
15061
14500
14517
14881
14815
15462
14558
13998
13278
13904
13466
13185
12822
13682
13492
12953
13705
13252
13689
14905
14091
13698
13757
13118
13525
13587
13482
13039
13284
13065
13417
13117
13238
13046
13031
15088
14055
12989
13335
13829
13323
12890
14286
13829
15267
15105
14719
14600
14113
13823
13830
13751
15075
13744
13902
13997
15776
14250
13898
13781
13692
14782
14600
13176
13955
14469
13487
15413
13973
16456
17698
17331
18550
17948
17700
18456
17452
15365
13796
14078
14155
13811
16061
14824
14167
14367
14068
14370
14823
14548
14625
14268
13964
15367
14724
14082
13374
14091
13913
15391
13853
13772
14716
13916
15083
14385
14373
13459
14023
14432
16628
14623
14083
14632
13680
15146
14205
13493
13182
14421
14534
14097
14256
13622
13440
14629
15656
14119
14755
14680
13438
14789
14521
14374
14029
15495
13850
15485
14054
14687
14771
13905
14821
14562
13639
13525
13307
14099
15521
13387
14448
13755
13899
14759
14306
13070
13860
13716
16485
13739
13572
13693
13616
17256
13189
15458
13583
13301
14920
14459
13371
14016
13886
13474
15707
13519
14799
14684
13753
16963
13346
13702
13743
14397
15303
13928
14192
13889
13089
13815
14834
14327
14161
13752
13608
15871
13650
14210
13545
13367
15711
15241
14007
13727
13923
14773
15868
14689
13787
14720
14400
16259
13466
14123
14357
14593
15857
16218
14864
14793
14546
16286
16886
14048
14586
14976
14602
15661
16079
13922
13950
14130
15767
16293
13997
14849
14101
15055
16356
14125
14201
14047
15522
16526
15906
14215
13835
15704
15629
16776
14746
15292
13768
15528
15942
14251
13843
15341
16323
15725
13916
13928
13979
16172
16563
15176
14122
14971
16448
15449
15804
13797
14086
15015
15998
16082
14304
16331
13731
15303
15491
15500
14174
16727
15459
14865
14102
14135
15503
14897
15110
15335
13800
15027
14614
15684
14915
13857
14366
15031
15035
15158
15312
14190
16111
14717
15341
15325
14197
14016
16204
16031
16019
14854
15491
16230
16014
14646
16129
14565
15048
14456
15515
16396
14751
14679
15502
16010
14634
14858
14160
15445
15865
15164
15514
13927
14279
15721
15556
14608
14122
15484
14873
14548
15480
14050
16018
14196
15922
15647
13997
14821
16619
15454
16404
14804
15486
15490
15137
15142
15975
14487
17445
15200
15675
15600
14932
14934
15332
14089
13762
15771
14086
15673
14364
14479
15750
14226
15210
16385
14231
15594
14688
14780
15653
14202
14541
16244
14437
15137
14924
14839
15831
14208
14620
16742
14747
14702
16222
15919
15104
14903
14246
16002
14231
14787
14138
14511
15438
14701
13870
14394
13971
14604
15710
13852
13652
13865
13493
15001
13916
14019
13799
13879
15084
14350
14445
14588
14417
15359
15104
14314
14461
14321
14342
15471
14199
13902
14156
14204
16072
14437
14780
14276
14386
15778
15734
15428
14966
15479
15038
16261
14710
14604
14516
14906
14535
14638
14510
14546
15163
15654
14871
15764
15972
15515
15110
15001
15167
15025
14766
15277
15170
16342
16100
15488
15035
14894
14430
14209
14965
16015
15721
15067
14825
14777
15662
14925
14902
14721
14615
15710
14818
15237
15318
14791
14990
15046
15179
14989
15630
15386
15052
14851
15452
15202
15283
14863
15408
15505
14815
14834
14407
13913
13777
14435
14663
13667
14031
13309
13726
14688
14563
13311
14006
13519
13475
13195
13145
15203
13041
13475
13621
13989
13518
14252
14594
13896
13840
13652
13537
13531
13778
14140
13796
13935
13902
13528
13960
14008
14318
13932
13809
13709
13553
13547
13587
14068
13745
13761
13552
13840
13920
13741
13944
13582
13925
13824
13522
13726
14038
14011
13820
13812
14102
13910
14530
14921
14417
14283
13954
14858
14424
14186
14013
14460
14415
14383
14423
14311
14022
14002
13892
14008
13491
13779
13833
13884
13781
13932
14723
14157
13746
13758
13677
14043
13517
13599
13663
13839
13649
14100
13467
13537
13789
14017
13570
14886
14075
14036
14014
13810
15333
14388
14602
14278
14260
14785
14864
13700
14246
14386
13886
15059
13823
14205
13844
13900
15137
13667
13927
14596
14732
13972
15669
13856
13712
13636
13907
15149
13591
13751
13615
13446
14655
13677
13669
13373
13129
13412
14981
13836
13383
13575
13714
14810
13124
13261
13364
12892
13252
14637
12989
13175
13407
13364
14749
13718
13033
13793
13705
14471
14177
13441
14076
13224
13454
14935
13591
13688
13694
13923
15655
14489
14746
14056
13797
15098
15107
13988
13907
13615
13635
16045
13771
13965
13931
13673
16416
14004
13668
13829
14089
13624
16666
14162
13727
13437
13705
16171
13696
13590
13764
13588
14963
14842
13560
14208
14555
14362
17502
14362
16520
13634
13613
16754
14803
14933
14638
13935
14793
17489
14090
14796
13511
13984
15750
14110
14246
13943
14705
13916
15280
15230
14240
13908
15146
15565
13924
14520
14363
14305
15211
14872
14838
14314
14044
16024
14362
14070
14274
14786
15455
14583
14289
13605
14501
13262
16545
13635
14285
13618
13717
14565
13319
13988
13038
12920
13919
13334
13662
13500
13725
14262
14391
13669
13110
12807
12907
15743
14043
14553
13884
13566
14240
17159
14052
13304
14502
14508
16382
13622
14140
13862
14453
15664
15589
14218
15121
14210
14344
17652
14272
16123
14802
14428
15820
15949
15692
14796
15226
14271
16004
14815
14564
14210
14978
16917
14203
15634
14639
14607
15276
16115
15109
15769
15888
15463
16572
16867
15235
16447
15558
15843
16414
15395
16314
15109
15038
16943
15728
15422
15052
14791
15790
16364
14972
15262
15899
15118
17838
16267
15253
15475
15614
15119
16246
16052
15644
15340
15597
17296
15209
14830
15657
15207
14892
16414
15021
14987
14407
14767
16567
15228
15077
14728
14113
15188
15756
15213
14217
15768
14157
16247
14363
15038
14925
15133
13963
15737
14628
14948
15406
15192
16545
13568
13507
15006
14655
15999
13983
13767
15485
14603
14227
14042
14200
14553
16594
14884
15891
15454
15150
16527
15276
15873
15030
14099
15285
16118
15706
14331
14558
14414
16268
14586
15555
15217
14797
17058
14968
14658
15001
14482
14753
16337
15386
14861
15401
15233
16148
14428
16236
14468
15432
15584
15633
15665
16219
15138
14533
15663
14991
15963
14890
15866
15532
14943
15931
15058
14876
15926
15529
14595
15887
14431
15025
15861
14488
15208
13967
14648
15822
13880
15462
15157
14886
14714
15909
14538
15591
14151
14159
16191
14281
15096
14701
13919
15388
14942
14477
16149
14262
13984
15182
14379
15854
14136
13789
15335
14023
14093
14470
13868
14008
15151
13363
14569
14235
13755
13959
13565
14434
13324
15619
14203
13490
13683
14579
13657
14370
14522
13488
14729
13276
14516
13976
13731
15034
14286
15064
15115
14515
13533
15430
13870
15479
14140
14307
14797
14424
15205
14071
13946
15182
14391
15506
13832
14281
14288
16401
14975
14246
15574
14397
15932
14688
15685
14407
14306
15042
14785
15647
14884
14412
14700
15924
14962
15104
14775
14163
14652
14056
15365
13879
14341
14734
14956
15678
14002
14655
14522
14692
14130
15916
14588
13844
13833
14022
15874
14445
14407
13893
14480
14633
14724
14491
14366
14489
14539
16051
14214
14259
14444
14215
15222
14337
14339
14566
14078
14389
16211
14105
14716
14202
14489
15574
14402
14659
14415
14431
15691
16472
13899
14080
14292
14950
15941
14070
13912
13130
14919
15534
13726
13771
13908
13650
15527
15073
14105
13918
13777
13701
15154
13103
13514
13425
13083
15470
15040
13530
13230
14018
13394
17545
17892
18457
17764
18004
20291
17686
18517
17814
18845
18089
21552
17869
18552
18451
18981
18581
13871
14535
14123
13678
15725
15647
14804
14536
14035
14799
16945
14312
14452
14941
15015
17303
14690
14772
15018
15075
15394
16773
14916
14588
14317
15016
17597
14463
14982
14487
14709
16073
15411
14765
14475
15120
17366
14720
14903
14048
14423
15954
14558
14586
14526
14689
16642
17519
14595
14666
14287
16549
18754
15245
16589
16153
15658
18257
17381
16877
16456
16543
16358
19156
15629
15751
16722
15982
17805
17565
15142
14896
14990
15605
18865
14755
14129
15319
15226
17663
14656
14715
14852
14214
16985
15291
14195
14751
14443
13717
16637
13678
14253
14150
14125
15580
15252
14560
13876
13862
13909
16925
14010
13875
14143
13566
14616
14102
13373
13496
13494
13575
14850
13537
13270
13436
13518
15410
14587
14085
13842
13405
14638
14111
15184
14224
14394
14328
16254
15486
14280
14628
14305
15485
14230
15328
14461
14181
14277
15319
15772
14529
14994
14661
15173
15500
14832
14121
14010
13923
15691
15916
14343
14466
15810
15966
14861
14521
14314
15567
14708
15981
15622
14071
13931
15448
15066
15175
13757
14118
14639
14636
14865
14279
13735
13818
15451
14295
15680
14232
13851
15440
15156
15233
14692
13828
14434
14517
15675
14204
14299
14999
16038
15682
13819
14287
14550
16776
14601
14662
14913
14492
15319
16307
15778
14853
14559
14606
17307
14959
15089
14442
14088
16024
16129
16137
14149
14205
14042
16764
15786
14760
13513
13998
16666
14170
15735
14219
13862
14126
16720
15792
14589
14912
14396
16013
16832
15317
13920
15086
14077
16670
15215
14613
14309
14983
16796
14735
13862
14370
14395
15047
16771
14173
14447
14005
15106
20640
18133
17145
17019
16576
18603
15845
14266
14239
13872
14423
17443
15230
17024
17045
16187
18950
17561
17299
15092
14946
14935
15292
15171
14203
14555
14333
15850
15759
15463
14270
14411
14435
16765
15424
14370
14823
15288
16186
15143
14568
14361
14926
15947
15372
15346
14750
15615
15746
14618
15358
15093
14029
13898
16393
14550
16022
15369
14400
14577
15525
14752
14918
14639
14916
16532
14971
16181
15626
15524
15358
16657
14533
15239
15784
15103
15743
14611
15628
14734
14223
15296
14517
14017
14361
14720
14119
15367
14244
14570
13395
14277
15241
14765
13872
13667
14692
14608
15668
14265
13805
13202
14064
14816
14056
13782
14168
13410
14717
15113
14332
13530
14123
14156
14929
13557
13938
14397
14075
16647
15101
16001
14728
14626
16118
14357
14405
14864
14962
14668
15820
13848
13626
15072
13404
15939
14501
14679
14874
13984
15166
15221
16305
15327
14456
14178
15895
16252
14245
14814
15319
16297
14757
15328
14182
14444
14261
15505
16177
18818
14458
14648
15548
15652
14881
14448
14368
15380
15230
15784
14778
14812
15381
16241
15486
15051
14742
14900
14972
15202
16281
14745
14045
15006
14680
15890
14610
14489
14144
14529
14423
14580
14227
14117
13764
13967
15527
14741
13518
14547
14601
15234
13759
13888
15287
14021
14870
14389
15198
14928
14194
16003
16329
16275
16007
15038
14602
16396
15426
14057
14409
15253
14852
14638
15086
14533
15342
13854
16068
15552
14872
15340
14544
15377
14806
15377
15243
13828
14734
14654
15292
14076
15479
13936
15720
16148
14547
15767
13959
15550
15668
14535
14345
15255
14118
15733
15737
14660
16399
14199
15994
14991
16672
15960
15066
15069
15233
16981
14443
15547
14796
15438
15984
16115
15868
15273
15066
16987
15093
15183
13975
14268
15956
15587
15153
14617
14547
14944
15994
14427
16254
14855
14913
15962
16300
15098
16639
14158
14956
16941
14319
17299
14696
14542
16227
15292
15099
15268
16053
16737
15077
14052
16849
14885
14704
15420
14603
15753
15708
14745
15727
15638
15092
17227
14643
16054
15928
14365
16271
16102
14991
14652
15414
14969
17364
14385
14766
16194
14563
15762
17155
14416
14697
15896
14913
16745
14185
14064
15434
14921
15188
14604
14680
14490
13428
14631
13892
13818
15810
13909
14403
15516
13499
15800
14054
13704
14906
13837
14246
14910
13933
14083
15784
14907
15994
14811
15012
16173
14242
14394
17634
14572
14598
15784
14053
15909
15572
14427
15498
13604
14713
15381
14586
14415
15840
14020
15522
14258
14271
15502
14344
14087
15754
14122
16410
15311
14819
15850
14377
14953
17500
14519
16189
15548
14783
16301
15736
14861
15421
13921
14293
15969
14789
16096
14470
14774
15888
14544
15189
15505
14263
14658
16677
14964
16084
14399
14576
17033
14464
15563
14752
14538
16744
14015
14431
16003
14366
14376
16878
14054
16191
14892
14429
16221
15122
14879
14975
14759
16028
17059
14370
15664
14156
15382
18725
14449
16573
14564
13805
16643
15769
14692
16648
14356
14106
19110
14608
15668
14919
14279
17210
15119
14488
15776
14342
15148
17817
14274
15377
14199
14559
18497
16846
16154
16005
15268
16037
18770
16370
15756
14999
14992
18524
15426
15077
15172
14087
16828
16779
14893
15447
15011
18981
15998
14766
15181
14682
17403
18183
15082
15906
14698
15952
18261
16511
14831
15542
14645
18324
19089
15060
15492
15289
16168
18083
15867
14927
14493
14403
17260
17720
14999
15105
15099
16572
19043
15030
14813
14623
15380
17404
17192
14869
14665
14668
16233
18924
14626
14965
14693
14854
17880
14971
14363
14651
14168
15975
17801
15810
15493
15449
15299
18483
15300
15229
14552
15545
17233
16015
14361
13920
15416
13942
18073
15242
14698
15365
17186
14846
14323
14669
15868
14095
17476
14865
14325
15601
15406
16953
13936
13840
14463
15247
15329
14807
14418
14068
15780
16046
17530
15128
14486
16519
15437
17514
13910
13715
14046
15288
16746
15514
14033
13918
15685
15325
17038
14180
14042
14647
14798
17682
14522
14411
14228
16064
15718
16853
14046
13981
14840
14242
17006
14093
14320
14723
16224
16335
14542
14135
14185
16376
14731
16782
14402
14117
15505
15390
17544
14575
14501
15281
15909
14394
17013
14654
14683
16859
14217
17431
14381
14292
16280
15429
17180
15266
14888
15858
15721
14884
17245
14693
14479
17172
14425
17326
14533
14536
15467
15236
15125
16282
13898
14514
16160
14307
16992
14235
13873
16159
14745
15610
13976
13773
15290
15346
14012
15306
13948
13804
16543
14193
15720
15060
14578
16447
15167
15243
14776
14152
14817
16054
14477
15648
14487
14307
15569
14190
15202
13811
13821
14902
14193
13919
15229
13454
14014
15253
14368
14462
13624
13984
15234
14133
13262
13494
13216
14832
15081
13998
13829
14019
14430
13542
15271
13996
13423
14002
13908
15419
14381
13736
13768
15106
14435
14759
14030
13784
15004
14072
15426
13951
13810
13953
13947
14607
14444
13889
13896
13951
14096
15725
14162
14283
13981
14278
15036
13981
14000
14104
14156
14136
15695
14143
13775
13890
14143
14575
14787
14509
14401
14112
14111
15801
14064
13806
14496
14739
15274
14133
16517
14137
13866
13913
15154
13533
14057
13854
13683
15025
13516
14678
13791
14850
15328
13415
14009
13324
13418
13699
15084
13795
13753
14113
14752
15964
14219
13913
14179
13951
14473
15574
14274
14626
14695
14296
17244
14730
14186
15720
14770
14483
15793
14003
15387
14326
14513
15764
14218
14999
14516
13916
14906
14515
13868
15386
13760
13488
15151
13855
15250
13486
14161
15400
13815
14319
15771
14315
13897
14453
13962
15557
14520
15024
14134
13716
14857
14174
13912
13837
14191
14025
15515
14429
14142
14254
13923
15486
14057
13923
14090
13982
16332
15349
14645
14718
14931
14999
17629
15235
16000
15124
14610
16863
15298
15453
15764
15489
16626
15550
16685
15594
16885
16431
17658
15165
16663
14347
14888
17216
15683
16033
15188
14881
16026
16470
16081
15709
15445
16695
14773
16044
14945
15625
16174
16817
15296
14343
14273
14456
15457
14068
14353
14215
14096
14769
15091
15021
16278
15410
14993
15550
14858
15124
14669
14369
15328
16065
15042
15067
14832
16042
15975
14997
14632
14181
14475
15557
14605
14754
14710
14712
15688
14901
14310
14359
14316
15498
14523
14538
14639
13934
14078
15688
14562
14705
15119
14553
16649
14100
15212
14751
14352
15941
16219
15523
14343
14798
15755
16624
15620
15515
15056
15724
15569
14928
15821
14791
15400
16495
14995
15912
14906
14959
16891
14725
15401
14772
14656
16336
15701
15853
15793
15155
15260
16579
15518
15005
14349
15595
15884
14814
15328
14397
14255
14400
16015
15288
14718
15092
13991
16382
14328
14750
15459
15129
15906
15329
14540
15029
14287
15001
15578
15744
14250
15198
15522
17563
16081
15178
15434
15238
15581
15549
14797
15312
16323
15355
15532
14554
14601
15513
16544
15497
14753
14620
14757
15152
16580
16567
14650
14960
14394
15866
14658
16343
14262
14822
14582
14871
16013
14684
14703
14607
14459
14304
15526
14868
14518
14777
15970
15912
14968
15058
16181
15539
15117
16473
15252
14806
14428
14699
15748
14407
14991
14240
13783
14799
14896
13984
18043
15158
14753
15849
13483
14560
13925
13657
15965
13768
14010
13825
14169
15501
14793
14282
13240
14197
13985
15037
14904
14799
13599
14103
14443
14982
14449
14217
14564
13944
15436
13707
14491
14562
14925
15891
14870
14866
14309
15250
14808
15159
14947
14582
15277
14827
15624
14296
14377
14935
15569
14820
16123
15215
15211
15515
14502
15576
16543
15584
14934
15780
14273
15402
16402
14767
14881
14692
15138
15350
15196
14727
14199
14381
14973
15790
14121
14080
14182
16355
15795
15097
15256
14852
14487
15075
16295
15053
15501
14672
16070
15894
14843
14909
14567
16349
15993
16093
15732
14879
14656
15866
15952
14327
14057
15184
14445
16950
14905
14741
14717
14447
15475
15903
14742
14432
14208
14633
16021
14837
14092
14537
15002
14363
14906
14875
14428
14403
16420
14452
14173
14841
14550
15937
14843
14925
14745
14147
15158
14906
14445
14555
13786
13933
15549
14675
13903
14276
15582
15838
14849
14306
14000
15140
14615
15667
14999
14128
14994
14946
15439
14959
14364
14132
15254
15124
16301
15988
14940
14929
16252
16755
15250
15571
15749
16783
16227
15902
16413
16919
15744
16922
15967
14821
14956
15133
16427
14638
14818
14840
14793
14952
16646
14984
14272
14532
14560
15502
14346
14830
14294
13836
14712
15226
14420
14175
15322
14337
16039
15335
15484
14843
15154
16256
14780
14734
15761
15446
15246
15836
14912
15126
15271
13814
15135
15611
14826
14639
15262
14208
16124
15560
14859
16469
14723
15012
14765
14859
14903
15002
15827
15649
15025
15308
15202
15510
15956
15322
14855
15775
14703
16642
14624
15459
15214
15103
15663
17533
15005
15084
15162
14319
16354
14741
14316
14305
15791
13762
15862
14556
14199
13883
15680
15554
14511
14669
14650
15405
14542
16122
14931
14911
15262
15553
16303
14719
15052
14337
16627
14529
14989
14138
14022
13798
15918
14131
14653
15157
15021
15502
15704
14996
14352
15148
16232
15441
15365
15192
14882
15373
16053
15246
15563
15254
14114
15965
15627
15278
14489
15469
15142
15758
15044
15508
14607
14264
15921
14590
15121
15573
15135
15958
16222
14837
15357
15450
15120
16439
15101
15773
14986
15122
16569
15091
15675
15850
16070
16424
17312
14853
15457
15091
14919
16205
15442
15346
15800
15090
15583
16988
15262
15010
14949
15738
16187
15267
16458
15086
17220
16977
15889
15992
15488
16334
15474
17095
15208
16082
16924
16284
16764
15570
15042
16569
17358
15469
16579
14011
15177
14868
17760
15274
14496
14512
14750
16271
15062
14778
14805
15248
16292
14240
15526
13973
14473
14115
16146
14538
15898
14502
14834
15409
15788
14700
15657
15366
14175
15059
14640
14944
14924
14555
15936
15196
14102
14594
13664
14312
15050
15207
14457
15185
14036
15844
14323
14561
15012
14582
14053
16821
14216
15068
14982
14327
16247
15117
15112
14918
15855
15389
16210
14838
15643
14197
15123
16970
15043
13925
14367
15111
14954
16577
13925
14953
14985
14440
16050
15096
14276
14287
14987
15178
15178
15999
15541
14427
13909
15766
15225
14037
14864
14746
15219
14737
16454
14809
14051
15448
15299
14923
14433
14131
14354
13832
15203
14331
14254
13669
13774
15401
14589
14388
14646
13936
14760
16191
14343
15521
14747
13930
14551
15223
13866
14446
14507
14373
14828
13206
14673
14414
13144
14342
14776
13819
13375
13656
13989
15459
13292
15668
14368
13684
14375
14331
14073
15396
13776
13372
15443
14711
15132
14044
13176
14970
13287
15517
14568
13666
14410
14135
15291
14671
13814
14333
15255
13620
15620
15077
13395
14482
14775
15217
14769
14285
14209
15959
14637
15403
14271
13971
14553
15519
15258
13836
14603
14394
15535
14665
15652
14384
14223
15446
15084
16472
14906
14069
14657
15332
15341
14795
14486
14609
14819
15163
15509
14576
14795
13979
14111
15775
14203
14055
13734
14182
14636
14575
13727
13824
13822
13798
15017
14128
13580
15310
13790
15659
14087
13818
15588
14827
15964
13601
14503
15240
13936
14829
15167
14199
15016
14991
13924
15472
14467
14239
14743
13608
14867
13629
14045
14962
14119
14001
15109
14339
14336
16030
14125
15982
13972
14228
15444
14600
15844
13946
13678
13956
15763
14126
14264
13780
13353
14217
12969
13619
13865
14330
13853
14479
14271
14018
14291
13655
15417
15331
13802
13752
15693
15381
15079
13721
14010
13712
14656
15346
14408
14020
14269
13718
16068
17173
15287
15321
14201
15697
15367
14122
13455
14542
15500
15070
14281
14827
14695
15285
16173
14498
14364
14399
15103
17138
14602
14432
14721
14921
16281
15727
14498
14477
14855
15530
17018
16172
15132
14479
14156
18488
15320
15025
14938
14750
16330
16283
14439
14591
14487
15214
17515
14152
16445
14296
14304
15913
15676
16525
14780
14245
14675
17300
14419
15686
13913
14992
16722
15113
16487
14761
14969
15204
17240
15032
15777
14849
17115
15310
16007
14289
13910
14999
17677
14587
16437
14513
15301
18672
19685
22267
17481
16974
19216
18753
18165
17765
17122
17683
21084
16842
18195
16882
16258
18593
16489
18866
16138
16668
16890
17563
15884
17166
15058
14980
16281
14226
15553
14381
14223
15345
15412
15526
15410
14987
14780
16004
14663
16334
14812
15556
16163
16474
17986
16487
16281
17541
17210
16853
15920
15916
17755
16566
17929
16612
16999
17764
17488
17685
17354
15700
16062
17633
15822
18907
16084
16539
18095
16285
18463
17483
16086
15866
16013
16561
17529
16213
15626
15630
15194
17663
15079
15588
14542
14438
16241
15862
15651
14974
14767
14553
16533
14955
14558
14695
15436
15983
15426
14768
15216
14589
14977
15843
14844
15910
15292
14935
16783
14838
15532
15835
15367
16326
15523
16923
16017
14992
14848
16618
15624
16008
15179
15076
16636
15459
15601
15144
15863
15479
15978
16349
15734
15702
15454
17132
15286
15952
15623
15325
17117
15933
14998
14646
15579
15507
16377
14597
15064
14827
15243
16103
14912
14787
15628
14218
16593
16192
14888
13759
15412
16729
16375
15034
15286
14573
15040
17966
16308
15244
15509
14880
18098
16028
15797
15845
16454
18763
17448
16741
17053
15855
16620
18777
17774
17182
16846
16125
19077
16479
16579
15842
16677
17474
16676
15518
16039
15442
16351
17755
16276
15895
15620
14927
17827
15236
15285
15131
15308
16762
15204
15181
15563
14348
14861
16421
15723
16014
15489
15809
16316
15153
14889
15639
16011
15927
16930
15057
15890
15246
17155
16191
15911
16366
16021
16240
17866
16816
16537
16147
17365
17957
16760
16230
15652
15779
16576
16812
17052
15796
15142
16341
18023
16304
14914
16192
14955
16333
17356
15508
14393
14443
17262
16342
15388
15791
14734
15410
17086
16644
15111
15665
14932
16666
16485
15496
15734
15434
15809
16296
16276
16275
15665
15975
16854
15632
15495
16141
15633
17214
15106
17259
16678
15246
15064
16959
17565
16370
15597
15611
16424
15701
16272
16229
15957
17424
15652
17031
15286
15149
14709
17031
15490
16018
15498
15901
17291
16377
16553
16423
16154
16541
16428
16044
16489
14512
15181
17482
16023
16732
15346
15568
16930
14970
15188
16660
15262
15089
15302
15637
16592
15407
14779
16638
14914
15112
16393
14592
14279
14872
16400
16564
14605
15301
14794
16476
15743
15875
15672
15870
16903
16585
16665
14886
15197
16514
15629
16918
15773
15547
17031
15818
17536
16744
16004
15744
16634
15918
16447
16899
15392
17401
16576
17582
18602
15849
17211
17451
15513
17327
16617
15652
16674
15220
17833
16990
14749
16240
16026
15803
17209
15583
15688
16713
15560
16748
16443
16216
17269
15475
16153
17811
16903
17425
17223
16057
16340
17457
15665
16931
16492
16252
16597
15931
17068
16683
16078
18039
15706
17405
15855
15970
16854
17184
17492
16615
15482
16669
17645
17000
16585
15680
16346
16947
16668
17371
15707
16011
16166
17146
16884
16352
16261
16572
17538
16641
18047
16739
16402
16091
17773
17885
16390
16732
16753
17330
17612
17561
16622
16716
16808
18195
18272
15507
15647
16599
15956
17621
15849
16749
15684
16789
17287
16798
16888
16442
16888
16528
16116
16542
16549
16960
17547
16627
16401
15135
17244
17339
16151
16284
16006
16379
17299
15765
15712
15412
15180
16705
15924
15261
15040
14789
15904
15470
15767
15531
14903
15188
16904
14959
15995
15314
15363
16613
16108
16308
15110
15691
16660
16452
14978
16273
15528
14995
17507
15349
15088
16262
15424
16286
16567
16093
15669
15501
15999
19571
19528
20525
19690
17576
17322
16197
17336
15911
16311
17134
16632
15780
16105
16712
16815
17453
16275
16479
16868
16186
17783
17064
15926
16261
16019
16713
16665
15452
15798
17030
16062
17170
15776
15604
17450
16233
16386
15870
15576
15633
16471
15841
17300
16115
15655
16843
14724
16370
16208
15262
15482
15555
16114
16864
15910
15805
16490
14981
16855
15324
15373
16331
15045
15377
15556
15964
17188
16361
16069
16799
15759
17262
16186
16235
16158
14907
15983
17043
16116
15329
15915
15736
17714
16321
16211
16266
15448
16610
17294
16072
15341
15657
15611
16634
15065
16048
15804
15046
15920
16757
16352
16097
15961
15535
17222
15736
15653
16408
17045
16724
15901
15494
15198
16856
17524
15323
15338
15931
16998
15745
17233
17105
15953
15983
15490
30994
34525
15745
16905
16882
16389
17541
15979
16500
16093
15667
17682
15407
14795
16101
16963
15759
16012
15946
15853
16940
14815
16863
15086
15645
15969
15733
17063
18290
15725
16855
16769
15640
16681
15288
15533
15940
15459
14457
14625
14900
14625
16615
15371
15329
14985
14783
16305
14557
14574
14696
15724
16862
14937
15855
15091
15424
16212
14744
14929
15124
15526
16091
15397
15016
15265
15131
15448
17097
15658
15413
16074
16226
17561
16261
16210
16347
16795
16878
17592
15865
15698
15372
17157
17250
15426
16000
15794
15788
16241
15510
15483
15592
15009
16118
18371
15713
15684
15743
17121
17580
17029
16176
16127
15876
17198
18193
15364
15324
15491
17089
18165
16452
16516
15786
16160
17819
15964
16042
17705
16483
18245
16203
16542
17926
16106
17508
17918
15676
17989
16051
18172
17876
17095
16931
17695
16691
18151
17155
16907
18480
16775
17947
18336
17841
19308
17407
19220
19517
17336
19546
17761
18313
19498
17862
17879
19067
17461
19984
18060
17900
18709
17647
18138
19722
17249
17938
18558
16942
19887
16804
17482
18548
17305
18439
20144
18339
19367
18838
18071
20279
16809
17697
18974
17888
18991
18844
17358
19084
17796
17777
20913
17125
17464
18349
16857
19336
18305
16910
18643
17594
17726
19089
17538
19129
19777
17268
18789
17884
17037
18956
16925
17734
17915
17503
17872
17193
17603
18186
17455
17617
19053
17203
17002
17228
17432
19168
16887
17758
16397
16583
18019
16387
16450
16628
17164
17866
17610
16198
16976
18406
17910
18435
16619
16171
17904
15840
16463
17464
16428
17077
16781
16031
16694
16416
16846
18425
17223
16541
17732
16271
18142
17272
16652
17628
15804
17129
16891
15842
16132
15954
15324
18436
16085
16398
17282
16415
18050
17458
16372
17625
16115
19762
17029
17161
17886
16122
17005
19435
16728
18075
22145
20219
23632
21083
19949
21531
19670
22511
22094
19627
20156
19971
19441
22907
20252
19164
20542
18884
22112
21938
23298
26226
23388
25082
26529
23173
23250
23134
15839
18871
17610
15425
18287
15580
18079
17749
15492
16332
18381
16608
20003
15512
15709
17214
15946
19041
17310
16179
16890
17023
17388
19771
16196
15686
17120
15736
19443
16463
15258
16427
15263
19241
16713
15395
16520
14889
19025
17176
15412
15360
16340
16195
19006
16093
15393
16991
15759
19494
17016
15777
16118
16035
17421
17609
15466
15137
16540
16388
18106
16113
15248
16494
15503
17322
16866
15886
16313
16879
15392
17752
16531
16248
17038
15760
17735
17758
16513
17172
15455
16831
18057
15771
16009
17193
16096
17543
17098
15421
16355
15545
15419
17162
15317
15952
16207
15883
16744
16068
16749
14839
15915
16563
15855
16241
17090
16073
15911
17724
16517
16886
17192
16458
16728
17203
16325
16606
16031
15452
18228
15561
15409
15154
16168
16452
16937
15253
15798
15875
15824
18248
16381
15999
15376
15675
15084
17841
16677
15689
15079
14451
17666
15804
15534
15094
15432
14570
16818
15057
14784
14779
15584
18282
15669
16678
16324
16324
18076
17466
16697
16601
15480
15843
18349
14919
16178
15768
18514
16687
16092
16213
17414
15831
18747
15670
18185
15334
16922
19867
15603
17363
17228
16350
17207
17167
15897
17569
17410
17437
18917
16008
16799
17309
17023
19046
17453
16821
17619
16945
17649
19398
16284
18485
15915
17557
18206
16795
16919
17434
17133
16335
18194
16549
18582
15714
17557
19425
15855
17638
17294
17478
18644
17924
15662
17180
15972
16777
19251
16304
16444
16370
19185
15782
16275
16645
16884
18043
17978
15981
16397
16756
17988
18600
15016
16538
16694
17846
17391
15822
15936
17197
16795
17815
18432
15910
15357
16549
17101
17775
15718
16341
16305
16358
35775
29629
14875
16355
15875
17096
16236
15669
15923
16673
16801
16885
15036
15855
17623
15965
18578
16427
15181
15883
15262
16888
17214
15441
15061
15142
14420
19608
16957
15288
16419
15915
17346
15369
15133
15498
14946
15265
16986
15052
16036
14726
15293
16958
15543
15520
15605
15783
15780
15728
15820
16867
14462
15906
16467
15372
15552
16205
14696
17236
14666
15128
17066
15588
16275
16609
15192
14820
16517
15770
16507
15692
16009
16470
15201
16369
15620
14878
15484
15425
14748
15133
15325
15563
16699
15937
15554
14911
15295
16607
15155
15951
15355
14958
15841
14504
14541
14778
14834
15281
15108
16605
14795
14582
15147
15632
14753
14910
14616
14388
15999
14749
14238
14490
14365
14154
15894
14338
14420
14323
14595
16322
14724
14794
15104
14659
15831
14707
14916
14788
15174
15623
15833
14594
14702
14503
14937
16049
14525
14662
15010
15117
15503
16062
15443
15029
15136
15244
16184
14881
15137
15033
15366
17214
15440
15300
15639
15272
16307
15840
15109
15137
14908
14514
16212
14310
14515
14465
14377
15429
13883
14134
14384
14458
14502
15481
14533
14363
14448
14471
14202
14232
14361
14537
14963
15298
14679
15326
14836
13782
14214
15178
14256
14336
14785
14982
15060
15542
15532
15071
14813
14466
16051
15162
15534
15540
15006
16043
15550
15030
16032
15380
15717
16202
16659
15285
16501
16498
15760
17223
16107
15481
16513
17017
18252
15967
15609
16667
15204
16519
16912
16780
15535
15640
15476
16688
16161
15518
15368
15741
16430
17084
15795
16872
15699
15973
16727
16087
15633
15917
15669
16017
15696
15015
15993
15279
15312
17062
15273
15378
15244
15978
17122
15378
14693
15399
15637
14792
16061
15183
15273
15678
15488
16339
14808
15193
15046
15340
17290
15125
15091
15931
15040
16786
15417
15869
15424
15435
16855
18043
16444
16062
16987
16112
17491
16551
16100
17155
16329
17469
17272
16630
16228
16316
15588
17495
15490
15268
16189
16208
17636
15943
15760
15661
16780
16741
17071
17221
16651
16369
16092
18783
15985
16641
16888
15999
18062
16486
16570
17205
16863
16942
19789
15823
16641
16493
15729
18739
16589
17534
16822
15981
17816
15552
16153
15882
16160
18214
16355
15962
15723
16612
16521
18213
16664
16455
17168
15779
17593
16763
16766
17155
16017
16442
18059
16634
16542
15577
16080
16762
16592
15761
15968
15838
15200
17375
16055
15320
16073
15777
17169
15563
15750
16143
15586
16292
18063
16507
16143
16495
16664
16522
15929
16419
16405
15889
15587
17652
16302
15637
16064
17703
17410
16495
16424
16365
16381
17208
15909
16176
15974
16082
17210
17402
17424
16129
16339
16124
16550
16383
17342
16090
15249
16437
16819
17839
15777
16326
17206
17040
17217
16304
16548
16199
16276
16044
16956
16067
15595
15901
16525
17187
15482
16373
16075
15298
17838
16654
16204
17000
15895
15918
17208
16623
16013
16326
16466
17784
15786
15846
16762
17656
17641
16408
17668
16324
16490
16932
17190
15998
16564
16407
16681
19229
17131
17085
17262
17384
18110
16245
17343
17569
17521
17074
18107
16630
16578
16906
16592
18367
16069
17822
16180
15851
16859
16514
16534
16190
15834
16965
17030
15719
15254
15962
16197
19820
16938
16739
17019
16502
18774
16299
16279
16658
16316
16162
19167
17903
16645
16857
15756
19143
15593
16143
16802
16012
16287
19217
17342
16660
17443
16137
20336
16075
16639
19836
20847
21216
22427
20368
20203
20720
20762
19901
16104
16201
16174
16243
16230
17096
16207
15841
17072
19882
21672
19033
18006
16441
14865
16013
16471
15354
15717
16089
18119
16071
16544
21036
17393
16082
17511
16854
15007
15544
15030
15819
16540
15584
15385
15744
16002
18300
15691
16081
16151
16494
17834
16417
15946
16261
16310
17426
18751
17227
16512
16520
16604
17538
18401
16614
16659
17178
16615
19094
16391
16830
17110
16671
18760
17190
16846
16356
15678
16523
19675
16451
16545
17168
16553
19786
17183
16764
16303
16436
18368
17644
17198
16926
16385
16213
18479
16824
16023
16095
16258
19715
16955
17569
16687
16530
17616
19048
16462
15290
17130
16100
19272
16922
17395
16692
16463
18873
16860
17011
15874
16013
17230
19080
16013
15960
16058
17288
18024
17176
16567
16206
16188
15880
16688
16142
15790
15744
15844
18273
16044
16388
15543
15987
17361
17734
15074
15190
15331
14781
17862
14801
14644
14967
15122
18140
15925
16076
15575
15068
16499
18319
15590
15804
15352
15553
17805
15864
14615
15412
14888
16677
16878
15545
16190
15337
15963
18024
15697
15373
15017
15555
16484
16760
15236
15604
14840
15140
17288
15787
15789
15784
16201
17085
15739
15474
16091
15277
15326
17266
16017
16246
15947
15649
16988
16812
23719
19093
19846
16365
17853
17028
15193
15106
15182
16076
16310
16229
15111
15722
15613
15051
16594
15158
15251
14926
18392
19860
19749
19478
19211
19537
19288
20765
17824
15185
15264
15917
16083
15560
14923
15767
15567
17183
16462
15991
15599
15352
16669
16717
15714
15572
15572
15574
17323
15842
15499
16375
16174
17348
15898
15191
14817
14617
14595
16171
15443
15613
14858
14991
16586
13981
14867
14613
14636
14972
15209
16124
14562
14390
15095
15893
15139
15441
14907
15032
16110
14701
14891
15163
14432
14932
16184
15335
15694
15345
15366
17296
15480
16884
15224
15597
17723
16568
16336
16586
15789
16930
15797
16651
17757
15844
15753
17441
16187
16905
16550
16270
17372
16691
16449
17017
15375
16697
18148
16336
16079
16432
15389
19211
15337
16133
18009
15766
17249
17447
16865
17613
16882
16642
18636
16732
16714
16681
15826
17188
15890
16092
17069
16459
15725
17478
15585
17003
16843
16311
17451
15745
17697
15818
16264
15917
15602
17245
17385
17708
17841
16571
16035
17650
16811
16792
16944
16047
17209
16129
17922
17063
16414
16543
16552
17430
16863
16590
15818
17094
17430
17924
15984
15358
16685
17737
17349
17223
15936
15836
16833
17786
18330
15539
15460
16598
17127
17156
17237
15688
15920
19293
17848
17046
15462
15811
19076
18001
18259
16685
15437
16043
19657
17065
16961
15986
17080
18345
17315
16047
15933
15635
18158
17441
17014
15822
15553
17952
18004
17423
15612
15997
16474
18914
17561
16020
16160
15851
18920
17922
17810
17408
15820
17436
20366
17412
16536
16631
17047
18911
17931
17168
16727
16377
17247
20474
16280
15927
16525
16148
20403
16855
16631
16327
16262
16936
20228
16584
16127
16505
16922
21142
17238
16145
16580
16665
19468
17570
15911
16304
16548
20156
16996
17297
16215
16638
17342
18074
17751
15759
16379
16304
18848
15960
16906
16538
16176
17708
16351
18302
15320
15305
15425
18379
17228
16638
15809
15838
17271
17414
18659
15829
16156
16401
16303
18115
16559
15996
15432
16939
17547
17542
15551
15477
17345
16482
17587
16810
16263
16228
16099
18161
17731
15429
15484
17704
16975
17618
15460
15677
16442
18699
17294
16505
16383
15765
19057
16110
16984
16300
15837
16858
19170
17198
16163
16001
16000
19577
16111
17307
16257
16417
18980
16409
17387
16005
15770
16678
20383
15566
17309
15591
16428
21052
15781
17530
16353
15851
18409
19104
18595
17670
16402
16235
22056
16791
18329
16222
16308
20659
17288
18696
16783
16550
21526
16956
18130
16668
16351
20014
19805
18235
16511
16078
16752
22198
17550
17947
16269
16753
21176
17362
18187
16892
16237
16509
21123
17299
16024
15668
16111
20608
16244
17150
16060
15358
17235
17488
16563
15316
15123
16017
18961
15930
16031
15513
15428
19192
15949
16934
15597
15100
15283
18281
15750
15712
16118
15684
17777
16658
16028
15798
16273
18622
17154
15689
15285
15389
17785
16132
15901
15561
15186
17020
15790
16738
15101
14926
16192
17490
16811
15293
15511
16193
16564
16658
14767
15121
14763
16535
15388
16981
15609
14663
14826
16326
16092
14724
15851
15787
16743
16315
16573
14885
15210
19298
15993
17448
16233
16901
15365
15661
16726
15227
15935
15725
15991
15605
16123
15880
15431
15071
15899
14870
15133
15436
15863
15816
15519
15482
14975
15010
14755
17106
15675
15381
14995
14688
16506
15894
15472
15627
15561
15690
17066
15983
15418
15920
15658
16694
16064
15563
15718
15909
15644
16587
15564
15645
15457
15581
17658
15411
15973
15134
15404
16497
15066
14774
15090
14652
16885
14909
15016
15118
14666
16077
15383
14924
14898
14753
15358
16094
15026
14776
14633
15306
15409
15017
14440
15374
14806
14653
16335
15374
15433
16577
15123
16572
15157
15383
16610
15096
16436
15992
15667
15547
15470
14975
17148
15822
15506
17141
15462
15096
15218
16984
15450
15041
17443
15127
16015
17924
16048
16658
15634
15350
17107
15714
16385
16387
16577
15799
17179
15944
17033
15415
16570
18099
15453
17472
17107
16548
16876
16697
15034
17280
16248
15968
17343
17279
17172
17004
16298
16764
16495
17426
16382
15681
16391
16616
15751
16362
15991
16064
21434
20095
16618
17865
16607
17319
16829
16140
16642
15795
16261
17105
15977
15920
16126
15407
17587
16518
15334
15541
16403
16204
16196
16603
15879
15809
18907
17119
15881
16542
15953
15466
18415
15890
16262
15911
15726
16747
17097
15737
15654
16304
16253
17301
16640
15526
16760
16258
16890
16852
16683
16094
15901
16877
17326
16433
16422
15686
15837
17196
17159
16105
16407
16122
15676
17004
16075
16110
15410
15226
17081
16202
16598
16838
15379
16320
16229
15543
15825
15839
16095
16679
15403
15385
15258
16304
16444
16019
15657
15510
15100
15236
17357
15171
16899
15422
15160
16576
16108
17454
15941
16911
16358
17340
15974
17932
16488
16862
18112
16421
17482
16605
16794
17442
17692
16370
18055
16187
20060
20648
16435
17987
17047
16625
15768
17804
16803
18008
16345
16622
17557
15605
17111
16534
15459
15709
17974
18048
15651
16058
15493
18510
16001
16830
15475
15234
15600
18335
16485
15609
15177
15644
18700
15712
16749
15488
15218
17105
16586
15981
17075
15017
15377
17710
15155
17719
16181
15710
17329
17005
16107
15609
15204
16176
16542
15507
16869
15602
15273
16089
15815
16837
15280
15675
15318
16327
16565
15220
15115
14810
16794
15415
15326
15334
15273
17344
15973
16117
14960
14947
14945
17399
16701
14791
14833
15690
16110
15686
14784
14869
16297
14973
16434
16618
15236
14838
14628
16523
16072
15266
15398
14599
15621
17082
16155
15714
15435
14889
17710
15404
15668
15514
15935
16518
16417
15265
15774
15425
15575
17852
15006
15383
15682
15022
17021
16170
15380
15608
15836
15007
18017
15750
15576
15427
15191
18872
16862
15632
15506
16111
17062
15718
15255
15473
15469
16106
15811
15330
14425
14820
16004
16797
15067
15848
15657
15089
15772
15913
14500
14911
15271
15023
16276
14787
15234
15678
15990
16143
14727
15188
15207
14439
14797
16426
14869
14791
15500
14862
15973
15557
14842
14571
14002
14183
16079
14385
14018
15229
14052
16124
14660
14568
15099
14042
15140
16016
15461
14635
14389
14973
16973
14661
14928
15001
15286
15916
14306
14366
14331
15468
16118
14887
14895
14942
15233
15517
16047
14526
15419
14895
15747
17351
15682
15082
14995
15431
16259
15084
15090
14932
15136
15394
14984
14824
15292
15127
15480
15601
15702
15528
15198
15671
16056
15352
15925
15620
15546
15543
16090
15574
16198
15915
15623
15885
15464
16134
15658
15340
15267
15376
15705
15513
15247
15959
15618
15565
16809
15816
15850
15512
15684
15593
15165
15508
15573
15256
15336
15609
15627
15195
14976
14663
15152
15073
15133
15523
16199
15370
15895
15837
15724
15820
16939
15814
16680
16596
16394
16078
15763
15650
17063
15428
16308
15982
16517
17176
16051
16365
15484
16108
17314
16105
16739
15634
15553
15828
16711
15799
15641
15081
17795
15429
16110
15755
15424
17211
15155
15097
15030
15202
15352
17300
14847
15423
14761
14494
17563
14993
15084
14685
14371
16824
15769
16013
14790
14836
15356
17286
15446
15145
16936
15150
18098
16424
16053
16167
16332
16664
17552
15864
16079
18176
16386
19581
15884
16015
17010
16098
16427
18427
16264
17113
15933
18255
16714
16993
17237
15925
16931
18882
15565
16699
16468
17009
18646
16771
16271
17844
16664
18624
16317
16014
17359
17188
16662
17692
14850
15095
17264
15738
18452
15569
15576
16575
15146
19179
16296
15656
18177
17125
17043
19858
16493
16164
16823
15838
17971
16113
15490
16388
15237
18876
14965
15377
16721
15435
19279
16467
15503
16020
15710
16895
15583
15743
15445
17023
16461
17943
16136
15823
17605
15783
17342
16919
16065
15968
17250
16145
16696
15515
15707
17082
15761
16113
15718
15195
17659
19539
18425
18036
17465
17701
19029
17132
16603
14621
15339
16830
17032
16257
16172
16380
17271
16905
15465
15970
16491
15403
16729
16031
15548
16041
15961
16295
16759
16141
15821
15922
15725
16236
16130
16062
15728
15957
15845
17422
16435
15867
15878
16097
17017
15827
15379
15565
15154
16012
16015
15076
15264
15167
15319
16846
15052
15822
15632
15804
16035
15980
15835
15317
15662
15465
16986
15823
16194
15856
15772
17230
15320
15369
15112
14978
16105
14848
14712
15357
14811
14746
16081
14717
15177
14781
15143
15545
15456
14274
14772
15025
15244
15397
14561
14677
14855
14336
16048
14770
15375
14732
14593
15962
14721
14824
15327
14961
14845
16536
14761
15198
14666
16088
16031
14786
15150
15114
15270
15101
16495
15419
15526
15324
15813
16725
15861
16461
16035
17698
16660
16650
15960
15680
16896
15617
16158
15746
15027
15721
15969
14744
15041
15977
15887
16705
16089
16549
16373
16053
15643
16374
15851
15022
16015
15579
17674
15653
15322
15376
15188
16594
16212
15258
15095
15097
16100
17077
15238
15357
15244
14880
16757
14978
16379
16131
15439
17473
15464
16137
16277
15637
15592
17280
15727
16345
16573
16254
17292
15742
15942
15648
15996
16660
18516
16824
17352
15874
15697
17810
15830
16326
15362
15463
17463
15867
16208
15786
15820
16344
16504
15764
16374
15304
15810
17130
15631
15449
15387
16117
17434
16141
15392
15715
15302
16006
16123
15361
15242
16229
16578
16319
17996
15616
15820
17293
16600
15602
17297
15922
15363
15512
16521
17570
16340
17864
17394
17181
17086
16672
16291
16865
16592
17113
17206
16318
16427
15951
16089
17248
16640
16291
16448
15139
18350
15811
16105
15660
15599
17233
17211
16227
15413
16006
17479
17871
16237
16243
15833
15695
17391
16204
16702
16038
16164
16844
16711
16269
15712
15952
16115
17092
15579
16309
16564
15392
16590
16243
15977
15599
16877
15747
17796
17369
17315
16134
15678
17288
15739
15973
16525
15725
16607
17119
16056
15897
15642
18125
19284
18100
18201
18654
19519
19710
19226
18912
18952
19303
20870
19044
19240
18941
18285
19312
17673
20110
18019
17650
18192
18094
17570
17473
17402
17398
19187
17854
17799
18130
17665
19736
19283
20122
18711
17156
17554
16646
16838
16984
16934
18129
17161
17508
16544
17459
17544
16493
15355
15893
16054
14962
15363
15141
16322
15311
15322
15266
16212
15531
15971
15242
16206
16266
16416
16864
16269
16091
16239
16435
15995
16248
17652
16300
15756
15537
15564
16212
15143
16590
15364
15531
17253
16612
16145
15968
15958
15837
17061
16264
16139
16723
15772
16485
15650
15787
15279
16595
15831
16902
15589
15849
14914
15372
16404
15804
15750
15625
14969
15623
18042
16271
16160
16505
15940
17605
16572
16528
16145
16288
16632
16691
16664
15936
15560
15995
17422
15723
15800
16240
16525
18071
16553
16007
16654
16130
16164
16287
16616
15931
15782
16628
17312
15959
15915
15905
15747
16928
15570
15717
16090
15665
16014
16814
15810
15907
15413
16234
17036
15583
16410
16256
15388
16046
16159
16783
15600
15788
17018
15842
15671
15950
17602
16556
18147
16608
16119
15572
17205
18000
15767
15539
15847
17595
17451
15324
16444
16115
15825
16657
16833
16603
19794
19583
16989
16845
15679
15879
15879
15373
17035
16157
15604
15560
15335
17581
15556
15518
15782
15621
15569
16718
16188
15249
15110
16120
16592
15645
14926
15639
15514
15152
16117
15549
14718
14536
15162
15859
14831
14999
14541
15353
15268
18050
15610
14650
14630
14811
16282
15177
15011
14547
14819
15853
15226
16608
14536
14639
14918
16299
15121
14694
14971
15809
17001
15506
15633
15863
15476
15598
16669
15476
15593
15539
15604
16614
15898
15384
14955
15966
15795
17559
17243
15694
15998
15122
17214
17808
15375
15907
16043
18055
16241
16223
16137
16175
15812
17517
16985
16620
16754
17069
17094
16615
18181
16711
16005
16288
16581
18600
15960
16037
15887
15766
16997
16753
16230
15837
15777
16626
16209
15601
18222
15286
15621
17171
16219
15672
15560
15727
17199
15348
15966
15515
15809
15797
16426
15661
16026
15529
15677
16731
15334
15842
15527
15120
16790
15727
15413
15960
16049
16066
17364
15439
16390
16267
14740
15930
14986
17267
15572
15083
33176
15241
15670
15556
15175
14763
16027
16357
15113
15352
16649
16839
15953
15150
15917
15458
15757
16440
15376
14685
14969
17091
17435
15417
15800
15134
15516
17083
15385
15153
15990
16059
17793
15137
14853
16471
14468
16110
17028
14998
15402
15207
15822
17481
15373
16027
15728
15183
16659
15539
15556
15145
16123
15669
17083
15787
16195
17237
16456
17486
16106
15871
15993
15040
15275
17319
15929
15611
15811
16556
18098
16884
16800
16576
16804
16921
18330
17728
16973
16575
15948
17486
16330
15508
16131
16289
18396
16072
15787
15686
15490
15928
17432
15743
15581
14783
15388
17632
16400
15250
15179
15191
16553
15521
15568
15213
15095
15701
17245
14839
15988
15135
26228
38077
16013
15391
15094
15889
16483
16778
15970
16209
15347
14680
17989
15631
16215
15684
14846
16889
19150
20111
18813
19914
20310
21498
20179
19751
14906
15952
17938
15593
16968
16948
17288
18455
18219
17034
18273
16895
17789
18928
16977
16983
15780
15737
17758
17750
16140
16676
16068
16940
15932
15753
16451
16036
17449
15536
15782
16062
15729
16307
16561
15769
16345
16588
15784
16987
16245
15823
16644
15715
16536
16523
15202
15612
18011
15157
16838
15316
16095
17216
16173
17028
16322
15797
18015
16091
17468
15750
15460
16276
16641
16430
17214
16935
18110
17845
17167
17569
15844
16015
16388
16537
15994
15300
16269
15357
16877
16151
15205
15541
15299
16396
16257
15741
16223
16122
15860
17372
15777
16122
15925
15074
17538
16128
15608
15360
15584
16470
15835
15853
15100
15937
15953
16170
15290
16589
15167
15166
17416
16956
15705
17203
15761
18031
15800
15932
14972
16256
15398
16876
15239
15096
15666
15237
16123
16233
15342
15028
15508
16974
16295
16054
15625
16307
16614
17423
17591
15715
16122
15904
16999
16703
16319
16136
16683
16019
16743
16396
15344
16031
16076
17539
15198
15941
15826
14930
15582
15185
14973
15248
15528
15700
15225
16246
15917
15785
15562
15639
15672
15254
15398
16488
15012
15430
14678
14788
16103
14813
16064
15225
16108
15159
16588
15779
15753
16140
15109
15396
15629
15792
15483
50282
18847
17867
18202
17337
18449
17431
17997
17003
16261
15458
15919
16168
15419
15311
15881
15318
15062
16385
16517
15908
15762
15450
16635
16149
15653
15301
14871
15344
17054
15946
15009
16002
14939
17263
15277
15549
15966
14975
17203
15309
14848
15228
15088
15409
15898
14472
15275
15508
15853
15663
15045
15254
15713
14808
15342
15252
15233
14565
15356
14765
16333
15672
15773
15434
16703
17292
16990
15945
15509
16124
17448
15084
15696
15383
14794
14539
17617
14765
16799
21176
21661
19801
14717
15025
15276
15084
16262
15597
14574
14800
14751
15122
15989
15283
15570
15055
14438
15957
15288
14527
14621
15698
15823
15294
14423
15310
14655
14790
16005
14801
14342
14748
15206
15628
15554
14792
15303
15264
14568
16081
14665
15445
15347
14618
16194
15085
14682
16666
14076
16081
14829
14247
15133
15599
16452
15896
15042
15607
15452
15436
17582
14965
15093
16602
15856
16075
15338
15451
17145
15397
14968
15458
15533
15357
15250
16181
15759
16626
15737
17096
16763
18171
16129
16084
17808
16413
16043
16635
16058
15319
16045
14779
14875
14651
14308
16265
14801
15011
14117
14999
16165
15213
14242
14221
14118
15461
15875
14716
13858
14230
15361
16508
14685
14700
15123
15146
14672
16005
14849
15081
15034
15402
17063
15588
16308
14979
15480
16241
14332
15896
14541
14516
14849
15658
14517
16004
15136
14382
16961
14282
15564
13793
13904
15387
13988
14438
14532
13950
14205
16730
14449
16911
14824
15510
17534
14655
17025
16500
16062
17066
17770
15811
18317
16910
16170
17305
17061
18278
16408
16155
16488
17577
16652
16573
17254
16167
16424
16239
17594
17182
16167
17534
15526
17870
17454
17054
16739
18808
18980
17608
19163
17383
19631
18624
18402
16509
16135
16521
16402
17716
16883
17355
15235
19531
17490
16451
16233
15700
16812
15615
17926
16590
16030
14711
17310
16215
17321
16618
15687
16968
16180
16990
15890
15948
15354
16505
17914
18778
16457
14987
17803
17593
16926
17367
16499
17316
17497
17969
17738
15456
16521
17209
17218
17361
16051
15716
17067
17091
18501
16223
14788
16408
16351
15625
17039
15628
14790
17116
16100
16706
16388
14934
17568
16020
16844
17147
16619
16764
16539
16558
17418
19118
20822
20685
21769
17729
17418
16971
16099
16566
18075
16326
18257
16874
14940
16093
15840
19601
17162
14792
16700
15181
17684
17781
16862
16291
16360
17413
16711
16973
15690
16594
15079
17824
17718
16498
16679
16618
18266
17747
16412
16827
16580
15218
16848
18657
15465
16763
17019
17478
17081
16169
16337
16458
18108
16595
17574
16417
16988
16043
17893
17622
16697
16308
15878
17028
17948
15895
15792
16002
17703
16925
16850
15641
15362
16162
16215
17102
16317
16198
14864
15234
18541
14434
15841
15835
16038
15074
17784
17190
15764
15928
15777
17843
16681
15587
15011
15550
16480
16697
16643
15509
15808
14394
18196
16348
15832
15809
17588
16589
16472
16680
16275
16419
15985
18951
17201
15917
14671
17169
17996
17706
16118
14700
17469
16341
17088
16845
15809
15469
17622
17789
16464
16367
14571
18037
15420
17175
15514
16032
16816
17115
16384
17844
16392
15091
19058
15966
18141
17439
15527
17397
16458
16505
17470
16527
15589
18248
16041
18348
15227
15039
18365
15190
16927
17264
15974
18376
15677
17795
16129
15273
16774
17299
15859
17484
16557
14668
17469
14701
17404
15224
15446
15980
15922
16624
15117
15665
15293
16632
14120
17488
15946
15732
17853
14708
17211
15464
17528
16287
16133
15666
16462
17698
16083
18049
14632
17847
15646
17995
17867
16612
16481
15350
18495
16733
18180
14916
15099
17495
18456
15218
14938
14986
18245
17641
16823
15210
15165
17294
16807
18290
15718
14651
15461
19374
16704
16725
15396
14754
18771
16849
17463
14903
15016
17380
19183
16753
16588
14772
14771
19941
17152
15635
15521
16450
19850
19025
18169
17813
16854
17342
21389
17759
15758
15544
16859
18834
19310
17183
15673
14588
17560
18705
16777
15602
15601
14809
19989
17925
15116
15554
15536
19536
19200
16619
15881
16041
15828
21244
18475
15964
15954
16285
20180
18156
16989
15681
15418
18849
19039
16906
15783
15892
15640
20120
17678
15760
13923
14480
18123
17802
15715
15216
14333
16604
18163
17770
14890
14162
17314
16303
14399
16017
14566
15350
16185
16629
15602
14992
14534
15878
16547
15066
16788
14806
15786
16203
15727
17435
14883
13943
16646
15611
16733
16064
15827
16442
15168
14976
17931
15054
15099
16792
15426
17109
15417
15735
16541
14613
17348
16495
15345
14725
14984
15922
18036
16511
15533
16296
16289
16602
15230
15571
15993
15627
18029
15842
16149
16092
16440
18748
16065
16213
16198
17081
16540
17134
16027
15996
18078
16661
18330
15895
16091
17258
16890
18115
15742
15072
19376
21570
20374
21303
19557
19288
21682
20336
19923
16216
15927
17243
17252
17132
17079
15637
15732
18104
17754
15980
15547
16111
17052
15904
17517
15530
15531
16690
15731
17732
16042
14913
16093
14689
16062
17701
14418
14384
15946
14386
17813
14707
14205
15819
14243
17513
15881
14691
14432
14373
14560
17765
14357
15108
14848
14361
17566
15233
14381
15362
15493
17394
16595
15064
14601
17409
14954
17788
16302
14454
17181
17185
18287
17141
15352
16439
17728
16370
17703
16685
16046
17374
16354
18185
16159
14815
17497
16676
19020
16313
15515
16085
18164
16608
17232
16534
14670
17874
15999
18171
16848
15198
16042
16833
16656
16579
17355
16013
16798
16153
18105
17449
15018
17673
16619
17680
16673
15672
16101
18131
16999
17228
16626
18005
17076
17730
16735
15010
15393
17564
16373
17490
17177
15561
18038
16623
18291
16624
14824
18553
17140
16893
17456
16194
15982
18285
16569
19723
16624
16113
18715
17773
19708
17584
17237
17570
18162
16698
18705
17798
17078
18609
16457
17752
17328
16069
19450
17110
16944
16968
15038
15631
17755
18125
15944
14638
18409
16618
15638
17408
16891
16097
17928
16993
17206
17655
15159
18733
15731
15879
16612
15258
16354
20226
15360
16517
15824
14965
18602
16555
16812
15451
15484
18037
17073
18275
15442
15306
16562
20404
16221
17224
16042
16723
16910
17387
17085
16022
16264
17039
18114
16949
15833
14951
18146
18812
17430
16996
15269
16634
18105
19529
17324
15952
16751
17256
18084
18718
16423
15526
16784
18955
18298
16976
15656
16507
16316
16967
16928
15748
15250
15655
17913
15905
15955
14669
15669
18021
16708
17559
17469
18432
19082
20393
16977
14855
14119
15998
17633
16563
15885
14245
15518
18022
16748
16391
14842
16718
17930
16916
15265
14266
14811
15152
17398
16619
14239
14158
16536
16720
15074
15382
14141
15248
17126
15826
15477
14124
14915
16644
16785
15755
14039
14771
16680
16053
16049
14994
14290
16867
17250
16244
14338
14332
15450
15255
16394
14155
14486
14328
17016
14109
15425
14141
14077
15188
15178
16291
14130
14522
15433
16288
16208
14884
14809
15430
14087
16157
16677
14942
15164
15245
15978
16081
13838
15630
15700
17467
16723
16092
15673
16234
16264
17203
16054
14903
16219
16041
17140
17330
14442
15975
15648
16546
16856
16320
14812
16205
16476
19581
16288
14812
16924
16728
17631
17482
16128
16209
18025
17208
20463
17755
17116
18121
16550
20783
17767
15994
16054
17273
20029
19476
16087
15889
17199
16253
21135
18283
16322
16324
18312
19348
18129
17104
15865
17457
18832
18845
16990
15510
15759
17288
19535
17818
15971
15592
18061
19115
18701
15358
15177
18605
17104
19995
17003
15236
15356
17923
19085
18212
15640
15224
17791
17585
17801
16528
14818
16654
16621
17920
17354
15580
16404
19083
17372
17762
14631
14954
17001
17033
17427
17055
14820
14286
17458
18178
17267
15181
14577
16145
15789
18353
15613
16148
16451
16190
18116
16039
14312
16370
14715
17109
15688
14792
15047
15472
17837
18104
15350
14628
15973
16804
17834
16428
15921
15895
15378
19309
18539
15261
15936
16106
17689
17971
16834
15046
16086
16701
19665
17869
15324
16495
17097
18835
18559
17662
15482
16872
17546
19003
17233
16642
17252
16488
18655
20854
16779
17138
18305
19741
18642
16867
17645
21434
20119
20816
17940
16636
17945
18628
20030
17256
15694
16677
17066
17802
18993
15169
15316
17004
17103
18985
16733
14856
15768
18672
17407
18280
15256
16247
17245
17544
21013
16347
16119
16876
18757
18506
17933
15504
16165
18294
16212
20479
16242
15598
18852
18806
19975
18382
16029
16901
16675
20426
16718
16392
18548
18572
19756
17737
16077
16960
21492
16599
18900
15932
16711
19278
18988
17886
17143
16970
17918
18784
19256
17017
16603
18286
18772
18124
17875
16964
17046
18384
17751
18257
16696
15406
18807
17844
18275
16971
15663
18170
17454
17210
19093
16177
15804
18202
17475
20111
16531
16209
18527
17339
18412
16844
16774
18412
17678
19435
17693
17646
18776
17289
19005
16322
16029
16964
17518
16795
19069
15212
16509
18800
17340
19065
16399
15805
18274
17092
18584
17833
16011
18001
18835
18283
19682
15711
16691
18387
16527
19319
17044
15175
18051
16748
17049
17587
15860
17533
17295
16752
19611
16267
15200
18076
16213
18496
18251
15776
16972
17536
17944
17390
15855
18736
17008
17872
19822
16461
18473
19142
19495
20242
17682
15455
18025
16689
18665
17913
16088
18245
18669
17674
19998
16139
17624
16959
17606
18608
17048
16388
18812
16814
15930
19147
15955
15383
16386
16212
17597
15930
16284
15122
17614
19311
17957
15519
15260
16798
15656
18555
17042
15855
18004
18042
17050
16319
17114
17414
17962
15583
17581
16513
16169
18309
15665
17586
16933
15831
19641
17059
16718
17521
17138
18744
19584
16751
17794
16847
19481
18735
17742
17513
16995
16481
19679
18302
16426
17450
17468
19285
19396
16377
18431
17578
16908
20378
18587
17407
17388
18123
20570
19397
17442
17967
17342
18726
19336
17711
16964
17642
17511
19640
18617
16897
17449
17729
18918
18639
16370
18147
17436
17871
17376
16770
18411
17423
16104
19264
18577
20021
18357
18393
18432
18736
18172
19113
17349
18008
17925
19027
18529
16656
17383
19201
20107
16565
18796
18131
17988
17678
17577
18684
16792
17181
18256
18421
17034
17882
17149
18516
16951
20495
19500
17156
17333
18142
16881
16741
16752
17469
18112
17110
17173
16968
14940
16233
18951
18897
16122
16418
16523
17111
16722
17583
15265
17201
16966
15015
17886
16384
15267
17315
15549
17543
15751
15924
15696
17457
17443
18041
16489
17913
17683
19232
19031
16579
17807
17126
18578
18214
19058
16617
18196
18599
18938
19764
17546
18910
18436
18092
19095
16624
17761
16522
18463
17897
18151
15941
17211
17130
17660
19440
16378
18003
17313
19369
18437
16968
17146
16899
17247
17465
18468
16329
18665
17786
17678
18985
16318
17966
16991
17425
17844
19151
16383
17407
17546
16950
18745
15715
17516
17208
17563
18017
16979
17043
16603
17194
17784
18393
16003
17678
17452
18236
15660
17170
16273
16770
17541
17469
17516
17010
18021
17585
18793
15936
17336
17144
16981
18215
16490
17370
15938
17472
18496
18139
16994
16941
17525
16911
18885
15539
18492
16985
16535
16397
16315
16998
15331
16009
15637
17097
14475
17553
15413
16412
16451
15017
17358
14176
15837
16927
16825
14897
17406
16161
17039
17117
15147
17410
16799
16046
17580
14902
17317
16351
16793
18102
15703
16054
17057
16585
16400
17794
15363
18346
16490
16562
17528
16341
17951
16692
17216
17771
16477
14995
17809
16026
15817
17431
14899
16684
16458
16932
16994
15550
16374
17337
16448
17076
16807
14795
17755
15182
16837
16721
16655
16367
16313
16346
16469
14322
16892
16634
17029
17549
15629
16665
17249
16836
18008
16594
16880
17474
16716
17317
17843
15358
16971
16653
17371
18699
15197
16499
15723
15382
17853
17863
14828
17627
16951
18525
18136
14802
16541
17071
16227
18390
15642
16004
17565
16492
19159
17280
15338
17842
16606
18671
17681
16607
14998
15843
18239
19003
15735
15001
15284
16956
19379
16232
15397
15257
17242
17229
16666
15334
15681
15196
17648
17057
16552
16222
15849
17059
17032
21400
17592
16677
15467
18833
17227
17556
16587
15070
17566
18206
15827
18620
16680
16182
19026
16975
16410
16766
16175
19041
19167
17039
18106
15964
18025
16198
18137
17741
16650
15165
18204
17823
16538
17684
15959
18972
16745
16240
17703
16501
16379
18012
16950
17623
16383
20027
17768
16906
18331
15984
17765
17690
17161
17475
16388
16576
17162
16831
17722
16072
14990
17798
16021
15277
17610
15634
16962
15838
16476
16240
16368
15807
16687
15927
15188
16893
14930
17325
15300
15394
17440
15574
16240
16300
17077
16446
16916
15318
18102
15489
16608
17568
15318
16873
14497
16673
16408
15293
15229
18036
17340
18025
15815
17725
23329
21607
16713
16968
15693
18027
16463
16245
17998
14591
18557
15186
18008
17117
15805
17072
17150
17454
16144
16911
15529
19528
15764
17957
17078
15895
19453
17225
17897
17629
16034
16522
20604
17082
17951
17859
15858
19830
17789
17482
16983
17151
18085
18990
16761
17088
16541
16750
20238
16047
17394
16996
15701
20102
17526
17415
17618
15873
16691
21322
15906
18306
16679
16688
19288
17004
17609
17727
16635
17117
18742
17831
18696
16131
17675
19206
16247
16928
17784
16402
18034
20279
18242
17894
16249
18032
18897
16574
17274
16600
17654
17485
18242
15976
17702
16020
16808
18371
16855
16492
15189
16956
17303
17823
15911
16257
15598
16923
16972
17253
15169
17205
16549
17951
14999
16929
15975
16292
17118
15622
16050
15385
16149
17361
16430
15325
15716
15979
17616
18049
16212
17049
14719
16991
17062
17828
17194
16444
17099
17217
17323
14935
17142
14843
17614
18981
17054
17911
16382
21341
22275
22041
20463
16841
16131
18254
17570
17682
20149
16488
17775
19265
17855
18270
17622
17922
17818
17580
17928
16722
16631
17946
19083
15133
18674
15211
17097
18299
16747
16465
16456
17333
16556
17915
16243
17933
14914
17719
18893
16166
18265
15171
16978
18460
17831
16799
18041
17311
17552
19197
16551
18356
15267
17376
19081
17321
18201
17241
17396
19197
18404
16166
18480
16448
19215
18073
17021
18469
15857
17300
18432
17300
17715
17020
17553
17390
18366
16138
18849
15912
17539
18835
17002
18240
17393
17243
18515
17014
16202
19190
16593
16193
20402
16482
18553
16370
17201
18366
17842
17117
18060
16231
17335
17990
15820
18920
16246
16484
19490
17243
17896
16708
17125
18798
17709
17166
18107
16082
19285
17816
18131
16736
15353
17345
17528
15978
18212
16732
15091
20254
16861
18514
17966
16707
17335
16742
16396
15113
16799
15654
17453
18574
16916
16990
16731
17598
19094
18167
16750
17187
15411
20125
17437
14465
17046
14891
17462
18870
16302
16605
17135
16658
19371
16651
15896
19299
16147
21421
19673
16949
19487
15716
18424
20117
17266
17671
19588
18098
20708
19140
16363
17986
16375
19435
17519
15485
17811
15983
17053
18967
18007
17211
18928
17079
21906
18703
17185
19165
18509
20016
18503
16949
17535
17947
17928
18778
17282
16006
19168
16353
18603
16117
16548
17461
16526
18494
17129
15135
17782
15998
18768
18132
16191
16264
17940
16944
18250
16811
15782
18371
15791
19118
16730
15810
17572
15620
18429
17429
17012
16819
17423
16956
17866
17840
15743
18595
15849
19790
16316
16465
18096
16919
17117
16987
17336
15654
18024
16806
17621
15736
16031
19283
16359
19415
17526
16556
17154
19820
18005
19284
18449
16517
18726
16863
18962
16296
16870
17816
16958
16431
18378
17460
15413
17437
16655
19024
15300
16313
17221
16787
17970
16698
16739
14863
19197
16454
17582
16479
15205
18291
16661
17954
16631
16514
16607
18915
17886
18783
17784
16008
18672
17489
17516
17120
15336
18625
16327
16828
17937
15806
15687
18019
19198
16606
17014
15437
18424
20103
16374
17303
15678
16536
19618
18570
16104
17775
15856
18984
19788
16790
17655
16293
17207
19775
18126
17068
17618
16386
18820
20306
16187
16942
15794
17292
21227
16676
18580
16350
16396
20010
17251
16705
15535
15566
17890
20802
16283
17182
15791
16540
20809
15683
16834
15089
15881
18288
18425
16310
15894
15538
16879
21352
16784
17950
17056
17346
18875
18840
18483
16134
15800
18114
21743
16384
18050
16869
15972
21569
17909
18000
16336
16933
17792
17864
18911
16907
16580
17864
20064
17111
18457
16060
16563
18873
16246
18488
16292
17576
16500
19367
18452
16855
17930
17848
18193
16950
19134
17624
16676
17649
18523
18173
16573
17128
16891
18197
17660
17383
18531
17291
17863
17549
18535
16942
17693
17383
19045
17233
16704
17164
17192
19050
16326
18885
18156
17049
18728
15988
17985
16713
16541
17483
16869
17527
17023
17561
16467
19164
16063
18272
17324
17170
20018
19303
20263
21198
20829
19687
21854
19176
20450
19213
17481
19320
17333
18573
19675
18917
18602
18778
17310
20345
19226
16879
19708
17339
17625
19211
17608
18366
16934
16322
20467
17063
16761
19584
16542
20046
17859
17518
16972
16387
19756
17613
15592
19127
16225
16995
19640
15970
17976
17683
15689
18802
18084
17210
17976
16050
16305
16664
16732
16850
16749
16531
16687
15955
16907
16579
16860
19170
16479
17308
17529
17727
17396
17953
16724
17666
16400
17298
16143
18362
18122
17755
18108
18556
17121
16789
16469
17603
16954
16017
17827
16824
17072
18548
16421
17262
18116
18528
19238
17636
17583
18154
17030
15927
19156
16161
19167
17713
17389
19308
16904
18417
18433
19055
17417
18127
17541
18295
18034
17548
19747
16135
17962
18973
17826
17832
18389
16981
17532
17864
17212
18525
17713
17779
20232
17509
19083
16468
19449
18604
18280
20081
17106
17043
18993
18940
17064
18232
16500
19131
18341
16522
18783
15749
18686
18165
17465
17950
17364
16672
19645
18841
17236
18162
15713
20012
18816
17683
18979
16778
19605
19053
17288
18024
16108
19293
18973
17563
19176
17052
15981
20359
17991
17460
17724
15995
19702
18372
17054
17101
15542
15494
18687
17362
17297
15535
17425
17959
17668
19390
15920
15957
18796
17955
17536
21179
16884
18800
19546
19085
19783
18087
20803
18500
18144
21089
16886
18945
19542
19057
21064
18310
19186
18375
17825
19434
19210
17029
20269
16850
17453
20002
16850
17381
18710
17781
19127
17441
17276
18659
17450
17714
19360
16094
17038
16755
17028
19453
16168
16802
17771
16949
18007
17165
16295
17841
25314
27187
17347
16668
18326
16553
18009
18775
15800
18144
16253
17526
20572
16033
17606
16899
17079
19032
17460
16797
19343
16293
18173
19008
16319
17785
17038
17108
18930
17000
16814
17604
15766
18125
18661
15677
18018
16652
17193
19412
16380
17477
17261
15440
19616
16440
16942
16705
15983
21236
16172
17744
17224
15660
19474
17687
15979
19648
17077
16268
21781
16070
17665
17413
16443
19383
17456
16717
17841
15690
16068
20832
16657
17086
18226
16644
18539
19006
16651
18725
17748
18149
21864
18641
18662
19062
17490
21416
19092
16794
21116
17039
17795
17789
16812
20880
16272
17474
21714
17399
19797
17004
17137
20048
17264
17206
19062
17108
17503
19883
17264
18669
17536
16851
20097
17283
19422
18084
16927
17874
18423
16187
18717
18225
16866
18616
17244
18493
17762
16962
17537
19281
17329
17553
17810
16741
18147
17804
19566
18638
17031
18322
18307
17912
18796
17805
18753
18198
18673
19298
17330
17521
18950
18001
19163
17247
16634
18285
19350
17920
18473
18356
19156
18286
18040
19744
18257
16531
19148
19016
18191
18305
17211
18774
18117
18698
19055
18463
17073
17424
18567
19371
18049
15922
17867
17058
19237
19033
18292
17641
17795
18746
17859
17185
17061
15771
17742
19783
16869
16292
17731
16832
18515
17287
17321
17168
16753
18818
17349
18296
17547
17430
18221
18949
19015
19011
16752
18928
19211
18418
18247
18027
17471
17710
17970
17889
16963
16717
18697
18816
18793
19521
16335
17515
19372
18867
17235
17632
18635
19979
19810
18140
19011
19197
17881
19777
18796
19493
17544
19432
20449
18673
18525
16827
18734
19726
18428
18700
19278
18715
19005
19418
18507
18426
17281
19258
19216
19790
17253
17492
18505
18703
19338
18918
22347
17768
18485
20122
19277
18570
18500
19231
20376
18796
18302
17271
18974
19505
18950
18852
18640
19795
22168
20444
20936
20608
21060
19902
21209
20598
20177
18854
20762
21670
20309
20251
20083
18610
18533
20380
18477
17952
17447
18262
18320
19587
19384
17325
19069
19681
19700
19332
19674
18914
18604
19675
18710
18862
17724
18789
19106
19233
18975
17010
17707
18574
19132
17931
17034
18705
19905
16564
18531
18571
17090
17078
18534
18379
17380
18073
14961
17763
17247
16276
18742
14752
17531
18111
18666
16415
16906
16053
18574
17971
15726
19713
16603
17796
17982
17180
18238
16889
16479
19322
17326
16882
17186
16458
18658
17781
16797
18820
15404
16204
18882
16627
17401
15527
17940
18397
16425
18442
15618
16776
18448
17734
17950
17053
15612
16856
18316
16983
18170
16272
17301
19261
19035
18909
18582
17635
19508
19932
20689
19696
18079
19836
20046
19032
21407
18041
19535
19076
18656
19330
19150
16953
18724
19458
19598
20707
20104
21855
23634
21927
25270
21818
21202
21925
21914
21362
19673
18308
19473
20840
19785
20833
17517
19528
23188
22608
25861
23759
22730
25472
23671
24096
22967
21521
23352
22083
20363
22831
20008
20750
20199
18359
19127
19119
17337
17625
18676
17393
20049
17028
17040
15455
16084
18701
15529
15256
16011
14535
18079
17144
15748
15554
17528
17520
18229
15971
15544
18376
15999
18000
16587
15555
18064
17861
17595
17684
15501
16211
18270
17038
17134
16451
15256
17459
17040
18215
17218
15959
17119
18334
18148
19824
16935
17108
18657
18450
20137
19257
16391
18968
19005
18899
18362
17017
18108
19082
19794
18607
16889
17882
17944
19329
18790
16936
16563
19218
18642
19065
17349
15090
16813
17225
17297
17647
15797
16060
16602
16795
17087
16719
15265
16511
17777
17246
17479
15420
16220
16835
17702
18157
15242
15598
16323
17377
17219
17773
15729
16206
17616
18587
17568
15450
16908
17076
18084
18647
16154
16100
17275
17850
18733
17360
15879
16912
17853
19053
17771
15927
17199
17397
18217
17376
17236
16013
16809
17709
17590
16605
14711
16273
16909
16957
16889
15731
17465
16317
17144
18105
15837
15623
18958
16317
17304
17999
15102
17411
17806
17333
17601
17338
16480
17932
16970
17647
18272
15735
18513
17209
16801
18050
16281
17740
17998
15746
16892
18414
16169
18380
17221
17520
19188
16459
17503
17687
17203
16942
18923
17507
18551
17478
17112
19285
16329
18736
17904
16186
17691
17387
17032
18246
18123
17643
18950
16024
18778
17489
17155
17917
15862
20643
17431
16589
17059
17573
16595
18431
16808
16882
18344
15926
18493
17242
17868
17101
17439
18304
18200
17910
17568
19401
17020
19399
17048
17844
17818
17573
18586
18338
17497
17758
17647
18077
19496
17466
17555
18647
17650
19371
18236
17230
17897
17105
19620
17788
17804
16414
19779
17064
20003
16813
17808
17812
17906
18281
18019
18424
16978
17040
19965
17835
16300
16323
17132
16689
18940
16319
17391
17580
16249
18667
18258
16142
18539
16713
17944
18329
16553
17881
18485
17820
18863
16802
18029
17648
18639
19347
18538
16842
18556
17838
16811
17999
16773
17329
17279
17083
19130
17333
18187
17433
17267
17830
16584
17299
18471
16167
18408
16558
16280
17229
16714
17969
16507
15863
17925
17218
15711
17819
16011
16017
16360
19397
21804
20266
20951
20755
20480
21159
19575
14493
15878
16832
15577
16380
16184
16335
15825
15824
17320
15693
14287
17301
17698
16141
17588
14877
16972
16608
16587
18679
16148
16067
17413
16704
16977
17078
14902
16305
18808
16265
22189
15991
17101
16778
17519
18560
16935
16557
17707
17112
17466
18430
16084
16982
17304
17860
17190
15623
18208
16805
16539
17820
16272
16806
17888
17258
17806
16923
16423
17870
17135
16394
17519
15532
16405
18938
16118
18291
16777
16409
16087
17142
17667
16260
15981
16297
15217
15594
18398
16325
17701
16423
15607
18312
17370
17079
17203
17201
16347
17954
17458
17145
17351
15920
18332
17974
16152
16989
18171
17208
16822
17707
16890
16665
18399
17721
17654
16438
16553
18696
16886
16663
17265
17415
17305
18014
16764
16790
16792
15555
18658
17220
17851
16406
17439
18195
18231
17993
17754
17185
17158
17834
16504
18004
16402
16140
18514
17462
17372
17472
17316
17899
18456
15889
18937
17229
16714
17772
17239
18074
15828
17085
18542
17361
16017
18527
16717
17691
17730
16216
17497
16672
16184
18317
17334
17328
16705
16873
17917
16997
16389
17800
17426
17008
17228
16725
16911
16827
16437
18482
17319
16676
17353
17193
17992
17312
16863
17666
18433
16508
18109
17222
17166
17155
17719
17746
17614
15490
17549
18709
15667
17370
17185
17541
18729
16516
17334
15641
15442
19384
15305
15502
17994
15788
17297
19835
15648
16574
17659
16485
19107
16986
15705
18437
14762
18023
18819
15020
16997
15644
16821
17218
16082
15670
18134
15688
18098
17521
15204
16894
15160
16057
18730
15901
15272
17709
16076
17176
17358
15341
17785
15983
17838
19750
15486
17070
16870
16949
18067
17558
15152
18043
17632
24455
28123
24075
25994
25747
27458
27303
19771
16548
18034
16576
17576
18722
15672
17220
18740
16267
19080
15279
16241
17021
16405
17476
17923
14957
16470
18070
16001
17220
15767
16847
17211
17598
15912
17914
15879
15196
16477
16211
17271
15492
16105
17540
16077
15325
14986
16675
18275
15965
16902
16837
16251
17615
16241
15435
18694
15481
15630
17935
16388
16262
16560
16497
15017
16853
15266
16802
16698
14576
16032
16285
17295
17240
17106
15997
16763
15797
18670
17370
15843
16947
16578
15751
18161
16969
16593
17730
16800
17900
17077
15942
17859
17429
15722
19131
16436
18135
17626
15518
18715
16418
16229
17159
17104
17858
17471
16031
18868
16681
15595
19910
15424
17307
17072
16797
18496
16716
16995
17971
17446
15843
20051
16113
19603
17902
16737
20125
15777
17303
17706
16851
15635
19660
15313
17732
16363
15508
19581
15396
17395
17352
15307
17165
18034
16582
16652
17281
15815
19523
15729
16825
15926
15384
19693
16280
17009
16871
14811
17716
16271
16998
17057
15485
17325
18127
16982
16773
16948
15224
19473
15524
18273
17148
15019
16701
17994
17545
17627
15474
16553
18963
16206
17880
17450
15176
16634
17937
17979
18874
19316
20987
22504
19681
18349
16202
15674
17361
17171
18438
16470
15997
16746
16273
15894
17030
15180
17637
16152
15834
17905
16571
17657
15717
15385
17369
15909
15324
18521
15954
16244
16716
16416
17752
16053
14674
17319
15711
15010
17411
15426
16203
15963
15980
16726
16570
15242
16479
15952
16536
17371
14476
16634
15950
14588
18791
15088
16288
16860
16992
17273
17391
15388
17971
17006
16000
18224
15860
16501
17495
16359
16794
16688
18160
17197
17389
19000
15334
17638
17315
16674
19333
16473
16709
18079
17126
17557
18317
15991
18595
17512
16137
20511
15914
17947
18512
15879
17633
19158
18112
17932
17493
16710
19117
15560
18948
17390
16567
19006
17786
17714
17836
17616
17892
18867
16868
18076
18254
15749
19235
16495
17787
17645
16828
18042
16348
18504
17410
15964
19276
17712
18049
18518
17315
17454
19761
17259
18424
17817
16929
19956
18162
19291
18436
17884
18193
18789
17028
17672
18457
18416
17825
16288
17692
17358
18544
17070
16648
17546
17492
18126
17862
17662
18423
17932
15898
20212
18969
16677
18194
17608
19184
18168
16895
18094
18945
18642
18694
16580
18076
18431
18118
17901
19332
17772
17971
18234
19557
18201
16852
18596
18618
17508
19026
18444
18331
17599
18625
18125
19223
16974
17632
17230
18209
18830
15919
16807
17663
18276
17456
18854
17515
15612
17739
18140
18824
16937
17386
17066
17707
17434
18975
17853
16102
18001
17384
18398
15542
16410
18415
17209
19739
16268
17215
16147
19411
17127
18339
18569
16439
18761
17563
18842
16113
17559
16306
20008
19157
17811
17114
16743
18953
17878
19171
17533
16763
17118
18316
18642
18496
17734
16567
19061
17391
19152
18027
15831
19391
16350
19179
17442
16925
16301
17601
19098
18560
18163
16009
18285
15999
19412
16505
15728
17252
19101
17050
16767
16658
15869
17448
18281
16966
15880
18387
16245
16929
17543
16024
17149
16566
18342
16900
16929
16999
18770
17537
17504
17504
16052
18121
16038
17747
17591
16249
17502
17137
17666
17314
16499
16322
17532
16293
17547
19007
16406
19279
17194
19548
19060
17784
18495
17795
18123
19672
17396
18656
18076
21282
18215
18569
18733
18655
18365
18960
18995
18674
22014
20479
22064
22794
17981
19441
18317
18577
19203
18126
17408
19223
17721
17944
19964
16212
18529
17172
19115
17708
17197
16861
16984
17625
20831
21658
20798
22621
18091
17187
17950
16965
16699
16873
16990
18336
15498
17901
16488
18052
17902
16722
17027
17309
17045
18346
18241
18189
17937
17361
18340
18715
17688
19930
16131
19232
18601
16096
17935
17981
16173
18033
16895
16804
17091
18112
15741
17494
16115
15826
16509
17470
16798
15895
16796
15502
16725
18131
15427
16446
16759
16965
18529
16780
18422
17558
16039
18065
16768
16417
17159
16949
17080
17867
15632
18792
17174
17957
18997
18338
18204
17536
17716
19370
18101
17192
17845
17972
18010
20568
16395
19490
17944
17137
18317
17894
18138
18978
17327
18644
17817
19191
18310
17486
19659
17980
16667
20092
17924
18045
19839
17596
19310
17627
17450
18541
19001
18998
18591
16439
18216
18957
16844
19465
18150
17351
17939
17449
20125
17384
18361
17849
17419
16828
17836
16950
18124
17415
15899
18907
17263
17001
16734
17068
17622
17049
17373
17888
17975
16810
18253
17850
17924
17638
16693
18123
18292
16839
18264
17793
16936
17779
16803
17843
17086
17375
17521
16747
18083
16905
16841
17191
17906
15655
18388
15613
15955
16625
15651
14583
17078
14576
16189
14867
15649
16626
15445
14790
17733
15662
16390
17528
16862
18537
17218
16243
17449
16784
15091
16205
16486
16431
16951
17123
16807
15762
18069
16583
16736
17588
16925
16700
17815
17910
17181
15448
16574
18763
18041
16007
16954
16756
16520
17795
17549
16683
15602
17484
17750
18178
17205
15423
16662
17520
17685
17184
17140
16394
18133
17648
16944
17206
15625
17058
18375
16828
18078
16281
16564
17363
17935
17070
16931
15239
17782
17197
17660
15742
15014
17981
22287
17026
16605
15451
17678
17542
16854
18244
15498
15630
19476
17375
16986
17308
15767
18553
17753
15861
18348
15488
15877
18982
16876
17568
16388
15962
19830
17520
17339
17121
15611
17245
19423
15009
18045
15472
15373
19580
16644
17379
16724
15986
19133
16688
18407
15526
15719
20176
16429
17266
16714
15743
15882
18783
15623
16786
15923
15650
18554
16257
16217
17882
15345
15778
17877
15452
18220
15003
15699
17427
16523
15747
16961
17352
16803
17536
18086
18997
15809
19104
18461
18507
16829
16349
19027
17222
17513
18043
17450
17509
19449
17901
17535
17147
15922
20152
18022
16848
17646
17039
19322
17345
17774
17405
17126
16777
18998
19070
16908
16796
16355
19095
17873
16605
18790
15311
17681
18388
17178
16990
17236
15509
19730
17282
15911
18070
15657
16717
18005
16757
17082
17958
16632
19495
16737
17265
17928
15414
18867
18668
16518
19236
16796
17989
25850
24979
25088
21047
18980
21381
19614
18651
20775
17984
19605
19896
17888
19741
17458
18365
19899
18578
17065
19889
16927
19788
19610
16481
19313
15946
16092
18589
15367
15222
18419
15505
17990
17041
15190
18463
15590
18162
18218
15275
18603
16024
15975
16900
18018
15122
17791
16785
18087
16160
16687
19312
16592
17209
16956
17101
19472
15261
18799
18514
16169
17316
16526
18220
18129
17295
15807
17462
16402
18234
17514
17812
17457
17631
17173
19697
17335
17005
16356
16568
19577
17389
16942
17747
16981
18350
16846
17181
16612
18168
17499
19537
16524
18245
17583
18711
19552
16142
17968
17419
17636
18731
17744
17871
17333
16834
18695
17874
17314
16825
16758
17176
20079
16607
18154
17962
17379
18883
17616
17613
17370
17133
19079
19620
17326
18496
18145
17966
19274
17780
17799
17219
17249
21020
18356
16717
18928
17010
18473
19952
17451
17645
17853
17445
19905
17246
18018
18552
16454
20853
18421
17615
18691
17153
19299
21955
17437
18418
18250
18383
19555
18734
18586
18934
17365
20001
20444
17505
19020
19486
19461
19774
18750
19112
19222
18077
18196
17707
17001
16916
16309
18794
16803
16388
17016
15792
17971
16611
17423
18521
16016
15812
16273
16224
18556
15751
16243
18946
16630
18625
17735
16580
17640
17463
19384
17339
15749
16833
17115
18375
18761
16415
15394
17585
17408
18360
18008
16938
17343
19429
17734
19462
16849
16275
18923
17617
18142
18270
15940
17996
18759
18916
19215
16615
18276
18911
19356
17373
17882
16292
17462
18372
18606
17985
16154
18173
18597
18264
18576
17167
17406
18948
18648
18904
18311
15859
18307
17963
18978
17070
16390
18040
19053
17827
17330
17453
16378
18634
17462
18758
16862
16510
18909
18241
18856
17410
18149
17222
17451
19545
17544
17561
16699
19059
17057
18133
17378
17614
17265
19120
17611
18000
17513
16116
18541
18770
17068
17604
18264
18709
18162
17850
17751
17561
19547
18646
18927
16106
17719
18890
17999
19103
16101
17100
16680
19605
17244
17339
17182
17200
19136
17346
15633
16249
16932
17418
18176
15731
17175
15828
17656
15810
17591
17814
17768
15832
17257
16744
15489
17509
16835
17463
16929
16024
18212
18021
17059
15504
16627
18808
16336
16718
16832
16037
17726
18232
16118
16448
16168
16535
18600
15204
17025
16868
14775
17483
18704
16506
15803
15556
17934
17790
16548
16799
17655
17005
17255
18859
16704
16556
15766
18799
18018
16406
15837
17609
18210
16937
17279
16829
17126
15808
18578
18929
17559
16741
16324
19026
17725
17288
15811
17602
18289
17650
17726
17859
16973
16719
18136
18477
17847
16179
17738
18790
17456
17990
17366
17550
17046
17756
19084
17364
16966
16999
18862
18677
18076
16171
17246
18219
17288
17661
17814
17658
15408
18708
19206
17289
15694
19073
18526
16978
18867
16670
18030
17995
17420
19539
17157
15535
17252
17245
19032
16696
16189
17685
17263
18059
17235
18373
16881
16778
17700
16793
18502
16047
16408
18901
16545
16757
17000
16352
15828
18125
16153
18879
17423
17406
17177
18418
18557
16132
18487
16317
18929
16196
18329
18270
16500
17107
17698
18765
16125
18706
15631
17762
16379
19794
18351
15135
17250
16738
19202
18710
16245
18138
16910
17850
16466
18812
16423
15860
18333
18501
18501
15967
17618
17633
19121
20022
16171
17009
18306
17219
17473
19585
16678
18971
18440
19095
19073
16681
17122
15976
17987
16958
19221
17123
16299
17883
18548
18983
16486
17417
17491
18559
17852
17519
16745
16062
17793
18554
17205
17150
16276
17885
17692
18840
16114
16540
16872
16331
18698
17041
16159
17080
19774
19918
20395
17311
18797
18940
18659
19610
18176
19308
17223
19876
19611
17826
17927
17404
22175
17254
19594
18826
19369
19090
18422
19416
18524
17658
18390
21003
17674
19492
19686
18356
21549
18493
16778
17184
15677
17184
17390
16882
16348
16873
17495
17528
17541
16257
17047
17414
18110
18133
15719
17686
16875
17618
16641
17008
16461
15516
17604
17618
17793
15757
17030
17345
18174
18083
16270
17210
17711
16821
18221
17492
16962
16273
16882
17497
18241
16357
17029
16728
18694
17112
16693
17243
17205
18245
19409
18260
16003
17108
17342
18401
18572
15818
17416
16949
18266
17962
16210
16761
16768
17412
18981
17051
15605
16931
16955
18158
18343
15391
17289
16664
18469
17427
17336
16713
16744
17925
17679
18703
15755
17045
17661
18586
18228
16714
17138
17257
17036
17897
17666
15850
16993
17057
18703
18800
16040
17170
16831
17507
18535
16540
17250
15341
16930
17075
18628
16117
17041
16648
18858
19094
15831
16671
19722
16542
19035
16326
16499
22540
17061
17858
16237
15724
17201
18395
16241
18632
16293
17078
17252
17127
18933
16941
15842
18190
17768
16896
17340
16887
17156
18062
15477
18345
16942
15743
18610
17026
17197
18435
15598
17016
18502
16632
17688
17724
16174
18424
17612
19099
17910
16053
18117
19324
17959
18870
17098
17385
19882
16752
19731
18077
16622
19053
17082
19002
17309
16141
17548
18564
17591
18737
17280
16436
20757
16789
19650
17840
16590
18724
19127
19329
17940
16620
16731
20610
17157
18138
17959
15979
20177
16079
18665
17761
16286
16419
20182
17130
18287
16793
16316
19925
15411
19068
17793
15183
16334
19655
19201
17605
15776
18081
17947
19431
16709
15431
15307
19969
16417
18678
16193
15479
20008
15459
18698
17106
16665
15632
20109
19651
18368
16609
16276
22922
16715
19923
17573
16673
16428
17609
18604
17177
16429
16951
19506
18479
18112
16275
18225
17422
17150
19132
17237
19347
19627
20287
21167
20750
18671
21997
20680
20569
22403
20852
22180
23588
22985
25052
21330
21288
21730
20264
20803
19467
15909
18817
17165
17045
18575
15813
16990
18142
16246
18090
16616
17687
16723
16756
17367
18057
15262
17361
16775
16878
18459
15949
16470
16633
16619
17563
17582
15923
17969
16613
16697
18271
15354
16656
18237
15709
18311
15716
16471
16753
16733
17258
17491
16558
17893
17610
17054
20640
15560
16721
16815
15266
18724
16036
16153
17470
16409
17336
17572
15104
17571
17060
15774
18116
16096
16522
16669
16850
17524
18191
16403
16920
17338
17057
18270
15966
20475
19266
17173
18512
17000
17160
17386
16595
18082
18610
15840
19002
17901
17659
19129
16204
17807
17857
17156
18792
16778
16286
17293
17479
16855
16433
18459
17816
16242
18885
15524
16559
16477
17221
17341
17649
16074
18355
19724
16893
19204
16418
17934
19251
19541
19358
16962
17444
19676
20446
17314
19582
16725
19209
19453
20793
22112
17992
20569
21064
21611
21945
18964
17651
20372
18367
18829
21160
16789
18350
19015
19287
18900
18369
17461
19646
19697
18700
18239
17200
20092
18486
19183
20161
17715
18684
20754
18519
19554
17581
16493
20179
19159
17808
19332
16831
19634
17629
17447
19127
17432
16361
19211
19671
16678
19522
16709
19295
17109
17251
20070
16290
16980
20559
19015
17853
17375
16808
19220
18217
17674
19497
15614
18130
18883
18023
17349
17870
17214
19981
17204
18832
18146
16327
19156
19590
16800
18813
16232
17002
21654
16214
17811
17837
16395
18555
19577
17081
19406
17283
18487
20508
16385
18420
17708
16396
18463
18094
17051
16603
15822
17471
19100
17367
16999
16182
16581
18112
16540
18620
16976
16741
18666
19090
17599
18268
16593
18459
18762
17962
18152
16976
18593
18326
17061
18790
16319
17459
18311
19110
18407
17986
18153
18460
19361
18648
18792
17159
20070
18611
20164
18706
18630
18916
19327
19689
17090
20672
17417
18923
19792
19801
20520
17049
18704
18558
20636
17836
19783
18421
17793
20604
18176
19595
18005
18760
19461
20063
17727
18654
18776
17444
20329
16932
19699
17607
15946
19904
17889
19874
16764
17857
17183
18428
16834
18521
16985
18357
18530
17728
19502
17912
16509
18010
16775
18562
16562
16830
16371
17416
17248
18311
17266
16782
18631
15655
18164
16100
17487
18234
18438
17281
17116
16815
16890
18281
16551
18985
17758
15637
19556
15822
16973
17986
18207
17230
18549
16241
19661
16361
17685
18991
16136
17761
16067
18175
18457
15780
18220
16170
17160
19045
16464
17193
17572
18264
18154
18496
17450
18538
16838
18914
19569
16817
18192
16983
18603
19858
16979
18300
18469
16807
18523
19090
16797
18404
17792
18978
20929
16580
19380
16591
17233
20203
17915
17719
18920
16021
19782
19988
17847
19574
18744
19154
19684
18405
18547
18360
18926
19668
18399
21127
18230
17491
19492
20385
17511
19988
17402
17669
20228
20170
18527
19154
18956
19934
18910
18289
19094
17011
19988
18538
18786
18998
18758
19022
20996
19148
19107
19747
17104
19015
17884
17658
20168
17554
17996
18933
17872
17407
17746
17086
17749
18226
17757
17814
15634
19752
17850
17066
18382
17314
17714
19589
17760
17357
17953
17038
18998
17843
18638
19274
16250
19561
18871
18085
19371
17636
18918
18825
17344
19209
18106
16633
19008
17584
18226
17615
16531
17554
18157
18516
19492
16266
16779
19886
18343
16748
19054
16614
18004
19913
17484
19363
18563
17491
21608
17972
18545
19781
17042
19169
21644
17713
19715
18497
17997
20804
18223
18004
19335
16849
21283
16996
18082
18166
17065
20482
18055
17312
18512
16992
18759
21395
17570
18357
18423
17751
18776
18149
19085
17806
16471
18866
19343
16067
18414
16648
17636
18950
20224
18035
17657
17696
18951
17887
17130
17889
16004
18360
18630
17502
17622
17206
17315
19137
17371
17643
17814
16808
17967
19098
15321
16844
17227
16897
18179
15792
16738
17174
16684
19050
18117
17095
16574
16565
18868
17320
16753
17076
17043
19912
15883
17624
16576
17324
18535
16780
17489
16052
17437
19706
17487
16936
17060
17587
17164
19291
18498
17983
16098
18569
19579
16307
17256
16906
17441
16924
17803
17936
16246
16642
17582
19665
17081
17416
16787
16298
18635
17583
16226
18745
16348
17392
19048
17600
17907
17261
15847
20695
17408
16280
18420
17054
17373
19180
17011
17681
16544
20283
18006
16411
19030
16773
17653
20487
16568
18042
17664
17155
22476
17605
16930
19534
16020
17724
20531
16189
17482
17765
17503
19744
17950
18875
17316
16384
17982
20177
16325
17913
17681
17618
19205
17186
16900
16545
16183
16269
19230
16752
15420
16330
16260
18579
16262
16617
16708
16698
16193
18235
16402
15113
17818
17383
17604
16095
16022
16359
16089
17045
16743
14566
16197
17423
15862
17729
16752
16561
16368
16534
18254
16190
16242
18106
16713
16784
18495
15679
16537
16518
16623
18377
17201
15828
19143
16669
16924
18320
16113
16946
16402
17143
18444
17088
16238
18655
19035
17671
18310
15588
17569
16314
15979
16997
15526
16542
17607
17284
16698
16929
15440
18114
17588
15697
18803
15865
17270
20289
16450
17631
17504
16565
18788
18054
16213
18166
15916
16839
19444
16253
17703
17375
15823
18675
18488
16781
17473
15037
17961
19089
16008
19048
17448
18444
19109
18241
17325
17574
15639
18297
19841
16362
19534
16059
17327
19012
17587
18224
17682
16376
19563
19154
17219
16810
15889
19097
17526
17647
17313
15904
18272
18111
16237
16340
15204
18129
16316
15977
16284
16519
15137
18001
17250
16183
15649
15613
16806
17140
16137
16111
17324
17578
17079
15909
16723
17331
16533
16544
16328
16179
15163
16921
19386
15908
15026
16714
18097
17965
17645
16982
16781
16489
17157
20143
17367
16419
14946
17196
18102
17421
16134
16301
16927
18112
18098
15694
16984
16015
18455
18501
16769
17511
16508
16964
18634
17590
16235
16096
15593
17293
17410
16830
16247
16069
16883
19007
16612
16209
17144
16730
15974
19344
15746
16020
18188
17258
19747
19137
16412
17982
17577
15976
19877
16917
16151
18632
16074
17953
17773
15917
17600
15286
17892
18798
15930
16831
16040
15203
19764
17666
16117
17957
15137
18097
19816
17516
19566
17431
17215
20874
18254
16491
19638
15932
19122
16704
17020
23265
20149
21702
25348
21209
21854
24446
22718
28719
25595
23482
23549
20352
22110
24085
19025
17052
17665
15956
17932
15514
15096
17415
15742
17242
16688
15460
16858
16327
17956
16557
15490
17216
16663
16216
18027
15058
16703
17057
16890
18731
16480
15599
17497
18070
18076
17294
15873
17224
17119
19092
19061
16383
17215
18096
17594
18494
17620
16345
16848
17941
17577
18788
16512
17588
17321
19111
18782
17103
16785
17815
19345
19170
18187
17077
17580
18110
19506
18112
16164
18548
16548
18039
18912
16899
17819
17319
16193
18622
18542
16218
19626
17779
17690
19532
15966
18563
18766
19037
18394
17394
18781
18550
17725
19382
17860
17155
18579
17266
17959
18983
16577
17991
17982
17073
18586
17478
17214
17814
17400
17801
17705
15513
18960
17546
18152
18240
16493
17879
18521
15654
18956
15994
16465
17747
16784
18996
17498
17083
17927
17335
16564
18136
15572
18316
18355
16344
18128
17015
18103
17504
18462
15666
18898
16764
19056
19216
16791
19226
16064
19348
19092
18811
18666
17713
19007
17775
19365
17128
19999
18248
18332
19067
17923
18808
18248
19604
18208
17920
19493
16523
19337
17582
19242
18190
19113
19841
18538
18133
18831
19870
17964
19724
19910
18480
17319
18102
19972
18211
17894
18392
19328
17940
18856
18925
18786
19530
16666
17900
19103
17090
19039
17686
19099
17036
18573
19423
17276
16750
19733
18710
17973
20139
18731
19116
18162
19264
17782
17095
19669
19662
17064
20478
17482
18751
18258
17635
19930
17330
17767
19823
18193
17060
20638
16847
18802
18836
17065
20235
16612
19311
17912
17692
18456
17121
16032
19873
17408
15425
20338
16299
16911
17255
17081
20249
16139
16803
17973
17637
17268
16992
15979
18141
18041
17141
17277
15992
16544
18707
16377
19027
15988
17170
17391
18766
17056
17192
16251
18807
18582
16159
18972
15609
17472
17422
19448
18905
17091
17272
19169
19522
17804
18836
17050
17398
20878
16972
19329
17509
19005
19073
20714
18894
17384
19920
19994
17497
19611
17180
18518
19122
20042
19281
17798
18229
19168
20556
18881
18856
16863
18005
18747
18291
19483
16212
17805
17832
18705
16972
18424
16838
18623
19460
17065
18171
16758
16725
18188
19466
17774
18490
17073
17862
19155
16601
18230
17715
17147
21950
18220
18670
17505
16313
18420
19835
17248
17523
17427
17683
18632
17263
17007
17245
15867
20256
17701
16516
18291
16284
17482
19493
17153
17195
17470
16590
19565
17680
18323
17863
16978
17695
20106
16493
17645
17677
17399
19572
16495
17141
17528
15631
18416
18370
15108
19227
15611
19043
18093
15190
18032
15482
17109
20804
16025
18207
17333
17111
18556
18872
17347
17232
16422
17655
20886
16437
18597
18899
18299
21511
16759
18545
18268
17214
19053
19525
17020
19683
16585
18291
21571
16693
18517
18744
18405
18937
19585
17669
19116
18930
20232
16025
17681
18316
18106
18538
18759
18362
18467
16876
18412
19104
16372
18714
17344
17953
20313
17079
18385
17749
17761
18147
19442
16764
18467
16381
17952
20217
17739
16398
18190
17339
16897
18200
19345
16866
17774
19343
18943
19689
19403
17076
20443
17353
19456
20139
17978
19540
19228
19616
20373
19164
17474
20073
18768
19582
20526
17780
19349
18021
20851
21614
19033
19588
20019
18933
20148
20134
17164
19224
16673
18590
18726
18075
19075
18211
18716
18794
16840
15361
18814
15991
17308
18603
15233
17548
17945
15812
18485
15772
17768
18255
16273
20028
15917
17080
18534
16457
18323
18836
16240
18704
16110
16285
19649
15765
17369
19079
16677
18682
18138
18602
19309
17347
18918
19461
16399
19656
19491
16735
20855
17321
17836
19648
16575
17974
18980
17002
19978
18042
17024
20545
16866
18698
19121
17166
19244
19059
18196
19083
17036
18186
20028
16398
19954
17621
16685
18878
20234
19244
20426
17203
18207
20283
18222
19108
17477
16903
19049
16945
16774
18037
15986
18777
16951
16155
19110
16550
17352
17610
16483
19603
16508
17047
19576
17131
15928
20122
16287
19443
17017
16654
20208
16088
17635
18725
16708
16757
16738
18123
17400
15740
20115
15298
17163
18414
15867
15749
19966
15426
18241
16854
15733
19712
15354
17446
18160
15515
16090
19146
16210
18046
15079
15224
19219
15388
18198
16604
15997
18489
17746
17435
17851
17287
15881
20174
15925
19446
17839
16284
19770
17282
19339
18622
16948
17036
20963
19951
18219
16139
17384
19387
17562
18930
16584
16817
21792
16692
19240
17262
16054
18791
16582
18731
17421
16286
15883
20166
16334
18989
16227
15300
20290
15104
18505
16708
15345
14921
19055
18041
17708
15371
15374
19549
15940
18008
16493
15597
16232
19444
18373
17375
16104
16088
19957
16674
17891
16462
15474
19237
15129
17697
14750
14731
14727
17746
16372
17121
15169
15962
16562
17039
16752
15311
16275
16783
17697
17137
17220
16300
18215
17123
16941
18572
15760
19048
18121
17983
18162
15676
15785
17640
17225
18211
17953
15277
18786
16905
18850
18457
15693
16208
17396
17817
17340
17114
16034
15469
16723
17969
15258
17354
17957
16958
16538
16782
15528
18489
15693
17527
18068
15147
17070
17684
16580
18376
16149
16272
20077
16364
17417
19655
16107
19086
18088
17087
18565
16541
15542
20165
17996
18041
18014
17506
18240
18029
18676
19364
16543
17879
19815
17772
19200
16687
16097
20750
18426
17272
19793
16062
18088
20042
17764
19063
16881
15839
19655
19105
18100
17643
17481
17089
20881
18337
18701
17648
16648
19734
18480
17514
18252
16276
18555
19872
17136
18443
16214
18135
19926
18357
17926
17548
17537
17851
17902
17662
18664
17562
18769
17745
18729
18513
16142
16524
18316
18428
17914
17536
16882
19154
17232
18655
17635
16979
17651
19791
18974
19529
16701
17656
19788
18159
18899
18322
16734
19526
17755
17803
19788
16956
18774
19556
17329
18538
16281
15959
18067
17158
17294
18810
16679
17280
17085
16977
16165
16296
18263
16487
18092
19953
15905
18610
17114
17503
20460
16197
18145
17585
17510
18361
17648
16355
18669
15999
17982
20851
15980
17632
17356
17550
18793
17546
15982
18401
17360
16627
20463
16416
18855
16501
18087
20733
18650
18242
18128
18010
17700
19175
16504
19021
16982
17636
19656
15956
19122
16570
17563
19201
18378
18047
18062
18275
17832
19766
20134
19312
16814
17900
20426
18786
18432
18337
18798
17643
20032
17783
18986
17827
18271
17724
18171
19692
16065
17528
17986
19110
17065
18556
16752
17817
17143
17182
19158
16268
17380
16020
18346
18288
16070
16081
17491
16673
18128
16307
15827
18398
16875
16141
19293
16769
16551
19878
15942
18323
17957
16338
18528
16907
16008
19737
14950
17183
18238
16253
19491
17019
16682
19232
15792
16963
18405
15628
18580
17429
16082
19550
17014
15714
19962
16009
17614
18658
16307
19281
17925
16985
20041
16941
18204
20075
17365
20886
17566
17258
20221
18515
19168
20304
17334
20089
19858
18927
20722
18299
18361
20667
18805
17981
18638
17172
19447
18278
17903
19706
16632
19316
16846
18222
18871
18876
17148
20228
18361
18010
19585
17230
19434
16955
19619
18080
18034
16900
19232
18547
19410
17774
16935
19145
17195
18230
18894
16403
18884
16711
19179
18278
17942
16534
19551
18537
17761
19095
17009
23201
16286
19547
18202
18020
19733
17574
18064
19889
18628
16248
19376
16930
17396
18018
16039
18562
16184
18692
17046
16497
15860
17100
15806
16798
15340
15722
17342
15592
17438
16297
15559
17235
17488
17492
17910
16377
17765
17205
18149
16279
18976
16221
15942
19639
16675
17225
17882
15875
18446
17726
16475
18527
17368
17531
18968
17336
17363
17602
17873
17970
18843
17384
18127
17468
18555
18209
17918
18877
16209
18508
19822
18043
17754
18055
17859
19236
19684
17340
19347
17922
17767
19265
17590
18604
17163
19138
19114
17886
17283
17020
18778
20311
17535
19302
15838
17090
20568
17869
17227
18040
16710
18155
19254
16536
17981
15649
17578
19598
17741
17669
17475
17322
19353
17797
17284
18302
15904
18571
19210
16999
18593
16532
16951
20500
18022
17605
17738
17425
20955
18939
18631
18693
16778
19079
22050
18531
18253
17856
16900
20848
19034
17802
17740
16402
18947
17168
18569
17884
18062
19357
18077
17762
17608
18660
16620
21069
17945
16963
17664
17257
17222
17726
17351
17791
17839
15925
17650
17342
18682
17285
16049
18177
16194
17136
18915
17602
16571
19115
17085
18111
17690
18257
18617
17825
16888
18762
18598
17280
16793
17393
18702
19424
16780
18364
18404
18867
18265
17614
17557
17336
16856
18958
18764
15676
17765
17274
19140
17897
16811
16916
17652
18493
17643
17308
15851
17415
17174
18305
18586
15835
17421
17116
19127
16974
16893
16037
18536
15729
18616
18762
16426
17249
17638
18993
18613
15621
16966
16783
18699
18226
17459
17347
17375
18491
17680
18283
17208
17813
18664
19128
18310
16121
17580
17419
19408
19223
16088
18943
18516
19202
18084
18483
16605
18635
18744
20189
19463
16436
17757
17963
18802
17988
16994
16233
18240
17315
17230
17390
15690
17479
17876
18568
17499
16522
15822
18093
17600
16807
17879
15842
15601
17347
18712
18621
15048
15336
18200
17914
18829
16604
15684
16972
17903
17830
17467
15399
15733
17156
19680
18705
15643
15946
17116
19714
17449
18131
15856
18377
16750
20735
18713
16421
17541
17397
20581
18657
17320
16474
17546
16578
20644
18317
15884
17581
16933
19978
19096
16663
17268
17360
18489
19629
18133
16606
18146
16108
20416
19383
16654
15795
17611
19675
18617
16040
16019
17157
15890
20940
17569
16781
15969
18014
19824
19912
16863
16770
18254
17876
20781
17991
16747
18030
16060
20680
19173
17010
17092
18048
18174
21472
16937
16774
17702
16198
21959
18076
16572
16338
17642
18723
21030
15699
16224
17385
17227
20435
17837
15903
16710
16571
20676
17756
16321
15705
17182
18316
20359
15420
15509
17245
16704
20063
15571
16175
16368
16890
18807
18529
15950
15376
17598
19562
20619
17197
16612
16700
20809
18094
16485
15780
15982
17547
17096
19199
16628
17187
15573
19566
19849
15689
16271
17324
17952
20330
15770
16054
18373
18112
21088
16832
16214
16278
20165
19703
18446
17353
16229
18087
18794
19754
16245
16440
16352
20211
20254
18215
16472
16776
19356
20745
19326
18099
17218
17366
22342
19826
17180
16763
15878
20577
19589
17949
16278
16552
16929
21500
19466
16017
16876
17119
19818
20357
17363
16191
16012
17086
20606
18081
16056
15936
18921
21252
17282
16271
16755
17460
21710
19071
16396
16806
16744
20730
20322
16411
16720
16329
17909
21576
17500
16783
17059
16829
21499
21001
17490
17757
18042
19760
24122
17367
17809
16870
17159
22230
18099
16579
15934
15720
19184
22354
15907
16460
16651
18005
21780
16561
16600
16768
16145
18974
15600
16249
16964
15726
21119
17457
15573
16245
16971
17755
20650
15909
16336
17572
18455
17964
16123
17962
17395
15984
18964
18461
16056
19067
17341
18582
18155
16217
16059
19919
16288
19273
17809
15717
18940
16580
18255
18260
16319
17463
19011
17891
18718
16972
16467
20992
16842
19642
18240
16837
18762
18582
17852
18819
16117
17121
20165
17626
18724
17027
16095
20411
16435
18716
17509
15758
16825
18438
17370
18551
16035
17133
19366
15688
18898
17653
15940
18620
18293
17392
18345
16274
17275
18100
16893
17925
16536
15943
19589
17353
17011
18835
15297
16925
18344
17068
18671
16656
17143
19001
16473
16297
18963
15605
17826
17098
16747
18232
15162
16836
17571
17617
17794
17846
16623
17959
17837
17238
18179
15643
17863
18201
17730
17272
17068
17100
17239
18227
16455
17370
15655
18627
17509
16176
15668
18120
19054
16826
19036
16976
16381
18587
15903
20405
16273
16074
18144
19127
19489
18021
16597
17948
18343
17646
19778
17975
17028
18549
18882
19281
17478
16065
17610
18591
17813
18300
15809
17280
17336
16943
18858
17757
16107
17954
18269
17901
17961
15976
17295
18051
19067
19704
17376
17136
18660
17831
19464
18461
16533
17947
18807
18838
18887
16798
17967
18039
19407
19060
17484
17044
18484
17955
17936
19548
17232
18005
18347
19769
18752
19229
17742
19596
21922
23385
22913
21477
18189
19300
18382
18878
17054
18186
17440
19269
18895
17205
17851
18289
19560
17451
18191
18357
18276
17934
18905
19095
17539
18343
18017
19142
17374
18841
18513
18059
18926
17243
19651
17946
17394
16894
18822
17760
17854
17981
17769
19030
16865
19273
17344
15916
15900
18526
17151
18101
15596
15200
15974
14513
16810
16121
14876
16040
16702
16157
17223
14753
15807
16787
15187
17695
16176
16543
16701
17152
16058
17038
15877
16270
16918
17109
16498
16365
16647
18164
17193
17721
15823
15846
16316
17485
16569
16416
16502
15715
16828
17186
16874
16660
15185
16266
17971
16959
17888
15415
17087
16569
17839
16661
16442
15735
15925
18073
17605
16365
15541
16621
16943
17910
16718
16942
16981
15716
18744
17474
16725
15786
17086
17286
19440
17248
15530
16893
15544
19638
16994
17303
16735
15532
19533
17806
17090
16023
16988
16393
20479
16951
16332
17319
15530
19248
16740
17080
16485
16136
18229
19065
17872
16502
17776
16231
21413
18053
16521
17910
16474
18257
20360
18156
17416
17159
21863
18943
18066
18893
16791
18498
20895
17932
16613
17609
16027
21842
18356
16694
18029
16850
16840
20612
18131
16557
16279
15352
17684
16531
14983
16468
15200
16450
16448
15200
16802
16380
15471
17507
15632
15385
17539
16401
17283
16061
15727
18755
17173
17231
16466
16375
16678
17868
16102
17699
15825
16911
19335
15663
18118
16023
17104
16388
18619
17270
16869
15324
16880
19723
15189
18450
15520
16689
17363
18511
17023
16796
16392
16165
19659
16328
18090
16905
17110
18225
17379
17127
16417
17277
19627
16491
17153
15790
16678
18535
17194
18000
16034
15340
16222
19747
16643
16886
15743
16899
18800
17140
17599
15249
16152
16171
19130
17224
15994
15555
16391
19487
15934
17637
15714
16692
20200
17594
18112
17302
17721
18920
21071
19897
16355
16311
16801
19462
16858
16738
15153
16586
16658
19381
16516
15090
14896
17029
18800
17776
15789
15594
16063
15945
19365
16735
15246
14842
17039
16729
16084
14802
16091
17448
18445
16279
15791
18048
18725
16057
19136
16396
16113
18866
16368
18911
17732
17686
17730
19143
16749
17850
17129
19434
16819
17991
18925
18062
18118
17686
17480
19004
18238
17883
18654
16972
17167
18131
17175
17204
17592
17452
18438
17294
17262
17532
17378
18704
18166
17004
16877
17245
19104
18482
18517
16858
17739
16947
18701
17661
17767
17151
17396
20512
18391
18309
18759
17449
18097
18503
17100
17536
17707
18822
16927
17881
16510
17663
16906
17805
17417
16860
16185
17163
18168
17752
17153
16980
17877
16860
18271
17510
15654
16564
17260
17418
16721
16700
16916
16516
17608
16689
16304
15018
17053
18031
17243
15961
15861
16724
18692
16767
17492
16856
17612
17285
18163
17535
18311
16211
17664
19479
17067
15956
17168
17501
18908
17566
17670
18337
16783
16080
18765
17932
16497
17494
15883
18008
17314
18584
18671
16337
16368
19393
17724
16785
18352
16088
17358
17388
16282
18412
15829
16792
17637
18836
17585
17366
17218
17564
18209
16842
17602
17308
16849
17985
17064
19557
15499
17703
17320
18949
18037
17779
18143
18595
19906
17059
19171
16936
19953
18088
18564
18167
17302
17912
17611
17794
16928
18893
16004
18369
17683
17648
18815
16516
17681
16708
18238
17224
18001
15705
17924
16452
17074
19563
15952
17477
16955
18428
18044
15502
18687
16677
17064
18304
16696
19495
18286
17087
20215
18851
17592
19067
18232
17974
20295
16238
19138
17314
16931
18692
18191
18169
19477
17927
19204
18751
16349
19729
18434
17703
19107
17563
18521
18754
15882
18243
17010
15391
19348
16452
17250
17724
16208
17143
17967
15445
18577
16984
15580
19849
15565
18359
15820
15648
18603
15573
17985
15823
15850
17741
17505
16005
17317
16479
16145
17753
15881
18192
17859
17142
17318
18158
16715
19203
17661
16408
19105
17412
17602
18580
16481
17617
18159
15609
18413
17114
15654
18229
16498
17237
18020
15531
16996
17823
15664
18412
16839
16313
18291
16822
17368
18874
16430
17723
18854
16301
18448
16997
18123
17337
16622
18665
15642
17792
18942
16423
20502
16497
17248
18400
16175
18004
19053
16439
17855
19310
16185
20165
16436
17458
19111
16428
18598
19348
16888
16917
23109
17086
20287
16389
17903
19430
16547
19448
17703
18340
17890
16425
16177
19074
15662
17101
18156
15282
18611
16807
16720
18809
15247
17800
16304
16726
17234
15611
17697
16393
16403
16087
17329
15335
18714
17052
16802
18409
15998
18218
17121
16864
17106
16806
16046
18170
17059
16293
19142
15886
17298
18493
16152
17372
18240
16876
18050
15513
16862
18050
17015
18331
16814
17659
17023
18741
19174
17270
16823
18341
19678
18622
21342
18750
20876
19407
19152
21603
19895
20188
20277
22200
19101
18681
16804
17890
17663
17551
18447
16113
18514
17020
17453
17517
18353
17584
17405
17525
17414
18840
16392
19600
17970
17687
19192
18246
17693
17411
17360
17124
19015
16683
17756
17144
16715
16968
16758
19497
17115
16180
17483
18978
17566
18175
17961
17925
17666
17343
19198
17308
17793
17929
18721
18096
17683
18030
17979
18213
19393
18930
16448
17544
18035
19061
17932
18036
18217
17969
17670
19143
17425
17754
16874
17897
18692
18221
16878
17031
16587
17557
17101
17122
17096
17133
16467
18516
16903
16323
17132
16687
17943
17133
17206
17318
17169
17603
17666
16825
16768
15875
15857
19154
16387
16849
18423
19182
18691
17283
20071
17700
17431
19783
16788
19767
17030
16221
17275
17676
16829
19377
18758
18260
19112
16927
19225
17671
17734
19220
18796
19283
17583
17946
17919
19829
15899
19378
17835
18157
17862
17944
19231
17242
18339
19077
19640
17247
22859
17537
18391
18823
17330
19557
16582
17802
18681
19949
17985
18393
18724
18416
19511
17879
20080
17420
19281
20813
18054
20104
16758
17961
18246
20122
19627
18446
18082
19572
19211
18271
19884
17173
19630
17478
20346
18953
18804
18555
18283
19546
17422
19366
16625
19429
17808
18447
17655
17349
18199
17097
18909
17216
17336
15820
18835
17850
17432
18208
16757
19202
16570
19111
17151
16871
17938
22848
21088
21775
18410
15679
19020
18109
19452
17244
16797
19067
16682
17517
18498
16790
15403
18962
18142
18290
17196
17088
18935
17162
18599
17391
17008
15442
17490
17306
17417
15465
16818
17785
16717
18195
16932
16138
16881
16535
17006
19197
16019
17820
17330
15415
20899
16579
16416
16900
16599
19186
17678
15821
16509
16934
17413
19226
15879
16987
16481
16355
17566
16231
16943
16929
16116
23922
16746
15767
17565
17201
19571
17711
16407
17397
17643
17227
20069
16037
17526
16895
18432
19294
18374
16695
17410
17711
22923
20645
16240
17337
16169
17380
21369
16186
16484
18200
18563
18591
19388
16804
17545
16444
18136
21452
16463
17297
17104
17885
18581
19073
16289
17337
16994
18932
19625
15532
17957
15969
19504
18461
16886
17846
15680
16841
18589
18083
15523
16164
15501
19784
19021
15674
16591
15114
17320
19485
17423
15915
16619
16825
20348
18652
16596
17159
15825
19228
18514
17908
19236
17305
16503
20095
17634
17204
17519
16435
18224
20470
19125
16355
15464
16020
17690
17843
16272
17283
16143
16756
17784
17131
17317
17299
16346
17541
19427
16741
18777
16816
18561
19503
15630
18189
16770
17616
17337
18206
17664
17348
16945
18599
21749
20941
23899
20719
22435
25302
20774
23235
23094
23085
23001
24064
23603
22955
18163
22546
21875
18289
24404
22458
23115
22846
23772
22147
22366
22311
24121
25534
30910
31774
30224
31366
31890
29302
29527
28616
27181
23699
24755
22771
23760
21786
24424
22062
25135
21102
22322
23276
23298
23107
22370
21433
23603
24394
21076
22749
19877
23068
24129
20853
22868
21900
22563
22274
24041
22093
22389
21310
23790
23471
21369
23796
21373
22697
22600
18388
16794
16463
16216
16640
18076
16559
16940
15964
18055
18519
15503
17267
15994
16691
17749
17632
17238
17045
18281
17881
16902
16650
16308
17709
17801
17375
16249
16784
16368
16246
18828
16628
16502
15750
18641
15782
17105
18315
17027
16859
18679
17146
16217
17666
16174
18283
17588
17274
19223
16393
18220
17925
17902
18823
16462
16825
19101
17111
17325
18690
16418
18914
18194
17498
18866
16207
16959
18824
17209
16911
18598
15614
18757
16866
17245
19070
15748
17716
17610
17322
17340
16181
17744
18513
16582
16929
18204
17162
18926
15487
17598
16150
17338
18674
15356
18262
16923
16492
16542
16618
16308
17877
15751
17068
17926
15555
18652
16787
16816
17472
16246
18201
16407
17256
15198
17979
15571
17945
16951
16757
17466
15908
18054
18241
17638
17829
18034
16815
19228
17769
18029
19395
16324
18167
16159
18068
17116
17342
16171
16723
17647
16420
17776
16359
15763
17746
16603
18663
16319
16273
18460
16666
18553
16741
17321
15793
17332
16893
17139
16602
14665
17128
16022
17141
14863
15840
15773
16640
14831
16826
16269
16069
16991
16456
17327
15149
17796
17320
17301
15872
15549
16575
17052
19701
16468
16748
18402
17385
18233
17307
16344
17007
17366
18751
18747
16304
18083
18455
19220
17410
16475
18167
18601
18742
18196
16311
17898
17679
17218
19895
16524
16518
17378
18253
18762
18540
16851
17275
18232
18432
20037
16145
16458
18507
16872
18020
17365
15690
17153
18812
17135
18466
15274
16132
16918
16715
17573
17108
15289
17252
16857
16428
19008
15789
16177
17690
18181
18411
15226
15970
18444
16341
16683
19159
16018
17462
17391
17632
17502
16084
15808
18663
17911
18653
17434
15311
16636
17548
17106
18880
17537
15470
17135
17199
18480
18607
16185
17018
17169
17053
20800
21591
19688
22297
21219
22054
22192
19918
23622
23236
25548
26790
25139
23724
24669
24185
20484
22453
19672
16913
18011
18330
18863
17253
15821
17578
16698
17994
17692
16506
17045
19066
17567
17880
15826
17916
17098
17786
19193
18063
15780
18568
17387
17294
19266
17134
17669
18757
17874
18307
18249
18162
18698
18850
19514
17429
17302
17740
18834
17677
18240
17974
17240
18016
17581
19259
18186
16511
18940
18074
18303
16310
17169
16941
18127
16945
18139
17390
17325
17670
17041
18879
15887
17770
16222
15861
18634
15229
16610
16994
16498
16391
16877
17120
16572
16714
16527
17532
15043
17146
15837
16087
17870
15170
16473
16346
17665
16282
16839
15076
17814
16584
16854
18257
15205
15847
17470
16902
19824
17224
15484
17483
17869
17721
18537
16072
16776
18594
16480
19571
15074
15610
17235
17807
16601
17187
15795
17373
18478
16268
19098
16254
18574
17887
17849
18217
16096
16735
17622
16381
19063
16172
15969
17436
18802
19609
16919
16610
17176
17227
17624
19681
16937
17665
17103
17472
19595
16609
16143
18193
17906
17938
17947
17180
18403
18784
16744
20638
15735
16843
19449
17710
18788
17465
16480
17912
18253
16376
20453
16505
18809
18599
16042
20592
16258
16352
18949
16924
20899
16337
17226
18601
17496
18674
18899
16181
18532
19430
18832
24269
20044
21177
18577
16852
18004
18585
17000
18828
17334
15832
21987
16563
18188
18685
15840
18247
16603
16927
17644
16478
16887
18804
15449
18039
18557
17139
17257
17177
17907
16597
16821
17977
17898
16255
18261
17857
15656
21169
16842
18500
18177
16765
19413
17318
17627
17152
16974
17547
18865
16517
17339
18570
16350
18637
16671
18439
16968
17068
18599
17447
16983
18422
17464
15831
18796
18026
17649
18195
16848
19313
16910
18322
18616
18068
19420
17275
16551
17315
19478
17561
18251
17593
17345
16768
17684
18317
16574
16577
17054
18573
16456
17834
17461
16349
17646
18486
18165
18865
16841
17821
18519
17334
17923
16995
16147
19875
17577
17991
16900
15811
18123
17445
17939
18770
15766
17320
19265
19619
19944
19656
18998
20898
19804
20897
19322
16767
17133
19050
17307
18446
17206
16324
18077
18867
17327
17405
15957
18730
18284
17875
19249
15950
17262
18200
17199
16886
17052
15923
18242
18381
18431
17402
16403
18695
18420
17353
17321
15284
17778
17999
17386
18788
16078
17418
17528
18380
17659
17372
15905
19601
17203
18086
16838
16236
18322
17148
18572
16831
16532
18172
18133
18188
17631
17689
16081
19051
17558
17440
17530
16727
18799
18529
18152
17610
17377
17237
19460
17988
16914
18762
16976
20220
17165
18392
17913
17607
18642
18622
17834
17750
17467
17537
19116
17813
17870
18290
16330
18590
17362
17447
16582
17441
16130
18536
17316
16827
16703
16438
18417
16374
17549
16833
16587
17115
18067
17631
17281
17311
15385
19636
17175
15859
17598
16070
16724
18086
17425
16947
16637
14982
19395
17635
18189
17895
16423
18526
18495
18169
19035
17017
17676
19398
17907
16702
16554
15082
19499
16359
17577
17264
15253
17586
17439
16789
17548
16080
16282
19292
17395
17116
17090
15998
18808
16960
17829
18692
16170
17674
18496
18350
17775
18084
16710
19322
19070
17313
18274
16050
18673
18931
16350
18564
17024
17765
17393
19008
17419
17579
17370
18451
17686
17590
18192
15777
17949
16604
17714
17803
16427
17683
16790
18782
17741
17158
16689
17178
17213
17858
18087
15823
18732
15730
18773
18424
16547
17426
18228
18549
17207
17788
15917
19213
16443
19276
18904
17028
19221
17598
17649
18876
17918
17321
20583
16520
18468
18149
16009
18773
16363
16524
17890
18657
17552
19001
16516
18188
18782
17127
20212
17396
17769
20207
16871
19086
18673
16445
18588
17799
17768
18944
15739
17040
18757
15797
18540
17342
16311
21014
16634
17553
19186
16259
17376
19550
16352
20365
16098
15810
20203
16183
18922
18864
17054
19846
17896
17495
19254
16036
16445
21000
16756
21529
16844
17053
20389
16396
17984
19412
17219
16550
20366
17044
20024
16426
19624
16454
18853
18974
17306
19902
17501
18307
19596
18004
17242
19646
17491
20633
17834
17310
19399
17433
18070
19089
17975
18208
17910
17757
20546
17798
17022
19945
17652
20276
19495
17321
18820
16434
17717
19243
17931
16414
19020
16110
20240
17824
16660
18844
15413
17336
19448
15861
18763
15972
19970
18120
15847
18902
16531
17538
19499
16896
18296
15772
17274
19940
18375
16332
18203
16106
19367
18785
16072
17102
16671
18788
17623
16577
16681
18716
18247
20180
17277
16213
17665
17457
17635
18483
17582
17055
17174
16984
19648
16926
16238
17965
17021
18032
17657
16372
16893
16285
16250
19131
16728
15270
16903
16922
19133
17532
16200
16575
17758
17207
19773
17173
16060
17639
17009
21009
17792
16642
17882
17411
19264
18927
18072
17886
17761
17690
19609
18302
17006
19012
18986
19608
18793
17185
17980
20414
16944
20327
18088
17661
18788
18381
19668
18420
17368
27342
31658
31897
32092
29922
28980
31575
26988
22730
18074
16855
18660
17287
18747
18452
16195
16274
20225
16642
21374
17267
16770
19281
17136
19163
18480
16255
17933
18747
18516
19393
16578
17006
20463
16350
20055
16909
16907
17972
19199
18892
19343
16792
18158
19742
17280
19367
17572
17280
19880
18310
18336
18268
16710
18661
19566
18021
20359
16931
17781
18204
16967
19365
17311
16278
17818
17996
17390
20322
16697
18091
17689
16428
19747
17498
19150
18586
16358
20390
16233
17854
18248
15830
17268
19398
16447
19216
16723
16304
20259
16118
19582
18139
15714
19430
17206
16109
19394
16119
17109
19483
15102
18252
16702
15291
18366
15686
16727
18608
16521
17057
16453
15934
19517
17440
17041
18570
15478
17747
18365
17612
18605
16359
17194
19550
16821
16808
18182
15596
18700
15859
17175
18931
16121
18292
17214
16810
17937
15451
15988
19710
16404
17808
17114
16622
19175
16691
17987
18848
16476
17941
18043
16324
18549
16578
15687
20044
15422
17492
18510
18980
17888
17311
16497
18127
15948
16480
17604
16324
19299
17675
16200
17684
16165
18334
18539
15449
17471
17938
17453
19909
17660
18699
16668
18769
18036
15788
18041
16934
18780
22830
19452
18304
21326
18929
20941
20143
19480
21426
18187
20736
19791
17950
21618
19144
19057
20890
18525
18761
21832
18728
22070
18951
19483
23750
18243
19851
20960
17640
19722
20795
18222
20111
18318
17374
20791
15549
18057
17947
16812
19608
15113
17232
17865
15408
20232
17211
19284
16745
16002
20581
16042
19214
17830
17331
17803
20080
17796
19634
17134
16595
20294
16277
19848
18083
16508
19771
17084
19059
17379
16423
15876
20365
16417
20956
17152
17069
21306
16935
19057
18029
15842
18136
19443
18089
19460
17288
16909
21235
16537
19926
17531
16711
20369
17159
19255
17866
16930
18514
18791
17976
19540
16454
16172
19844
15738
19032
17018
15538
19880
16115
17022
19050
16277
17221
19913
17336
18929
16832
17044
20638
15876
18158
19192
15619
18872
17440
17500
18440
15887
16185
19472
16239
18382
17661
15688
19873
15953
17100
17554
15466
16894
16431
15720
15823
16287
15306
16261
14430
17467
15997
14900
16368
15245
18979
15291
15436
16000
16477
17146
16930
16328
14651
17419
15251
18741
16213
16067
17292
16561
18676
15983
15613
16477
17658
15557
20988
15603
15581
17110
17360
20812
16545
16310
17374
17689
17350
21353
16718
16366
18905
15875
21103
15887
16812
16821
16496
19950
15713
16451
17653
15665
20938
15372
15668
16335
16440
17595
17775
14684
15828
16473
15452
19960
15158
15019
16111
17117
17416
17620
15006
16270
16078
17151
19374
15030
15576
17008
15208
17802
17316
14950
17445
16296
17869
16993
15399
16119
16367
16525
16235
17556
14088
16400
15054
17121
17202
14162
16302
15925
16658
14922
17480
15456
16296
15213
16763
17414
14337
15891
16109
16990
15150
17719
14624
16224
16480
15992
17265
14622
15196
14663
17040
14521
16160
15150
15987
15370
15577
15884
14831
17117
13864
15500
15620
15951
16605
16183
15630
15690
15586
15212
16584
15707
16275
18485
18744
20148
17294
19928
20940
19173
19057
18726
16479
16250
16615
17562
15566
17492
15957
16405
16367
17328
17010
17318
17312
17164
18290
15433
18379
16794
15266
18824
16482
16220
17238
16694
16849
18137
15358
18514
16837
16329
18499
15453
16884
17169
15645
17350
18034
14921
19535
16723
16866
18040
15304
19215
16633
14914
20279
15833
15713
18174
16749
17236
18045
14966
17552
16642
16644
18115
15300
16480
17648
15880
19593
15165
16504
18128
17033
17030
18113
15799
16556
17990
15961
18630
15890
16890
16806
16802
17973
16737
15685
15948
18705
15799
19080
16841
16228
15977
19096
14391
15920
16418
17727
16076
17323
15286
16136
17290
14625
17350
14765
16021
14196
16115
16027
15196
14671
16266
17039
15317
16146
16600
15732
16230
17077
16916
14789
16991
15036
18805
14854
16333
15909
16898
16920
16391
16378
15660
17746
15741
17290
15020
17659
16996
16716
17320
17035
17346
18778
16803
17716
15311
18956
18413
15836
17660
15933
17526
17331
18432
16877
16704
15436
18269
19419
15944
17711
16265
17750
19452
16149
16982
17263
16673
16942
20951
17637
17263
15915
18828
18883
15975
17392
17902
17619
17975
16989
17146
16722
15976
17021
18700
16917
16353
15688
17141
18806
16920
16622
15171
18395
16878
17555
15564
17049
17306
16522
18114
16762
16925
15295
18009
16909
18620
17040
15200
18422
17243
17494
17115
16159
16357
16307
16410
17860
16919
15703
17837
15782
18205
16996
16106
18435
15611
16895
17461
16563
17044
16138
17569
18776
16802
16742
18502
16931
16639
16787
16861
16761
17232
16493
16640
16421
17694
17730
16542
19034
15664
17181
17910
17070
18117
16764
17288
17985
17337
16216
17985
15687
18123
18849
15864
18407
15615
17316
18675
16171
15714
17619
17177
16669
17642
15769
18346
16215
17816
19396
15255
15913
17352
17021
17311
17112
15425
17747
16291
17681
18266
14934
18122
16070
17404
17624
15465
17466
15770
17224
18791
15140
17050
16474
16386
18098
16817
15388
17347
17368
17505
18390
15735
16472
15424
17073
17612
17885
16418
16178
16495
17963
19031
15219
15677
17116
18560
17168
16269
16412
17038
16912
17930
15945
16744
15437
17306
17542
15998
16306
14533
15660
16621
17594
15745
16255
16861
17551
17445
16712
16693
15426
16082
18450
16263
16098
15333
16197
16487
17762
16744
15951
15242
17973
18429
15747
16546
15696
16324
16601
15639
17444
14942
16657
16476
17818
16204
16220
16579
16738
18918
16114
16931
16613
16455
16874
18273
16567
17470
15981
17222
20093
16643
17437
16728
17733
17058
18974
17019
17384
15787
19925
19385
16379
17313
18088
17220
18262
18088
17383
16779
15638
19047
19456
15107
18092
17214
18210
18108
17990
17353
17181
18964
19093
16533
17993
17759
18367
18536
17721
17201
19887
15789
19088
18089
16734
18153
16174
18024
18213
17806
16189
17326
16122
17840
20263
16114
16855
16665
18153
19376
18071
16685
17737
15321
19210
19387
15347
17546
16485
18227
18264
17535
16392
16812
15944
18937
18383
16288
17490
15317
18359
18839
16128
15370
16637
16170
18333
18219
15055
16968
15227
18741
18791
15807
16035
15966
16436
20097
17082
16179
16982
16472
17002
19016
16250
16792
15710
16870
18945
17441
15066
16784
14674
17594
17595
15853
15176
15370
16581
17771
16248
16671
14948
17670
16824
15922
17122
16254
17480
18053
17819
16975
15693
15400
17702
17477
15734
19514
15238
16791
19096
17383
17158
17262
17504
17784
17686
15931
17720
15310
18123
17750
16937
17799
15862
16781
17369
17599
16936
17136
16403
18322
17261
18089
17652
15745
17812
18273
17522
17658
15667
18467
17193
17796
17923
16060
17250
18336
17174
17937
17123
16631
19308
17020
17618
17002
16580
19609
18134
15629
18616
16732
17232
18818
16055
17526
16550
15680
19562
17280
16150
18104
16615
16783
20167
15744
16552
16702
16569
18941
16696
16114
17594
15954
19437
17059
16692
16260
16306
18103
17922
15692
17404
16051
17284
19397
19238
16795
16729
16470
18335
16586
15860
17716
15241
17460
19105
15381
16989
16400
17137
20110
17008
18052
16792
15766
17422
18950
18561
16275
15954
16408
17964
15618
18921
16260
16730
18913
16049
17038
16670
17593
20055
16356
18990
15388
15796
19244
16867
17445
17414
15654
19666
18130
16396
18034
17036
15882
20706
16768
17549
17061
16089
19924
17773
16153
19865
16566
16897
20324
17791
18080
17893
16813
20980
18138
17120
19220
16524
18709
19946
17814
19127
18438
21591
18344
16508
19894
15988
20434
19447
17089
18139
18702
17452
19809
17863
16284
18305
17115
18369
18078
17470
16385
17527
18536
18413
17651
16948
18909
15954
19396
17590
16616
18435
16420
18156
19050
17198
16199
19979
16427
19183
19180
16522
18289
18825
18405
18699
18493
16020
19431
18822
17401
18247
17482
17227
17863
18054
16891
16860
17882
16709
19572
17246
16734
17610
17330
17655
18440
17922
16215
17581
17814
18375
17882
17819
16574
18182
18510
16959
19424
16325
17132
17236
17710
16916
18681
16735
16483
20665
16301
17392
18094
16650
18695
19955
17026
18238
17986
16520
22012
18927
18759
18231
18438
19179
20921
18666
23025
20451
22164
24205
23081
21426
22541
24472
25794
21492
24865
23250
20942
26570
22624
23224
23480
22077
23109
26856
23296
21912
23980
22341
24279
23451
23024
22888
23444
21720
23349
23015
20066
23286
22630
22972
20306
23455
21484
22752
22636
22181
21758
22148
22080
22690
24432
21245
21074
23521
21999
20134
20905
17622
20840
19804
17884
18015
19870
17663
18639
19271
19526
18522
18233
20488
18316
19631
19743
16872
20193
18971
18868
19473
17535
18024
18888
17619
17972
19990
16177
21661
24125
25004
20174
17610
17946
17820
18144
17164
18961
17532
18982
18286
19689
19721
16739
20111
19076
17281
18801
19739
18237
20498
19565
19411
18951
18665
19917
17732
18913
20787
18212
20497
19984
18012
18657
18484
18407
19226
18933
16860
18157
18391
18582
19280
18941
18765
18404
18052
18816
20264
17245
18410
18113
18824
19247
18856
18458
18320
18187
18693
19580
18955
18773
18062
18488
19541
17147
18511
18678
18298
19391
19222
18683
18543
18220
16814
16327
17419
18068
18151
19745
17956
18282
17872
17721
16941
20073
16985
17545
17396
17977
19079
17799
17409
17727
18071
16991
20439
17869
17550
17630
16677
21117
17154
18673
18214
18235
18392
19754
18070
18241
17936
16810
20808
16547
18409
16530
17435
19358
18607
18253
18199
18362
16943
20481
18839
18379
18053
18370
19547
18934
17653
16693
16432
19136
17586
18390
17168
17524
17134
19316
20086
17475
17904
16808
19594
18297
17611
16486
17428
18845
17263
18408
18209
17973
16470
18050
16747
17356
17255
17636
19509
15848
17855
16235
17936
18316
18129
16126
17441
16632
17866
17714
15976
17852
17846
18531
18219
17357
18128
18882
19203
18388
18140
18581
17911
18165
19228
18377
17047
19458
18398
18684
20151
17454
17953
18063
18791
19047
18418
18500
19200
17357
19557
18118
16212
18250
19122
17649
19205
16919
17645
19160
17109
19020
17385
17291
18420
17883
21018
17944
16635
18595
19750
19416
18549
17182
17967
19899
19200
19097
17526
18844
19590
18449
19557
19333
18228
18202
19746
19918
18925
17847
18968
20209
18167
18610
17956
17793
19639
16413
19536
18272
16981
18512
19822
17687
18693
16390
17694
19413
17149
18138
17753
16770
18116
17324
18244
18243
16310
17319
18362
17453
17239
17454
17191
18853
16366
19007
17761
17949
20254
17625
20273
18624
16671
18071
19219
18048
18944
17077
17798
19128
16741
18041
17820
15982
16636
18907
16678
18530
16152
17852
18175
17092
19591
16116
17480
19259
16336
18883
18445
15831
18042
18291
16466
20007
16487
17964
19013
16367
18460
17610
15755
19846
15902
15419
19822
15959
18444
17355
16664
17467
15451
17991
18599
15517
19228
16810
16841
18149
16185
18791
17290
15838
18596
17358
16858
18574
17085
17216
18532
16550
18574
16840
17411
17658
16863
18544
17439
16167
17654
18873
16237
18610
17715
17489
18036
17165
19387
17252
16654
17883
17775
17124
18139
16570
17607
18599
15844
18805
17389
17780
17082
16707
19308
17677
17373
18670
17510
19101
17356
17491
17057
18047
16974
19014
17128
17439
18390
16579
19356
17338
17248
16950
17135
18814
17356
16240
17961
19364
15742
18485
17991
17518
18301
16909
19502
17737
17172
18129
17989
17564
18985
16495
18200
18503
17759
17348
17938
15808
17512
17487
19670
17731
15789
16904
17649
17590
19127
16313
18313
17106
17426
18588
17131
17008
17806
18512
18780
17013
16242
17181
18201
18172
17907
16241
17151
17711
18991
18474
16505
15895
17078
19515
17556
17812
16299
18407
18533
18610
18994
16641
16712
18332
19219
19892
16960
16372
18284
19101
19185
17231
16112
18138
18320
18108
19021
16340
16178
18593
18309
18325
18316
16925
19008
18559
19165
18094
16432
18057
18302
17657
18389
15774
15657
18671
18331
20073
18044
16046
17152
17993
18782
18157
16322
17980
17592
19377
18313
16470
16254
17733
18389
18961
17676
16703
17299
18849
17494
18647
15911
16174
17653
19458
17954
17383
16906
18162
19016
19386
18012
18563
18528
19031
17907
19187
16848
16440
18572
18956
19080
17442
16671
18427
18755
16848
17411
17475
18900
18574
17420
18388
17431
16548
18523
17356
16053
17708
17326
17963
17530
18649
15694
17265
17948
18647
17217
17455
17811
17698
18816
17613
18241
18138
16511
19410
17673
18403
17576
17377
17873
19650
19234
18743
18767
18570
20113
18129
19410
18306
18961
20008
19134
18438
18466
19658
18498
20768
18902
18854
17322
19742
18395
19691
18310
19124
20589
19958
20154
18995
19307
17984
21343
17531
20042
16964
18002
20537
17539
19052
19237
18386
18006
19162
18874
18483
19238
17579
19745
18281
19457
17511
17788
17634
19690
17926
19060
17726
17073
20125
16900
19807
21982
20780
24356
20837
18554
17526
18080
18013
19607
18567
19765
19900
19320
21582
18343
18347
19557
20215
20841
20022
19791
20501
19514
21157
19752
19590
18785
18385
20499
19427
20144
17655
17597
18976
20317
17127
18799
17213
18545
20802
17075
18511
17125
18147
19401
18839
17580
18083
18192
18092
19413
17119
18748
17648
19183
19809
17836
17812
20098
18767
18750
21158
18438
21239
20899
21470
18275
18020
20862
19564
22199
18539
18198
20124
18375
19969
22123
17968
20717
17567
20354
21238
18209
17957
20936
19131
20397
20181
18044
19977
17531
20421
19910
17784
18601
19734
19217
21344
18027
17730
20399
19231
19678
20252
17500
19160
17965
19206
19660
17645
16778
19742
17919
18661
19185
17651
20427
17184
18737
21108
16746
19874
17278
19043
19512
16436
16058
19721
19321
18581
19452
17626
19883
17701
20910
21032
18145
17729
20240
20468
18740
19683
18160
21352
19643
20144
20291
18006
19295
19893
21459
19421
19470
18688
20264
18831
19665
19131
17433
19685
19565
19169
19296
17667
18461
18909
19950
18868
18540
16700
19401
17825
17234
17875
16091
17662
16522
17457
16658
16828
16185
15977
16961
17698
17793
15825
17140
16536
16843
17997
16271
15623
18669
17030
18060
19243
17103
18363
18946
18029
18007
18429
18214
18413
18074
18269
19394
16191
19579
17246
18419
20301
19218
19779
20492
20382
20223
18148
20641
19797
20016
20521
16892
19389
19714
18958
18603
18561
18208
19663
18842
18720
18183
17227
19666
19040
18333
19321
18019
18222
20493
18653
18684
18633
17019
19937
17953
18512
19035
16403
18506
18092
17022
19055
15809
16766
18029
17408
16740
17589
15518
18266
16588
16927
18148
16701
18445
17270
17769
19199
16020
17406
18192
16871
18055
16723
15991
19373
17585
17221
17623
15495
18692
16700
17363
18605
16972
16000
18689
16717
16438
16574
16792
18706
18258
15692
17974
15267
17295
16792
17914
18349
16064
16936
17390
18159
17899
17408
15845
18893
17611
16089
18301
16227
16819
18586
16209
19242
16597
17100
17159
17044
17566
17252
16383
18277
17702
17412
17007
16690
17554
19317
16448
18121
17389
16852
17809
17037
16738
17719
16612
16864
17985
16890
17226
17634
16489
18010
15451
18113
16880
15469
18225
17711
17464
17547
17502
18397
18203
17133
17903
17537
16621
17786
17274
17711
17103
17375
18133
17186
17320
17296
17386
18780
16460
18403
16550
17224
17703
17201
16806
17050
17146
17252
18699
17438
16806
17335
17201
18992
17423
18975
16340
17142
19348
18541
17895
17921
17394
17473
19708
17873
17405
18030
17866
17864
17855
18565
17079
17644
17796
18832
18329
16146
17932
17256
18421
17674
17474
17149
17116
17337
18730
16905
15633
18744
16907
16758
18313
16780
17232
18619
17290
17520
17377
16468
17977
17775
18562
18562
15554
18123
18086
17137
16957
17343
17928
16512
18253
18159
17915
17386
17591
17517
18036
16943
20012
16792
18948
18020
18305
18822
16427
17734
19388
16238
20590
17632
17906
18771
16956
18264
18553
16548
19494
18171
17370
17328
18408
17512
19337
15948
19929
17326
17689
17512
17737
18047
17067
18274
18489
17556
16445
18447
17519
17330
17378
17765
18514
17416
16569
19872
17182
17695
18124
17835
17495
18215
17426
19151
17746
17767
18758
17700
19057
16296
17892
18514
17657
19277
16689
18647
17890
18112
18580
18758
18989
18873
17996
18807
19051
16669
17785
19344
17274
19966
17959
17338
18067
17084
17827
19200
16539
18745
17089
17533
18975
15799
16242
18331
17374
16145
19262
15750
18785
19516
16477
19443
15919
18887
18478
16153
18919
16915
17734
19810
18842
18503
17880
17770
20163
20174
17607
19613
17261
19892
19678
16835
19476
17074
19115
19913
17588
18690
19916
17749
18975
21018
18347
19246
19382
18145
21047
18917
18846
19875
19530
19957
20917
17945
19799
20488
18269
21496
18297
19676
19936
17625
20880
18785
18105
19577
19620
18143
22176
18677
19164
20568
17495
21385
17878
18718
16931
18882
18301
16608
17648
19381
16060
20640
17108
18748
19087
16930
19330
18099
16942
17741
16913
16649
19569
16098
17185
18776
16024
20588
16399
17432
18190
16348
18314
18583
16288
17342
18814
16143
20021
16941
17786
18912
16151
18651
17148
17662
17334
17600
17730
18444
15648
18313
19191
18477
17690
16184
17151
19161
16078
19833
16308
17288
20388
17087
18745
18098
19094
17861
18260
18077
20775
17056
18149
19660
16524
19934
18162
18368
19790
16813
17930
18788
16578
17112
19083
17649
20539
16989
18693
19564
17042
19725
18349
16795
18097
17836
17232
19664
16764
16595
18033
16077
19443
15874
15868
18675
15591
18093
17689
16085
17725
18445
15904
19425
17076
17101
19024
16721
19614
17244
16540
19427
17501
15790
20141
16661
16961
19230
16517
18935
17267
16962
16884
16759
18574
17375
15711
18926
17691
16535
18786
16509
17425
18692
16479
19235
16947
17413
17391
17234
18255
18126
16144
17750
17330
18974
17477
16282
18746
17214
16945
19319
17459
17864
19300
16204
19308
17126
17261
17529
17255
18716
16181
16559
18467
17693
15641
19565
17307
17277
18009
15969
18116
17155
16801
17905
17604
17264
16982
17067
17954
18716
17342
17566
18098
17211
19789
17365
17130
16353
17283
18727
19149
16877
17551
17780
17409
18705
17224
16305
17102
17411
18700
18212
17268
17383
17634
18536
18357
16792
18130
18251
19094
18635
17437
18063
18093
16693
19288
18595
18216
18752
17111
17914
19522
17824
17888
16420
17439
18239
17489
18831
16110
16370
18367
18168
17392
16592
17018
17351
19607
17587
17821
15251
16525
17592
16842
17146
15455
15556
16636
17978
17357
15813
14932
16932
18703
16685
17093
15819
16833
17426
17846
18512
15425
15562
18163
18576
18809
19864
16245
17475
18507
17512
17966
16495
18046
16811
19073
18499
16543
16026
18391
17977
17654
17153
15859
16896
18400
19373
17864
16431
16804
17918
19344
18813
16353
16280
17641
18495
18528
16068
16396
19129
19259
18721
16261
16062
17082
18346
19003
18276
15826
15781
19410
18501
19659
16337
16056
18346
18057
19157
17323
17719
16927
18175
20094
17844
17136
16271
18699
19246
19643
16485
16223
18741
18261
18851
17333
16062
17348
19814
20151
19440
17220
16291
19322
17903
17910
18633
17548
17819
18535
16676
17787
16706
16713
18110
18370
17560
18617
15320
16750
20261
16524
19239
16820
16390
19151
19714
17280
18356
15993
17656
19098
17331
18382
16008
16555
19930
17620
16641
18384
17180
16968
18989
18903
17187
15399
17086
19471
17630
17771
17304
16494
18470
19096
17887
17967
17138
16806
19451
18302
21892
15732
16667
18955
17603
17410
16013
16022
17075
19080
17168
17188
15346
17445
18412
17767
17197
15132
16294
19206
17333
18698
17165
16315
17645
19988
17435
17397
15648
17641
19027
18823
18555
16595
16050
20294
17691
17344
16890
15717
18000
19022
18121
16951
15798
16496
18884
18517
17797
16390
16005
19360
18499
16951
17316
16174
18011
19007
19336
17620
16820
17410
19599
18384
18297
18033
16168
18007
19276
19908
17815
16091
17646
18930
19485
17033
15875
15766
19166
17423
18697
18158
17402
16711
19737
18610
17602
16738
18253
18170
16755
19522
17101
16989
18344
19256
18497
17781
16557
18028
19540
17031
19173
16843
15983
20537
18548
17928
17537
16730
18154
20423
17553
17738
16290
17909
18663
17292
19620
16525
16364
18559
18953
17829
18165
16399
17880
20484
16792
18664
16045
17767
18566
19657
17268
17006
16676
17482
20226
18222
17952
16001
17348
19362
16970
19864
16431
18135
17138
17144
18566
16551
18577
19753
18958
19322
17845
17852
18815
22026
18458
18614
18244
20679
25075
21260
23655
21806
23748
23754
23463
21801
19009
17707
18592
22016
17862
19380
18021
17002
21128
18105
19090
19076
17568
19079
21913
18309
17985
17162
18111
20295
16474
19557
17404
18565
19249
18654
17680
18068
18057
21145
17430
18391
16684
17891
19912
17557
18245
17389
15865
18495
19913
16419
18683
16371
16236
20186
16819
18578
16608
16577
18961
17722
17651
17995
16817
18092
19692
17331
19649
18071
16074
20165
16358
18415
18682
16522
19237
17534
18226
19238
17904
16719
20989
16161
18620
18731
16252
21324
18846
19696
19129
19390
19628
17795
19684
19027
20488
18990
19360
17568
19820
18369
16111
20170
16420
19253
17806
18078
19014
18278
18145
18763
18602
17293
20070
17092
19571
18028
18232
21249
17475
19719
17729
18940
19547
19270
17626
19597
18328
17310
20445
18212
19398
17219
18849
18310
19499
20252
16886
18159
17885
20305
16817
19948
17867
17054
20387
17368
19104
17024
18348
18884
19211
20249
16807
17726
17969
19512
16613
20486
19078
16702
20769
16639
18961
16482
17589
19003
19055
19055
17002
17887
17767
20277
17470
19687
16929
18197
18714
18469
19960
17524
17604
17618
20171
19075
18442
18603
16442
19290
17161
18125
18948
17123
21571
16655
19040
17682
16897
20190
17284
18467
17814
17721
18185
19243
17213
19759
17306
18775
24208
21820
21708
21278
20105
22266
23700
23237
24324
27624
24957
18827
16955
17843
15899
15530
19556
17608
17316
17689
16039
17148
19102
18344
18210
17858
18352
20878
19069
18884
17185
17943
21358
18551
18553
18539
17226
19704
19863
18256
18541
16796
18148
19588
19065
19230
17996
17211
21609
19521
19011
19172
18069
19858
19651
20416
18690
16675
18493
19690
17962
18124
17003
18184
19613
18813
18918
16500
17227
19918
18093
18036
18096
16986
18207
19962
18447
17831
16372
17345
19066
16991
17741
16682
15801
16505
19298
17447
17153
15423
17018
18225
17683
17920
15910
17235
16737
19316
17552
17575
16373
18009
19188
18569
17842
16931
17821
17664
18853
17102
17003
16681
18753
17894
17677
15505
15902
16999
17877
15980
17816
15131
16766
18091
15257
17541
15456
15221
16669
18027
18150
17186
17042
18126
22961
21301
22494
20309
19595
23867
23031
20614
17070
16490
17645
19500
16996
19080
16473
18112
18020
18926
18136
17669
16284
19603
19859
20618
19888
17348
18354
18723
20430
20219
17832
18160
19427
20201
20320
18229
19308
18617
20149
18367
20217
18787
20677
20374
21213
21487
20588
19872
18022
18674
17894
18995
16011
18377
16216
19621
18886
16759
19498
18791
20690
18355
20115
18526
18306
19387
17978
19109
17150
18664
19117
18679
19825
19599
19373
18163
17393
17724
18264
15432
16707
17023
17913
19394
16263
17982
17110
17972
18182
17656
17036
16960
17726
16697
17937
16129
17759
16523
17352
17531
16082
16932
17013
17521
18626
17292
18158
17368
17313
17519
17924
15959
16951
16327
18032
16776
15734
15942
15425
18348
15118
18226
15387
16832
15153
16615
18974
15149
16527
16200
16559
20046
15593
16275
17173
17024
19155
16787
16396
17765
17188
18935
19026
16388
17448
17914
18431
20626
17037
17481
19483
18216
19229
18666
16979
18222
17873
18144
21183
16712
18536
19310
18749
20916
17044
16924
18870
17590
20495
18388
17027
18838
17792
19684
19844
16881
16389
19406
19509
19273
15886
17737
17543
18463
19883
16291
17317
19864
17088
19487
18361
16675
17556
18076
19462
19277
16498
17049
19245
17302
21727
17336
16827
17859
17582
20245
17590
16312
17666
18246
19089
19674
18155
16046
19643
16370
19855
17961
15768
16758
17804
20068
17201
15896
17566
17705
19913
18254
17243
17225
18881
17114
21449
17207
16207
17422
18120
19204
17790
18086
17697
16930
17435
18296
16696
15749
16188
16445
16719
16797
16862
15586
16267
16363
16861
16700
15301
15876
16164
16245
17434
16660
16891
16561
15927
18551
15526
17893
16084
18791
18198
17261
17465
18250
18296
19440
17649
17353
19197
17855
17834
19129
17459
19330
17225
18199
18157
17367
17574
17266
17922
19632
17081
15919
19734
17811
17031
19350
16096
17938
16852
17730
17817
16971
17307
18674
17880
17234
18959
16038
19459
18324
17943
19069
17308
19262
17501
18489
17686
17969
18199
17617
17921
18252
18017
16249
19052
18723
18235
19345
17520
19627
16871
20523
20778
20709
20228
20537
19757
19727
21591
20156
23136
20504
19464
20024
18625
19909
17456
18744
20248
18886
17195
19748
18847
18622
19881
21382
17089
18677
19503
18303
17079
18605
18140
18004
17991
16814
19117
18650
17368
18087
16004
18486
17125
18733
17818
17329
15707
18920
18960
16342
18370
16905
17879
17277
18736
18172
17035
16507
17818
19590
17317
18730
17024
18031
20421
17248
20226
16876
17265
20175
19234
18528
18788
16797
20397
19486
18753
18536
17325
19303
20027
18023
19379
17260
17599
21503
17747
19106
17751
18208
19935
20411
19155
19046
18733
18247
19342
18423
19798
19197
17898
21231
19034
19821
17981
17939
19427
20556
18587
19612
18868
19214
20481
19007
20666
18899
21402
20193
19683
20309
18196
18294
19601
20448
20105
19159
17977
20277
20036
20396
19078
19784
19443
20238
20499
19288
19250
18634
20993
18621
20415
18155
19624
20661
20101
20165
18646
17258
17704
21418
18518
20142
17683
17251
19402
20209
19137
16827
16687
18353
18567
17944
20406
16305
16705
19362
19004
19206
17043
15947
18133
17602
17229
16005
16566
20032
16975
19435
16431
16269
19129
17796
19122
16417
16240
16317
18815
18123
17572
16715
16988
19006
18487
19471
18124
17702
18284
20567
17444
20536
16266
18103
21239
18623
18148
19165
16860
18006
21335
19156
17809
16257
18736
18796
18522
20151
17693
17615
20567
18225
18187
17962
17402
18339
19472
20194
18987
18859
20954
19301
19399
18817
16501
18379
20943
18886
19832
18024
17351
21458
19016
19117
18882
17516
18729
19114
19913
19311
17819
18085
19672
19245
19325
18507
16459
20684
18264
18900
18067
16883
17343
20047
18272
19094
18645
16821
19084
18152
20069
18832
17762
19456
18653
18383
20483
16936
18893
19492
17747
18609
16859
16984
18891
18892
20178
16993
16505
18133
18169
16665
18563
16003
17916
17431
17489
18238
16565
15061
17736
16641
17317
18474
15119
16399
18474
17095
17395
17040
15619
18422
18163
17370
18564
16128
18897
18208
17211
16427
18212
16400
18256
17252
17971
18145
16612
20781
16469
18052
17849
17189
21685
16564
19773
20909
16865
20220
18823
17480
19930
18235
18049
20069
17469
19430
20026
17768
20459
18353
18204
21203
16650
17783
19520
17310
17613
18074
16284
21858
17235
17222
19626
17257
20785
20357
16981
19800
17609
17282
23517
17343
19322
18920
17420
22132
19114
17859
21160
17945
17843
17686
20304
17014
17500
21847
18304
17509
19570
16582
20956
19162
16860
20277
16889
17227
20916
18342
19710
17139
17272
20580
19305
17535
19956
17451
17943
19270
18486
19621
16789
17357
20323
19240
18656
19084
17498
19161
20472
16633
19245
16850
19283
18672
17711
19565
17201
17331
19330
18353
17432
16547
18687
18193
18001
19837
16398
17013
19707
19120
17903
17871
16949
19391
19251
15882
18970
16072
18195
16141
18130
17722
15865
17240
18772
16377
16396
16500
16203
19341
16532
16530
17295
16193
19012
19428
16351
17669
19091
17584
19604
18007
17644
17690
18404
20207
18804
17442
16719
19367
20032
19891
18430
17661
18027
18895
19706
19925
16814
17688
19639
20937
19861
18682
18007
19669
20628
19920
18045
17629
18784
18747
20079
18745
18103
17953
18323
20086
19130
19349
18585
24204
23815
22321
22957
22609
23308
21863
24128
18468
18144
17791
19121
21204
17103
17647
18556
19191
19100
18309
18235
17403
17348
18292
19380
17218
17106
15796
18688
19192
17494
17469
20964
18162
17761
17453
17299
16391
16877
19643
18248
17758
15596
18905
16895
18813
17841
17426
18150
17021
17771
18465
17167
16482
16958
18565
17295
18364
15821
17577
17260
18849
16496
16613
15767
17714
18665
18668
17756
16204
16992
17814
19546
17726
18387
17482
17255
16228
20467
17453
16176
16500
17538
17364
19792
16632
16326
17487
17306
20018
17665
16417
17578
16100
21449
17845
16216
17744
16460
17530
22641
17124
16524
17799
18232
20456
17278
16064
17346
15722
18720
19494
15373
16592
16823
17820
20390
16466
16064
17482
16860
18123
21047
17118
18575
17328
18278
22559
17708
17842
18625
18853
20728
20761
16995
18479
17110
18737
20465
16520
20159
20574
20541
25666
20261
20120
21962
21266
19729
18879
16046
16375
16146
16567
19788
15003
16120
15666
16013
19223
16741
15298
16886
16347
16765
19977
16119
16641
15549
16795
19181
16552
15509
17057
16342
17581
19774
15148
17602
16131
18160
19293
16468
16730
16645
17078
18949
17871
14879
16570
15671
17695
19332
15755
16706
14317
16283
17764
17308
15938
16634
16019
19235
17943
15845
17179
15915
15508
19858
18053
16429
15443
18214
19235
16555
15961
15500
17603
17825
17937
16440
18000
16524
20293
17890
16265
16806
15192
20181
19000
16598
15740
16511
17509
19812
17531
15779
17994
16310
20939
17372
16481
15896
16892
18991
19818
17586
17024
18863
16618
22245
18070
16418
17248
16457
20505
18397
16729
15785
15788
21521
18302
15640
16631
16127
19467
18029
15996
15781
17756
17024
20980
17432
16227
16839
14973
19518
18717
15636
16034
16832
18901
17594
16801
15896
16444
16177
19610
18394
15629
17003
15469
20182
18592
16494
16255
17230
16386
21982
17556
16228
17372
16146
22054
17639
15766
15411
16915
18871
18195
16333
17521
15952
21766
17917
16305
16535
16129
19911
19507
16120
16437
16749
15491
20750
17797
16048
17090
15823
21408
18413
16336
15836
17768
21474
19586
17099
16806
18004
16796
20768
18834
17418
17781
17725
19870
18246
16966
17033
17316
18769
18412
16544
16081
18862
16737
17437
17961
17288
17323
18381
22628
18625
16229
20104
16550
18322
18996
16738
16621
19005
17684
17476
18504
15950
18608
18004
17678
18921
16383
17877
18999
17330
18007
17817
16261
18090
18352
16681
18610
16087
18668
17075
17952
19140
16725
17913
17893
18774
16057
19228
16852
18787
17006
17162
19336
16118
18410
18884
18442
16635
19122
17503
18102
19536
16048
18789
17358
17883
18579
17011
18641
16411
17973
17687
16808
17159
16866
17733
17648
16863
16878
18326
16509
18059
16329
17014
18565
15478
18274
16659
16523
16505
16715
16695
18481
16610
15786
17615
16380
17160
16825
17292
17293
17029
17965
17916
16327
16482
17465
17451
18259
16794
17445
17654
17276
19301
17335
17769
17475
18926
19154
18350
16098
16981
17210
18661
17423
17343
17206
17664
16993
17420
17121
17637
17874
17003
18192
17115
16269
19024
16327
17329
18391
17289
16688
17098
18528
18468
17958
17141
17545
17723
18389
17448
16828
18428
16104
18420
17849
17529
17768
17385
18007
17526
18665
16441
18568
17409
17541
19120
17799
17177
16387
18704
17567
16706
17608
15720
17380
19102
16721
16833
18230
18340
17064
17997
16079
18519
17734
16135
19069
16640
18024
17376
17505
18884
17335
15736
19369
17350
16694
18624
19523
18269
16911
16953
19294
18288
17314
18378
18701
16871
18393
17548
17401
17640
16335
19694
18832
18061
17434
17986
18637
18648
17183
17879
18308
17390
18086
16914
17238
18384
16352
19032
17010
19088
18258
17297
19875
18716
19578
19318
19568
19248
19604
18040
20862
19149
18078
21681
18784
20460
18516
19937
19654
19544
19144
20588
18617
18518
20248
19763
20985
18845
19563
19192
19143
19182
22152
20246
19663
20924
19037
22037
19288
18813
19948
20291
19110
20788
20171
19205
19213
19314
22251
20792
19861
18938
17646
22021
18627
18242
17568
18477
21567
18082
17780
18511
19254
19848
19877
19442
19026
18791
17231
21290
18715
17907
18871
18456
19536
20748
19276
19178
18219
17799
21532
19186
18721
17697
19582
19591
21050
17815
18319
18783
18874
20906
19466
20266
18208
21142
19256
20621
18731
18617
20927
17944
20353
18444
18451
17688
20329
18526
20634
19348
18303
20251
17736
21077
19129
17302
19188
17630
20870
21196
22367
21363
22495
18637
21432
18476
16328
19092
17443
20691
17196
18642
19027
18756
17324
20538
18694
17482
19487
17304
21619
17384
18083
19229
18814
19042
19956
19627
20131
19884
18007
20311
18566
17130
18624
19197
19479
19013
19023
18162
17123
19206
17650
16509
18283
20212
18436
17259
18235
18520
19106
18691
17624
19584
19161
18548
20588
17930
16867
18954
18690
19197
21365
20736
22071
22542
20761
24177
22209
21635
20025
18866
20820
18020
17203
19384
18631
17951
20699
17693
18192
19269
17260
21287
18228
17773
20142
18289
20257
20510
17024
19716
19694
17420
22773
17358
19013
20740
17972
19427
18051
18137
21864
18298
18273
21053
17546
18610
18876
17166
19308
17930
16876
19490
16142
17666
19855
16138
20946
17166
16948
20969
16557
17901
19376
16553
18109
19923
17187
20634
17018
16360
20253
16200
17765
18787
16425
18221
18924
18695
16714
18238
20801
16991
22166
18625
17004
19042
19909
18996
19701
18633
19385
19591
18766
21664
17061
17293
19913
18381
21467
17573
18229
18719
19405
18749
19701
17149
17569
16582
18580
20919
16713
18254
18084
19048
17512
19531
18978
17854
17494
17617
20260
16751
18227
17309
17612
18559
16640
19482
17642
17423
18906
18990
16737
19545
18530
17144
18674
16736
19458
17266
16742
18194
18110
17012
20149
18086
19323
16617
18868
18485
16215
19434
19653
16846
20717
18195
18340
18188
17582
19203
19848
17893
19669
18335
17766
18431
18270
19012
19468
16901
19313
18240
17900
18818
17917
18564
17582
17883
17859
20552
16667
18947
17124
17592
18694
19160
18908
17986
17612
20155
18857
17192
18817
18597
18720
19600
16307
19137
17892
16154
20174
16985
17129
18771
17738
18640
19193
18295
18158
17160
16953
19923
15870
17953
18169
17462
17800
19662
16857
17288
17475
17766
18455
16406
19545
18489
16113
19093
19121
17764
19643
18364
18044
19274
18670
18948
18911
19623
20016
19375
16951
19352
17204
20167
17666
16176
18877
18654
16648
17477
18161
17033
17864
16889
18200
17834
18857
16978
17921
18266
17715
18591
18288
19028
17480
19651
18330
17157
18409
18102
18915
16380
19108
17986
18322
15939
19168
17868
17861
17714
18074
19405
16715
18666
17238
18548
18491
17436
19680
17239
17941
16688
19130
17577
16157
18022
18525
17746
17281
17098
18349
19215
17016
17726
18558
16289
18710
17928
17811
17767
17464
17906
18610
18776
15783
18491
17629
17726
18317
16971
18375
16672
18328
18356
17484
17876
17475
19326
20044
17876
16682
18894
17125
17690
18343
18004
19585
17500
20352
17028
19560
18481
18456
17918
17576
19113
18204
18864
16880
17424
17142
19409
17590
18359
18736
17746
18885
17171
18567
18592
17559
16623
18932
20695
16874
17828
16323
18815
17790
18858
16456
17307
17053
16696
20223
16296
17631
17441
18205
16355
18958
17694
17350
17853
18140
18462
16467
20796
18218
17878
18851
16506
18694
18399
18986
17576
18060
17419
19969
18210
17674
19810
16539
19928
17676
18261
18105
17277
19013
19023
18945
17448
18566
17088
20106
17880
17604
17619
17663
19447
17833
17941
17568
16829
17204
19159
19200
18026
17094
17094
19359
18354
18150
17358
15471
18167
17608
19184
18188
16012
15307
16792
17236
16596
15264
17516
18729
18195
16438
16293
15847
19646
17531
17942
18390
15867
17668
19080
18735
18309
15559
17115
19855
18351
17061
18331
16453
19754
17166
18913
18582
17009
18861
17893
18942
17675
15758
16028
19897
17305
17239
16935
16754
19451
17905
16954
17432
15873
17342
19312
18105
15452
17483
15403
19845
16252
18252
15132
15287
19550
15404
18225
16951
16044
17791
16937
17037
18060
16072
16127
18357
15221
17762
15984
14920
16704
15188
16093
18907
16408
17167
17191
19832
21014
16989
15342
17002
17065
17532
17237
17579
17531
15894
18670
17335
15552
17939
18029
17854
19352
16581
17330
18251
16695
21380
17636
15963
18328
17471
19942
18221
17172
17544
17358
20524
17884
16414
18192
18424
17929
20194
16783
17159
17073
16128
19567
17931
16180
17615
17582
19463
18020
16024
17303
17378
16979
19988
17765
18322
16213
17374
19704
17509
16439
17447
18404
18426
19633
17904
17645
16289
17070
19919
17319
16603
18019
17750
20455
18185
16536
19052
16369
19243
20718
18036
18536
16830
18976
20513
18632
17755
18100
18374
20360
18304
16937
18493
16406
19299
20493
16703
17625
16128
17196
20647
17374
16524
17817
16720
20360
19276
17421
17745
16069
20028
19021
17296
18207
16833
17387
21711
18034
16655
18226
16943
21339
19551
16883
17904
16741
17313
22076
18341
16393
18277
16547
20584
18679
16524
17670
16609
20347
19315
16639
16342
16294
16933
20643
18354
16732
18482
16122
20895
19612
17778
17873
18774
19213
21931
17413
17525
20399
17007
21091
19373
17586
17831
20435
22566
22930
16769
16161
19429
17430
20061
17245
16720
18722
16136
18028
19240
15911
17045
18851
16915
20136
15976
16238
18683
15989
19143
19075
16450
16230
19016
17566
20027
16074
15833
18651
17604
19954
16569
15947
18676
16768
18715
18257
16015
18500
16580
19222
18925
16455
16612
19820
18396
19417
18323
17214
20576
16733
19968
20181
16851
16852
20123
18308
20140
18793
17036
19905
18029
18924
18994
17401
19563
17222
18842
18876
16944
16100
18556
17710
17389
17867
17101
19173
17836
16790
19301
16448
18963
18134
17310
17999
17160
18331
16890
18206
16107
18967
17376
19075
17557
17362
16084
17078
19121
17525
17823
16410
17174
19049
16971
17591
16441
17058
16078
17563
17344
16810
18086
17975
18539
17457
16843
19387
17252
16831
19380
18728
17429
19355
16970
17878
19938
17386
19863
18458
16861
18725
18238
18761
19965
17240
18449
19930
17081
20856
19326
17452
22110
18286
19538
22336
18095
21255
19436
19977
21464
17240
16632
20679
17016
20317
19235
16981
21000
16972
18650
21910
17163
18122
19982
18017
19799
19134
17194
21069
17000
18240
21162
17331
20182
18639
18283
20797
16933
17459
21555
16183
18583
20215
16819
21053
18265
21068
16863
17309
21155
16611
18914
20639
17112
20945
17695
17779
20394
16869
17875
20270
18100
18962
19201
16657
20296
17765
16797
20610
16823
18686
19817
16173
21148
16067
17139
20483
16558
17332
21183
16888
19008
18389
17076
20948
16994
18657
20257
16755
17817
20532
18576
19978
17512
19583
18124
16538
20991
17506
16477
19572
16512
19155
18517
17066
17109
17110
18435
18250
20335
16360
18359
19306
17968
17948
17817
18220
17632
18100
17016
18701
16652
17831
19098
18034
18547
18196
17824
17711
18389
18393
18261
16904
18714
18407
18418
17761
17544
17573
17551
19685
18017
17657
16930
17809
18243
17611
17512
16243
18813
18445
16440
18040
17969
17943
17597
19259
17696
17613
18123
18010
19537
18528
17733
16575
19180
19087
17540
17356
18020
19009
17282
19334
17404
17938
16489
19528
19673
17856
16899
17945
20146
17763
18482
18557
18339
16683
19300
19446
18146
16780
19858
18849
19272
18914
16868
19159
17753
18496
18793
18289
19728
17225
18136
19012
18467
16769
19306
18458
18356
19460
16931
19919
18365
18624
19199
18508
18658
18405
18461
18974
19431
17471
20791
19040
18483
19642
18422
18635
19309
19919
16838
19299
18486
18973
17733
18883
19626
18868
18790
17545
20876
17643
19358
21235
17862
20465
20471
18119
21221
19150
19094
20450
17344
19949
19245
17955
20170
17989
18537
20655
17285
20286
19625
17660
20537
19656
18581
20970
17622
21194
18752
17639
20055
18182
18129
22211
17157
19122
21144
17440
21601
19290
18432
21447
18028
17808
21393
17204
19165
19688
17074
20785
17895
19492
19839
17370
20304
18264
17366
20438
17491
18034
20027
16507
17282
18028
18008
19714
18236
18671
18926
17990
20314
18793
18182
20353
18048
19124
19063
17892
20039
19075
18492
19770
17227
19021
19806
16884
22182
17770
17916
20585
16999
18436
19999
17448
18574
19748
17704
20688
18036
17943
21677
18188
21639
18022
17908
21683
18356
20123
20897
18441
19236
21406
17743
21082
18397
18227
22210
17901
19605
20598
17795
20324
21337
20389
20416
17787
20251
18707
19399
18087
18307
20540
18896
19542
20093
17233
17866
21832
17404
19285
20102
18042
20556
18129
18333
19415
19255
18996
19975
18994
18550
18279
16490
21764
16615
19176
20529
17292
18697
19457
18490
19376
17991
18476
21102
18749
18801
19021
17984
20889
17799
18876
19475
17707
18770
20754
19155
17789
18572
20317
19228
19566
18930
19128
19595
19293
17529
19821
18168
16580
22061
16627
18064
19880
17891
21084
20957
18481
18807
19716
17688
22693
17057
18484
20939
18028
20873
20054
18007
18520
18501
19986
20128
16155
18409
19728
16880
21713
17673
16972
20195
18186
19470
20738
18417
18073
19014
18570
21823
16921
17540
21122
19847
19420
17793
18320
18428
18056
21514
18543
19421
20289
17898
21434
19044
19170
18261
20033
20205
20834
19064
18400
19772
18106
22642
16692
18899
20361
16888
19797
19001
17312
15824
17278
16460
20881
16247
17214
17673
16440
20182
17978
18376
17890
17025
16527
21634
16777
15836
19750
15571
20628
17708
16923
17648
17289
18740
17428
17684
16597
17893
16068
21783
16419
18012
18306
16280
20073
17726
15443
18269
17894
18203
20376
16672
17601
18484
15462
21251
16268
15712
18393
16497
19149
18806
16956
17837
17788
17324
22027
17403
17932
18836
16178
19858
18698
17624
18278
17887
18349
21753
17303
18132
18151
16650
21095
17533
18900
18109
17464
20692
17440
19408
17957
18575
18479
20309
16961
19706
18904
16289
21598
16610
18256
18396
16551
17836
19372
16655
18103
18007
18370
19359
16371
18895
18528
16082
20718
16393
17763
19105
18188
17545
19116
16842
19083
17545
16227
20102
16834
18720
17806
16692
18706
17901
18074
17936
17182
18650
19374
16434
19285
17240
16089
18693
17084
17948
18537
17089
19606
16266
18712
18044
16057
18842
19768
18301
17444
15802
18498
20414
17231
17479
18698
17143
19970
17226
17477
18619
16899
18094
21009
17971
18821
17634
17064
20667
18202
18310
17518
16218
18541
20281
17923
18347
17416
17026
19546
18675
18607
17796
16656
19624
20319
18368
18483
17068
18462
19259
18799
18807
17154
19475
19422
20977
18921
20074
18248
19906
20113
20067
19007
18369
19069
20140
20741
18230
19142
18981
19043
21132
19263
19593
18484
19590
19606
21757
20802
18798
19848
19492
22273
19467
19439
18046
21305
18222
21205
19435
17326
19376
19175
20558
19621
18335
18373
20576
19466
20905
18794
20270
19685
21894
19356
19255
18958
20298
19135
21997
19686
17515
20735
18500
22330
19773
18624
19255
20757
19898
20836
18669
17855
19723
17725
20712
20775
16911
20328
17291
19849
17464
17595
18689
19852
20096
17559
18595
17863
21132
16973
20212
18458
16935
19794
18845
19573
18105
17492
16878
21491
20654
18428
17078
19334
21278
20224
18311
18473
18103
21948
17089
20122
19826
17665
20987
18117
20659
19517
17428
18592
20555
19859
18675
19436
16879
21662
18288
21298
18941
17725
21209
18720
19738
18945
18081
17243
20956
17865
20649
18692
16881
19685
16893
19041
17368
16756
19880
17377
18517
17936
18698
16910
21255
17747
18417
17843
19735
18221
19272
17421
19185
16937
20699
18038
18715
18264
17065
20607
17698
19338
19484
16589
16515
20835
18462
18174
17940
16760
21576
17173
19767
18328
16194
19021
18180
18966
18195
17229
17067
20504
17943
17897
18852
17342
20512
17368
19412
17872
16126
17227
18459
16955
16085
17036
15673
18339
16869
15754
17444
16053
17092
17410
16479
17222
19689
21072
21281
20582
20881
21317
19235
20513
20268
16466
15708
18533
18099
19077
18185
16618
17969
18143
18002
19869
15946
17596
17997
17547
19483
17056
16391
20219
17923
17607
18824
16773
17920
18017
17832
19850
16767
15930
18790
17755
19460
18405
16065
18234
18671
17767
16668
16082
18253
17162
17792
19213
16233
18354
18729
18269
20476
15495
16571
18840
17594
20441
17764
16826
18707
18152
18400
20730
17459
18530
18903
18621
21516
16463
16640
19728
18317
20038
19386
16861
18483
18436
16894
21205
16704
17285
18368
17546
20638
17751
16955
18902
17657
18460
20701
16583
18177
19584
17925
21351
16374
17732
19352
18437
19660
19656
16314
18965
17843
18410
19811
17046
17818
18827
17679
20907
16597
16570
19027
17747
18073
18281
15992
19222
17398
17568
19261
16133
17672
19164
18144
19522
16464
17658
18738
17035
17271
17832
17126
19636
17714
18217
19351
17488
19316
17433
18797
20618
17477
18407
23087
18604
21119
17968
17435
21160
19962
19291
21440
18540
20332
20058
20435
22591
18074
17891
20186
19573
19002
20477
18752
20674
20075
21570
20785
18435
18695
21521
20289
24443
19909
18435
20236
18850
18443
19951
17357
17501
19741
18624
20319
17827
17458
18748
18618
18617
20527
17936
16602
19745
20167
20275
16808
17420
19555
18916
20290
19204
18001
17638
19964
18485
19491
16717
17058
20507
18222
20306
17707
17307
18341
19276
18833
20309
17944
17873
20306
19779
20604
18012
17556
17838
20019
19608
21085
18897
18975
21673
20272
22550
19629
18573
19599
21406
21452
18482
17047
16635
20237
17985
18966
17554
15941
20762
19196
18498
15820
15981
20155
17117
18675
16733
17264
16893
18339
17833
18254
16964
16609
18309
17447
18422
17605
18608
17883
17621
20025
19828
19265
18869
20092
18794
19541
19107
19796
20162
18665
20516
20152
19830
19468
18729
20321
20016
20249
18844
20012
18064
19791
19018
18772
18784
18921
20751
18861
18108
18117
19246
19235
18109
17908
18427
20238
20042
19491
17523
18563
18239
18339
21739
17409
18298
17752
20321
20622
17992
17567
18523
19470
20240
19961
17437
19243
18881
19942
22267
17599
17524
19767
20225
20042
18932
17688
18347
18408
19289
21719
17651
18787
19195
19265
21039
18634
17926
18786
20389
19421
17069
18526
18588
17960
21972
16589
17310
19141
19098
20139
17100
17345
18167
20052
17582
20317
16975
17817
18310
17937
20646
16764
17520
17417
17693
19030
17938
17439
17430
18207
16959
19980
15974
16360
17772
18086
19459
16551
16824
15672
19763
17208
19328
16901
17254
18332
18472
19137
17230
15882
17958
18278
19366
19095
17145
18082
19380
17440
20387
17836
17804
18484
17765
19197
18064
16158
17929
18586
18751
18646
16774
18396
18530
18324
19792
17622
16990
18242
18567
19200
18500
17335
18015
19599
17280
19079
18037
17284
18761
18167
18169
19638
16513
17684
19303
17026
18575
17853
17575
18906
17109
19959
18024
17423
19166
17679
19388
19245
17452
18759
19156
17712
18710
17552
18264
18895
17371
18701
18114
17518
18074
17797
17510
18541
16472
17539
19316
18586
17789
17834
17161
19779
15953
18111
18858
16790
18601
17635
18217
18627
15904
16868
17950
16487
17547
17975
17459
18045
16041
17323
17959
15615
17716
17742
17318
19473
16360
17591
17898
17561
17397
17557
17732
18337
16589
16822
17607
16423
18084
16648
17057
19968
16686
17228
18826
16343
19410
17709
16872
19326
16137
16874
19576
16038
16113
19081
16202
20210
21409
17159
19560
17913
18832
21226
17162
17594
20243
17713
21278
18032
18195
18838
17241
20328
17628
18256
19020
17383
19270
20011
18130
18150
18776
18347
19769
20048
17831
20258
18216
18481
20870
19288
19096
17667
19418
21218
18459
17921
19863
19013
18109
19183
17937
19412
17503
18683
20486
18451
18218
18117
18503
18415
19979
17196
17893
18766
20387
18799
16910
19257
17279
16516
18660
16645
18728
15993
17603
20493
17517
17779
17623
17195
17677
18627
15555
18411
16965
15532
19211
16266
18130
16042
16769
17502
17017
15931
17662
17376
15906
18774
16461
18093
15419
17033
18215
17490
18427
16824
17020
17130
18835
15939
18405
17801
15472
19104
16556
19215
17440
17159
20483
16380
18369
16872
17614
17751
18688
16398
19369
16055
16676
19087
17825
17152
16230
17137
16790
20263
17253
15934
17024
17926
18583
17360
17050
15952
18601
16361
17746
17275
16039
16617
17996
19838
16463
16522
16103
18189
18058
18765
17859
16849
17928
19023
17380
15987
16022
19670
17239
18143
16756
15836
19211
16847
18672
17239
15727
16221
19891
17580
17958
16440
16248
20249
16015
19635
18357
16351
17714
19653
19223
17681
16340
16364
20687
17381
18730
17721
16256
19669
16898
19007
16874
15697
16245
20314
16970
18815
15907
15762
19483
17599
18222
17287
16199
16622
16958
18461
16961
15242
15087
19477
16729
18365
15703
15319
17560
17901
17649
17149
15477
16142
18745
16243
18269
15386
15397
18101
17543
17503
15778
14776
17934
16598
16609
18101
15666
15501
18619
18472
18253
15549
15793
17827
18044
16370
18734
15953
16810
17771
19264
24139
20821
20365
23871
20556
25593
26157
24410
23741
15411
16463
17207
15666
18618
15450
15481
19055
15902
17054
18491
17470
16928
16599
16727
18205
17044
15821
17930
16020
17037
18009
16815
18014
16529
16689
17276
16687
17685
17589
15305
18801
17247
16869
18748
16534
17475
17759
17690
17623
17292
16638
18078
17282
18768
17224
15281
18094
17787
17067
18304
16005
17302
17521
18025
18890
17506
17057
17385
16915
17076
18744
15777
17513
18799
17183
19338
17459
17306
16902
16394
18411
16536
15021
18340
16514
16592
18543
16088
17634
17283
17688
17789
16295
15929
17934
17094
17731
17696
15154
18018
18295
16540
17686
16207
16160
16611
16583
18089
17043
15753
18019
17955
17903
16790
16873
17806
16956
19187
17912
16686
18883
24870
24217
26038
22942
23383
27962
24909
26057
25305
24360
24837
24308
26010
23021
19176
21244
21419
21924
21167
19456
16494
18035
19516
18394
16538
16524
18181
18138
19712
18751
17889
18033
18581
19772
18366
18044
17535
19268
18785
19364
18319
18992
18567
19319
18867
18076
18555
17855
18655
19215
18978
17325
17773
19484
18882
17798
18924
19177
18188
19475
17932
19465
18712
17442
18878
18375
18457
18349
18118
17364
19018
18382
17643
18337
18419
18448
17275
17118
18134
17289
15671
18553
17099
17184
16711
19487
17793
17480
15549
16344
18886
17544
17559
16556
16937
17269
17919
17563
16516
14878
17223
17973
17830
16327
16807
15975
18139
17356
18034
17579
16376
16617
18743
18295
16344
15665
18373
18124
18373
17499
15338
17579
19429
18717
17668
16228
15781
19638
17067
19975
17094
15636
17523
19408
18448
17511
15978
17092
20735
18403
19291
16534
16005
17800
17385
17706
18132
15942
16060
16810
17872
18175
16342
16650
17049
16356
18162
16828
17303
17157
16378
16577
17324
16738
16973
16648
16121
16332
16757
16808
16383
15813
17855
15998
17781
18250
18049
17246
19081
18815
17680
17610
16916
19233
18297
18099
17481
17594
17334
18661
17819
17441
17240
16662
18343
17815
16468
18029
16457
17716
17538
17698
17294
16819
15552
17658
19269
16828
16375
16086
17986
18137
18195
16302
17417
16808
18969
18591
17152
17418
18110
20778
18139
18266
16613
17434
17531
18218
17629
18008
17735
16889
18438
17118
19066
16646
17326
18609
19066
18212
17988
17860
16929
17878
15862
18600
16201
16714
18787
17021
17578
16610
16631
17221
18111
16011
19233
16479
17952
18985
17980
18595
16476
18146
18693
17151
15751
18612
17132
17295
19039
17755
19388
17021
17972
19585
17169
16743
19992
17298
18332
17543
16824
17469
16283
18598
19629
17802
17496
18339
17160
20340
18908
16929
18782
17869
21740
22090
19590
21304
20185
20465
23068
19397
19036
20692
18835
22217
20262
19135
21124
18246
20399
18090
16987
17978
19414
17158
20408
16676
16126
20986
16988
19690
17622
16873
19526
18363
17889
18021
16012
16517
20875
16631
19329
17350
15919
20859
15933
18927
18145
16575
19000
19210
18487
18781
18475
16227
22029
16628
19615
17104
16957
18151
17912
19351
16186
15786
15174
20163
15740
17403
16923
15741
19804
16232
18283
16812
16529
17809
18015
18943
15992
17457
16238
19400
16980
18804
16819
16206
19367
16945
18584
15925
16475
17759
18649
19088
16729
18313
16440
19528
16920
18216
16394
17675
18530
17425
19072
15780
17969
18170
16264
19642
15892
18332
17081
18795
17922
19278
16484
18640
19346
16959
19758
17004
16739
17413
18010
19464
17834
17366
18623
17945
17698
21021
17432
19753
18217
17923
20656
16604
18416
18356
17395
18237
18000
15987
17770
17496
15809
20109
16647
17749
17792
16345
19649
18174
17878
16721
16507
18945
19040
16687
17350
17548
16453
18928
16617
17676
17573
15820
20065
18012
16493
17253
16071
18559
17901
17180
17485
17006
15474
19857
17208
16257
16269
16805
17604
19290
16451
17546
17746
17533
18978
17568
16916
17666
16712
20385
17672
16879
17446
16431
18103
19596
16423
17300
18352
17871
18988
16338
17149
18038
17601
18864
17545
17509
16602
16782
18468
18184
16508
17292
17934
18056
18288
16944
16953
17464
16462
19803
18515
17584
17723
17721
18096
19597
16561
17460
18944
17153
20074
18728
17652
18080
17530
20784
18431
17943
18987
16129
20163
18492
17673
17765
17633
16131
20647
17374
16597
18295
17260
20961
16483
16874
18395
15787
20162
17673
17185
19215
16268
19054
18540
16112
19221
17208
17292
18452
17817
17915
18353
17841
18177
18579
16328
18998
17907
18315
18366
16588
18658
17515
18571
17505
19596
17107
19543
18766
17233
19620
15750
18763
18722
17479
16525
18926
18343
17304
18662
17991
18560
17629
19457
18908
18056
19989
16774
20125
19290
18591
18753
18096
18700
18967
18743
16729
19815
18236
18702
19680
16156
18433
16343
19400
18111
17328
16773
19393
19240
19228
18624
17091
19220
16583
19652
19581
16931
19617
16848
18760
19687
17981
17012
21382
18012
17765
20468
16750
19604
16993
19105
18761
17608
18268
18510
19372
18571
18642
16699
19647
18383
18683
19178
16804
19734
16919
19066
19388
17513
17831
19437
17838
18494
19536
17669
19707
17260
18927
18849
17807
19634
18016
20127
18694
19303
17689
19824
17016
18694
21268
17554
19938
17149
18448
20135
18466
17435
19041
19733
17610
19556
18565
18538
18407
19436
18177
19953
19289
18052
21819
19387
19568
19380
18566
18227
21821
19920
17411
18827
19068
19472
19678
18226
18208
18868
19591
18827
20155
17580
18025
18795
20182
19190
18765
18073
17584
20283
18601
20024
18540
19204
18779
19865
19067
16848
18980
17833
19613
19276
19465
17456
20420
19717
17602
20252
16604
18253
18257
16779
20259
16584
17133
20510
17826
18307
16754
17484
18661
18715
17086
17792
16548
17841
20263
19523
20313
16909
18477
19822
18873
18711
18000
16421
20299
20086
18872
19796
16967
17521
20347
17520
18142
18532
17585
19743
18601
17690
17642
16447
17201
19482
17741
18192
16547
16611
20611
17203
17510
17549
16800
20383
17321
17676
17449
15424
20645
20052
16497
17172
16521
17008
19232
18896
19269
21656
18982
19045
19518
15953
19323
16021
17866
19356
17105
18034
17383
16734
18256
19043
17462
17723
16419
17299
18468
17297
19536
16481
17105
17825
18618
19919
16399
16163
17157
18891
17915
17844
18435
17987
17959
20929
17135
16495
18216
19502
17646
18898
17278
17634
20083
18793
19306
16385
17439
18375
18303
19672
17417
16057
17234
19552
18328
18592
16726
17856
18479
18473
18454
16453
16033
17584
19424
17594
17206
16552
16937
18922
18377
18858
16260
17614
17348
19529
19692
17395
16401
17546
19937
19425
18318
16460
16886
18172
17103
17956
15361
16092
16648
17836
18767
16763
15574
16323
17930
17105
18190
15520
16274
18303
18530
18573
15609
15946
17426
18670
18305
16819
15535
16565
18688
16679
18626
15441
16046
16470
18693
18820
15250
15205
15651
18469
16060
16934
15234
14821
16556
16483
16931
15025
15466
16606
15757
17206
16972
14920
15716
17185
15551
16514
16715
15528
16859
16479
15892
16892
14784
18364
16431
15308
18031
15865
16108
17866
16390
16797
16291
15138
18504
17163
16341
18221
15170
17258
18495
15317
17746
16934
16419
18184
15771
16937
16963
14946
17844
17006
15537
17880
17989
19005
19048
16152
18780
16532
15507
20743
16814
17391
16650
15579
20240
17150
16320
17804
16321
16138
20218
15998
19279
17749
17153
19753
17152
18970
18276
15869
17867
19230
16949
18694
16184
16364
19856
15776
18012
17254
15918
17968
18226
17790
17658
16215
17219
20173
16040
18939
17727
16723
20362
17370
17916
17600
16715
16839
19287
18991
18588
17116
17372
20150
17970
18206
16348
16253
19867
17296
18761
16939
15859
17926
18218
17127
17833
15915
16359
18304
16407
18248
16142
15591
18263
15649
16309
15492
15682
15973
16431
14729
16035
15365
14465
16648
15222
15341
18599
15387
18171
18371
15463
17617
17356
15244
18025
15903
15985
18589
17137
17673
18786
16521
19156
17093
17518
17936
16551
18697
17283
17041
17881
16089
18078
17688
15712
19153
15915
14827
18907
16559
17319
17731
16488
17732
17192
16914
19245
15329
16801
18812
16538
18599
16539
15148
17161
17210
17515
17972
15777
18033
18835
17260
19601
16578
16793
20712
16437
17557
17849
15303
16710
17711
16802
18395
15455
16654
18906
16043
19120
16215
16317
18714
17621
17088
18690
16126
17022
17638
17236
17101
14798
16111
18191
15523
18123
15682
15236
17539
17976
16721
16656
15204
16600
17595
16858
17708
16010
15829
18060
16749
16437
16568
14835
15985
16673
16327
16233
14788
15660
17000
16600
17181
16549
15894
17630
16152
16683
16279
15077
17022
17319
16396
17115
16322
16386
17182
16505
17207
15640
18051
15313
17688
17943
16080
17105
17074
16818
16838
17323
15599
18402
16179
16435
17852
15053
15739
17621
15712
16902
16591
15466
16273
15714
17017
16509
14522
17128
15830
15651
16206
15065
16182
16268
16485
15450
16741
15106
17164
16303
16615
18423
15221
18172
17208
18009
17591
15779
17862
18191
18445
18073
16084
18738
17908
17551
18348
16905
16752
17893
18018
17100
17446
16940
19467
17136
17043
19537
16739
17939
18484
18144
18023
18753
17693
18142
17489
18233
18477
15403
18587
18500
17557
18891
16546
17786
18931
17491
17951
19110
16879
17878
17209
16959
19562
15689
18048
17515
18166
18060
16392
16633
16699
18291
17731
17901
16305
17801
17872
16932
17966
17400
17337
16845
17815
18501
16835
17063
18108
18517
18631
18801
15993
18207
18226
17147
17699
17278
16621
16587
16834
17466
16955
16384
17141
17091
17139
17614
17576
15872
17540
18300
17246
20047
21664
17675
17061
17493
19659
17753
17233
17325
17861
17754
17114
16759
17315
17111
18335
17296
15270
18147
17499
16708
17953
18163
17203
16890
17523
18979
17176
17105
19576
18617
18686
17061
18112
18462
18716
17631
18686
19160
17203
19312
17837
19639
16499
19108
18811
18941
19282
19455
19073
18833
18884
19298
20135
17995
18975
19235
18230
17810
17903
18149
17579
18442
17821
15825
18652
18439
18348
18177
16685
17614
17718
18852
17354
16890
16090
18435
18188
18495
18581
16342
16862
17209
17588
17151
17006
16155
17661
17792
17498
17845
14635
16890
17469
17429
18420
15337
16099
18473
18452
17557
17605
16502
17887
17573
16587
18390
15896
17562
19777
16428
18778
16202
17100
20365
16073
18140
17504
16559
18426
18357
16259
17707
16711
17336
17492
15884
18138
18568
15786
19035
17582
16210
18156
16112
17898
17069
15139
18095
16865
16025
18258
15988
16145
18009
15344
17231
18013
15086
17622
17140
17278
18055
15576
16730
16294
16014
17328
17063
15594
19451
16902
17647
17247
16505
17696
17611
16899
19620
16797
18994
18239
17178
19130
17703
17821
19098
17658
19285
18963
16912
20292
18532
17614
19371
18029
18301
19775
17037
19825
18478
17275
19306
19318
19345
19054
16711
19093
18967
17282
19558
18048
16311
18962
17617
18907
18062
15933
19503
17438
17486
18330
16649
17989
17896
16032
18892
16756
15381
18913
17542
17880
18043
15975
17990
17371
18980
16144
17370
17868
15514
18333
17141
15737
17859
16743
16794
18363
16151
17967
16764
15771
18386
15779
16301
18370
16246
15719
17283
15355
17204
16339
15817
17893
15582
16782
18004
15940
18163
17604
15986
17800
16324
17044
16564
16518
16688
17614
15304
17824
16699
15109
17168
16976
18080
16916
15716
17677
16629
16968
17969
15505
16902
17832
15622
17842
16748
16492
18099
16042
16626
18313
15418
17918
17458
16930
18179
16750
17423
19218
16226
18683
18938
17626
19212
18589
17876
19604
15589
17846
20747
15883
18328
18985
16897
19753
17722
17649
19249
16364
17413
20277
17039
19315
16755
18403
18545
16859
18716
16873
17189
19607
16289
18372
16221
16626
19545
16596
17206
19012
16816
17222
19068
17127
19785
16159
17630
20558
16679
18642
18054
16844
16664
20262
16255
19408
16174
17184
20547
15728
19256
17377
17038
18029
17374
16680
18389
15968
17204
17686
15503
19376
17215
17398
18789
16817
18745
18041
17530
18642
17500
16782
17407
15498
17184
17632
17063
16809
16267
16904
16652
15559
18537
16235
17203
17480
16439
19074
17497
15841
17885
17358
16210
18637
15790
16931
17268
15722
18096
16416
16182
17029
16371
16610
18280
15253
17085
17354
15800
19154
15944
16283
18222
16947
17023
17735
16424
17075
16866
16520
19470
15576
19263
17388
16290
19958
16700
17728
17996
16723
18645
16435
16509
18131
17159
15228
19245
15710
17338
17473
16573
18585
17473
17788
18485
17197
15804
19845
16645
17661
17412
16097
18044
16692
17111
18613
16243
16824
19265
16872
18286
16577
15961
19352
16904
18589
17028
14990
16520
18943
16675
16975
15043
17816
17078
18517
17598
15250
16282
18877
16909
17638
15878
15586
18983
16120
17873
17113
15512
16329
19079
18499
17485
15477
15722
20425
16376
16803
17482
14594
16301
17966
18220
17855
15874
15866
18446
15428
17698
15894
16626
17088
16625
17124
17236
17140
17446
16034
16879
17318
16631
17790
16445
16171
17158
17181
18225
17197
14986
17308
18074
15595
18016
16436
17063
18124
15266
17866
17075
15883
17497
17103
16000
19273
16708
17526
17814
15073
18551
17269
17059
16670
18152
17227
18791
15811
17063
15812
19549
18599
17035
17406
17576
17554
18695
15945
17599
19741
16930
19340
17538
17832
17687
16049
17384
17650
17123
16462
17890
15652
18884
16337
17031
19046
15917
18762
17421
17105
17108
17434
17269
19022
16207
17785
19214
15670
20206
16847
17654
17409
17438
17215
18899
17508
16617
19077
17077
18927
16540
17771
17947
17166
18538
18345
17002
18139
17241
19002
16516
16984
17345
16903
17631
18490
17901
17619
17140
16657
18817
16914
15640
18469
17605
18206
15255
16399
16620
17126
16263
17337
15660
17249
15114
16507
16692
14486
15331
17412
14730
17379
14324
14913
17733
15439
16544
15441
16797
17562
15170
18170
16639
15838
16982
16017
17808
18090
15402
17857
17306
16585
18061
16278
16329
18335
15514
18195
16957
14900
17982
16197
16070
18522
15557
15915
18648
15245
17311
17214
15541
17744
16114
16915
17511
15689
17846
16530
14797
17512
16011
15164
18845
16019
16398
17846
14610
17509
15752
16573
17414
15568
17667
17094
15313
16958
17126
14451
18233
15843
17035
16668
15111
17063
17412
16063
17205
17423
16050
18855
16085
16274
17436
16366
18500
16211
16505
17924
16955
16925
17732
16112
16473
18884
16309
18814
18237
16738
17726
17709
17814
17807
17662
16452
18393
16420
18113
16812
16203
17367
16864
18170
18546
17535
15907
17747
16432
17946
15779
14913
17106
16362
16796
14661
14569
16336
15963
17542
15350
14344
14415
16207
15210
16193
16245
14863
15531
16657
15653
14290
16686
18024
15959
17564
15665
16486
16389
16536
18023
15856
15487
17292
16657
16831
17744
16958
16986
17350
16703
18217
17056
17221
16895
16633
18818
15928
16962
18641
17556
17411
18031
18042
17339
18000
15967
19663
17406
17722
18685
17049
16508
19090
19476
17872
17554
16379
18744
18924
17177
17830
17601
16063
18432
18726
18039
16904
16035
18770
18449
17163
17209
15856
17012
17888
17252
17795
16993
16505
18416
17841
17510
17673
15765
16972
18697
17345
17208
16807
17673
16567
17724
16875
15965
16659
18293
18812
17716
16524
16978
18508
17212
17507
16693
16641
17249
17807
20223
17147
16322
16981
17235
17704
17469
17890
17481
17629
16544
18560
16358
16313
16575
17270
17381
16182
15672
16671
15575
17544
16928
17603
17511
15556
15933
19303
16433
17005
17068
15451
16198
17631
16067
17347
16100
18319
16990
15437
17755
17630
16056
18260
16565
17350
17578
17088
19503
16801
15816
18632
17537
17971
18274
16134
18358
17661
17968
18437
17397
16971
18454
17536
18432
17540
15694
18313
18101
18668
19022
17370
16807
18065
18050
18953
18374
17498
18845
18368
18034
18711
17662
17705
17983
17568
18694
16642
17852
17117
18717
17537
16165
18539
17666
16836
18005
17231
16861
17902
18620
18066
17237
18175
17705
17220
18257
18210
16117
18600
17887
17937
17405
17427
16371
17150
16359
17614
17886
16534
18335
17296
17485
19571
16010
17921
17463
17394
18394
16544
18625
18042
17675
17909
17582
17152
17858
17603
17999
18602
15640
17913
17550
17733
17426
17099
17133
16670
16913
17488
17373
17029
17462
16712
16206
19075
17045
16811
16764
18574
17116
19021
17664
15846
17566
18293
15881
15968
19145
16083
16722
18932
17777
18606
17930
16439
20780
17424
18652
18580
16793
20839
17362
16305
18206
16985
20274
17747
18156
19259
17057
18272
18940
17466
18072
18345
16661
20699
17705
17125
17963
16602
20126
18503
16460
19471
16824
18175
21665
17291
17268
19113
16292
20655
17672
17007
19001
16505
19683
19187
16839
18028
18151
16427
20839
17976
18120
17289
15842
20801
17733
16313
18551
17344
17244
21191
17361
18593
17878
16660
21185
18536
18280
18546
16430
23846
22913
20720
22980
17414
17284
20887
16367
17862
18152
17157
20757
18011
17570
18692
16635
20593
19431
17220
18250
18114
16439
21450
16937
17206
17713
15756
19253
16643
15396
17924
16330
17820
17475
15704
16640
16634
15278
19258
17309
16626
17592
15779
17296
17281
15573
16286
14827
18538
16722
15282
16716
15484
17971
16351
15009
17753
16146
15349
18269
16581
16954
17650
16713
22925
18161
16037
19190
17445
15825
19023
15992
17326
18876
16067
18125
17404
16981
17574
16747
16946
18202
17100
17723
16963
15162
18468
16035
16621
18011
15888
16147
17322
15398
18134
17388
16337
17727
17371
17909
17747
16042
18375
17081
16019
18167
16020
16852
17843
17413
17315
16497
15744
17745
16946
17506
18386
16020
17208
18154
16978
17368
16946
16524
17347
17028
18048
16750
15319
16815
18104
16997
18231
15799
17713
17475
18325
18165
17490
16069
17883
17838
17869
17151
15378
16584
17426
16769
18377
16397
16784
17018
17327
17732
16676
14870
16187
16688
16780
16992
15388
18603
18980
20417
18590
16636
15851
15489
17498
17084
15937
14528
16417
14644
17026
17191
14826
15997
14520
15972
15525
17381
14851
15324
15858
17022
16999
14773
16265
15271
14752
17243
16240
14724
16759
14498
15831
18714
14361
16160
15762
15003
18239
16504
15684
15853
14653
18646
15829
15078
16726
15332
16656
18471
15293
17423
16134
16124
20319
16131
15643
18438
15182
18006
18050
15824
18229
15055
16680
20289
15255
15529
18148
15312
20101
17370
15467
17886
15510
18192
18157
17050
17325
16247
15670
20949
16992
16172
18106
15616
16930
17852
17129
17911
15191
16969
19439
16754
16981
16637
15478
20668
17103
15715
18797
15859
19559
17302
19132
17928
15969
16343
18037
16765
16627
17714
16381
20714
16578
15969
18926
15245
17996
17344
16641
17023
15787
15794
20379
17572
16898
17357
15029
20716
14539
14999
16739
15473
16129
18719
15107
16629
16240
14944
20259
14502
14493
18198
14817
17799
15637
15201
16559
16872
16816
17439
14747
15777
15774
16354
17801
15581
15255
17453
16106
18265
17076
15519
17678
16859
18711
16974
15747
18034
15736
18791
18588
15670
18041
15930
16980
18092
15509
16645
17746
16303
18446
18709
15905
17672
16669
18093
17580
16202
15840
17044
17153
18436
16977
15708
18050
15762
18410
17749
15418
18157
16296
18271
17543
16285
16482
17648
17288
18364
17157
15337
18600
15626
18053
18057
15765
17082
17050
17258
17084
16509
15885
17525
18077
18048
16952
15501
18331
15907
17722
18775
15415
17678
18945
21659
22494
20646
20445
21628
20522
21447
21231
15746
18710
15358
18209
17993
15345
17506
16532
16792
18131
16616
15111
17579
16064
17337
17204
15285
17454
15184
17778
18519
15510
16874
16737
15755
18168
17138
15277
18887
15346
18357
18305
16579
17684
16396
17093
17825
17120
19161
16381
17559
19422
17682
17158
18190
17780
20035
18347
18771
19387
17530
20408
18893
18335
18265
19722
17415
19821
18681
17957
19816
17546
19685
18313
17353
17506
19001
17158
20170
18403
17291
19993
17001
19866
18100
19000
18976
18979
19638
18784
17565
17863
19805
16493
21300
17458
19396
19757
18989
20374
19079
19869
19886
19624
21500
19937
18675
19186
21062
17326
21804
19120
20058
20086
19179
20013
18634
17877
18326
18228
18084
18866
18110
17621
20377
16361
19271
17805
17511
19164
17694
18804
17925
18864
16295
19911
17237
19406
17668
16901
19276
17332
19287
17820
17059
17415
17794
17388
17898
16161
18198
16107
18116
16815
17012
17478
16245
17481
17064
17798
15401
18419
15898
22797
16361
17281
17735
17007
17877
18082
17382
16782
17465
17814
19173
17181
16394
19116
17326
18039
18217
16738
18556
16856
18086
18016
16504
17060
17287
17016
19396
16845
18343
19136
17091
18484
18269
17056
18426
19814
18670
21441
18466
19152
20549
19376
20501
17957
19466
19071
16626
18593
17686
18071
19270
17259
18467
18696
16181
18570
18666
18062
19870
16250
18289
18963
17273
19770
17423
16398
18721
17731
18502
19063
15877
19242
18949
16929
18520
18643
17421
18308
17225
18908
18585
16837
19649
18106
17830
18217
18577
17563
18983
17238
19262
18669
16751
18584
18301
18086
17780
17995
19055
16430
19027
17357
16885
19090
17886
17785
17613
16717
17268
18731
16801
18793
17267
17241
18886
15490
18089
15389
16552
17249
16624
16052
16561
17097
15839
17447
15524
17324
15734
15347
17920
16950
17335
16708
16413
16662
18571
15955
17283
17318
17042
18093
16776
18134
16400
17856
18252
17986
15968
18245
16866
15540
18940
15872
17181
15972
16366
16230
16832
16349
16710
15738
16378
15457
15424
16770
16988
15797
15810
17283
16933
15911
19068
16639
16968
18840
18615
19664
18557
17812
19507
17183
17505
19471
16683
18626
16582
16696
18560
16237
15778
19732
17299
16898
19168
16304
17704
18038
16472
19073
16466
16829
17696
17466
17979
16705
19380
17549
17301
19735
16723
18184
17183
16841
18790
18876
17063
18924
17339
17488
20074
16233
17874
16863
16186
20204
18071
17841
18007
17850
18259
19049
16540
19162
17986
16826
20794
17028
17848
17165
16848
19141
19628
16294
18287
16619
16867
19952
15343
17752
15673
17485
19019
17303
16516
17609
17025
18032
19460
16042
18703
17308
17553
20141
16742
17980
17271
15899
19008
17231
16699
17981
17565
18657
18209
16469
19200
17876
17031
19973
16885
18128
18800
16677
19507
16925
16746
19066
17607
17019
18532
16071
18569
17055
15741
18278
15673
16829
18156
16991
16802
16852
16404
17392
17985
17235
15415
17498
16979
16773
18291
15877
16917
17428
17448
16526
16740
15435
18109
17221
16423
17256
16157
17537
17948
17132
19019
15793
16643
18845
17708
17024
17679
16652
17591
17979
16894
18295
16115
16907
18656
17497
17683
16705
15279
17498
16773
18412
17195
14955
17573
18000
16628
18106
16737
16281
18370
16728
17749
16793
16245
18586
17183
16543
17937
15017
16764
17951
16650
18304
15557
15581
17831
15535
18636
16495
14759
17265
17650
16400
17401
15730
15710
19014
15724
18786
17275
15030
18010
16517
16959
17451
15944
17095
17001
15415
19687
16695
16238
17917
16592
19325
18145
18019
17496
17148
18855
16040
16807
19220
18012
17499
16994
16444
17999
17672
17007
19135
15947
18625
18251
16886
18156
15932
16282
17785
17143
15783
16902
15790
15681
18946
15846
17130
16037
15629
17692
17116
16085
17235
15746
16923
19317
15330
17675
16445
15750
18319
18460
16497
17729
15349
17340
19898
16972
18446
15752
17352
20573
16116
17299
17254
15785
18443
17962
17372
17597
15375
17093
20082
15816
18971
17242
16447
19326
17426
17350
18160
16865
18766
20265
17107
19552
17161
17815
20805
16866
18729
17324
16864
20117
18444
17484
17256
16061
18121
18960
15663
17724
16521
16690
18931
15593
16988
16000
14112
17858
17941
17534
16815
16483
19201
16160
16539
16945
15234
18323
18088
15161
18136
16362
17114
19557
15965
17985
16949
17014
19039
18697
16897
18884
17599
18600
21061
17688
18983
17177
18351
19821
17557
18868
18622
17784
21006
17960
18102
18443
17202
18811
21006
17597
18191
18629
19064
20133
18827
18695
19260
16987
17332
20077
18165
18284
16775
16914
18909
17836
17793
17702
16543
18983
17106
20142
16433
17395
20504
17169
19608
18594
16519
16362
20822
16251
20026
16890
16832
20318
16134
19819
17039
16722
17751
19258
16758
20580
17157
15843
20232
16134
20756
16362
16171
19742
16513
20580
15752
15826
20868
16266
21465
16313
16792
20126
16156
18450
18565
15824
17039
19894
16564
20251
16702
16049
20224
15699
18538
17773
16179
17842
18198
18523
19067
16628
15844
19246
15885
17998
16468
15909
18032
16621
17466
16778
14691
16123
19496
15395
17688
16916
15588
17713
16793
17868
17423
19520
21864
17909
20779
19495
17803
21280
19618
17605
17577
16766
18350
18410
16547
18153
17926
16607
19410
17575
19331
17030
16607
20198
18013
17621
16773
18066
16499
18409
18746
18851
17188
15777
19913
16844
16852
16357
17235
17982
17693
17652
18053
16804
16107
19267
16084
17917
15667
16897
17263
16907
17350
21132
16396
18950
15363
18133
16561
16818
18420
16633
16580
18854
18083
16190
18507
16353
18072
18548
16624
17810
17004
17068
18801
17589
17140
18269
16881
19894
19136
16697
19599
15845
17030
20391
17757
16905
18172
15499
20610
20527
17107
19878
17707
18982
20406
18150
18265
19964
16888
20933
18849
18063
18236
16087
20741
19568
17085
18639
16759
16979
21827
18690
17784
17603
16807
20762
18450
17076
18866
15744
19336
21165
16480
19331
17476
16808
22061
18129
19228
18389
16446
19573
19857
18285
19142
16784
17242
21643
16903
19093
18171
17635
20318
19939
18346
17990
17612
18179
22069
16176
18058
20373
17102
20510
17214
18932
18280
17022
18995
20308
17969
17794
17597
18389
18413
17459
18538
18527
16501
17967
17958
17351
18080
19187
17679
17988
17708
18490
16900
17461
16723
17040
17600
16328
17986
15854
17277
18473
17466
16837
16732
18011
17121
18383
15665
18999
16053
18777
17420
16065
17907
16431
17301
18536
15849
17811
17322
17699
17243
16741
15386
18428
15818
17711
17257
17480
17489
16402
16643
17710
16421
16217
19682
16199
18146
17114
17894
18596
15209
17389
18131
17263
17091
17222
17476
16714
17007
17585
18660
15216
18409
17734
17907
18366
17166
17535
17615
16862
17855
17389
16864
18082
17456
17417
18430
16346
17916
18067
17310
17661
16683
16916
19432
17157
17444
18990
16573
18522
19365
15681
17898
19020
17862
20416
16240
18040
18210
18362
18848
18665
16654
19537
16623
19031
20440
16071
18309
18327
17900
20060
16939
17620
18706
17475
18384
20611
17528
19739
16602
18696
20865
16480
18087
17922
17541
18860
17157
17435
16477
16810
18169
17155
16677
16400
17101
18356
18599
16911
16494
16870
18037
18713
18620
17843
16924
18670
18521
19861
17905
16651
17505
19499
18619
18768
16995
16682
19318
17848
19113
18090
16488
17500
18936
17443
18258
15747
16792
18932
16554
17523
17167
16657
19298
17745
19763
16481
16784
20473
17495
18840
17301
16599
18372
18714
18187
18440
17299
16866
19437
17421
19279
16648
16316
19421
18130
18876
18518
16954
17911
19398
18042
19214
16268
16656
19031
17397
18836
18016
16638
18391
17967
18338
19053
15915
18431
19937
16069
20414
17016
16147
20865
17969
18915
17574
16347
18275
19670
17752
20026
17366
20494
17343
19661
18108
18032
19167
18891
18250
19516
17501
17707
19977
16558
19916
18052
16960
20345
17013
19612
20198
15851
18208
18137
17128
20841
17795
16539
20104
17358
19171
20267
50232
18643
17068
17922
19118
16630
18133
18172
16619
20257
16745
17852
17720
16298
17862
19373
16607
19124
15963
18771
19068
15859
19039
16629
17070
21612
16827
18783
18144
17331
20100
18646
17501
18762
16288
18308
19795
16231
18590
16848
16539
21035
16823
17557
18702
16418
19268
19382
17079
19431
16277
16368
20408
16148
17574
18051
16227
19675
18035
17032
17763
16273
18460
20146
16070
19594
17137
16699
21504
18314
18767
17111
17792
20634
18766
17910
17752
17460
19778
18133
17585
19041
16713
19757
21804
17073
19206
18003
18447
20403
18641
18669
17588
16261
18376
20135
16953
19025
16795
17518
20504
17683
19426
18217
17543
20252
18202
18212
18786
16901
19397
20011
16237
18374
17031
17992
19241
17378
17571
17393
16388
19040
17987
17756
17161
16195
18086
18082
15981
17691
14988
16725
19631
15269
16343
16560
16696
15261
18644
15298
15658
16067
17302
17108
15096
14716
15208
16469
17077
16027
15405
16416
15057
15765
18349
15731
15453
17034
17783
18101
16347
15694
16054
17081
16582
18285
15504
14964
18528
16038
17784
16800
15256
17171
16090
17899
16798
15570
16722
17843
16308
18883
15222
16516
17864
17063
19026
15726
16980
17385
19001
17403
17757
16176
17393
20026
17582
19459
16624
17044
17478
18801
18526
16858
15502
17487
19674
17418
18937
16599
17357
17527
18518
20168
17154
18026
18545
19395
19163
18991
17880
18390
19412
19461
17359
16173
17549
20407
18525
18521
16869
18117
18083
18684
19454
16673
17075
16195
18967
18578
16748
14932
15600
16490
18365
19631
15983
15460
16085
18353
19102
16146
15476
15534
18187
18220
18514
15952
15594
16193
18720
17590
15736
15197
16301
19241
19874
16536
16741
15867
18919
19190
18024
15615
15600
16796
18940
19352
16332
15812
16113
18463
17702
17130
16543
17951
15620
18541
19680
16489
17024
18042
19770
18905
16807
16393
18584
17568
18481
18426
15843
17326
18210
18231
19785
17446
16641
18981
16022
19301
19193
15627
17941
19510
20510
20863
16946
18491
19234
20865
20183
18137
17682
21153
18468
21250
19469
17948
19466
20078
19833
21144
18838
22949
25773
21117
22252
21012
19603
21336
20950
20369
21589
18798
20901
22058
20286
20252
19849
20287
20904
20083
20387
20375
18454
20517
20786
20063
21206
19506
19275
20048
20066
21482
19650
18761
20186
17929
19608
18440
18026
73462
71665
43866
17540
17826
19723
17689
19320
19718
17484
19341
19031
20740
19773
17141
19677
20187
18993
20241
19171
17710
19430
18318
20098
20282
17712
19287
18240
20068
20917
16912
19383
19811
20741
20719
17460
18072
19901
16188
20384
17650
18376
18163
17468
18528
16707
17542
17811
19426
16392
20688
17634
18194
20076
16137
19475
18024
16491
19312
18583
16837
19510
16778
17925
18536
15083
19070
16910
16771
19226
16225
18366
20195
17550
19188
16275
19519
18870
18489
19697
18420
18377
21064
17196
19541
19087
17064
20068
17766
19591
19865
18607
18263
20657
18838
20226
19900
17951
20826
18650
19271
20559
18686
20102
21144
19252
20681
20209
19335
21088
20513
20608
20204
17151
20221
21748
19434
20678
18767
19457
20889
19795
20357
21332
18204
21767
20157
20356
19642
20847
20472
20374
19721
21761
18521
20985
20111
19958
20733
18576
21322
19597
19517
21173
19801
19477
20629
19072
18167
19797
17184
19889
18494
19353
19594
18175
19474
19838
19050
19829
20034
18211
20949
19795
18938
21152
17895
20076
18799
16775
18002
19187
18356
18370
17163
17610
19925
16896
18974
18433
17991
19886
19415
18200
19618
17698
17542
20415
16969
18467
18311
16291
19308
16607
17963
18167
16473
17997
18643
16379
18068
17891
16032
20718
15971
17508
18837
16293
18348
18217
16076
17756
16978
16854
19856
16441
18316
18592
15966
19698
16768
17647
18963
17331
18856
17942
16212
18684
17056
16022
19850
15780
17743
19200
15774
19312
16973
16580
19238
17490
18208
19465
16606
18221
17961
16562
20322
16432
15856
20862
16076
19482
17652
16541
19004
17374
16394
21134
18205
16775
18080
16488
19458
17644
17443
18032
18021
17537
18495
18321
17879
17884
16625
21815
17527
16434
19613
16976
19724
17697
18532
18681
16763
20689
17292
18045
18142
15932
20235
16978
18367
18761
16705
17732
20046
18363
19195
18739
16538
21520
16121
17375
18859
17209
17901
18497
17026
16815
17669
17185
18082
15839
20461
19453
20440
20871
18137
19364
21746
18772
19073
17306
15864
19424
16956
16607
18235
16099
17922
18617
16837
19043
17923
16107
20087
17765
19225
16276
16022
18602
17232
18732
17474
15241
18891
18149
18139
19905
16634
16685
19687
18813
20444
17598
16513
19292
18965
18413
19114
17093
18141
18786
18505
19745
17362
17688
19280
17242
18687
18777
16231
17220
17597
19597
19404
15887
18016
19113
18562
20150
17080
16779
18733
17434
18071
19601
18646
16653
17044
18939
18575
16553
17262
16840
17290
19140
17120
17223
17848
15875
18260
18773
16364
17078
16906
18687
18919
17217
17232
16574
15485
19557
19698
18674
18098
16995
18849
20371
18426
19308
17946
18663
21022
20109
18408
19671
16823
18695
20771
16879
19142
17493
16590
20209
17549
16983
17982
16057
20282
17503
17252
15619
15414
17659
18282
15859
18595
16096
15751
19562
17940
17410
17909
15671
17518
18236
15851
18879
17188
16917
20489
16083
16977
18469
15830
18226
16723
15601
18889
15782
16575
18163
15284
17885
16815
15497
18958
16026
15637
19308
16092
19202
18881
16397
18296
17172
15677
19862
16554
18766
17454
16226
20000
15997
16615
19052
15900
18583
16963
16055
19307
16660
17898
18883
15734
18325
18206
16266
19600
16879
17075
18373
16504
17936
19574
16468
17725
17447
16154
19992
17516
16800
18005
16006
19845
18301
16351
19321
16376
17286
19837
16813
17573
17039
18069
18409
16423
16762
17349
16047
20210
17696
16988
18739
16281
18955
18311
16784
18701
16844
17990
19225
17536
18574
17109
16600
20189
18176
17390
19084
16305
18809
17832
17832
18998
17168
16258
20794
16949
17663
18507
16415
17743
16730
17523
16824
16894
17658
17581
16749
17448
16290
15209
18640
16553
17231
17261
15776
19372
15672
17084
17680
15462
19343
15168
16403
18627
16068
17790
18213
15605
18136
18922
17579
18874
16535
17819
18871
16192
19946
16919
15993
19688
16564
18178
18025
15630
17820
17917
16754
18662
16162
15651
18399
16970
17325
18061
16721
19169
17770
18875
18908
15982
16017
19403
14710
19380
16701
15880
17227
16646
19281
17478
15800
18798
16121
18620
18400
15440
18317
17173
18317
18491
16890
17730
18883
16759
19961
18313
16130
18587
16354
19519
18118
16804
18000
18290
18800
19035
17502
17256
18899
15844
20277
18387
17789
18587
16823
18603
20154
17998
17514
18788
17104
19699
16864
17424
19249
16812
21386
17708
17792
18672
17222
20517
16429
17985
19915
16633
19182
17686
18718
18712
17481
18167
19154
16815
18048
17646
16447
18969
16169
17370
17697
15672
17140
18672
17301
18456
18607
16758
18672
16349
17123
18887
15522
18004
18480
17902
17950
18344
16185
19853
16675
17183
18743
16171
18591
18537
17908
18043
17329
17735
18619
16063
17899
19081
16001
19503
18770
19305
19435
17038
18485
19042
17542
17379
19244
16746
19213
17367
17976
20515
17110
17947
19652
17145
18046
18462
17725
20315
17267
16998
19476
16852
18211
21147
16038
19673
16571
18303
20338
16333
17692
18481
17386
16996
20204
16482
18378
15491
17573
20311
16444
17754
17657
17895
17554
19228
16358
19094
17000
16524
20564
16901
18330
16867
18152
20320
15682
17809
17635
16790
16550
21328
17690
17832
17886
15987
22103
16639
17092
18150
18306
17142
19885
18100
18567
17920
18318
22101
16078
18567
18389
18558
17469
18396
17650
16494
17831
16089
18215
17710
17097
17191
17122
16534
19232
16277
15881
18704
17227
17889
18255
15188
17815
17660
17500
18425
16713
17555
18913
15858
18302
17417
16791
17256
17215
17039
18557
15448
18093
18652
15613
20011
16355
16819
19336
15964
19307
17431
17059
18297
17429
16314
19425
16538
17303
19075
15793
18822
17394
17507
17512
17227
16583
19497
16318
16561
19928
16214
17805
16927
18277
19534
17057
18138
17915
17624
16390
15987
19042
16627
17603
20486
16243
17850
18449
15604
20318
16818
19269
16720
17759
19974
16877
18651
17563
18013
17712
19457
17344
18011
18413
16645
20603
15912
19566
16365
17885
18412
17250
16737
18409
16686
16184
19468
16846
18864
16560
17458
19278
17413
17813
16005
16626
16872
17407
16058
17588
16154
16266
17878
16309
17867
15151
16214
17855
16539
14419
15312
15969
15453
17044
15211
16535
16583
15082
17776
15613
16845
16771
16787
17708
16874
16540
16897
17011
17857
17891
15488
16690
16733
16901
17871
16590
16817
17126
16999
17562
18210
17316
17178
17025
17483
18206
17268
16502
16691
16669
18276
17552
17011
16428
17372
19062
20002
19393
18717
19189
19783
18811
20362
18813
18472
19811
20622
20931
18576
17632
18114
17729
18275
17649
17965
17233
17466
17258
17965
17009
17313
17974
17384
19809
20060
17313
18389
19541
18378
20013
18393
17688
19700
17619
19855
19044
16915
18370
19244
17790
18570
17534
17452
19139
17608
18779
16988
17709
19703
18779
18573
18242
17662
21119
17249
19836
19165
16839
18855
19581
18299
19193
17784
16866
20783
17355
17394
17901
16701
19735
16982
17878
19295
16166
17247
20100
17084
16831
17899
15756
19009
17312
16693
16847
16305
15351
17518
17244
16914
16311
16341
17054
17302
18167
18110
16478
15912
18349
17133
16848
18998
15348
17558
17585
16724
19578
16454
16648
18812
17902
17657
19354
16480
17839
17990
18573
18282
16602
16789
19729
18622
18367
19111
16194
19065
16413
18207
18626
16047
17906
19131
18179
18551
16697
18439
19413
15833
18256
18448
16112
18143
17997
17977
18569
15876
17684
19151
16729
16943
20217
16806
19442
18140
18124
19251
18212
18685
20359
17992
20291
17108
18361
19311
19705
18679
18609
17868
20761
17969
18914
21539
17019
18756
20197
18891
19553
20308
17898
20791
18564
19680
20779
18212
21469
21905
19267
20537
18638
18621
20495
19181
20048
19757
17767
19533
20194
19333
19273
18234
18347
19806
18416
20510
18141
16740
18467
19899
18334
18526
18184
17687
19183
18511
19215
18727
18144
19989
17672
18556
16379
16774
18730
17563
18166
18570
16855
18493
17354
17797
16410
16431
17784
19271
17389
18105
17712
17917
20119
17660
18796
18059
16899
19333
18551
19443
18328
16938
17987
19829
17784
16812
18229
16856
17140
19194
18134
17367
15005
17095
18646
17974
17185
18522
18558
17111
16932
16843
16684
17761
17205
18663
17773
16968
19166
17810
17854
17805
17862
18655
17918
18583
18796
18089
16311
19086
18506
18823
17339
18173
19688
15805
18979
17716
17705
17849
18057
17472
18802
17872
16251
19553
17312
20209
17167
19148
18589
17071
19358
19160
17793
17181
19515
17428
20549
17348
16703
19335
16811
21738
17387
17521
19232
16604
18389
18579
18041
17726
17570
16735
21188
18144
16087
18827
16950
19344
16790
18378
18516
15707
17444
19430
17464
17110
18323
15778
19297
16844
16658
18813
16333
17388
17796
17294
16825
16597
15793
16844
17619
15685
17299
15826
16688
17695
15147
17098
18392
15394
16066
19682
16769
18735
15954
16347
18140
16975
17527
18766
15995
17398
19824
17804
18424
17845
16994
20647
17134
19849
17562
16670
17570
18417
18396
19196
16423
17621
21224
17374
18096
17970
16989
19203
18802
19204
19013
17158
18422
19527
17220
19053
18372
17061
19341
17860
20142
18567
17640
18906
19267
19707
19682
17435
17269
19612
17972
20049
16484
17182
19284
18072
19086
17980
16271
18280
18933
18910
19781
16974
17864
18517
19653
17753
18551
16813
19267
18067
19611
18235
16359
18425
19335
20382
18802
17251
17582
18904
18535
19276
18465
16803
19820
17216
21153
18214
16884
17918
18368
19704
18257
18532
17007
18963
16990
20437
18024
16341
18508
50577
18462
17924
16381
19775
16520
19149
18083
17146
18035
19028
18418
17889
17012
17136
18460
17890
19314
17498
16914
20251
17075
18316
20413
16538
18519
20195
18741
18463
18521
18066
18973
18063
19115
19178
16846
18429
18557
17707
19215
18598
18168
20156
18436
18962
17954
16723
19444
18535
18369
19159
17822
18872
19784
18639
18187
18287
18451
19688
17800
19432
18289
16526
19174
18237
19167
19085
16385
18377
18111
17363
17466
18108
18162
17720
18318
18713
18129
16946
19506
17388
17672
19288
16674
17864
19622
18291
17949
17920
17217
18692
17982
18366
18660
15966
18180
18088
17111
18350
17339
18475
18842
18332
18311
18406
16276
19062
18085
18551
18314
16185
17688
19424
17468
18201
17238
17607
17941
17082
17396
16896
17483
17990
17099
17901
18697
17430
19177
17844
16996
18770
16541
16936
17023
18629
18034
16989
15446
18653
17327
17646
17779
15606
15097
18362
16561
16189
16675
15677
17514
17430
17819
17582
15912
15918
18604
16447
16132
17578
15916
18448
18433
15906
18038
16379
17645
17730
17461
17975
16805
17127
18332
18988
15397
16630
16630
18824
17825
16937
17900
16155
17898
17738
15667
18051
15957
16653
17994
16692
17275
17094
16713
18158
19125
16561
18505
16301
17549
18149
18029
18343
17418
17352
18217
17897
16305
17943
15958
19060
18199
17185
18932
16756
18027
18257
17277
17736
17473
16498
17715
19410
16851
18364
16028
19018
18395
17341
18628
17005
17720
18984
17779
17521
17844
17372
18712
18050
17931
17818
16232
18803
18489
15904
18149
16013
17524
21302
20371
21173
20443
17019
18409
17793
16425
16265
15130
17629
17153
15989
18553
15984
16807
18534
16438
17347
16773
16037
18064
18732
15990
18435
16452
18405
19183
17303
18825
16885
15749
18004
18323
15426
17192
15745
17411
18227
16351
16292
16046
17820
16584
17153
16930
17500
17196
18903
17866
17953
18571
17498
20932
18585
18503
17489
20206
23480
23342
20707
22211
22295
20397
24034
21990
21936
21181
20347
24141
20551
21330
20798
19680
23033
22562
20794
21317
19842
22460
22787
20319
21616
22049
21148
25465
22892
22611
17684
16186
18608
18874
17018
17544
16917
18615
18928
16650
17728
18220
16232
19975
20081
17738
18177
16621
19102
20384
16648
17821
17830
17943
19692
18381
18261
17680
16282
19319
20298
17403
17258
16338
16911
18930
16489
17166
17448
15712
19601
18964
16375
16351
15249
18318
19331
15868
17832
16839
18008
17953
17497
17513
17716
16447
20191
19636
17178
16564
16287
18808
19593
17043
17236
17483
17852
19023
17964
17248
17175
16203
18790
18916
17090
17751
16633
17176
18773
16411
16064
17256
16021
16561
17986
16069
15780
15638
15387
18424
15431
15881
17049
15276
16349
17363
15695
16676
17301
15791
18553
16569
15789
18332
17195
17234
18796
16683
17580
18502
18567
17198
16000
18415
17555
17314
19101
16029
16774
17471
16457
18675
17376
16787
19632
18124
18971
18418
16636
18308
17562
16707
19176
16543
17109
17717
17555
19355
17968
16610
19359
18000
17834
19105
15807
17643
18879
15991
18973
17770
16693
18419
16682
17814
18770
15889
18366
18033
16748
19020
17009
16918
17430
16527
17696
17301
15846
17173
16918
18435
15618
16835
17666
16501
18104
16737
16476
17929
17337
18348
16999
15911
17719
17647
16520
17898
16661
16968
18371
17121
18532
17581
15737
18600
17422
18076
18142
16513
17438
18686
17445
19893
18436
17974
19323
18418
19311
18786
17704
19243
20160
19300
19786
17079
18106
20322
17372
18392
18170
16875
18305
18226
18010
18751
16846
18026
18287
16725
19568
16673
19746
16768
17889
18803
17610
18896
18720
16937
19629
18107
17975
17835
17723
18458
18602
16407
20171
18001
17155
19625
17248
18127
19183
17015
19522
18395
17637
18820
18568
18406
19786
17006
19585
19941
21409
19486
18451
17559
19189
18116
19609
18431
17228
19365
18368
17324
19177
17619
17864
18913
17178
19418
17157
17239
18451
17399
18142
17480
16014
18415
16493
18864
17603
16579
18225
18453
19116
18461
16073
18767
17525
17643
18666
17125
17763
18048
16884
19222
17705
16693
18687
17188
16765
18329
15829
17673
16841
17755
20189
17486
15643
16984
17265
17175
17104
15406
18148
16868
16647
17728
15812
16988
17783
16480
18606
17062
16488
17667
17242
17218
18652
15558
18412
16788
17014
16774
17136
17068
17459
16466
16665
17481
16879
17294
17704
17036
16794
15552
17438
16817
15427
18599
15942
15563
18940
16694
17410
17890
15137
16922
17407
17747
17300
17230
16337
17632
16783
18256
16783
15194
18434
17017
16579
17886
17122
16563
18409
16849
18128
17072
16452
17168
16957
18767
18085
15794
17345
18583
17384
17132
17379
17035
17893
16416
17632
16855
17118
17279
16853
18484
17105
15537
18107
18338
17442
16903
17316
16905
17988
16395
17169
16827
16397
17068
17020
17259
17863
17058
16944
18440
16783
16809
16527
17049
16903
16485
18053
17440
15050
17892
16507
15991
17014
15247
16458
17912
16078
17323
16648
15620
17504
16505
17237
17453
15276
17577
17276
16143
17858
17080
17195
17836
19256
21577
21484
20539
21632
21096
21703
21174
18897
18054
16932
18125
17035
16362
17223
18741
16571
17993
17043
17048
17830
16767
16285
16771
15948
17082
17403
16117
16194
16943
14907
16895
16091
17044
16721
15316
16600
16480
17161
16974
16820
16120
18528
16872
18542
16820
15281
18347
16792
17606
18193
17137
16775
18620
16920
18405
17279
15953
19275
18095
17619
17401
15374
18686
17580
16653
17813
16090
16246
18300
17330
17002
16898
16423
17941
16940
17967
17851
15426
17291
18180
17091
16939
16504
15415
17757
17153
17700
16603
15062
17383
17423
17652
17663
16308
16718
18557
17013
16505
16875
15436
18205
16921
17851
18150
15705
18021
16934
16638
16727
16693
16055
18973
17206
17950
17788
16090
19658
17853
17118
18827
16845
17786
18685
17746
17905
18127
16350
19013
17450
20388
19469
18025
20318
19112
19464
20006
19374
18530
18571
17061
17715
17411
15880
18350
17700
18555
17986
17151
17358
19036
18155
17688
20124
17203
18764
17396
17724
17606
17458
17262
17262
17302
17658
18603
17018
18053
16510
18665
16838
16532
19100
16006
17915
19194
18046
17718
18829
17427
18535
19315
17144
18010
17903
18947
18159
17044
19320
18279
18399
19476
18488
18069
19864
18021
17912
19136
18651
17856
18146
18574
18951
17428
18453
18079
17878
18151
17233
17344
18057
16579
18722
17057
15707
18836
17039
17328
19209
16366
17254
19347
17800
18653
18134
18174
17683
17802
18066
18118
15730
18149
17688
17630
19000
16137
17030
19153
16877
17883
17125
17586
18696
17185
18567
17747
16327
22706
17916
16699
18666
17273
17300
17301
17382
19874
18308
16523
19558
17425
17460
18758
16271
17750
18323
17481
18867
17379
17806
17730
17069
18760
17610
16060
18350
17931
17253
18288
16499
16883
17577
17539
17943
17287
16722
18288
17642
18049
18275
16168
18435
17866
16438
17914
19231
17831
17773
17893
17527
18008
17891
16710
18619
17535
18051
16304
17871
17984
16217
18307
19509
18520
17417
18811
18655
17471
18121
17559
16768
19088
17788
16990
16529
18035
17427
17764
18354
16968
17848
17075
18625
17408
17414
17478
17655
18546
18247
17261
16375
18601
17238
17794
17839
17205
17776
16630
19160
16875
16922
17146
17707
17684
19430
16653
15986
18119
15149
18137
16910
16892
16791
16452
17958
17327
16852
15634
17805
17567
17483
17549
16755
16973
17473
19021
17427
16261
18866
16639
18845
18066
18006
17948
17633
18694
18576
18413
17237
19981
18358
20636
19505
18190
19306
18249
19527
18626
18758
18375
18232
19460
20005
20063
17338
20422
17482
19857
18589
18807
18627
18183
19226
19217
18344
18473
18678
17576
20072
18340
17297
19914
17350
20444
18626
18046
18999
18283
16737
19403
16230
18137
18972
16915
17403
18186
17819
17828
18717
16344
17926
16782
20288
17412
16645
17880
18339
18441
18802
18399
18169
18517
19421
19447
18796
17507
19835
18226
20041
19705
18753
19100
19338
19618
19350
19394
18330
19687
18848
19483
18902
17716
18966
19507
18871
17952
17792
19489
19504
19449
17815
17214
20394
18165
19165
18912
17203
17309
19479
18868
18638
19030
17153
20529
18570
19761
18560
17117
19066
19797
18520
18537
20211
18799
20757
20901
18891
18810
17143
21465
19506
19626
18945
17431
18947
19382
20702
19477
17925
17849
19893
18215
21836
22992
20925
23843
21247
18632
18246
17533
17692
19263
18074
18532
17945
16147
19680
17827
18597
17456
17885
17886
19261
17776
17202
16672
20576
17867
17829
18087
17464
19066
18741
18420
18021
17093
16717
19161
18003
19349
17550
15875
19752
17800
17770
17625
15862
16041
18095
16964
17881
17084
15770
17242
18920
17033
16435
15811
16482
18662
17645
16413
17434
16298
17871
19011
17720
17676
17621
16585
19886
18990
16345
17843
16941
19056
17715
16014
18778
17542
16725
19684
17270
16622
19301
15640
18099
18825
16847
17416
17401
18771
18154
17068
16505
17436
15307
19390
17760
16021
18640
17242
18961
18549
16201
18467
17788
17792
18389
18254
16987
17397
17696
19521
19389
17241
17327
17631
18684
17718
17197
18102
17346
17963
20676
19091
18169
20487
20365
21794
20919
19611
20207
19386
20594
20121
19095
20510
19778
18767
22231
20559
20087
19156
21128
19926
20256
19557
20322
18523
22271
20497
18227
20095
19531
21440
20787
18996
19148
19119
19562
20974
18726
18883
19809
19104
20263
19305
16687
17391
17978
18969
18231
17205
17450
17835
16516
20246
18466
16421
17820
17733
17826
18764
16343
17865
20493
20886
22753
21416
19780
17471
17768
17816
18401
16647
19200
16526
15812
18998
17030
18243
18800
16570
21270
17461
19805
17501
15828
19773
17310
17200
17669
18137
17368
19040
15967
18571
17269
16059
19057
16292
17801
17488
16687
18249
19278
19693
17849
17205
16838
23275
18284
19684
18311
16551
19452
19038
17734
17687
17809
17890
20650
17250
19543
17979
16313
20636
18021
18949
18920
16390
18758
20060
17809
18471
18586
17134
19844
18720
19969
18091
16794
20978
17307
19173
19069
16796
20107
18569
18625
18727
16681
18857
19770
18991
18738
18686
17209
21360
18453
19675
17926
16169
19261
16837
17465
17527
17515
16891
19325
16501
19499
18067
16156
20113
17306
18706
18492
17026
18158
19371
18175
19755
20843
21634
26541
23512
25714
22573
20906
23125
21058
20724
20667
21369
20980
22432
19810
21693
20728
19959
21036
16454
18013
18373
16759
18810
18277
16593
18943
16593
17185
20296
16302
17887
17774
17678
19229
17864
17933
18697
16892
18531
19232
15508
18993
16605
18253
20956
17936
20198
18504
17418
20135
19029
17249
20530
16421
18338
20060
16694
19420
17524
17560
19196
17422
19330
17735
17156
19640
19720
16636
19913
17702
18331
20085
17058
19599
19996
17689
19254
19581
18608
20783
19357
21448
23599
19986
24221
20399
21262
23353
20723
18724
17168
19061
20588
16492
20697
16961
19501
20520
17267
20655
20547
19875
21926
21892
19981
21640
19098
21372
23177
19037
22059
18116
17851
21113
16445
19537
18689
16491
19131
19426
16552
20528
17221
18246
21644
16783
19940
18565
17401
20082
18249
19835
18246
16087
18838
19590
15933
20639
16573
17092
19270
16686
18469
17086
16068
17569
18379
16217
18020
16104
16796
16549
15764
15636
15636
16163
17250
15514
15450
16028
15955
18951
15725
14951
16872
16241
16273
18816
16633
17161
16598
15448
20079
17359
16010
18496
15795
17635
17997
15959
16862
17136
16944
19056
16359
16730
18166
15380
18952
16745
15139
17543
17195
17514
18922
16524
17703
17637
16964
20920
17449
16367
19133
15894
18885
18423
16525
17770
16982
17355
18989
17179
17592
18098
16687
20454
17454
15934
18383
16610
18131
20283
16470
17792
17174
16752
19954
17672
17043
18679
16088
19266
19135
15857
17841
16961
16714
20279
17031
16899
18413
16838
20384
17769
16565
18504
17547
18912
19227
17191
17828
19456
17417
20149
17881
17362
18649
17876
20311
18439
16666
18207
19269
19096
19677
17133
18007
18850
17848
20034
17752
17692
18850
17795
21361
18250
16694
17566
19052
18862
19147
16986
18094
19547
16962
19802
18490
17313
18230
20188
17676
18189
17080
16969
19672
18344
18498
18153
17145
18982
19126
17923
17893
17989
17601
20592
18216
16923
19370
16227
19364
18572
18995
17411
17626
17558
20357
17034
17529
17916
16637
20505
17906
17711
19826
17386
19386
19064
18213
17568
18653
17734
20879
17046
18932
16694
18810
20284
18019
17919
17667
17423
19862
17452
17775
17899
17265
19583
19520
18494
17799
17605
17313
20168
17805
18405
18593
16477
21142
17644
17285
18993
17520
19028
19796
18364
18441
18069
18356
19900
17444
18565
18530
16747
18899
18687
17963
17887
16968
17754
20542
18095
18418
18285
16993
20310
19274
17533
18965
16604
17430
20696
17918
18222
17937
18087
20018
17765
18782
16198
18651
19995
17805
18682
17117
17525
19196
17999
17892
17861
16223
19833
17249
17831
19383
16920
18169
19824
18808
19121
19201
17321
19335
18004
17790
18558
17286
17420
18020
19614
17506
16786
18302
19943
17490
18361
17986
17588
17630
18330
18246
18210
16846
18183
19004
19414
18880
17167
17608
17863
19374
17560
18117
17165
16883
19120
18715
17707
16308
18028
18971
18230
18412
16669
17620
18004
19185
18313
17764
18286
17752
19068
17907
17257
15944
17597
18887
17701
18301
17008
17671
17445
18588
19492
17559
17738
17495
18557
17658
16511
17450
17916
18557
15767
18582
16244
17989
19119
18782
19989
16917
18032
17644
19011
17958
18668
18687
18055
20567
17274
20166
17358
18687
18186
19597
19685
18422
18119
17374
19834
17833
20288
17534
18737
20818
18450
19729
17282
18273
18241
19396
18622
18999
17827
18472
20006
17101
19726
16275
17966
18466
18897
19548
17850
18940
18163
19818
16012
18747
17573
18993
18382
16383
15830
15399
16696
17845
16695
16729
15249
16475
17770
16628
17629
15999
15050
17169
16924
17611
16707
14785
17160
17465
16258
17620
15151
16938
16809
17236
16422
16456
14761
18018
17230
16905
19730
15367
17829
17901
16892
18373
15714
16316
18036
17508
19372
17519
15967
19265
18608
17597
18914
16161
17637
19994
17804
18219
16308
15907
18807
17791
17870
17761
15878
17706
18820
17801
17974
16001
18278
19743
18376
19137
15936
16913
19504
16071
19751
17716
15815
19344
16287
19596
18512
15959
17377
18557
18146
19766
16815
16762
19521
16088
19126
18692
16858
19834
18369
19546
20368
16919
18491
20401
17833
19361
20280
17107
19804
17762
19940
19530
16898
18815
17341
18143
21274
19332
19252
19698
17838
20958
21026
18291
19932
17320
17953
20872
16641
19119
18320
16892
18379
23274
25476
23011
22619
24964
22666
22313
23800
22643
24775
23419
17162
17511
18425
20361
19217
17838
19253
19037
18943
20520
20829
20189
20354
17025
19198
19050
17173
19134
18233
17673
19630
17474
17854
18056
17091
19900
20311
16990
20544
17275
19499
20103
18558
18898
18433
18697
19251
25722
24554
25293
22303
23662
23662
20569
23029
21397
21567
23165
20957
20822
22543
22063
22271
17013
20560
18484
18480
20605
18510
20248
19299
17761
18656
19295
17410
20388
17788
18356
20489
16281
18794
17952
18213
18574
18652
19788
20110
18391
18123
19346
17095
18809
17685
17788
19023
16959
17269
18321
16923
17691
19173
16013
19549
18309
17427
19894
16395
17937
17510
18420
19530
18114
16759
18827
17324
17692
19366
16456
19895
16490
18944
19774
17254
17593
17455
17675
18769
18467
17360
16795
17859
19287
17325
17331
17486
16925
17318
19009
15209
16961
15737
18218
17229
16454
16303
16681
17248
17586
15417
15743
18013
16010
17452
18244
15498
16758
16685
18849
17099
16873
15544
18292
16991
17377
17941
15450
18402
16651
19128
18032
16962
17858
18474
19181
17146
18182
16174
19100
15753
18631
19259
16589
19696
16469
19329
18706
19356
17908
19200
19570
18704
19777
18341
20291
18152
21670
19869
17725
19928
17256
19779
19484
18020
19334
18305
20539
19290
18739
17463
20128
18552
20193
19612
17926
19827
17066
19703
17970
18390
17108
20323
20478
18415
19133
17222
20824
19153
19819
21226
17022
19644
18034
20510
18395
19177
17861
20670
20250
18071
19831
18004
19732
18730
20230
19754
18768
19000
18305
21213
18150
19213
17276
20013
19228
19717
20208
17366
20260
19048
20640
21431
20667
19857
20195
20122
20371
20854
19490
19678
18712
18451
20054
19210
18205
18565
18063
17379
18340
17995
16896
17090
17535
19095
17954
16838
18168
19149
17732
19096
17094
17326
20106
16782
20024
18384
16890
19186
18341
18699
19392
17109
18426
19695
17296
18727
18508
16534
19459
17856
18058
18694
17151
18336
18806
18361
18911
16660
17235
19622
17643
20790
17941
17686
20795
17157
20733
19920
17208
20692
19018
20257
20261
17509
19443
20252
19073
19425
18520
17379
20629
16514
19392
19286
16712
19028
19362
18133
20120
17207
18897
19976
16630
19913
20427
18813
22354
19897
20495
23305
18992
20365
21082
19692
20463
21295
19262
22015
18517
20697
19181
17145
20204
17062
18119
19665
18797
18352
19420
17410
18912
19849
17211
21107
16910
18683
20649
17177
20960
16642
17676
19920
17786
18097
19650
18475
18396
19362
17476
19958
16750
19979
19827
16168
19646
18033
17798
17593
21056
17617
18877
16088
18636
19373
15825
19029
17134
19427
19993
17015
18890
17449
18964
20081
18768
19399
19317
18883
20736
20597
18643
20794
18449
20222
19084
18038
19027
18699
17207
21223
18735
17335
20611
17710
20117
19592
17236
18464
16875
19905
19491
17290
20270
16375
18406
18137
18832
17659
17771
17177
19761
17937
16307
18811
15712
18508
18465
15537
18627
17242
16402
19804
17175
15944
18605
16083
18958
19129
16353
18605
17220
17201
19520
17610
17552
18163
16763
19871
18157
16617
20191
16272
20598
18828
16743
18359
17033
17235
20912
17543
17618
18523
16586
20443
19577
16969
19367
16441
18170
20059
17870
18977
17356
17688
22206
17351
19348
17191
17213
20449
19659
17878
19612
17050
18433
18493
16532
19785
17010
16506
19569
16183
17006
19524
16148
19764
17227
16231
18800
16860
17077
17404
16027
18690
16896
16160
17950
16906
15868
19821
16576
17813
16975
15790
18642
18676
17037
18100
15618
16190
21294
16845
18134
17175
16182
19357
18239
17721
17743
15959
18444
18675
15715
18871
16516
20521
16845
17452
16902
15854
19061
19141
17247
18828
16425
16571
21499
16290
17752
18059
16366
18731
18282
17499
17631
16094
17478
20855
15959
18862
17185
16007
21500
16460
18214
17716
16300
18888
24479
21643
19220
16940
16306
21893
25535
19088
17548
16867
19366
28238
17685
18194
16237
18401
22269
23700
19442
15972
15917
22001
26324
17939
17621
15546
19577
24960
17479
17674
16265
18387
23234
20901
18193
15925
15587
21531
23827
17990
16630
15566
18881
27671
17276
17492
15941
17898
21337
22405
18789
15806
15494
19690
25270
16455
16490
14869
18687
17071
16074
16823
14276
15514
19920
15361
16290
16673
15498
19472
15920
15980
15672
15670
17040
17762
16187
17329
15926
16143
20631
16019
15957
18505
16014
19857
16902
16303
18022
15808
19674
17469
15718
17184
16572
16165
19252
16839
16374
18206
15760
19657
17166
15629
17985
15550
15208
20031
16306
16528
16386
15045
19068
16137
15749
17327
15279
19341
17059
15460
17470
16478
16017
20208
16623
16573
16864
15757
19528
16070
15246
18237
14890
18283
17572
16229
16713
16667
15369
19945
16812
16407
17852
15357
19489
17004
15449
17927
15925
15396
19901
17952
18358
15732
20044
17323
17286
18244
17507
16271
20603
17515
17432
19214
17028
20928
19064
17167
20907
19488
18548
20743
19209
18709
18963
18018
21973
18884
18341
19768
17898
21327
20083
18099
20105
18304
17974
22401
19263
17923
17679
16602
21912
17643
16507
21392
16642
19440
18868
17600
19667
17665
16862
20541
16853
17047
19153
16615
19514
17608
15188
14892
14791
18026
16448
15123
15247
16139
17244
16681
16685
15514
16841
17111
18636
18586
14934
16402
16188
17754
17594
16574
15089
17578
17346
18123
17763
15508
16584
16904
18366
19108
14990
15252
17770
18215
16448
18002
15639
16651
16764
19336
18242
15126
16555
16972
17773
17909
16785
15505
17553
17927
16601
18078
15163
16861
16787
18087
19892
16147
16415
17591
18249
17609
18866
16811
16799
17684
19886
16329
15642
17877
18634
17414
18198
16313
16789
17451
19658
18513
15626
15901
17104
18594
18319
16009
15216
16965
16007
20841
16958
14864
16027
16781
18702
18049
15155
16544
16642
17987
16528
15995
15556
16279
15868
20124
16399
15199
17003
16780
19264
17756
15417
24727
25772
34511
18879
18418
15784
17426
16768
22111
18682
16097
17928
17577
20569
18634
16536
17483
19056
18330
17734
17859
17722
16731
18000
22377
16643
16508
18460
16061
18150
18699
16594
17428
17049
16081
19216
17332
15519
19047
16105
17960
17637
15861
19144
16839
17751
17650
15465
17362
17101
15530
18233
17344
17009
18121
17463
16327
18618
15547
17914
17379
17446
17895
17405
18333
17421
16305
16847
17636
16074
17575
17091
16811
17899
14699
17986
17427
18382
16972
15942
17212
16815
17229
18361
15750
18500
17139
17619
17811
17670
19076
19291
15964
17542
18632
16008
18764
18508
18506
18216
16956
19086
17334
15812
18761
16881
16846
18511
17008
17156
18994
15601
18186
16760
15924
17220
17202
18126
19142
15690
19007
18254
16618
19091
18544
18613
18159
18073
19889
18560
18218
18542
19704
20371
19088
19466
19100
19997
19062
20791
19785
20836
20014
19887
19825
19363
20586
18930
19723
19714
18995
20304
18319
20784
20125
20388
20451
20378
20563
19211
21342
19738
19731
19957
20867
19238
20879
19159
19172
19318
18103
20071
19658
20692
18181
18147
18523
18337
19265
17556
17186
17427
17973
17334
18499
18279
15800
18277
17051
18089
16922
17236
17395
17669
17067
19287
17393
15587
17201
17031
18768
17259
17303
17200
17049
18408
17373
17520
15592
17360
17263
19591
17504
17284
16798
19300
17455
16994
15932
17217
17338
18408
18879
16475
17619
17415
18754
17276
17041
18995
15623
19519
17406
16737
15453
17306
16992
18253
18190
15544
16735
16488
18119
17264
16860
16059
15695
16533
18558
17664
15929
16573
16401
17980
16793
16830
17194
15455
18686
17415
16949
15951
16197
16843
18261
17959
15340
16007
15182
19186
16902
16505
16573
15567
17412
17937
17428
15114
16252
15857
18591
16585
16158
15006
14711
18425
15539
17240
15085
16328
15725
17493
16020
15933
16697
16155
19431
17393
16985
15546
18100
18613
16040
18496
15823
17131
17745
18898
17597
17165
16523
17655
18579
16968
18184
16113
17742
18290
18634
20330
17846
19064
19138
20821
18910
18845
17927
19365
19512
17779
18645
16586
17427
16408
17993
16705
17468
17193
17031
18312
17196
18453
15356
16885
18408
17170
19060
17623
17599
17633
19140
17329
18467
17736
16728
18777
17041
18706
15782
17647
18832
16461
18776
17478
18159
18577
18979
18217
19353
17524
17935
19250
17462
19851
16723
17653
19988
17689
18470
17747
18033
17917
19819
18187
19254
16333
19181
18373
18142
18801
16918
17369
17227
18953
17461
17508
18605
18428
19797
18770
18365
17063
17575
19780
18160
16361
17963
17505
17578
19387
18144
18772
18848
18761
19776
17993
18410
16859
18012
19052
18205
16610
17481
17870
17597
18458
17702
16954
17953
18654
18576
18224
18603
18057
18573
19746
17260
19753
17042
18120
19588
18775
18102
18204
18548
18751
20311
17187
19766
18714
17707
21117
16811
18157
18441
18475
19248
19419
17430
18648
17754
17882
20459
17323
19835
17451
18552
20624
18189
19010
19096
19037
18526
20733
18753
18372
17044
17180
20553
16005
17874
17645
18383
18372
18409
18965
16459
17242
19705
16376
16615
16878
17191
16801
16768
17668
18104
16019
16145
18540
16915
16774
17093
17406
17891
17825
17600
17208
16769
17208
17130
17289
18404
15559
17328
18543
17214
17613
17386
17382
17233
18138
17866
17843
16481
17338
18090
16945
17376
17741
17539
18202
18239
17038
17498
17340
17707
17426
17230
17033
16967
16706
18305
17474
17147
17048
15729
18194
18546
17936
17021
16033
18612
18376
16236
17615
16078
16651
18751
15901
17134
15742
15772
17369
18508
17033
16949
16129
17495
19333
15946
19335
16418
17587
18204
18271
18310
16203
15736
18277
19258
17185
16998
15922
17052
19919
15902
18548
15915
16889
18566
18539
17728
16994
16292
17716
19696
16716
18512
16124
16455
18357
17514
17733
16294
15646
17832
18883
16280
17808
15520
17133
19050
16406
17109
15286
16491
18962
15988
18155
15664
15925
19983
17361
17446
16625
15189
17109
18433
16409
17327
15681
16547
18502
15705
18862
17072
16496
21364
17455
16512
16941
16905
16709
19782
15763
18593
17012
15821
19753
16814
17126
17684
15652
18064
16203
17599
17807
15559
19145
17844
17040
17029
17288
16662
19657
15933
18398
17348
16072
19970
17637
17987
19110
16408
18799
18736
18221
18321
17983
18145
19440
19102
20913
20247
18670
22813
19444
18608
20344
20315
20404
22112
19154
19463
20409
20299
22277
19273
19856
18807
18841
21200
21319
20415
21696
18337
21101
22462
18367
21605
19027
19503
19987
18574
17434
18986
16463
19831
19395
17824
18462
17614
20665
19116
18031
18993
15888
19093
20693
16956
21346
18635
18162
19945
18721
18526
19514
17633
19162
19780
19074
18684
16797
19433
18613
17330
18172
17878
16474
18330
18807
16885
17477
16631
18988
19296
16406
17679
16742
18888
19070
17241
17582
17513
15729
19250
18421
16609
16992
15871
18405
18763
16285
17831
17504
16544
18073
18980
17194
17006
15612
18592
17707
16364
17331
16854
19026
18528
16766
17559
16199
19288
19044
17813
16756
17834
19263
19414
16786
18277
19791
16800
19670
19779
17921
19849
18271
20147
19418
17472
18559
20627
18887
21722
18495
19314
21732
18239
20131
20291
17232
17790
18930
17167
19388
16740
19146
18261
16588
18298
17819
16684
21209
17034
16957
20345
17434
21792
19540
17893
19150
19020
17877
21779
17375
18855
19693
17485
21117
18321
17837
21640
17816
21689
16287
26044
20172
16454
24604
18856
16041
19280
17081
19736
21221
17896
18708
18436
16694
21766
16757
17496
19491
16675
20670
18163
17133
18038
17804
17169
22266
16098
17729
19396
16206
20798
16409
16118
18938
16940
18112
19496
16321
18345
17989
16074
19689
15964
17032
18162
15702
18815
17663
16032
19106
17372
17595
19042
15704
17506
18840
16216
19062
15775
16213
19751
23354
27941
27031
23877
18268
16345
19496
16076
17545
18107
16767
19259
17616
16708
18963
17120
17962
17530
16630
17626
17664
16534
19113
16849
16884
18851
18316
19190
17408
16240
17889
17823
15856
18850
16186
18321
18525
15737
17290
16529
17073
18255
16425
16352
17472
15655
16948
17317
16016
17797
16653
16845
18722
18310
17395
17588
16701
19506
18360
15730
19991
17265
17280
19386
17374
18057
18150
18281
19312
16676
17862
18035
18103
18457
18454
18334
19310
18400
20031
18598
16720
19916
16189
17394
18527
17276
17608
18605
16169
18731
18279
16440
19096
16162
18682
19115
16776
18135
17175
17125
19237
17455
17361
18062
15515
20030
17824
15518
17813
15985
16283
19851
15759
16652
16900
15219
19437
17021
15334
17989
15125
18426
17931
15344
17605
16199
16758
19938
17314
19034
16874
15987
19774
17066
15494
16360
16805
18220
16695
16236
17365
15510
19120
17318
14891
18173
16251
16706
19866
16803
16902
16569
16095
18828
17629
16543
18266
16485
18371
19860
16820
17618
17264
18260
19627
16952
17121
18763
16797
18626
18285
16583
17457
16978
16798
20904
17210
17112
17730
16260
19144
17091
16217
17410
17330
18927
18101
16385
16464
17410
15674
20179
18244
15809
18227
17294
18484
18467
17075
18084
16229
20408
18197
16761
19492
16762
18410
19179
17254
17521
17050
17956
18214
18082
17215
18217
16421
18976
18428
16140
18701
16348
18988
18511
17122
17434
17947
15826
19971
17615
15546
18339
16702
19151
19056
16075
17036
17686
18307
18786
17318
17817
19449
16625
21426
17986
16412
19326
18144
19451
19681
17240
17847
17381
18972
18942
17726
17921
19744
17300
19393
18987
16481
19202
16955
18985
18070
18321
18494
17675
20516
18547
17434
20141
16690
19157
20096
16798
18731
17825
16654
20254
19177
17208
19158
17665
19100
20443
17432
18530
17984
20460
20151
17279
17914
18808
16573
21176
19423
16684
19856
18474
17792
19969
16373
17076
18858
18373
20368
18079
17214
18904
16279
20785
17822
17092
19419
17859
19435
19637
19086
19355
18468
16988
21383
17913
18558
23804
20518
23222
23729
21404
23931
22931
20901
20344
19948
18807
19746
17578
21538
19768
17545
20633
17871
20029
20851
17975
19506
18985
17062
22169
18331
17682
19989
17330
20503
18831
17028
18647
16850
16987
20788
19388
17227
19491
16846
20209
19586
16731
21240
17130
20172
20018
17879
19670
18850
17063
22457
19702
17986
20662
17717
20906
20399
18612
19695
18749
18954
22968
19404
18867
19278
17775
21939
19587
20512
20047
17463
21703
19723
15993
19568
17634
20000
19793
18408
21257
20297
26123
30920
28335
21524
22298
19977
22343
22302
19289
22377
19297
22683
26147
21822
22626
22365
19851
21697
20884
18954
21129
18215
22069
21343
19541
20441
17837
18006
20823
20025
18136
19257
17376
19475
19271
19387
18287
16741
18659
18660
18508
17127
17387
16788
18166
20550
17906
18683
19532
18040
19477
16078
19385
18051
18103
20868
17097
17534
19731
18687
19017
20257
17398
18538
18096
19194
21450
16089
18883
17726
17336
19958
17205
16645
18000
18442
18205
20559
17461
18119
17606
18664
20346
15363
15557
19141
17439
17973
19278
16099
18329
18245
19481
18386
16323
18634
18592
18323
20562
17063
16475
18068
19288
18290
18567
17353
18540
18019
18046
20901
16186
16143
19864
18072
20775
17044
17912
18903
17993
18855
20202
18498
19098
18563
20380
20418
17630
19453
18806
19253
21425
18220
17284
20076
17678
19406
20160
17427
18022
18299
18636
21462
16450
16076
19276
17369
18020
18794
16121
17469
18137
18159
19644
16377
16906
16810
17439
20093
16354
16118
19032
17308
17745
19194
18787
20267
18272
19363
19146
18055
16738
17642
20061
17205
16741
16289
17337
19351
18644
17985
16887
19405
19058
19130
17603
16469
18667
17990
19015
17624
15790
17880
17368
19123
17419
15550
14933
18658
17459
16870
16773
16272
16738
17998
17214
16290
14635
15133
17262
18381
16722
15376
15236
18026
18223
17144
17088
15146
16250
18482
17628
20585
19738
21161
22940
19517
17115
16066
16569
18200
20041
16346
16514
15489
18270
19601
17650
17419
16335
17457
18954
18621
17935
15668
15535
18064
18544
17263
17038
16119
16760
19632
17583
17632
15357
17047
16544
19348
16912
15908
15497
17873
18916
17431
17616
16288
16892
18073
17935
16589
15217
16200
17604
18589
15827
16417
15283
19870
18606
17381
16739
14834
16152
18883
21000
21913
19581
19596
22730
23587
18914
16449
15420
17491
17403
16505
17381
15863
17103
19860
17295
17110
17048
17124
17861
17369
17561
16108
16028
18166
17400
17807
17314
16567
17847
16670
19182
17096
15392
15934
17674
17819
17346
15584
15303
17029
15718
19210
16166
14874
16323
16294
17080
18214
14819
14720
17640
14790
19162
16250
14578
16928
15532
18770
16827
15751
16965
17486
17147
19813
15557
18229
15468
19593
16917
15360
17505
16723
19695
17463
16078
16869
17564
16300
19774
16433
15657
18408
16318
20093
17585
16198
18087
17430
17836
19794
16676
15494
19830
15903
19989
17923
16735
19577
20615
20840
19329
18342
18625
21952
18659
20587
17333
17757
21929
17960
21323
18595
16893
19334
20130
19269
19235
17662
17681
21004
16952
20337
18423
16310
20631
17792
20410
18861
16760
18118
20664
18762
19533
17834
16625
21582
17699
21062
17561
16963
20306
18056
18591
18690
16630
18040
20788
18365
19670
17126
17093
22302
17209
20721
18767
17087
19797
19361
19035
19117
18313
18330
20687
18399
19714
18226
16754
21111
18109
19597
18342
18245
17965
22295
21138
19410
19090
18245
21748
21699
19460
18572
18127
20529
20819
19625
18273
18416
18276
21296
20670
18556
18568
17634
21203
19726
19579
18872
17952
18154
22177
20133
18047
18166
17700
20539
20173
19736
18536
17523
17961
18463
18698
15984
16585
16814
20571
18508
17125
16722
17110
19694
19141
18264
17153
17039
18648
19591
18957
17678
17073
17112
19755
19394
18020
19538
17543
18706
19426
18431
18174
17037
18349
20081
18647
17238
17316
17623
19027
20689
17262
17085
17043
17609
19432
18378
16080
17274
16698
20545
18387
16543
16300
17028
18846
19028
17340
16979
16281
17595
18689
18600
16655
17755
16354
19932
17116
17059
15349
18778
18125
17620
17122
15053
14985
21287
16860
16334
16657
15635
19625
18032
15659
17048
15927
17848
18156
16549
16746
16058
16195
21102
16715
15109
17555
14684
19493
17595
15928
17804
15937
16556
20826
17715
17231
16893
15946
21530
17467
16129
18794
16205
18917
18194
17595
17346
18468
16984
20817
16926
15532
17985
15883
20633
18456
15463
17792
15009
17933
20497
17355
17503
17083
20696
18933
17517
18264
17068
17312
21702
17839
17049
16889
16123
20808
17547
16453
18631
15467
18749
19107
16650
17116
16939
16924
21053
16713
15147
18873
15589
22977
20095
18636
19805
18208
20105
23117
18654
18097
16688
17158
21873
17928
16938
18605
16259
19598
19506
18891
18369
17066
17986
21596
17261
17459
18428
17731
19944
18780
16693
18302
15485
17719
19457
17570
16819
16715
17204
17750
15418
16915
14853
17891
17958
17803
15086
15704
16033
18497
16925
15056
17101
16499
17077
17936
17785
15262
17145
14985
19158
18806
15606
16365
15867
19233
19167
16473
15669
17492
18119
18017
19572
14655
17882
16705
19805
19259
15016
16468
17590
18726
17287
20018
15581
17689
17020
19939
19921
15544
17275
17623
18590
19716
17358
17556
17897
18325
18611
16354
16963
16883
18452
18451
19418
16006
18229
17742
17833
19470
15186
18449
15973
19071
18096
17651
16129
17207
18760
17986
20376
15153
19137
16810
19651
19171
15929
16264
16649
19061
18734
18241
16498
17105
17848
18078
20758
15351
18213
16582
19866
19479
17090
17577
16702
19516
18076
19984
15551
18417
18022
19017
19897
15676
19101
17083
18809
18509
17248
16991
16583
18490
17776
18279
17852
19087
24654
22937
23431
21075
21906
23210
24182
22423
20234
23136
22324
23160
24582
21172
20196
18733
18622
18029
17884
16260
15286
17270
17881
17151
15348
16352
16653
18143
18432
17401
15195
15398
18745
18097
15200
15979
15439
16238
19414
17141
16856
16356
15595
18367
19420
16786
16112
16456
19329
18065
16710
17865
17037
16358
19770
18246
17278
17389
16277
19037
19268
16442
17054
17484
18287
18383
19116
16872
16712
17721
19755
18180
16322
16795
15984
19515
19441
16129
16939
17124
16860
19825
18836
16991
16713
16451
18768
19531
17422
16865
16938
18888
19140
17226
17672
16754
16666
21727
22516
19596
19836
19026
23308
26805
19325
19866
20099
20477
22490
21554
21068
19702
21186
21177
24084
19284
17577
16398
18758
19181
16347
17327
16974
20013
20484
16307
17751
17488
24044
18536
18397
17664
17667
16857
18975
20167
17516
17097
16537
19074
17629
16936
16162
17022
16903
19985
18811
17322
16216
15366
20188
18881
15209
17993
16530
18400
18968
18079
15648
16839
15648
19719
19481
15274
17083
15777
17721
20286
15226
15893
18273
16510
18266
17654
15718
18184
16387
19043
19968
15763
17424
18415
17949
19929
16875
16722
19736
16930
19591
16881
16254
19285
16583
19852
18787
16525
19558
17203
18993
19263
16560
17376
20000
17541
20208
18346
16828
18733
17673
18056
20373
16024
16829
19944
17963
19615
17063
16831
19257
17456
19665
18894
15990
18503
17308
18078
19363
15945
16482
19596
17032
20891
16870
16706
17023
17784
19333
18531
15384
15737
18885
17890
18106
16935
15047
19569
16105
20858
18319
16233
17351
19733
19186
18750
17682
16629
17158
20206
20521
16651
17227
19006
18936
18885
17580
15893
20809
17530
20754
18746
16041
16358
18898
18883
18423
17827
16508
20698
17854
20695
16786
15964
20452
16950
17244
19877
17671
17809
19733
17891
18717
17207
14752
19516
16395
19265
16806
16014
19209
18389
17945
19389
16086
18014
18604
17565
18972
17793
16986
19681
16975
18787
17013
15077
18139
16608
17311
18578
15733
15417
19536
18845
19749
17322
15742
19536
16335
19459
18165
15449
18213
18927
16366
21489
16376
16198
20228
17912
20566
18033
17028
20216
17476
16766
20529
17223
16220
19087
16611
19398
16596
15270
19310
15885
18939
15808
15783
18614
16472
18903
16533
15344
19193
16189
17251
18327
14889
18171
17633
15357
20039
15795
15122
19984
17603
18494
19024
16132
20261
17542
19458
19672
16608
18834
19530
17405
19795
18127
16598
20345
20496
22358
19671
16401
19167
18059
16290
20416
17256
16713
20251
16012
19134
17795
15173
18532
18362
18808
16468
16133
16957
15766
17643
16869
15300
20042
16131
16989
16343
15998
16087
17910
15781
17528
16461
15941
16713
14578
19584
16858
15139
16352
18138
17875
17628
16483
15689
18249
17080
18555
16027
15635
16075
18377
19700
16209
15824
17510
18263
18082
18688
17215
17797
18490
15853
22011
15582
17994
17134
18349
19799
18277
17206
17381
18668
17271
18735
17561
17291
16549
17688
21533
15333
17757
16282
18634
17674
17735
16751
17420
17580
20273
15564
18315
17620
18590
17686
18935
15091
17241
17382
17424
20075
15549
16570
16443
16582
18172
18087
16161
17026
17570
16433
20061
15122
16883
16337
17505
20410
15422
16632
17205
17223
18087
19324
15969
18889
18793
16064
21224
16290
17347
16851
19207
19374
17852
16550
17772
17404
16406
20673
16026
17470
15207
19030
20768
16104
18536
17205
16335
18633
17510
15461
18154
17777
14779
18769
16600
17603
15546
17500
19119
15849
16646
15128
17509
16986
17047
16486
17489
16902
15853
19962
16358
15928
15858
17945
20430
15539
16312
17510
17042
15802
20153
16367
17916
15183
17797
20196
16813
15818
17301
17266
18650
15735
16916
17727
15354
17589
20539
17212
15778
17260
17833
20785
15550
16585
17909
16222
17748
20093
17138
17289
16093
18685
20855
16280
16743
17979
17769
20423
17137
16656
17589
15673
17472
20821
15900
15842
18038
17881
17726
16900
17804
14843
16597
20018
15566
15741
17299
16227
20656
15542
16709
17589
15432
17557
18309
17326
16508
16970
20356
22579
20310
18256
21139
17855
23475
19566
20003
20096
19329
19311
21737
19362
18249
19176
18035
22128
16896
18581
21015
17572
19566
20761
18577
17994
20076
18975
24305
18498
19015
20698
18224
22053
20879
18738
18648
18140
18249
19680
18266
17590
19429
18041
19737
17924
18843
16881
18026
19554
17317
16892
17115
15806
16733
17855
16384
14303
17193
15371
18003
16739
15515
17226
15876
18067
16987
17566
16498
16423
17307
19403
16286
16463
18188
18015
18148
16642
18059
15913
16840
18117
16956
17307
16525
16559
16717
19010
16729
18372
16582
17482
17239
17354
18005
16724
17216
15491
18899
16938
16896
18183
16729
17668
16426
18414
16955
18117
17820
19045
16303
17571
17438
16420
19607
16141
18583
18616
16405
20601
16216
18131
17559
18095
18737
17210
17517
17956
18600
16242
18478
17433
18405
17474
16882
19287
16419
18727
17550
18112
16966
20851
18063
18106
17218
15778
21170
16302
17587
16839
18703
20289
16377
16406
18325
17342
17015
21646
17280
18537
17750
17683
21177
17346
16965
18297
18160
17622
19726
14941
17331
15710
14935
20055
16316
16059
15707
16572
16660
18192
16428
15894
16689
17811
17726
15737
15132
16828
19488
18549
16835
16582
17401
20904
19242
17959
15617
16688
18676
21937
17921
17660
16725
17791
20945
20591
16138
16670
15191
18959
20376
17841
16004
16546
17545
20639
20606
17645
17149
16996
20023
20706
16547
16444
16759
20894
20280
17532
17037
16675
17280
21634
20032
16751
17353
16254
21342
19670
18379
17479
17302
18753
19712
20327
16937
16929
17151
21110
19730
17849
17161
16521
20155
20070
18396
16808
18399
21249
18870
19177
16366
19186
18672
21581
21380
18328
18239
18056
22060
20125
19999
16215
19176
19571
20033
19262
17478
17522
16639
22263
19758
18577
17414
16600
20483
17785
19194
16399
17191
18425
18922
19434
17006
15583
16062
19841
18639
16010
14715
17606
18254
18682
18453
16371
17137
16243
20596
19947
15856
15554
16161
18632
18621
16794
16648
16074
15660
19717
17402
16780
15287
18532
19254
19456
17333
17133
15626
22049
19284
17056
16468
16971
19885
18894
18558
17345
16801
15547
22536
19409
17222
16771
16779
22028
18569
16766
17639
16472
18587
19060
19359
16956
16400
15213
22085
20229
19420
17802
15627
19058
21951
18439
17711
17841
16837
22280
20921
17699
17279
15513
21825
19777
18050
17537
17075
18798
19402
20259
17637
16919
16316
21468
21234
18926
17508
16278
21325
21454
18303
17988
16263
20460
21195
17662
17601
17757
18238
20733
21236
18062
16706
15559
20614
20133
17708
16998
16467
19553
21101
19100
17227
16705
15610
21286
21917
18954
18135
16009
19737
20703
16848
17042
17129
17612
18193
19156
17442
15949
14908
20433
19190
17912
15926
16092
17358
21065
18682
16846
16635
15368
20696
19848
16691
17116
15445
18489
18684
17588
16825
16442
16104
19663
18531
18118
16193
16349
20995
17395
17695
19139
15697
20183
18498
17137
18252
17101
17228
21724
17217
18354
17407
15438
20452
18643
17085
19276
15180
19038
20019
17523
17327
18190
17065
20945
18539
18152
18578
15623
20477
20410
17894
18764
17744
17200
22068
16290
20178
17684
16441
21424
16992
18055
19178
15704
19898
19679
16558
20100
16864
17570
21077
17327
18664
18856
15931
20012
20282
17115
20079
16781
21860
16901
18899
18182
15713
20556
18727
17641
18923
15864
18969
19714
15163
19642
17304
16012
21583
18016
19422
19195
16503
19415
16186
19201
17030
16047
22110
16129
18149
17863
15526
19152
22478
15589
20172
15310
18715
19920
16145
20187
17721
16420
21910
18269
19124
18362
15705
20617
20781
15827
20736
18812
17353
22740
16011
19498
19144
15594
18470
20547
16491
18432
16028
18397
18898
16407
17006
15739
16652
20242
17031
16337
17166
15183
17664
18259
16554
18210
15673
18242
18785
16537
17886
16580
16454
17916
19946
16527
18492
15675
17682
20622
16237
18187
16674
16609
20198
25376
26151
24639
26112
28277
30444
23773
26670
19423
18904
20908
19087
18186
18217
18375
18729
22321
17193
18941
17529
19727
21989
18341
19338
17641
17999
18289
21720
18255
17500
17644
19759
22598
16209
19520
17905
18451
20889
19650
18629
16619
16817
18315
21646
16030
17811
17275
19094
20715
19921
18683
16516
18298
20005
20592
16961
17503
17884
17540
20260
18221
18295
17205
18066
20101
18230
18267
17019
17646
20869
17156
18848
18040
17658
16683
20611
16653
16587
19020
16987
20266
17422
18935
16947
17341
17725
18707
17181
17721
17289
16745
19241
18277
17239
16737
18264
20352
18102
18806
17500
17984
17520
19420
17856
17337
17758
19185
19010
18017
17952
18199
18006
18956
19685
16740
17057
18211
17390
20093
17103
17596
19459
17691
20448
19057
17929
19116
18368
20505
19409
18997
15710
17983
17629
19376
17755
16981
18336
15666
20094
19200
17121
16448
19064
18752
19841
17917
19904
17879
15550
21752
18111
16791
18867
17839
19444
19601
17715
17609
18118
17276
21292
18700
15993
18361
14623
20095
18464
17295
17069
17650
18038
21349
16474
16423
17188
14239
22212
16139
16316
18145
16027
21130
17597
16366
16405
17570
20400
15678
14922
18645
15236
20655
17174
15966
16591
16134
18220
19907
16003
15627
18152
14800
21181
16210
16237
18851
14757
19464
17258
16052
17550
16345
15740
21496
16141
13894
18426
14424
20614
16497
16033
17327
15234
17317
19382
16154
15200
17771
15674
20170
15196
15669
18304
15235
17553
20013
16955
17114
16633
18035
21166
15757
16171
19729
16268
20992
18520
17174
19642
16800
21191
18094
18236
19708
15469
19860
19925
17236
18050
17157
16998
19898
16573
16555
19339
15544
18276
19192
17209
19391
15355
16887
21069
17198
15610
20994
17552
18878
18020
17068
18819
16257
18170
19946
16500
16545
18134
15916
21155
17246
15519
20422
15056
18781
17338
16050
17672
16573
17165
18954
15411
14668
20460
15305
18431
15727
15746
18504
14948
18109
18123
16018
17301
18284
15809
15874
15660
19623
16929
17787
17799
15486
19000
16499
17866
18918
16070
15943
19890
16229
19848
17642
16871
18786
17874
17273
19839
15899
18634
17191
16609
21125
17244
15971
20094
16209
18039
16826
16572
18326
16973
17332
19347
15506
15839
18783
15539
19676
17159
17310
20095
17049
16822
19131
16786
19484
17006
16820
19982
16302
16180
21258
15810
18868
16979
17305
20310
16255
17474
21324
16474
18651
18285
16824
20848
16363
18059
19256
15983
21516
16989
16794
20364
16142
16830
20494
16412
18760
16559
15489
18630
14961
16611
18643
15347
17998
21199
16781
18699
14883
16651
20703
16402
17856
17424
15896
18302
18651
17314
18305
14973
20456
21702
15480
19262
15174
16880
20089
16492
18394
17495
15840
18841
20599
17185
19878
16464
17348
21816
17623
20268
17906
17704
20028
18476
18194
20862
16990
19419
18159
19779
18140
16929
18981
19374
18658
20683
15866
17177
21127
16659
20011
16277
18188
20667
16721
18756
18718
15554
17840
19887
16382
20058
15399
18197
20325
17154
19725
17234
16906
20320
18154
17302
18555
14860
18133
19484
16446
20003
16111
16909
20409
16880
19275
17502
16504
18291
18868
16558
20436
15760
18374
19524
16637
20267
16751
17572
20847
17776
18985
17921
17087
19273
18137
17466
20613
15819
17067
19304
17883
18779
17099
16753
19456
19133
16599
20715
17409
18562
18668
17023
21482
15781
18825
19337
18102
18212
18639
16928
20749
15897
18397
21019
18032
17557
20425
17269
18265
17904
17695
20405
17643
16898
20909
17334
20201
17381
17690
20801
16821
18840
20044
16146
18607
18659
17113
20845
16746
17038
21134
16077
17665
20969
17234
19416
16860
18836
19192
15094
17199
20131
16873
20036
15255
16810
20990
14963
18956
19667
16960
20597
15502
18657
19691
15817
18410
19125
16370
19292
16155
16590
19771
15228
17364
19872
15134
17724
19511
18230
19835
16956
17443
20703
15567
19473
19354
16348
21123
17283
18513
21766
16252
18086
20615
16093
21578
16248
17293
21301
16867
19331
20498
16222
19371
19952
17791
19568
16369
17802
21243
15210
18382
19245
15022
20326
17067
15967
19655
16319
20362
18759
16345
20224
17341
18546
21164
17418
17861
20110
15398
20921
19229
15974
19534
16925
19116
20837
15671
17303
19781
16544
21214
17390
16639
19893
16054
20830
18402
15456
17048
20071
19628
20930
16188
17235
19811
15919
21404
19083
15428
19879
17703
19230
19766
15929
18025
19797
16264
21302
19013
16740
19423
17263
20072
19117
16279
18426
18493
18268
20284
16614
17000
19406
15578
21825
18768
17611
19917
16897
21086
19101
15569
18712
18372
17563
19046
18513
17063
20494
15743
20593
17871
17088
20159
15636
19268
19480
16843
17624
20098
17759
20695
18333
17129
19312
15103
21544
19534
16552
18026
17144
16515
20564
16203
16826
21059
17899
22579
21367
18396
18076
15735
19007
18996
16096
19356
17444
17318
19888
17003
16525
18105
19036
17981
16248
19965
16310
16992
19813
17722
16691
21088
16456
17766
19496
16132
19904
17086
18126
17684
17876
18205
18786
16216
18626
17284
17239
18669
15784
18085
20232
16073
19805
17669
17400
19305
17008
18648
19857
15707
18107
20661
18256
19150
17192
18041
18259
17293
20711
15919
19083
19361
17437
19228
18090
17683
19230
16746
18371
19586
16124
18160
20546
18767
20002
16845
19141
19343
17295
19149
20499
17303
18937
18149
19205
19763
18065
19142
20887
16590
21787
17972
19226
18909
17451
19747
27623
17288
21693
19410
20029
25759
19178
19502
19701
17696
20942
26060
17430
18120
19568
19382
24964
16335
17987
19861
17255
20519
16950
18778
19090
23675
18745
21152
17128
18848
19988
25573
19501
18519
19760
18849
25736
21098
17377
19307
19309
26829
27634
20493
18951
18533
22487
29557
21864
18870
20114
19577
31604
21228
17545
18730
17751
27199
27141
20595
18028
17508
20634
32452
19782
18742
21898
19652
28459
21763
19836
18813
18531
26674
27981
18207
17720
20039
20640
31309
18123
18392
19917
16801
28629
22540
20068
19263
17274
20367
38158
17971
18341
20653
19880
28319
22436
19203
21943
17878
29405
22857
19266
20950
17318
20573
30371
19804
18524
21021
20069
27657
21965
17654
21197
18732
25484
26175
17610
19996
19414
19487
30521
18483
17551
19906
18238
29276
19677
19094
20192
18006
19950
30249
18521
18907
19978
19507
28495
20260
17628
20212
18832
19648
24023
18495
19479
20111
19229
24225
19763
18052
20175
18616
22447
20103
17906
17093
19356
18779
25079
18000
17109
19369
20226
21347
21106
16525
18744
18026
22542
18854
16765
18778
18988
20401
19263
17276
19138
17010
18893
23366
16024
16291
20542
17394
24456
17364
16535
17827
17581
21741
19201
16619
17004
18539
18942
23446
17089
18854
19594
19938
22081
20600
17674
20927
18339
22562
20040
17419
19869
19430
18330
24341
18026
19484
20072
18605
23228
20674
16505
19981
17327
21328
22134
17359
20144
19820
18704
24037
18903
19256
20965
18783
23905
19836
16109
19408
17274
24086
16742
19579
19678
18304
22133
19947
17593
19898
19560
20792
22610
16917
20151
20264
18908
22946
20153
18798
20820
18822
23199
19950
17400
18386
20323
20401
22854
17759
19417
19450
18330
22699
20429
18396
19246
18346
22441
19327
16078
19893
19561
17305
24067
18852
18050
19531
18037
21762
20749
17967
19616
19054
21872
21003
18526
19751
18843
18255
23295
20171
18049
19725
19236
22989
20015
18955
19690
19771
22413
19776
16462
19737
19103
19329
22950
18828
19177
20067
18460
21372
19945
18978
18219
19401
21396
20067
18695
17951
20684
19649
23537
21280
18570
21723
20285
21516
21542
19027
18379
22492
18735
25329
18853
18403
21954
17714
22139
21730
18573
20295
20684
22264
20540
19286
17971
21922
17855
23633
19750
18088
20389
19671
21587
22416
17538
17324
22001
19898
24203
16204
16928
20885
16708
20535
17667
19593
19555
21866
21383
17085
17643
21708
18143
23775
18337
17108
22780
16945
21699
21492
17871
18044
22151
22174
21131
16214
17599
22648
17107
22414
21087
16877
19223
19889
21346
21699
17587
17617
21067
19397
19531
20118
16568
22401
16076
20681
20382
17717
18200
20926
20949
21263
16201
17242
21498
18151
21200
20622
17330
23625
18744
20326
20564
16691
17638
20480
20760
20613
17232
17587
22068
17633
21636
22423
16162
22182
21926
21186
17964
17438
22230
17956
20890
19923
17317
20838
21838
24569
26734
21130
22568
26985
24930
26897
23318
18751
22955
18008
24301
22718
17138
21663
20698
20734
23026
18409
18179
21774
20457
21116
22647
18495
22810
18079
21434
24187
16748
18678
23508
21710
22288
20523
18506
22515
17841
24690
22734
17291
22946
18615
21007
23341
19386
19370
23336
20780
21589
22244
18792
23698
19190
22920
24049
17302
19953
23942
20711
21029
18452
21958
18885
23643
23281
16800
23088
19668
21614
24159
19665
20416
23841
20326
21837
21917
17779
23156
18166
23065
24059
17705
18093
23373
19857
21204
19457
18451
21463
17544
22373
21953
15662
22892
17889
20844
22537
18652
18267
22435
20450
19308
20910
18104
20676
17490
23189
21944
16437
21231
21453
21694
22265
20403
18263
21953
20204
20928
22739
17241
23778
18477
21147
23367
16929
17603
22853
20165
21856
19913
17471
21941
18063
21497
21988
16178
22864
18010
22425
23650
16813
18367
22805
21593
21244
20750
17172
23275
19283
21026
23630
16349
21681
17901
21114
21981
17164
16261
23431
17980
20117
21120
15985
21686
17227
20563
21695
15544
20110
20140
20651
21214
17646
16154
22669
18168
20433
22184
16669
21318
19023
21704
22085
16160
16031
24403
21209
19146
21660
16418
21406
18612
19829
22841
16015
19159
21053
21670
21403
17538
16463
23676
19901
17772
23265
17194
22045
17734
21774
22263
17266
18641
22473
21549
20833
19287
17760
19885
22253
21549
17654
17837
23046
20964
18001
19883
15911
21997
20102
19881
23173
16528
19636
19299
20766
20726
17558
16073
22824
21252
17287
21639
16125
22297
18976
21212
22281
16416
18676
20121
20945
20706
17858
16342
22385
19233
17230
23337
15631
19354
19945
20101
20759
17189
16084
21162
18999
16453
21005
15724
20928
19574
18432
21964
16294
17066
20589
20739
21534
19805
16609
22597
22231
18190
23070
18388
21032
20089
20064
21750
18875
17337
22100
20528
19990
20952
17091
23248
23777
18583
23513
18864
21080
21238
21089
22643
20182
19162
21886
22248
19922
23859
18776
22165
20459
19013
22372
18683
19507
22774
21326
22741
21408
18622
23546
23029
17973
23032
17874
21252
20613
19699
21203
18574
17530
22042
20844
18860
20077
16024
21717
18855
17723
21738
17276
18077
21729
20251
21338
19836
16902
22033
21587
17613
23433
16860
21767
18857
20664
23198
19314
19426
22275
20983
20709
21864
17753
23131
21774
18195
25140
18345
23879
19666
20576
24009
20398
19512
22786
21117
21323
20783
19149
22696
22455
17949
24768
17510
19678
21242
19088
23182
18719
17332
19657
20037
21101
18253
18564
18234
20464
20488
18077
16314
21563
17906
20818
20675
17305
19654
19335
20626
21706
17761
18190
20805
18354
19185
18990
16882
22117
17717
18449
21201
18538
23989
23793
24870
23718
17717
17571
24014
20670
19864
22470
17549
21747
22537
20562
21884
18339
21051
21042
22033
18997
20938
17888
23979
20020
18332
21209
18203
19665
21760
20509
20250
17911
16593
22092
20433
18279
21534
17190
23296
19062
19023
22194
17091
22753
19803
19905
21335
17176
20351
20136
21144
18805
20249
15740
24264
20180
18585
21079
18328
20685
20973
21443
21695
17909
17257
22650
22276
18340
21026
17126
24166
21999
22845
25757
21165
24571
25701
25683
25466
23847
18444
24435
22698
18454
22835
18276
21742
23306
19819
21808
20446
19190
22006
21738
17156
22798
17460
24560
20862
18852
21596
19675
20140
22477
21709
21527
17990
16743
23482
21670
16968
23501
16649
21539
22906
18992
20538
17290
23319
21394
16424
22999
16316
20229
22435
17752
21016
18361
18210
20252
21897
17692
21773
16580
21042
22546
16802
22362
22201
25511
25702
23933
21032
19657
16848
20458
21850
17404
22785
17967
18449
21690
17649
21918
19020
17274
20073
22089
18012
23021
17018
19420
21781
17547
22398
18415
17933
19371
21294
21685
19715
18186
20098
21331
16584
22802
17505
20266
21279
17392
21911
18615
16983
19911
21035
18585
16933
18300
21074
15925
21811
18803
16990
19782
20406
18852
21038
16891
19786
20801
16131
22831
18172
19023
19727
19513
21904
18883
17037
19774
22470
17317
21423
17458
19596
22455
17152
20780
19197
18073
20082
21058
19277
19005
17541
20529
22976
17273
21927
18605
21523
21306
20043
21318
19112
17835
20371
21027
17410
20828
18615
19081
22474
16377
19992
18947
19332
20578
20689
18351
19448
17572
19236
22049
15991
18361
18895
17495
19960
18765
17106
17136
18878
19882
17069
19142
16985
18358
22070
15913
20022
17415
18904
19443
20575
17494
19230
18868
19670
22579
15602
21428
17288
19885
21009
18431
20474
17737
19761
20931
21263
16944
20784
19515
19314
21918
16587
20984
16819
21496
19805
19830
17999
19843
18094
19004
21654
16500
20806
18016
20122
22719
16230
19707
17852
19139
19852
21437
17935
19944
17283
20318
21272
15152
20788
16433
19250
22005
16023
19167
18047
18810
19617
20623
18554
19863
18554
19870
22700
16483
21272
18486
19393
21704
19070
18265
19693
18969
20642
21108
16714
20824
18650
19897
21937
15603
21810
17057
18973
21189
21039
17013
19597
18792
20343
22012
17126
20965
19217
19676
22600
16652
20354
17866
20314
19174
21454
17602
19525
17469
18243
21329
16271
20190
15711
20477
21785
16806
15644
19417
17987
18382
21894
16057
20001
18590
18097
21308
15257
18220
18366
18260
20109
19899
15616
18946
17508
17969
21920
18315
19153
16315
19969
20657
17285
18491
18157
19768
17866
21751
17350
18907
17792
18773
20345
17479
18439
16550
19280
19009
18429
16441
19087
17086
17999
20487
16956
19055
15926
18868
20784
17537
17436
17025
18550
18928
19256
17631
18626
16985
18489
21215
18797
19376
16840
20058
20702
19342
18033
19476
18592
18790
21007
18981
19871
18301
18282
21508
18514
20850
17932
19710
20854
18050
18710
17194
20526
19505
19745
17487
19625
17531
19351
20533
19326
20245
15548
20612
19679
19214
17180
18076
18612
19885
20394
17064
19165
16683
19445
20500
17801
17749
17267
19145
18156
18498
17061
19428
16539
19570
19965
17600
18213
15596
19861
20417
17852
17688
17325
18308
18888
18674
17096
17201
16743
21021
19546
19194
18306
15074
17979
20519
17756
18021
17517
17646
21681
16577
15156
18765
17116
20049
21340
16055
19659
17027
20860
19761
16179
17626
18951
17421
22483
18276
15885
20078
17297
20227
21185
15133
19598
17629
18240
20529
16339
16027
20014
16200
20973
19288
14562
19668
16938
20812
19546
15289
18591
17273
17872
23563
16321
16318
19069
16028
20787
21181
15289
19239
17715
19983
19156
16532
17142
19253
17779
24008
17456
15738
19622
17249
24658
18001
15599
20064
16375
21202
20765
15710
19160
17007
18105
22490
18040
17212
18999
16045
21930
20284
15760
19672
17709
20795
20048
15549
16579
18103
18070
22009
16638
15052
19170
17075
20339
20311
15060
18822
16853
18727
20885
16622
16418
18854
16040
23675
17333
15762
18621
16496
20340
19638
15550
18034
18920
19945
21052
18853
17895
18187
16754
21461
21289
17898
22494
21975
24644
25671
21203
18299
17998
20144
20661
20660
18941
18796
17528
21429
20426
16944
20409
16977
20132
22492
19688
16598
19820
18807
22566
20636
16251
18307
18017
19375
22604
17988
19093
18105
18940
22709
19955
16552
19974
17468
24329
20178
15649
19430
18880
19529
23238
18535
15790
20393
18620
22198
20378
16802
19370
16657
20743
21995
17871
18816
18653
18928
20287
24116
16201
19838
19201
23623
19804
17300
19110
18298
23702
20088
17060
20511
19008
20885
23064
18011
16715
21318
18827
22168
20800
16509
19817
17583
23159
21562
17575
18561
20086
17515
22049
18610
15043
19478
17968
20766
19770
15625
18873
17027
18839
22447
17961
17421
18295
17963
21515
19523
15735
19045
16883
21237
18825
17493
18795
17317
18657
24132
18075
15552
19306
18973
21394
20404
16148
20785
16633
21311
22058
17828
18427
17711
19780
21417
15763
19401
17234
23846
20127
16636
19064
15665
20151
19037
19325
15070
19423
19020
20486
21482
16356
19531
16322
19103
20300
17514
15848
18784
17812
20751
19488
15125
18170
16516
21581
19559
16459
18777
14491
18742
21428
18342
15170
18921
17458
21365
21075
15968
19486
16827
19954
20079
17632
17541
17807
19042
21882
19424
14959
19574
17399
20629
21771
16743
20578
17764
18763
22111
19766
19413
17158
21850
20677
17134
19698
15434
20413
20944
18985
16970
19404
19365
22093
19358
16382
19587
16895
22327
18391
16853
16928
17361
19641
19759
20001
15888
19710
17393
20918
21095
15554
18772
17737
21427
19675
18720
15444
19237
19719
20801
19858
16398
19539
16831
22890
20880
16604
19087
16719
20878
20830
18360
15836
20091
18570
22306
20739
15174
20163
17195
22295
20160
16502
16394
19273
22058
21917
16558
18505
18262
21166
20328
20943
16228
19737
19206
21887
20285
16923
19058
18726
21742
21187
18956
16330
19820
18588
21450
21146
16164
20270
17591
22084
21205
15253
18993
19053
20791
19900
19052
16102
19171
18215
20626
21211
16187
18992
17226
21262
20706
18108
16975
20165
19931
20300
21501
16797
20576
17242
23595
21618
16198
20156
19203
21698
20686
19393
16689
20668
19702
20752
21848
15997
19234
18589
20699
21742
15968
19566
17066
20539
21721
14911
16707
18910
18983
20281
18325
15697
19805
17397
19609
21082
15017
19109
15808
20072
21414
17743
16534
19903
17502
20068
20752
16431
19451
16582
20480
21485
16693
18129
19654
20333
21859
19158
16973
20513
18172
21683
20864
17804
20307
15933
21887
22271
18220
17845
18654
21726
21092
23644
20967
23923
20908
26462
24515
21489
22539
17014
22638
20552
17682
20092
15105
22099
21174
17820
15392
18510
20989
19029
17894
16416
17476
17235
21750
20170
17402
18420
16437
21556
18484
19547
16764
18510
20388
19787
19551
16508
18638
16838
22942
19155
19242
15513
19685
20475
20434
19013
16013
18404
18481
21222
20088
18171
18331
18259
26405
25234
23301
20689
22694
27036
23587
23233
16400
18863
17833
24020
18294
18595
16812
17807
22089
17779
16989
17334
18416
21395
18198
18034
16114
17580
21652
17392
19845
15128
18088
21788
16807
19643
15629
17745
18862
23005
17768
18518
15146
18955
22394
17458
19461
15268
18181
20367
20365
19428
18734
17880
17771
21848
17041
18709
15172
19117
21298
17379
20028
15607
18320
17665
21505
18771
16649
14958
19072
20566
17391
18806
15316
18320
22313
18439
20001
15868
17438
17365
22683
18190
19035
14879
17902
22250
19575
15850
14949
18363
21460
16997
18700
15082
17112
20410
17570
19200
15087
17247
18049
21423
17976
18537
15408
19364
22228
17657
19884
15954
18137
19535
20142
21021
16539
15734
20358
22900
18141
20291
16151
17466
23132
16502
20583
16071
18706
18063
22132
19526
16933
15626
19387
20981
19082
19849
15730
17572
21486
18871
19747
17442
16243
19715
21342
17386
18686
14788
17623
22975
16684
20452
16114
17510
18441
20978
19565
16799
15251
19917
21963
16443
18677
15262
17387
22499
16654
19773
15187
17326
20337
20287
18886
16658
14771
17235
23042
17157
18534
15217
17183
19642
19847
18197
17800
16202
20340
21650
16353
17202
18423
18099
21872
18345
17123
17833
17541
18587
21148
17931
18370
16442
19030
21622
18536
16681
18147
17515
20371
19585
17865
17671
15307
20723
21420
16391
16596
17779
18103
21917
17849
16765
18027
17549
20578
18613
18205
18043
15958
20001
21509
16383
14870
17965
18005
22101
19713
16320
18092
18277
20704
20691
17712
18967
17065
18686
19898
19057
15726
20331
18510
19184
18168
16561
18936
17906
21508
18294
18006
16214
21562
18496
20364
19601
15706
18400
19361
19364
19758
16498
18487
17015
19908
19582
18937
15542
19534
18733
19978
17109
14806
19209
17423
19909
19056
15060
18660
16622
19930
19221
16067
18578
16964
19688
20215
18588
15380
20199
18721
19949
19013
16295
19099
18153
19847
20160
17036
15458
20116
18550
19767
18810
16738
19885
18940
19371
18281
16883
18897
17753
19247
23267
17461
17958
18563
19438
21273
19260
17104
19477
18662
18946
21390
17547
19793
17845
20698
19039
18348
18224
17921
19370
20782
16854
17406
18112
19226
20244
19426
16347
20134
19457
18615
19707
16477
18801
17386
19472
19357
17342
16822
18051
17512
17432
19126
15750
19513
16049
17435
20044
16990
17467
14974
18340
20988
18700
17022
16587
17486
17434
19968
17391
18002
15905
19941
20465
18257
17145
17857
19032
18699
22945
18775
15118
19631
21886
18267
17340
17172
18729
18424
22071
16931
18888
18326
20094
22920
20490
19875
17741
20946
22086
20780
17635
18070
19172
19972
20879
19702
19008
16187
21542
20738
18682
19756
17913
21264
34007
23137
16163
18475
18158
19340
20290
18246
18418
16237
20291
20457
19840
18678
16561
20329
19051
20468
17266
17339
21086
19581
21368
19719
17203
20247
17686
21833
18336
18971
16625
22458
20661
19699
19047
16613
20673
19718
22604
19143
16818
18974
19317
20594
19344
19619
16883
21352
21585
19204
19199
17143
19847
18748
22525
17740
18734
23222
27429
26779
25685
26993
23196
25992
23986
26047
23241
20424
23654
21328
23377
22471
24331
20830
25339
23887
21132
23135
19592
26248
22526
23717
22227
20259
23738
20677
24621
18613
21238
19673
23679
21337
19321
19659
15334
21660
18113
20293
17652
15445
20640
16940
19429
17267
20180
15845
21038
18223
17703
17733
14851
19554
48220
19609
15665
16657
17782
18844
19405
17366
18088
14567
20496
18752
18851
17395
16201
20495
17610
18467
17066
18603
14889
21443
19743
17173
16386
20371
16499
19077
16466
16957
15242
22768
18144
18287
17039
16112
20712
20444
19540
15913
16105
19498
18568
18722
17743
16180
14394
20475
18800
17777
14598
16380
20705
18552
18578
16454
16943
16785
23083
18592
18323
16044
15704
20573
19978
17808
15073
16289
21585
17907
20093
16814
16123
14835
25476
23918
21485
20760
20343
24005
23652
23275
17495
16586
18089
18201
18649
16072
14990
20293
19884
17505
16056
16867
18841
19387
19296
17050
17211
16227
21008
20791
18748
15849
17021
23118
18281
18957
16822
15662
20414
20176
17612
16384
16601
19619
19009
18245
17906
16349
16691
20000
20868
16965
16256
16973
21882
20189
19310
18094
17955
19654
20351
21312
19221
17044
17685
21635
21745
17363
17598
18558
21491
18699
21090
18956
17910
17625
18924
21589
17407
15376
16970
20875
19513
17952
17149
16988
19494
18935
19364
18574
15258
16914
21177
19416
17682
16610
18257
20737
19376
17337
17412
17720
21966
17299
21064
19123
17372
19820
21304
23174
19165
17265
18237
22689
20598
18257
17572
17329
20391
19798
20141
19029
15922
17052
23797
21006
18357
17462
18173
22411
19587
19378
18861
18161
18695
21032
21568
19421
16302
17877
23481
19520
18548
17625
17666
21522
17491
20335
17250
17150
17419
20738
19915
17618
16368
17957
20700
18199
18029
17471
18171
22284
20165
17890
16232
19487
19463
18603
21035
16534
18476
17336
21674
22358
17107
16546
18942
22254
18633
21242
15805
18377
16871
20895
20548
16743
17233
16823
20704
20281
17400
15071
18527
19204
18985
19266
15003
16602
17365
19503
20968
16396
15263
17706
20422
18456
19780
16088
19344
17709
21834
20471
17947
17872
18959
20911
21065
18990
16354
19093
21201
17420
20960
16659
18519
21305
18637
20215
17325
17043
18718
18991
21081
17469
17992
18265
21103
21700
22395
22604
17167
21739
18193
21147
18073
17115
19861
19853
22122
18891
16604
18277
22905
20066
21705
19205
18728
21921
22033
22168
19649
19576
21378
21629
23263
21059
19818
20978
25198
19907
22345
19589
19313
21528
23724
22575
21117
20942
26317
27178
27969
26824
23957
28120
30691
19831
20028
16750
17931
19505
19618
21212
17512
17269
18601
19925
22318
19453
16544
17603
22027
18530
18440
17309
17947
19828
19884
17630
18523
16677
21046
19885
17474
18919
15940
18549
20345
19162
19027
18005
17049
18826
19410
18670
17934
15770
18410
21632
17165
19327
16437
17689
19640
20104
18858
17964
17838
19517
20571
17737
19319
15511
18845
20558
19011
17419
16549
20908
20322
17137
19355
16265
18030
21776
19589
17207
17265
18453
21266
19706
17446
18651
16260
19042
21825
17927
18359
16530
19123
21285
19687
16917
17778
16895
17970
22600
16813
18460
15339
18905
21519
17889
16701
16398
17417
20389
18196
16719
16251
15766
17399
21288
17231
16053
16511
17298
19592
18686
16192
16212
15798
17256
21956
15551
17457
15962
16982
21815
16406
17515
14510
18088
16940
14328
15325
14688
17030
19249
14663
15927
14558
16195
17607
17886
15217
16097
15405
15880
19436
16034
16361
15624
16906
16764
17826
16440
15775
16316
16811
18932
15885
15662
16006
16036
20590
14669
14451
16469
15615
17804
18139
14485
15568
16131
15051
20429
15066
15162
15704
16532
19101
16058
14614
16778
15577
17522
18542
15855
16500
17276
16733
21779
15918
16488
17172
16268
17856
18728
16186
16281
16238
15657
20923
15697
15450
17266
16122
19049
16329
15576
17208
16632
16443
19844
14490
16573
17122
16629
21238
16156
16505
16382
16105
17231
20074
15475
16417
16508
16796
20346
15847
15255
16513
16127
16368
19345
15766
16267
15787
16433
18632
14441
16570
16280
15698
15866
18471
14678
16590
16420
16563
20007
15065
15935
16591
15724
18434
15094
16190
16065
16784
15750
18861
16514
15773
15308
16876
19815
18719
18662
17160
16501
17380
19536
16441
16959
16780
15448
19769
15738
16345
16531
16241
15783
18387
16119
16423
14999
15296
19193
13990
15708
14916
14455
17968
15684
16205
16400
16534
14828
19805
16681
16059
15514
16074
18749
16387
16263
17219
17139
15778
19622
17762
16433
17474
16672
18584
17397
17964
17289
15675
19732
16973
17157
16402
19195
16521
17368
18960
16312
16823
15458
18191
16498
21349
21023
19611
22219
18727
23645
18572
21991
18751
15657
17455
18813
18572
16148
17575
17088
19337
17515
17740
17437
15517
19002
16192
18951
17298
15351
16970
18336
18086
15917
16601
15556
18024
17770
18220
17463
15117
16119
18829
18321
16830
15345
15843
17865
18047
14933
16475
15505
17739
16130
17811
16483
14844
17275
16851
17767
14409
16621
15639
18221
17876
16534
16151
15646
18361
16372
18319
16983
15432
16363
17911
19069
15152
16789
16249
18194
17754
19075
18384
15585
16730
17225
19309
16127
15042
16234
17209
17776
16676
16437
14926
16390
17164
15897
16168
15088
16185
17364
17894
15902
16068
17436
15885
18699
17203
16275
16739
16656
16544
17336
17547
15461
17984
15301
19861
16585
16371
17812
17253
19195
18444
17806
15731
18809
15434
18913
17111
15868
18694
16858
18599
15386
15786
15708
22174
17176
17830
17355
16409
18251
18388
18127
16530
16771
16310
19912
15443
16639
18660
15476
18431
17671
17632
15258
16943
18245
18670
16922
17038
17095
15772
20529
15435
16576
17741
15852
20667
16585
17422
15583
16865
16687
18333
15532
15306
16281
14739
19920
14523
16281
14715
15794
17321
17142
15810
14859
15546
15672
18658
15479
15062
15584
14949
20267
15219
16194
14912
16387
16505
19171
17155
15357
16030
14642
20218
14994
16721
16023
16972
18170
18725
16628
15478
16753
15311
20565
16361
15450
16685
16254
19704
16408
16788
15055
15807
16122
18462
15837
16156
18027
18687
16426
16909
15600
18077
14988
19597
17494
14980
15865
65102
19282
14804
16481
15106
17271
16571
17520
16666
14670
15799
16805
19274
14522
15994
15051
17661
18877
15448
16518
14674
17606
18072
17389
16569
15580
15234
17504
18645
15395
17263
16518
16351
17574
16513
16851
15686
16413
18961
16859
16372
16117
17149
16766
17739
16863
16866
15979
17132
17737
16514
16604
15348
17289
17614
16018
16128
14667
16157
18516
16239
17653
15130
15683
16715
17755
16027
16332
14971
16871
17898
15144
16065
14793
17331
18450
14975
16805
15062
16410
19989
15923
16569
15326
15369
18440
21772
17862
19362
18010
20191
23056
18498
20300
17776
18438
23039
19689
19528
17321
17784
20952
22228
18153
19027
18510
18662
21960
18313
16945
15623
15045
19820
17997
15361
16906
15435
15312
20642
15259
15593
16077
15291
22620
18370
17234
17274
16213
18407
21825
16348
17508
15848
16195
23342
16706
18778
16710
17598
23138
17600
16589
19331
16532
21705
19060
17828
17646
16957
17409
21658
16002
17082
17651
15553
21598
16209
15483
17692
18172
18244
20458
16129
17157
18125
17729
21094
16453
16794
17473
20661
24596
22171
20930
21451
22835
22789
25150
17923
16360
18442
16599
21302
16474
16645
17650
18641
19346
19887
16596
17599
19126
17632
20249
16968
15850
17207
18518
20290
17415
16682
20288
17762
20792
17494
17128
16336
19461
21375
17948
17354
17054
18749
18215
20993
17020
16649
18460
17905
20885
18390
16683
16700
19764
18988
19566
16868
17985
18809
17639
20178
17068
15772
16791
19353
19930
21318
20659
21028
23315
20709
25969
20946
20218
18400
18730
20530
16353
17260
16034
18350
16728
19302
15970
16901
16764
15387
19563
16233
15846
16678
17088
18601
18394
17365
16239
21323
16886
21265
15907
15759
18831
16203
21404
15707
16660
17411
16724
16976
18436
15426
15011
17892
15248
20594
15889
15482
17393
15057
19335
16708
15108
17794
15124
15748
20918
17282
16669
19277
16708
22200
16790
16929
19571
15888
18518
18314
15939
15815
18723
15328
21040
14972
14808
14898
19511
17053
15003
15473
17276
15506
21213
15861
16139
19256
15937
21428
16434
16334
19010
16245
20449
17194
15947
16385
18129
15596
21432
16219
16079
18850
16552
21095
17854
16657
19301
16079
16096
21380
16222
15851
18428
15707
20686
15186
15278
18432
15159
18968
16757
15558
15327
17726
14955
20541
15095
15097
17199
14637
20268
14879
14669
17725
14931
18136
17420
14904
17688
14701
20550
14723
15477
17821
15050
19675
15601
15154
15659
18290
15586
18978
15339
15483
17010
15539
19382
17059
15582
18497
15673
18780
16710
15089
15851
19774
15253
20362
17087
15941
18191
16718
18660
17279
15123
15694
18275
16481
16172
18115
15524
16871
17132
17823
17787
15214
16968
16534
17687
15052
17412
14859
18095
16464
16389
17784
15165
16461
17201
17873
16961
16374
17688
16352
15721
17585
14930
16034
16670
17959
16834
15961
16546
16534
17533
14670
17983
15095
17521
16563
15763
16597
15943
16404
15927
18125
14833
17061
14749
17185
17422
14970
17937
14149
16202
16136
17113
15623
17294
16973
16161
17520
15832
17874
15223
17824
16576
16857
17705
16054
16494
17200
18429
15782
18539
15393
17445
17499
16143
17567
16621
16402
16443
17326
17321
17082
17657
16871
17919
15047
18350
15163
18788
17356
17626
17449
17003
16294
17027
18613
14938
17818
17556
16463
18169
16773
16991
15336
17168
16000
18827
16583
17611
15770
16392
17965
18385
17486
17585
16732
18650
16708
15858
17750
17359
18103
16767
17126
16648
17595
16979
16956
16213
16603
15636
17422
17852
15857
17028
15605
17972
16861
16941
15828
16403
17007
17049
15115
16952
15194
16540
16290
17818
15534
16909
15612
17723
16903
14981
16684
15449
17171
17619
16598
14864
16446
15996
18243
15030
15069
16736
14968
19025
15499
15349
15800
15645
17511
17712
16210
14845
16960
15395
19480
15718
17083
16890
15607
17126
16732
15785
15056
16787
17017
18874
15774
15304
16161
15100
19216
16586
16063
16736
16152
17599
16054
16036
17187
16264
18673
17101
15857
16633
15835
16804
18331
16293
15922
17180
16141
17740
16347
14782
16877
15406
18092
16115
15414
15690
17210
16541
17618
15876
15353
16241
14638
18222
16529
15389
16785
15194
16957
15566
17184
16203
17413
16746
19021
15705
16269
18375
15344
19015
17820
16399
17105
16520
16869
18200
16658
16069
17619
16304
17819
17093
16170
17336
16694
19789
17479
17210
17151
16950
16721
18692
17013
16473
18634
16640
18815
17573
16426
17067
16254
18389
18222
16934
17749
16581
15945
18406
17354
14934
18235
15685
18077
16470
16950
16562
16894
17092
18030
16769
16327
17760
16639
19000
17248
15253
17109
16983
17506
17347
16555
17161
17051
16820
18581
17160
16198
18393
15445
18787
16311
15826
18197
17514
18195
16544
15064
16859
15834
17491
17392
16910
16626
16620
16712
18269
16436
15057
17361
16274
18802
17828
16500
17598
17096
17761
17703
17092
16608
17168
17002
17590
16973
14796
17931
17549
18193
18698
17707
17287
17575
17865
18874
17644
15311
17895
16441
16592
19530
17225
18700
16942
16575
16778
16011
16182
15807
17200
18804
15530
16331
17751
17042
17243
17037
15589
16811
18210
16847
18759
17079
16026
18934
18153
17738
18721
16525
17996
17461
16228
18913
16425
15411
18845
16733
18538
17428
16039
19460
17308
16446
19902
16733
16159
20125
16299
19438
17741
16343
19820
16798
17748
20078
15767
19210
17808
15897
20234
16603
17797
19053
18490
20107
17217
17564
19502
16338
19718
17956
18298
18222
17556
19191
19825
19334
18506
18365
16966
19695
17749
18094
20000
17620
18766
18861
18349
18828
19558
18288
19387
18735
16517
21621
18063
20951
17871
18708
19236
19700
19903
18877
17561
17402
18757
18450
19613
16632
17348
18961
15850
18951
17262
18637
17313
18506
18265
19616
18224
17148
18293
18123
18961
17575
17310
19416
16203
19749
17414
17541
18058
17396
18098
19554
18171
17934
17805
16368
18113
17170
16452
17227
16530
16556
18429
18111
16679
16722
17923
15927
17537
17805
17016
16684
18646
16809
19425
17131
15475
17591
16504
16819
18536
16353
17068
18152
17196
17708
17933
18355
16607
17792
17612
17199
17011
18651
16737
19214
18135
16152
18950
18298
16982
16661
17570
17890
17709
17758
18403
18713
17302
23405
22671
23614
23137
22937
24990
22172
22164
21709
21139
21853
21745
21474
23262
20810
21014
23174
18421
18477
17691
19353
19315
17657
20436
19135
21795
18246
17869
17558
19131
17557
18655
18958
16896
19317
18508
17998
18497
16113
18238
17072
17673
18503
16706
18366
18307
16953
17390
18473
15779
21064
16020
17807
19958
16952
19557
18489
19176
18569
17983
18770
19432
16676
19453
18817
16162
19816
18506
17844
18913
17234
19008
18353
16643
19792
18356
16923
20276
17337
18021
16947
15499
18690
16436
16097
16938
16423
17170
18000
16405
16196
16877
17117
15511
18226
15901
17876
18201
16850
16970
16320
17394
18498
16553
16268
17462
16109
18271
17907
15510
16537
16817
17579
17966
16326
17306
16624
16622
19401
16830
15546
17883
16863
18302
18161
17931
17805
17455
17813
20072
16457
19127
18595
18063
17861
18020
18333
17239
17729
17377
20336
15589
17716
18738
17452
18713
18534
18629
15489
19350
17356
19113
18458
17544
17949
17857
18847
15150
18981
17446
17585
17468
16664
18181
16565
18075
17573
18218
16564
17595
17034
17619
18357
15254
18620
16972
18863
18066
17146
16999
16646
17712
16697
18678
15708
17694
15677
19067
18673
15323
18033
16257
17268
16594
18714
18072
16549
15933
17314
17983
14883
18132
15333
17900
18398
15609
21500
20751
22875
22363
19849
21582
21240
22186
20115
21231
21388
20886
20904
22677
20387
19334
20854
16624
16147
17234
15780
18342
17734
14872
17343
17949
16665
19913
16872
15791
19503
17069
19600
17477
17285
18182
19039
18986
19021
15895
17214
19851
15275
19863
16986
17658
18593
17544
18888
19604
17795
17483
19969
18581
20014
16606
18016
19269
19049
19003
17656
17840
18242
18238
19024
18993
17246
18167
18382
19616
17929
17120
18177
19285
19737
18552
18185
17873
17590
19474
19516
19602
16521
17625
19199
18463
19258
17901
18040
17873
17664
18661
18782
16190
16751
16791
19826
20069
15924
16597
17697
19192
18814
17548
16594
18148
20125
24368
26298
18875
16334
17690
17983
19990
15699
16820
15081
18866
19797
15474
17998
15885
18826
19347
17001
15686
16753
17602
20123
18606
16680
17307
16543
18359
19686
16848
17509
17712
18685
20382
17901
16204
16958
17021
19694
17788
15922
16574
16287
20025
18222
16702
16857
17341
17742
18696
15575
17115
16420
18126
18194
17295
17808
17593
18565
17445
17780
17125
16421
18068
18549
17198
17208
16186
17320
17005
18371
17045
17163
15639
18870
18787
18282
18945
16203
17320
18480
18742
18023
16411
16972
17446
19342
17987
17020
16280
18299
18614
18650
17316
16113
16754
18558
21521
20234
19736
17153
18932
18687
17101
17203
15851
18047
18953
17008
18311
15994
16040
17150
18036
16921
16685
15691
18407
19016
16080
18013
15052
16117
17172
18183
17280
15440
16393
16770
17197
15876
16648
15138
16434
17194
16292
19117
15808
16112
16490
17814
16006
17300
14730
18470
18720
15821
19437
16752
18058
18035
17693
18408
15629
19503
18746
18837
15915
18540
15643
18746
18186
18283
16152
17993
17338
17772
16548
19975
15651
19332
16870
17331
19653
16056
15666
17241
17035
17955
17239
16017
16394
17872
16483
18798
16484
16164
18620
16423
17453
17899
16362
17484
17121
17456
18962
17343
16103
18374
18827
18818
16569
16596
17399
16579
18557
18877
17930
17369
16691
18903
19816
17175
16897
17944
18036
18551
17918
18126
16686
19084
19094
18473
16805
18328
19109
19158
16891
17978
17359
16910
19279
19782
17429
16978
18226
19091
20403
18309
16630
17752
17885
20107
18014
18843
18066
17914
20288
20021
18417
15905
18546
18814
18643
17696
16519
18445
15750
19299
19185
19122
17360
17252
19125
19300
18904
17184
17725
18623
19590
18115
19022
18889
16770
19479
19358
17843
16169
18788
20665
19256
18021
16075
18157
18576
19935
16832
19412
17440
16685
18969
19976
19158
16566
18220
19226
19950
19010
16240
18099
17731
16767
18022
19565
17486
16429
17761
19596
19875
15991
20094
17602
17278
20462
16593
15486
17619
16428
19007
19489
16015
16544
18624
19325
17783
16240
16993
15799
16821
20015
18439
16981
16961
18303
19873
19774
19460
17638
18435
18666
19325
20775
17041
18575
20705
20950
18612
17627
17871
19557
17665
20293
16910
17249
17502
19629
18979
17446
16127
17525
19004
18232
18690
16336
17211
17781
19016
19343
17095
17580
18390
19971
19289
18074
16367
17740
21173
17380
19194
16789
17791
16682
20105
18660
17072
16824
17910
18860
18482
17798
15790
17522
18968
17755
19488
16735
16821
17924
20321
17876
17657
16111
18392
18444
17151
19585
15985
17714
19110
18220
19210
16724
17447
17912
18071
19081
16159
16036
17377
19563
19073
17346
15765
17932
17805
18141
18181
16728
17184
14865
18260
19194
16517
16843
17721
17242
20537
17394
16266
17069
16375
18522
19796
16071
14720
16786
16967
20635
16488
15894
16250
17090
17948
18407
15480
17227
16926
17709
18623
16663
17079
16317
17735
18904
16966
16641
17130
17922
19811
18237
16594
18653
19360
19283
17738
16480
17431
20549
18487
18277
17182
16741
19827
17651
19605
17927
16805
17325
19271
19865
18530
16367
16439
19089
19347
18153
18445
16285
18445
18804
19579
17328
16061
17086
17773
18859
18223
16821
15695
17743
18127
18815
16353
16119
17348
19103
18548
18026
16502
16376
20825
19920
18895
18215
16888
18813
19607
19445
19392
16579
17274
18536
19142
17240
16163
17612
17923
19317
17006
16990
16055
17820
19712
16846
16691
15491
18282
17166
18387
16955
15833
17092
18487
18525
17649
15360
15773
18077
19209
16423
15358
16454
19270
17660
16350
15485
15218
19196
18052
16519
17526
16098
18812
18087
18253
17301
15765
17002
19875
17706
16317
16385
17171
19353
19071
17224
17249
15630
18171
19042
17495
17781
16406
15859
21295
18581
15468
16053
16213
16629
18522
17857
16675
15770
18256
20908
18050
16495
17855
16606
19944
18079
17556
17371
15700
16530
19371
17163
16623
17274
15607
20433
17216
15588
16368
14132
21146
16572
14612
15903
15600
17893
19835
18203
16781
16525
17867
20316
16995
15884
18185
16702
18034
21674
15996
17994
16366
17423
21047
17153
16114
17258
15896
19415
19446
16158
17319
17637
17585
20932
16674
17556
16105
19003
19621
18491
16769
17747
16659
18523
20820
16019
16768
15915
17231
19539
17551
16559
16998
17169
17596
18554
16080
18372
17213
18462
16394
17649
17127
16146
17066
17224
16445
17698
15242
16142
16302
16073
18076
15633
16853
17196
15968
16878
17777
15536
17044
16019
17632
17259
15449
16571
16202
16028
17501
15742
15735
16267
15340
17520
17816
14840
16839
16267
18047
17965
15256
16638
16635
15945
17404
16851
15190
16376
15211
17778
17710
15021
16269
16404
17733
17143
16078
15413
17773
15257
18177
17861
17075
17153
18133
17925
17239
16318
17458
15415
18282
18527
14764
16368
16822
18007
18229
15991
16999
16677
17605
18722
17292
16191
18120
15457
18102
18703
15651
17184
17410
18707
17495
16674
17260
17306
15997
18806
18071
15434
18655
16489
18217
19305
16429
17836
17334
18274
18649
17435
16943
18177
16020
17952
18460
17891
17148
17552
19052
19724
15876
16835
17229
16390
17588
18388
17357
16692
17015
18552
15596
16837
17997
16156
17378
15420
15862
20026
16022
16710
18387
16078
18172
16849
17268
17951
15006
16658
19123
16825
16449
17813
15762
18501
17054
17144
19066
14945
16347
18596
16455
17696
15461
15425
18724
16088
15799
18135
14992
18166
17630
16290
18174
14941
14918
19452
16742
15806
16943
16053
18299
16935
16670
15794
15585
18375
16351
14820
17841
15788
15825
18043
17332
17017
15433
14896
18887
16620
15042
17326
15777
17510
16714
17521
16854
16297
15022
18816
15516
15790
17122
14931
19510
15946
15779
17623
14582
16466
18611
16391
17705
15853
15059
19047
16955
17243
16351
15595
17731
15874
17049
17564
15591
15386
16377
16145
16168
15600
18355
14964
16635
17157
15654
15606
18619
16924
15954
16054
15158
18791
16345
15132
18098
14902
15735
18625
16934
17372
14637
14297
17436
14884
17250
16813
14542
18186
16927
15893
17559
14896
15773
22633
21958
26281
25056
24411
28973
27028
18819
17400
16209
17282
14899
16275
16535
14567
18194
15729
15362
17059
14771
15074
17791
15930
16477
15586
14674
18160
15709
13946
16781
14722
15289
17515
15583
17782
14626
14603
18485
15956
16479
14579
14510
15764
16958
15472
16169
14202
15685
17724
16627
16080
14919
14977
18209
18861
15185
16107
15170
15396
19335
15920
13749
14094
17634
18108
15032
16289
14020
15606
19042
16471
16925
15124
15442
20169
18869
17273
15749
15266
17752
19850
15532
16714
15861
15539
18801
16974
17353
15011
15439
18342
19550
16238
16139
15360
17825
18393
15787
16917
14235
13994
19693
17822
16282
14361
14837
18283
19517
15531
16053
14533
15341
19225
15760
16697
14968
15249
17279
15268
16773
15576
14549
18651
16369
16240
16875
14616
16405
18932
15150
18311
15275
17468
19696
15543
16741
15937
15351
19149
16846
15855
16824
15439
16873
19453
15654
18956
15256
16413
19244
16187
15672
16857
16890
15101
20375
16067
17660
15067
16400
19591
15091
17976
15760
16341
18599
15470
17635
15054
16678
18412
15778
18656
14802
17376
16466
15208
15764
19111
15129
16617
18192
14967
18518
14544
16121
17761
14639
16035
18369
16397
16393
16059
14872
19131
14953
16739
16934
14196
17302
16217
16394
17339
15719
15111
19094
15565
16021
17332
15293
17556
16401
16474
18092
14447
16482
17209
16525
17778
16235
15073
18654
16146
17854
15783
18485
17202
16296
18378
15342
16479
19721
17982
17360
18555
15000
19164
14780
17592
17955
15327
16551
17332
16216
16918
15708
14434
18448
14887
16350
17291
14567
17359
16735
17261
17294
14689
14636
19206
16757
14670
16353
14391
17825
17336
15495
16019
14151
15708
20047
15508
15134
15203
14587
19550
17871
16724
16182
14673
16884
17911
16461
16090
15926
17423
19219
15722
16807
14870
15723
20581
16825
17140
17290
14613
17242
18932
16296
15952
14700
16069
19985
14592
17181
14848
14770
16298
17205
15233
15460
14163
15593
19681
15495
15820
14437
14046
21859
14698
17650
15885
16893
16020
20852
17288
17013
15677
16477
22588
15598
18500
15418
15180
19816
17200
16742
16147
15090
15817
21017
16342
16444
15466
21514
15687
17656
16578
14953
17856
20854
16447
16393
14963
15991
21272
15033
18144
15673
14646
18922
18385
17848
17181
15592
18123
19752
18015
16619
15390
16603
20420
16099
18563
16682
16068
18409
20294
17418
16981
16660
17073
20029
14850
18834
15304
15862
19348
15212
16808
15262
14949
16684
17954
16504
17185
14335
15701
16936
15304
21161
17782
17918
18136
16538
16628
16247
14464
17665
17446
14489
17221
15198
17253
17238
14970
18098
16105
18117
17250
15648
16530
16368
15563
16776
17766
14524
17088
14899
17857
17923
14964
17775
14937
16682
16715
16312
15151
15333
14574
18260
16364
14676
17021
14252
17822
14922
14138
16264
14746
15107
19096
14968
17049
17150
32014
34764
15521
14574
16975
14363
16884
18461
14517
16160
14133
15026
17585
16534
14959
17637
18213
18215
16638
15045
17884
15442
16948
17919
15678
16012
16911
15234
17056
15004
17518
15490
15480
18543
16530
15311
18136
15147
18637
14894
15225
16846
14899
18819
16029
14766
17063
13880
16951
16990
14097
17097
14368
15246
18193
15147
14172
17080
13801
17214
15881
14227
17669
14282
15293
17033
16556
16440
17173
14574
16305
16178
13956
17248
14159
16820
15918
15707
16908
14963
16615
17314
16251
14118
16905
13878
17127
16896
14384
16300
13861
15058
16455
15484
15038
14891
15141
15456
15462
14247
16362
14285
17774
16501
14347
17032
15061
15999
15618
15995
15562
15565
16099
16157
16546
14112
15636
15249
16309
17006
16563
16708
16091
15925
17791
16600
15231
17495
15851
16924
17092
24341
17615
14820
16899
16730
16173
15070
16973
16994
16997
16461
15264
18355
15793
16305
18693
15345
35991
28412
15862
16594
16996
15789
17993
16647
18074
17043
15313
16188
15619
16710
15732
14775
16505
16007
15972
16485
16836
17403
15225
15831
16449
16942
15642
15816
15830
15181
16203
16021
17280
14525
15675
16559
16653
15835
15910
15779
15858
16841
14703
17161
15648
16097
16052
16793
17298
15274
16702
16287
17360
15917
16690
17542
16707
16987
17389
18387
15263
16756
17351
18479
17049
17436
17285
17406
18073
16884
17361
15917
15884
16975
15891
16515
15865
15192
16314
16087
17001
14011
16011
16567
16730
15554
16228
15552
15800
16555
14853
16986
15032
15136
16870
15963
16483
14895
15609
15997
16764
15537
14250
15399
15491
16880
16171
16271
14550
15679
15903
17089
15869
14524
16107
15620
17198
16229
16181
15103
15303
17532
18005
16514
15114
17389
16370
17639
16548
15506
16110
15524
17377
17742
16384
14964
16564
16115
18393
16561
14912
15765
15560
17628
16256
15004
16170
16289
17762
16667
15274
16173
14892
17111
16110
15615
14466
15498
15523
18507
15773
14398
15543
15484
16866
15833
14173
16018
15596
16176
17515
14222
15565
15751
15594
16660
15734
15036
16813
15332
15427
16065
15679
16265
15377
15279
18655
16456
15270
17749
15708
16202
16242
16810
17295
16138
19166
18203
18338
17783
17669
17119
19661
16632
15063
17561
16341
16195
16184
15392
17295
14706
16673
16931
16649
15830
17619
16106
16680
16945
15528
17384
17129
15404
17402
16881
17705
16297
17833
18089
16904
16260
18800
17173
18866
17024
16955
17855
16405
15711
19119
16377
17330
17919
17834
16580
16281
16098
19090
16870
17121
16741
17453
17893
16895
17627
18215
19443
16562
18890
17245
16477
16726
17086
18782
16197
16630
16232
18125
17635
17894
17073
17768
19857
16476
18794
16970
16361
17890
17597
18112
16009
19409
16057
18258
15674
18867
18165
16169
17915
15281
18262
15382
17869
17173
16092
14989
16830
17889
15054
18222
15366
18430
17186
15137
17594
16070
17268
16324
18012
15605
18133
16346
18752
18027
16035
17819
16388
16975
16936
18759
16742
16346
16022
17913
18053
15648
18166
15328
18145
17465
16136
16565
17829
16507
17021
19294
16725
19487
16003
18491
18196
17167
16720
16445
17395
18333
16281
18481
15794
17915
17911
15271
16160
15691
16506
17426
16650
15707
15801
15788
16621
17779
15223
17848
14259
16596
17766
15553
16245
16426
16103
16794
17286
14661
17756
16080
16622
17198
14786
16178
18138
17355
18221
15361
17184
16319
17427
17292
19563
15782
18823
16332
18272
19218
16030
16862
17260
17450
17992
18047
17984
17193
18507
17851
19021
15944
18081
18012
17810
16586
16662
18344
17501
17281
17742
16247
18510
17063
17692
19334
16098
16395
19088
17450
17216
17236
16926
18020
17485
18920
17189
17436
20040
16307
17208
18561
16021
16339
19077
16698
17254
17292
15695
19973
16217
18666
17678
16044
20229
16197
18072
17232
16221
16105
20154
17220
17597
17796
16153
21226
15839
19288
17853
16848
16812
20869
18260
18290
18386
15738
19902
17113
22189
16773
16116
19485
15747
17298
16450
15758
15864
15584
17635
17563
20323
18994
16586
18543
17054
17445
16203
20351
16866
18128
17448
16610
20062
17470
19220
17568
16443
16708
20647
17233
19281
18220
16864
21498
16187
19496
18346
15923
20581
16782
19412
18083
16541
17719
18460
17726
20329
18275
17138
20527
17429
20567
18249
16818
19806
17930
19133
17988
17532
17309
19759
17181
19726
18901
16618
19231
17113
20103
18620
17344
18006
19046
18745
18670
16648
15360
19085
15291
19549
17646
16226
19108
15905
18344
17162
17318
19045
14971
18472
16486
15707
18273
14823
17856
16472
16362
17713
16581
15208
19114
16388
16798
18011
15255
16664
19223
15624
19278
16559
17212
18627
16501
17821
18015
16225
20092
17715
17060
20326
16926
17653
19864
17818
19507
17086
15990
19763
17447
17242
18993
15873
17674
19290
16246
19670
15844
17524
18986
17167
17810
18110
16795
19925
16921
18058
18849
16192
17974
18682
16654
17623
15940
16070
18564
17160
16495
16104
18134
18907
16999
17923
17466
16804
19337
17869
17051
17299
15949
17671
18857
17408
19289
17349
17900
20511
18949
19495
20390
19142
19734
19169
20799
20782
17593
19031
20425
19143
19057
17541
16180
19288
18212
17771
16817
15492
17694
17681
17390
16565
14993
16960
17420
17343
17043
17992
16082
18836
16881
17194
15428
16503
14958
17776
17617
17385
15396
13927
16290
15860
16924
15729
15333
15416
16032
15335
16782
16100
14946
15728
17543
15423
14822
14839
16032
17705
17118
16448
14644
16009
17250
17187
15621
14671
14701
18510
17872
20983
16045
14929
16116
16858
17741
15608
15852
16082
17358
18214
17511
16679
15826
16338
18195
17402
15434
16187
16306
16962
16613
15978
15684
14605
18232
16199
15268
16059
13726
16150
16671
17839
15710
14478
16951
17632
18148
15242
16656
14911
19881
16190
17086
16200
16237
17111
17961
17727
16901
17441
15408
18176
18286
17148
17709
16793
16471
18463
17820
16681
17407
16142
19090
16844
16511
16599
16930
19031
17543
16726
16331
17057
19211
18312
17110
16660
16513
15907
18788
18286
16648
15427
16987
17692
17244
15103
15182
16265
16040
17583
17455
15511
15288
15452
17460
17780
15322
15150
16163
16937
17474
14683
16318
16267
15108
18514
18450
16724
14802
16619
18654
19066
15942
17587
17544
16262
19822
16235
17014
15899
15880
19213
18042
17147
15502
16965
17642
19672
15948
17990
17362
16743
20280
15991
16539
17131
15108
18859
17290
16673
14628
16333
17094
18759
14848
16262
16613
17578
16717
15913
15615
15421
15378
19595
16432
16041
15420
16716
17501
17914
15437
17484
16791
16717
18887
15877
16892
17556
16709
17849
18259
16401
17184
16539
18093
17492
15283
17251
16647
15723
19192
17617
16583
16136
15420
19588
18280
15139
17133
15992
19818
18333
15959
16662
16008
15890
19550
17618
17076
15124
14839
18061
15484
16500
15208
17043
19447
16960
15089
16338
14615
19288
17723
14614
17086
14763
15566
19268
16828
15494
17561
15152
18978
18209
14074
16289
14638
18378
14332
18241
16350
14202
15549
18897
17984
15620
16817
14397
18802
15709
17066
16470
15310
16570
17334
18033
16950
14799
15433
19247
18140
14630
16139
15284
18179
17205
19026
17969
18124
17042
19353
19402
17119
15570
16297
20188
19240
15947
17412
15945
17488
18975
17283
17409
15845
18184
17708
17926
15765
17270
15376
20271
19253
15937
17877
16544
19180
19421
22989
21148
20480
20974
19011
19364
16549
17789
17110
20405
19404
17903
17894
16776
19233
18031
19536
17364
18139
17015
21004
19316
18873
19151
17498
20522
19210
20510
17060
15816
17362
17306
17933
17475
16393
16508
17682
16951
16269
17340
18001
17172
17369
16485
16290
16116
18286
18415
15632
16911
15282
17496
16345
16564
15561
14431
16474
16938
17153
16193
15529
15424
16560
18813
15084
16475
15645
17593
17498
17765
16742
15478
16840
18330
17982
16105
16087
16149
18462
19461
16017
17435
15856
17036
16812
18029
16370
15039
16878
17335
18309
14996
16661
15510
17399
17909
16487
16989
15003
17169
16197
17742
16114
14313
16571
17575
16204
16036
14357
15385
16992
16882
15732
15369
14445
16898
17890
16103
15684
13868
15405
16856
17509
15879
14269
15128
17577
17493
15860
16094
15022
17046
18336
16330
15831
14562
16378
17657
17890
15860
15933
14950
18161
18746
15447
16657
15892
16527
18002
17611
16665
14770
15935
17644
18272
15661
16174
15263
17416
17454
16873
16234
14639
16083
17852
17294
15890
15184
15041
16428
18074
14174
15602
13632
15488
16656
14438
15637
13855
15636
17379
15093
15632
14106
15077
16332
16330
14008
15254
14789
15364
18016
13627
15365
13629
15818
17482
16736
15198
15173
15981
16196
16133
15892
15815
15028
16826
16426
17450
15817
15348
16331
16436
17249
16460
16256
15705
15937
16032
17108
16048
14838
17444
15706
17186
17232
15545
16204
16333
16566
17863
15967
15321
16683
13821
18226
15589
14884
15888
15328
16753
15589
15964
15808
15043
15368
17424
16091
14252
17266
15017
17069
17071
14606
16996
15878
17711
17040
16128
15716
15316
16159
17433
16094
14853
18265
16019
17454
17413
15485
16848
16861
17325
17094
16659
16946
16597
14793
18100
17102
16127
18674
15616
18604
16710
16465
16836
17061
17014
18172
17034
16549
16984
14735
18467
17652
16778
16876
17129
17375
16415
16615
17106
18116
20581
23544
19739
20042
18678
15288
18081
15885
15589
16857
16232
16663
17988
15486
15583
17259
16830
17968
16470
14644
16893
15707
17233
17386
14730
17002
17147
18335
17662
15536
16225
16234
17390
16950
17049
15751
18576
16963
18284
17061
15274
17353
16622
18451
17084
17493
15911
19145
16828
18584
17075
16308
18945
16185
20150
17822
17430
16505
16804
18686
17357
17909
16019
18243
16050
20057
16988
16410
17837
16658
17659
18076
16630
15913
18873
17718
17808
17684
16265
16890
17031
19648
16971
15469
17239
16209
17619
17135
17134
15398
16610
17882
19785
17357
15463
16479
17050
19231
19217
18326
19683
21037
20035
22002
20703
19610
20629
20194
22242
18188
19101
21506
19189
20398
20649
20255
19923
18803
20276
22434
19346
18122
19309
20745
22226
19434
20222
18909
20378
16827
18849
17518
15561
17402
18133
19561
16462
15708
16985
16044
17913
18777
16942
16090
17204
19923
17112
17088
19757
17101
16467
18668
16400
18499
19803
16270
19869
16278
16881
20077
17132
18365
17998
15844
19412
18919
17051
18910
17363
17497
20396
16845
18059
18797
17626
19975
20504
16864
19982
17609
18359
19614
17555
19864
17610
18119
20599
18624
17741
17594
16709
19135
19447
16947
18333
15141
17547
18832
17353
17833
17761
15956
17640
18666
15940
18929
16256
18456
17350
17077
17053
16931
19210
19453
15434
19006
16300
18123
19568
18519
19699
16950
16484
21842
18421
18712
19760
18171
20657
18928
19393
20286
17391
19607
18434
18587
19897
17571
16746
19273
18958
18455
20698
16475
19092
18352
19041
18661
17242
17532
18991
19881
17180
18208
16434
16986
17489
19635
19164
17287
16264
18379
20640
18466
17510
15904
17062
17950
19105
19851
16709
19717
17342
20330
17177
17735
18593
19847
19083
18666
17819
18053
17469
19614
20102
17129
17388
18866
18559
20222
19151
16782
19048
18677
22138
20879
17257
18370
19365
18358
20341
19924
19701
19253
19203
19979
19581
17267
18289
18403
20352
19914
18413
17157
19697
17661
18982
20359
16607
17952
18988
19523
19523
16421
18161
17841
17803
20238
17829
15875
18731
17299
18957
19012
16203
17283
17864
19222
17103
15691
18370
17082
18120
18704
16258
17245
18313
19574
19059
16122
17284
18282
17935
19643
18888
16471
18108
19393
19382
19095
16660
19607
18000
19487
19212
16744
17566
17865
19082
19529
16295
17159
18315
17494
19440
19571
16531
17554
19319
18506
19090
16037
17245
16950
17522
19364
16024
15605
17363
17344
17882
17383
15770
16954
17025
20323
18612
15610
17317
18436
16571
18995
17390
15614
18397
18134
19489
17563
16233
16020
17325
19040
15653
15556
15930
16676
16690
18806
16689
16096
17726
15304
20181
17525
16687
18030
16113
18747
18637
16755
15892
18615
16517
20469
18104
16323
18917
16931
20840
18551
17420
17133
18842
16681
20039
17908
16277
19430
16676
20919
18049
16002
19587
17311
19271
17691
18203
16442
19263
16259
20149
17460
17618
19827
15567
20249
17497
17014
17299
18270
17327
19524
16979
15714
18958
15691
20357
17039
17020
18501
17494
18940
17426
18028
18656
18349
18554
19822
18343
16011
18644
15879
19795
17182
16162
17379
18287
19114
16400
18176
16595
19392
18177
18018
18134
15940
17567
18603
20080
16143
17305
17370
17517
18439
17757
17699
15657
17274
19048
19529
16163
18217
17299
17403
19888
17336
17529
16791
17673
18879
17795
18457
16408
17802
17533
20093
16921
18316
17781
16843
19897
17035
17947
16608
16220
16666
19659
17144
16702
18121
17755
18698
17253
17687
16113
18843
19524
17260
17824
16423
18812
18757
19274
19003
16438
18346
18186
20081
18923
17544
16289
17639
19437
17371
18147
16427
17283
16698
19414
18854
15880
16772
17844
18811
17974
16593
16382
17386
17788
18307
18030
16130
16779
17592
18502
18500
15193
15497
16307
19501
18073
16644
16197
16852
18125
18367
18745
16039
15744
17223
19831
18786
15961
15927
17862
19345
18491
17207
16088
16691
20331
17461
16187
16068
18484
19322
16858
17090
15138
15226
19634
16675
18345
15316
15617
18343
18713
17868
17094
16004
17293
18873
16546
19118
15753
15833
20297
18435
19335
16382
16339
18046
18936
17952
17633
16091
16404
21035
17644
18181
17089
16630
18724
18587
19426
15794
16814
18130
18146
18791
18747
16013
15570
20697
17192
16922
16088
15965
16381
16710
18350
17092
15358
20060
15764
15885
16339
15166
18659
17268
16880
17972
16270
17714
19946
17212
16552
19534
17005
19563
18614
16245
17762
17204
18063
19834
16358
16709
17135
16653
19599
16779
15902
18776
15479
18630
18259
16020
18390
17195
17252
19491
16787
15609
18931
16550
19325
17085
15516
17710
17194
18078
19649
15183
16872
17061
16735
19774
16532
15894
18179
15489
18922
18469
15594
17030
17071
17849
19589
16705
15501
17811
17968
17881
16393
15868
17165
16923
18890
16058
14777
17718
15000
19681
16860
16220
17251
17068
19919
19378
16232
18260
18725
18301
19643
16309
16133
17832
18254
19854
18009
16308
17621
17529
17770
20565
15972
16224
18647
16073
20516
17448
17479
17519
17449
18577
19613
16100
18418
16961
17128
19857
17379
16249
18018
17189
19022
18254
15910
18333
17361
18289
20593
16628
15979
19601
16940
19643
15512
17089
17229
17618
18102
16994
15817
17983
16267
17608
20209
16613
16971
16682
17409
19607
16423
15702
18247
16766
18344
16958
16158
17262
15984
18312
20250
15556
16564
17929
17086
19224
16723
15505
17464
15923
20083
17925
15334
16095
16395
17690
18869
16054
15298
19446
15701
18373
16977
15318
18137
16155
16622
19519
16180
15709
18297
16328
19509
15129
14926
18085
15462
18973
16985
15402
18254
14200
19024
17501
15469
17628
16387
17263
19114
15020
14453
17958
16598
18436
15189
15091
17974
14088
16986
18152
15002
14206
17058
16885
18984
14916
14821
17000
14297
18860
15904
14801
15681
15776
16669
20142
21039
34254
29946
18851
19531
16163
31146
36037
18001
18733
18172
23944
34398
25007
18538
19726
16396
35925
31735
16993
18559
16680
29047
34196
20586
18666
19099
21182
31324
29540
18865
18833
26759
32505
23098
17567
17711
16069
28391
19127
17367
17627
16516
21319
23783
15719
18375
18095
18197
25821
19713
17988
18841
16774
25755
22212
16360
20667
17450
16148
18550
15661
18805
18743
16539
30506
35544
19085
18120
16346
21722
35459
25953
19861
17882
16089
34213
32600
17736
18002
16258
27145
32575
22335
19540
15874
14717
36642
29136
17723
18273
14573
32080
21739
19104
16817
16831
36587
29356
17622
19484
15961
31380
34069
19047
18924
16461
23890
34043
23701
19480
17736
15832
36420
31844
18321
19052
18183
30749
31373
23948
19471
16599
17514
38405
28107
19435
18169
15426
32247
33947
18120
18160
15976
24611
33338
22817
19174
16691
16734
36710
27017
17581
18781
15546
28496
31669
21951
18575
16906
20676
37295
25423
18326
18336
15824
33652
30988
17936
16359
18448
35616
26003
17781
16170
15808
34162
28355
17078
17657
15277
24643
32283
24440
15539
16876
15621
36669
27068
18376
16898
15884
31874
29871
22190
14895
15749
20661
37099
26977
16164
15849
16038
37086
27963
17603
15734
13949
26692
32093
24940
14676
15451
17375
37105
25763
17260
15716
16717
35868
27156
20195
15086
16576
23122
35039
24726
16957
17812
17682
36440
28935
18334
19067
16705
28981
30954
23641
17850
16350
20608
36205
26686
18195
16874
16384
37445
28338
18125
19198
15843
25236
38028
28538
21665
20696
18988
39145
26530
18839
19096
18471
35415
28489
22405
17675
16251
23354
34193
26194
16753
16669
16992
36800
28947
16564
17760
15316
29292
29618
23407
16462
17340
22136
34327
26681
17451
16809
16094
36866
26699
19681
17537
16007
24560
33760
24578
17798
16756
20257
33580
27783
17971
16895
23453
31517
26832
17326
17456
17735
35565
27087
19629
18093
15905
29311
31315
23332
17419
16651
23102
30164
30524
18363
17474
17747
32974
26665
23222
18609
15583
27106
31741
25892
16326
16831
22559
31439
28379
18711
18898
16073
30944
28091
17604
16754
19516
32429
25643
23682
18936
16584
28579
32300
25479
17238
17867
23623
30399
30778
17498
17816
17855
30464
28271
24373
19613
15540
28419
30518
26742
17517
17834
21701
33321
26176
20926
17415
15597
27859
29650
26551
17447
15850
24684
29483
29314
17509
16813
19763
29422
26566
24843
17208
14641
28270
29718
26185
17513
16902
23909
30475
29274
18806
17023
20056
29434
28279
24626
17481
18525
26758
31645
26445
18778
17129
27932
30298
29665
18010
18809
23188
31718
25915
25506
17481
17215
28977
31455
27715
18230
18297
25593
30323
29214
20727
16152
20285
28983
25338
23656
16842
15433
28007
27207
26520
18659
14840
23331
28392
22310
22267
15288
17134
26168
28058
24059
18242
14765
25359
28723
24018
20254
16688
20023
27995
26297
26006
18982
15679
28093
29146
24992
19158
18182
22789
31310
24723
18961
16703
28701
29363
25774
20781
17475
24307
29845
25266
22233
19592
18791
27691
29316
26022
19352
16847
29246
28706
26389
19878
17600
23017
31979
27114
22111
20268
19675
26235
30358
26174
19844
17551
26753
29050
26840
17346
20798
21884
28724
26715
23251
20028
17023
29018
30719
24582
19771
18309
26366
29152
26893
23225
21198
20086
30691
30748
25249
20356
17668
29860
30425
26553
20452
18587
24007
30303
27842
23208
21230
18415
27773
32576
26197
20954
17752
27541
29820
25930
22147
21750
23536
27274
29729
25168
21575
17612
28354
29399
25303
20154
18090
24781
28536
27773
21567
19521
20880
25300
29450
23211
19803
16232
25976
29168
23483
19530
18098
23274
24722
26616
25163
19330
18498
26923
28175
25195
20741
17902
26120
27186
27205
22076
20436
22158
25216
28411
24918
18716
28387
25901
25864
20169
18901
22938
24645
28873
24231
17242
20077
27365
29525
26041
19082
16844
27507
25182
28788
22331
18583
21458
23527
30926
24739
18348
17831
27249
27208
25625
21113
18379
23355
25125
28741
22653
18024
18327
27751
29557
24204
18293
16952
26093
28411
25930
22150
18327
21703
23572
31634
24784
16273
19021
25649
29147
25813
19041
17148
21677
26396
29083
22245
17456
20615
24423
28733
23719
17029
20258
27230
28827
24667
19522
18341
24319
30017
26434
20903
18252
21689
23962
30813
24788
17461
18371
27436
28682
24895
19301
17661
22052
25002
27134
24583
16907
20684
23065
28627
24987
18293
16326
25865
26236
25036
19024
18071
21235
21812
32286
22422
15830
20462
23676
27726
23187
17191
17308
24285
24542
27547
23585
17009
22864
21781
30244
25678
17318
18484
26964
27248
27477
17234
18685
26369
27061
29730
22112
21802
29488
25561
34027
26898
21027
25498
24765
28017
27008
15880
19494
27436
23068
29809
19903
16995
24099
21708
28436
26666
16110
21744
23964
24492
27315
19010
18995
27596
20751
27421
23731
16913
22968
22857
27246
30117
16012
18692
28039
22776
28825
20450
17333
25173
21768
29111
25525
17826
23051
22977
26379
26067
19215
18349
27665
21403
28798
23898
16923
24323
21465
27812
24234
16757
24032
22768
27842
27491
17741
21080
25282
23036
28029
20077
17088
25588
20169
29480
24097
15654
23777
23090
26052
25478
17430
19028
26685
19649
27876
23092
16983
23195
22498
26844
26281
16435
23632
23244
23959
27506
19391
17908
27579
19667
28888
25082
15700
24418
22492
25013
27985
16986
20875
24184
20533
29754
21666
17777
23382
20321
27094
23735
17869
22849
22557
24780
24746
23455
19045
25850
21727
27038
23590
20125
22567
22986
26041
24332
19294
22861
23729
23096
25264
23079
19756
24867
21681
29176
22864
21440
21864
23309
25358
23705
21685
20191
24770
21893
27324
23479
21894
23173
22544
27050
23670
20900
23932
23989
24711
24334
22812
20155
24560
21961
27804
24537
22572
21581
23825
26296
25148
22611
19555
25668
21528
27692
22232
21235
24648
21573
27790
20237
20516
23178
21342
26858
23182
19611
23102
22926
22752
24585
21612
17786
23877
23426
25632
22110
20649
20859
22813
23623
24482
19369
20087
22922
22338
26036
20288
19662
21974
21310
28552
24230
26346
26379
28043
27053
30554
27374
22720
27538
26360
29116
26212
23726
25045
26279
27751
28814
23490
22316
27598
28610
26731
23743
23092
23356
25906
26628
18447
17649
25873
24009
27071
21234
19016
23742
22463
29487
24843
18070
22035
26399
23858
26986
21695
19518
25835
22682
28955
22480
20209
24006
23665
26375
24641
19461
22424
25827
24740
26877
21874
19726
26345
20620
28945
23467
20501
22260
24990
23688
25652
20836
21761
23246
23305
26647
23646
19695
23707
23273
27098
25369
18016
22691
27040
22553
23914
22379
20461
24743
22070
28080
22115
19534
24941
21600
27716
25015
17908
22341
26522
23435
25693
20315
19977
24983
21177
28241
22742
18974
23448
23386
25816
23439
19479
21325
27304
18610
27758
21995
18832
26102
20504
29276
24082
18906
21909
26234
24330
25406
22110
20161
26108
22637
27595
23646
20071
26388
23468
26110
26289
21319
21377
28682
23366
26701
21510
21348
26127
25803
26868
22273
22655
27896
19296
28833
22791
21112
24535
22944
29163
25759
20202
21612
25266
24798
27757
19281
20417
25141
21277
31034
22289
19353
23231
23585
26830
27288
20211
22563
26062
20838
30780
24188
20309
24896
22435
27841
27737
20608
22241
25473
23181
29698
20837
20576
24936
21252
31921
24355
19098
25766
22743
27251
27866
20577
22067
26324
24850
28748
24269
21708
23534
27344
27650
21464
21894
23709
25658
29523
22642
20786
23826
21519
27897
28386
18898
21904
24134
24197
29811
18555
20014
24767
23902
29688
23712
18925
22454
24867
27473
28385
20608
22949
25269
26390
28253
21655
21246
24474
23397
29361
25641
19058
22980
26009
25448
28825
18987
20104
25587
24880
28515
23885
20764
23381
24897
31248
19976
20177
25818
25988
29465
21956
21747
24789
21926
29131
28660
19871
23131
27426
23725
30609
20494
20293
24633
23716
30115
23372
20924
22852
25260
26634
26699
20619
21505
24492
24283
27123
20848
19830
25471
21086
28294
25048
19830
19879
24954
25758
26497
21531
18858
25094
24680
28157
22639
21290
23440
21711
26276
26459
21491
20212
25291
25823
26702
22407
22385
25438
26113
26036
22853
21632
25529
21269
30566
23836
21531
22100
25221
24889
28159
20615
19029
25485
26869
26746
21924
22314
24494
22631
26577
29182
22126
24147
25875
26176
26284
22172
21494
26373
21175
29815
24327
21542
21319
25498
26571
27622
22227
19002
25782
28903
26806
22518
21324
24692
22352
26953
27076
21361
21646
27086
25100
27816
20554
22071
24774
26865
26124
23594
20393
22932
24061
26154
28033
21185
21342
24538
27506
25595
21329
21472
26038
20261
31017
24440
22027
21290
26776
25653
26911
22657
19191
26721
29609
26804
22502
21372
25372
22193
28948
28001
22243
21086
26569
25561
28776
21674
21234
26209
24363
29916
24679
21150
23729
24554
27048
28335
21637
20501
27082
27517
26884
23149
19758
26247
22398
27155
22442
18820
25296
24081
27006
27907
21353
20026
25568
25088
28364
21013
19920
26897
20399
29754
23647
19405
23734
24077
25148
25962
20274
19112
25907
26169
26506
21785
18638
25204
23031
26703
27911
20533
21148
27361
24810
29236
19688
23484
30657
26782
34280
27070
23283
28468
28405
26439
27889
22225
19327
26522
29786
29613
23931
21746
29191
23890
31655
28752
23738
23354
27556
31426
21799
19838
28801
23159
29245
22358
20257
24149
24701
27752
28739
21470
20782
25685
26966
26760
23475
18467
26576
22630
28031
26668
19949
21297
24149
25522
28815
20147
20270
25090
25725
27359
22105
18955
26067
21631
25870
29085
21988
21551
24421
26581
29282
22507
18331
28905
19710
29753
24644
19685
24798
21859
25592
28211
20176
20952
26264
23670
28701
18860
18432
27174
20299
26893
22310
19186
22479
21004
23736
25815
20090
18818
22956
24506
23504
20093
19045
23204
19670
26755
21766
18791
18068
23300
24108
25969
16841
18295
23730
22688
24469
22417
17985
19739
21739
24929
25196
18204
17483
23883
24453
22529
19768
18272
21345
20043
24561
23642
17668
19555
23083
23659
24798
19087
17555
24592
24937
24624
19089
17072
25044
23650
22978
21392
18391
21028
21793
25938
23062
18115
17857
23620
24000
24195
20528
20509
23685
25634
26528
25028
20222
21190
26408
27858
24294
21689
19272
23963
24490
23462
23681
18426
22144
22495
26392
24811
19250
18851
25962
23961
25818
23781
18236
25871
22495
27008
23565
20126
20358
26187
26894
22501
19502
20669
24354
23650
22881
19744
18028
22982
22835
21576
21822
17438
21217
22454
23675
23235
18623
18932
23467
24317
23444
19724
18277
24873
21129
22067
21936
18514
20598
22073
24310
21228
18763
17842
22994
23067
20964
22462
17018
20940
23516
23158
22230
19536
18096
23090
23116
21399
20217
16828
24541
21389
22206
21095
18800
19785
22805
24304
22597
21010
16982
24021
22679
19966
20947
18766
24098
21012
23882
20768
19190
20301
23683
23771
21111
20899
17028
23940
23385
22299
20683
17435
22963
20438
22335
22124
19880
18576
22391
23912
18510
20405
18303
24202
22116
20678
21202
19308
21900
20745
23468
20134
20164
18978
22865
22744
21409
19917
17191
22732
21163
21377
20763
20956
18508
24163
22962
19364
20394
18562
24973
23804
19238
20468
18044
24669
23224
20504
20897
18500
21406
24304
21609
19694
21112
20590
26359
23992
19717
19780
18904
24667
21276
21816
21866
20367
21413
26389
24203
19353
20051
19258
24237
24409
20779
20419
19568
19833
23480
21539
18660
20053
19665
22440
25810
18034
20027
18870
22616
25068
19918
17269
21032
20129
23893
21814
18746
18347
17981
23987
21019
19628
19889
20262
23265
27924
19358
20602
19865
23483
25872
21179
18104
20859
22667
25958
22745
18698
22018
20105
23972
27505
18450
19062
22538
22262
25121
23197
18595
20310
20667
24613
26587
18247
19912
21399
23910
26840
20475
17679
20699
21728
28067
21648
19159
21225
20799
23240
27570
18373
16762
22746
22773
25331
20904
17101
20750
19538
26446
22564
17904
23441
23273
27113
18546
17688
22130
22099
25837
20851
18536
20350
22564
24216
26424
18180
16953
23611
23671
28386
19629
17653
22878
21695
29656
22479
19117
17255
25606
24291
28832
19573
18044
23667
24217
26569
22329
20062
19735
24474
26197
24508
19383
17078
24000
22587
27297
19341
16114
20927
22977
27100
20849
18315
16332
24101
24052
26564
17773
17959
23396
25240
21398
18589
19271
23098
28741
23093
19532
16982
22994
25322
29010
19529
16869
22358
25927
25594
20793
19670
18153
25009
25583
26879
18649
16304
25082
24840
25670
20832
19892
20550
23906
29896
21642
19165
17692
25277
25074
29518
20308
17276
22983
25695
27493
22616
19823
17898
24875
29534
24790
19209
17429
24878
25683
26324
21158
19972
18998
25721
30130
22479
18918
16888
23055
26448
27727
19199
16611
23164
25574
26590
20412
18420
16914
24878
27924
25858
19856
16361
24220
25062
28363
18717
20342
19784
25364
29361
23857
20924
18608
24048
29043
27895
21227
17737
22784
24048
28933
22759
19531
18393
24899
27285
25476
18501
16785
22389
28864
27215
19075
18178
19492
25344
28425
23354
19849
16915
24706
28588
27069
19825
16306
19666
27316
28049
22524
19894
17578
29012
26809
20085
16004
19284
28029
28510
19182
19151
17450
27233
27022
26177
20321
16731
24681
29739
28411
19853
17588
21122
24663
26842
24925
18909
15817
24593
28506
25496
19795
16637
19607
28254
27285
18958
19344
17295
25583
29096
24757
18541
16288
22405
28633
25997
19629
17875
19042
28026
23344
24690
19313
16507
25821
27770
26548
20348
16127
20204
29100
25684
22977
18308
16194
25331
28172
25629
18760
15405
22171
27306
27101
19835
16920
17200
29919
24278
22505
18741
15943
24416
26204
26922
18343
15773
19544
30208
23434
22823
17802
15459
27348
23348
25013
17987
15237
20794
28594
23313
19517
16617
15696
31054
21650
22054
17710
14392
23139
24876
25575
16951
14238
17832
27552
22947
21233
16211
14076
27811
22477
23290
18011
15010
20714
26679
22703
21244
15208
14499
30936
33441
38441
33041
32556
43381
38281
37872
29997
23278
22118
29414
22643
21354
16353
15449
29747
23109
24093
18721
15082
21464
27971
24074
21236
17219
16183
30750
23080
21727
16969
15702
28452
22776
24645
17347
15971
19522
23350
21917
20997
15985
15273
28981
24891
19568
17089
16125
25509
22593
22073
21586
17955
18142
29150
22450
21445
15297
16003
30003
24333
24635
17175
14889
20945
25090
24650
22779
15328
15424
31000
25652
21354
16151
14538
25209
24320
22966
20591
15461
16461
31163
23286
21006
15531
15520
29730
24023
18417
20371
14484
21762
26415
18339
19791
14488
23167
25464
23625
21366
15343
17373
29582
25521
21799
16449
15869
25633
26967
22408
21176
15212
17774
29833
23388
21513
15040
15928
27718
25156
18025
20344
15827
20556
26616
24233
21481
14988
18499
29893
23521
20058
17236
14659
26337
26193
20683
20131
15333
18574
30223
22946
20987
15536
15357
27104
25672
19240
20152
14902
20721
30486
21427
20151
15649
18702
26822
24964
20831
15989
17952
28455
24240
19189
19265
15203
24399
30154
18982
21860
14817
18481
27563
25881
17856
18460
17262
25388
27014
20086
20804
15177
21469
30008
22724
18131
18178
19887
25806
24678
19914
18585
16333
24660
28020
19381
20868
14831
18513
26857
26441
17476
19493
17292
24474
26889
21026
20194
15151
22244
30950
21032
18588
18925
18718
24333
28359
18600
18783
15046
23525
28374
20461
20282
15833
20447
28627
21325
17583
18671
18423
22709
26651
20007
18465
14828
22224
29433
19446
17484
17245
18867
27272
24984
18367
18775
17147
21605
28633
20319
18150
15915
21591
29433
21070
17792
18990
18252
20684
29776
20415
19569
14977
21041
29386
22290
16029
19440
20126
24916
25578
19632
19162
18186
21119
27704
19156
16743
18116
19682
29668
23045
17758
19393
19420
23128
26641
19936
20071
19383
20378
30504
21880
16624
20176
21215
29065
23642
16353
19543
19871
22789
29375
21420
19557
17339
20398
30381
22964
15542
19450
21636
23669
27069
18667
19664
18901
20403
29989
21116
15334
19879
21151
26345
24101
16564
18719
20304
21233
27394
21159
18005
19677
19454
29185
22045
14743
19255
19317
23861
25979
19290
18616
19831
19068
28492
18462
18858
21028
19811
28857
20535
15348
21843
20006
29962
21128
16548
20394
19217
24341
26342
18372
16653
22208
18737
28399
22477
15238
22003
19674
23409
24015
17938
20391
18661
20214
27906
21107
15754
24137
19376
28510
22754
15938
21801
20277
21821
29118
18596
17583
23626
20752
27832
22149
15602
21382
20505
27677
25021
18731
21393
19908
23005
31650
18923
24369
20546
24394
26338
18433
21134
19377
22988
28988
18543
15370
25042
19568
26468
22991
16918
22283
21080
22791
26116
18740
18154
22385
22131
27848
20046
15704
24685
21520
23221
25952
18860
17393
21924
22964
28612
18183
15236
24218
20977
24930
22676
18371
21621
20183
19415
28468
17517
15779
23342
23082
26601
18928
15890
24595
19663
22487
24581
18093
17927
21280
23096
18270
16960
23870
20403
22420
22703
17927
18552
21030
21630
27302
17678
15993
20320
21694
22534
20889
16143
22649
18717
19028
26693
17539
16523
23953
22469
26754
19347
16843
22186
22200
19719
24881
18006
21502
20741
20642
28363
18325
17249
23490
23973
23992
21045
19186
22445
20215
23480
25111
18434
18020
22344
22001
25327
22107
17132
22170
24211
19447
25758
18052
24555
22142
24039
23440
19424
22426
24351
19398
25468
18985
21884
22468
22329
27656
19713
17456
24246
24586
21999
24474
18670
21447
26247
19655
26766
19609
20608
24211
22474
24081
23335
18911
23022
24831
20766
26602
19329
21973
22905
23173
27543
20038
19815
26185
23854
22308
26537
20417
23183
24336
21580
26972
19488
19403
24928
22983
23266
23297
18653
22397
26767
19419
25635
19671
24777
22177
21993
23864
18631
21613
25176
18310
24988
18711
20508
24177
20806
21290
23437
19067
23968
23342
22430
23593
17724
22647
24759
19051
22846
21885
21372
24068
21764
22502
23326
18991
23476
23616
22472
21974
18382
21651
24813
21205
21666
22319
18905
26521
22793
22161
24019
18568
23296
24762
19962
21494
21547
22874
24998
21498
20950
22770
19155
25309
22450
22385
23735
18757
25584
24305
22316
22029
20500
22915
24884
20678
21058
23697
19311
26849
22195
21373
22557
19597
24201
23796
21437
20200
20943
23330
24229
20247
21188
23727
17733
25283
21949
21982
20354
21518
24685
23239
21573
17845
22990
20513
26782
20498
20232
22217
19421
25351
23375
20349
19199
22558
24187
23779
20698
20159
23180
19538
26306
22637
20401
19287
20992
24491
22345
21273
19092
20535
24709
23192
19677
18703
21187
24418
21970
21333
16725
21303
18989
26220
21238
19029
18883
21333
24311
23650
21185
18789
21642
23353
24231
21591
19619
20245
20225
25591
23438
21085
18247
22766
25511
21916
22173
18217
22396
20815
26474
22292
20248
19358
22230
26820
23714
19579
17516
23330
25985
22409
21439
18688
19055
22439
26273
22757
20646
21146
24675
24146
23202
17797
18340
22478
26243
24238
19901
18203
24399
24547
22541
22228
17694
19076
23514
24967
22443
20174
17669
23896
26372
23792
20035
17182
21473
23958
22292
24051
18538
22713
21123
22840
24074
20201
20029
21671
26292
22514
20258
19185
22881
22682
19917
23930
20372
22534
19853
25331
23452
18878
19371
23053
23523
21628
22024
19641
23928
20231
23622
23337
19082
21224
20996
23938
21505
21503
19354
25051
19723
22288
23421
19312
22106
19619
22020
22012
20948
19837
23511
23055
22059
22014
18459
24392
20645
20193
22100
21716
24801
21698
19750
21098
19372
24830
20830
19830
21410
22041
23904
20117
23616
20973
20793
19525
25304
21420
20651
20442
22040
26190
20606
22224
22416
23694
21543
23424
21738
22204
20490
20759
26268
21494
20901
19742
21951
23728
22185
23805
19557
20446
20790
26508
22336
19118
19597
22461
26771
20891
21333
19081
20780
23148
21832
24059
19741
18575
22599
25962
21888
22522
18409
21578
26375
19891
23432
20385
20145
27838
20793
21334
21892
19773
25030
24965
21166
22435
19264
19943
28737
21350
21630
23007
18484
26941
25646
21138
23167
18864
23624
26263
22252
21573
20593
18302
27954
23604
20200
21782
19595
23845
23323
21729
21507
19207
19318
26343
22755
19466
21519
18950
25993
22410
20433
22466
17879
23783
21391
23504
20615
21987
17008
21652
24128
23308
18102
18518
27829
23150
21930
22358
18829
26629
23723
22624
23204
18622
21353
24325
24112
21437
22783
19035
26771
23072
21490
24102
18966
22873
23198
23459
21043
20993
21325
25156
23577
21132
23558
19014
23823
22888
23900
22690
20500
22808
23558
24514
22373
22504
18649
25665
23947
21907
24154
21370
23966
22139
23659
23573
22734
24577
22364
24623
22643
23397
23781
20812
24437
22162
24104
20329
26143
21105
22082
21860
22017
24158
20987
24624
21712
24154
21856
22884
23362
22037
22304
21120
23002
20383
21611
22692
20965
23393
19303
23791
21890
23330
18329
24229
20745
20571
20754
21714
24889
17299
22625
22439
21895
21712
20535
21766
20296
21307
21528
23293
22942
21420
22594
20432
21698
22200
19096
23000
20425
26505
17029
22979
22644
22436
23488
19914
21920
20937
23586
20831
26132
19024
21946
23436
22442
24289
19931
22590
21485
24929
23278
22579
21316
19998
23755
22243
27009
17082
20986
20802
23817
23840
20806
21011
19318
23801
22186
24503
20132
18099
22918
23439
25361
18710
20588
20073
24748
25709
19061
20964
20746
22548
26940
20785
20297
19989
25543
23315
26324
18881
20019
23665
24017
24601
21204
19413
21453
25142
24137
25321
22097
17056
23952
25280
24980
22252
19546
21930
23538
28394
21963
20941
17834
25832
25545
22781
21883
18998
22486
23436
27025
22532
19575
18301
25358
27817
22999
21981
17934
24515
27739
22751
22493
16553
20447
31713
25324
22472
18072
17306
23684
29719
18957
22119
14791
21674
24609
24165
24055
16869
19397
22751
28862
20818
22404
17229
21828
27879
21677
24686
18215
19367
24874
28663
22048
20632
17872
21754
30810
20777
23304
17387
21232
24363
26859
22874
19018
18429
21117
29869
22908
21294
18158
22019
28204
22578
20229
18849
20723
23630
26537
22584
19181
19526
20388
25701
24719
19531
19272
19465
25010
25987
21482
18971
19300
22458
24576
23549
19954
19802
21165
24122
27117
21726
18448
19941
25837
21730
24163
20932
19203
20454
26105
24161
20960
20962
20366
25527
23434
22614
21419
18769
21460
25457
23805
19943
19226
21155
24011
22345
21239
21586
18101
24981
23984
22379
19559
20775
21577
22079
24453
20440
19443
21052
22889
23489
22000
19039
20006
23187
20711
22208
20507
19203
21559
21320
24091
20990
17678
21118
21296
22227
19974
20939
18392
22848
19564
23920
19660
18165
20671
20405
22467
20141
19135
18836
23375
17741
23683
19768
18084
22983
19676
23446
19897
19075
21557
21958
18345
23094
20321
19633
21811
17458
25153
19571
20194
20852
18304
23595
20184
19346
21678
21484
19522
22075
20010
20047
23717
16368
23850
20041
19655
22875
22576
20303
21516
19845
22945
22545
17511
24365
17795
21280
24003
19781
20519
21120
20118
23083
21253
18905
23150
19246
21927
25446
18791
21474
21568
19959
15779
14658
15092
15035
15087
15132
15578
14723
14683
15005
15501
15212
15035
15188
14383
15478
15164
15094
14716
14365
14189
14593
14460
14648
14679
15087
14563
14262
14414
14520
14565
14340
14128
14535
14431
14569
14648
14106
13999
14124
14088
14915
15008
14367
14112
14248
14365
14313
14218
14547
14254
14208
14607
16219
14541
14610
15520
14250
14273
14324
14362
14652
14889
14507
14165
14480
14423
14891
14445
15149
14794
14769
14861
15016
14954
14597
14782
14699
14889
14916
15290
15523
15356
15483
15170
15764
15195
15153
15299
15078
14988
15383
15310
14602
14893
14884
15869
15556
15407
15544
14622
15020
14969
15235
15218
15114
14969
15472
15581
15179
15570
15291
15391
15209
14778
14743
15542
14796
14692
15728
15226
15147
15382
15441
15635
15370
15178
15235
14997
14988
15318
15274
15303
15362
15290
14745
14585
14547
14856
15191
15261
14653
15872
15078
14498
14699
15248
15528
16064
15635
15835
15731
16598
15607
14745
15581
15722
15862
15424
14503
15258
15875
14455
15444
15088
15784
15376
15094
14268
14240
15182
14096
14502
14406
14721
14364
14205
15359
15194
14691
16704
14026
14477
15077
14523
14844
15143
15222
15602
14667
15016
14995
15362
15240
14878
15585
15730
14506
15153
15237
15753
14966
15201
14499
15728
15546
15191
15105
15905
15262
15183
15746
15757
15286
15574
15903
15438
15328
15058
15230
15510
15652
15611
16044
15608
17605
16173
16488
15679
15752
15961
15179
15392
14943
15823
15301
15280
15856
17149
15805
16776
16538
15497
16450
15485
15468
16330
15726
15731
14529
14710
14751
16202
14938
16274
15183
16060
15370
15384
15699
15052
15795
15970
15481
15066
15639
15799
15414
16294
15646
15898
15007
15188
15427
15471
15274
14825
15784
15906
16528
15772
15861
15997
15713
15682
15628
15767
15112
14990
15441
17362
16042
14841
14513
15624
14927
15236
16097
15513
15258
15170
16701
15788
15692
16078
16131
14917
14696
14813
14861
15288
14655
15846
15051
15784
16048
15129
15342
15823
15117
14500
15949
15331
15797
15659
15823
15612
15446
15326
15870
14493
15483
15900
15803
14950
14614
16015
15547
15525
15728
16375
15516
15274
16631
16238
15373
15561
16473
15888
15457
15954
15357
15263
14984
16132
15357
16025
16439
15417
15698
16378
16475
15630
15344
17623
15425
16199
15370
15674
14988
15541
15622
14613
14552
14619
14883
15103
14290
16108
15537
15914
16365
15627
15442
14979
15365
16006
15569
15019
15834
16273
15029
15531
14834
14402
14519
15552
15714
16016
15970
15919
15833
16225
15444
16074
15676
15852
15244
15648
16456
15115
16200
15811
16694
16393
16285
16182
16771
15803
16140
15883
16047
15867
15891
16872
15378
16209
15235
16146
15512
15585
16060
15361
15202
15220
14539
15183
15161
15053
15636
15871
15291
15043
15702
15745
15856
16126
15120
15726
15924
15800
18113
20204
20358
20764
20303
20564
21613
21201
20024
17234
16512
16416
16801
15754
16967
16610
16566
15700
15907
17069
16401
15846
16318
15805
15682
15886
16022
16308
15137
15940
16299
16525
15426
15224
15835
15363
14683
15863
16267
15194
15824
14576
15072
16319
14849
15232
15331
15685
15268
15001
15125
15481
15735
15991
14750
15595
15597
16135
16054
16306
16101
16835
15588
15901
16064
15599
15049
15608
15153
16473
16249
15452
14966
15197
14972
15681
15292
16388
15430
16189
14899
14930
15979
15314
16332
15953
15674
15522
15185
16631
15757
15653
14983
15205
15088
15223
15037
15247
15823
15113
15460
15412
15500
15211
15760
14695
15612
15247
15317
15019
14952
15316
15861
16133
15591
14816
14534
15515
15807
14997
14915
14904
15737
14635
15604
14852
15136
15346
15252
15175
14813
15462
16763
14890
15224
15117
15089
15583
16502
15628
14537
15050
16192
15767
17091
15830
15478
15438
14908
15841
16452
15492
15663
15845
15426
16202
15184
15129
15522
15712
16072
15686
16076
15684
15442
15853
14921
15240
15641
15269
15489
15016
15043
14991
14634
15848
16190
14490
15547
15499
15593
15354
15510
14443
14677
14441
14880
15756
15176
15019
14765
14867
17327
15578
15371
15507
16010
15145
15211
14930
14758
15629
15324
15483
14597
14775
14875
14821
14767
15331
15684
15599
15035
15255
15449
15268
15072
16200
15801
15821
15448
15706
15418
15767
15700
17948
15844
15292
16215
15912
15697
15845
15705
15637
15992
15667
15975
16040
15426
15623
15037
15572
15651
15411
15349
15123
15226
14851
14815
15239
15196
17148
15132
15346
15523
14943
14881
14748
14781
15330
14717
15326
15724
15562
16174
14796
15150
15006
15011
14758
14649
14866
15205
15686
15479
15262
15403
15327
15625
15256
15621
15213
15529
15161
15265
15147
15577
15415
14977
14629
15313
15622
15435
15280
15807
15421
15154
15188
14985
15090
15418
15556
16164
15906
15574
15541
15584
15668
15543
15412
15077
15708
16570
15837
14950
16000
16758
16085
16083
15722
15441
16081
16470
16047
18438
16279
16089
16208
15884
15779
15549
15674
15253
15918
16132
16088
15856
15933
15806
15747
15997
16320
16075
16773
15866
16332
16207
15829
15898
16211
15896
16544
16460
16145
16166
16221
16452
16198
16227
15841
16046
16476
16186
16023
16009
15780
15950
16241
16304
16190
16078
16096
15887
15847
16157
16452
17003
15925
16031
16693
16145
16171
15937
15883
16304
16137
16243
16860
15923
15881
15867
16204
16266
16661
16403
15700
15650
15589
15581
15994
15378
16360
15741
15906
16008
16249
15805
15709
15686
16028
16030
15782
15565
15648
15562
15539
15882
15436
15616
15200
14891
15130
15110
14522
14925
15372
15748
14574
14857
14937
14957
14673
15003
15259
15144
15026
13963
14567
14046
14542
14413
14340
14424
14461
14368
14357
14422
14805
14635
14916
14901
14938
14480
14368
14587
14774
14454
14751
15012
15129
15438
15384
15339
14901
15302
14925
15225
15719
15411
15779
16565
14926
15634
15773
15362
15698
14776
14780
15920
14899
15888
16301
15800
15009
16215
15848
15919
15969
15658
14752
14940
15322
15613
15718
16534
16795
15998
15405
15879
16098
15237
16281
16347
15731
15319
14877
14553
15803
14544
15208
14811
15597
15241
14806
14431
14708
15851
14787
14679
14475
15177
14564
15711
15398
15208
15032
15182
16559
18819
19727
19542
19190
18976
18677
19353
18509
14955
15583
15033
14597
14833
15088
15102
15146
14858
15638
14720
15286
14752
15301
15646
14690
14275
15045
14752
14245
14740
14730
14921
14797
14408
13821
14154
14152
13928
13268
14654
14645
14542
13793
13703
14683
14500
13886
14276
15117
14540
14774
14344
14459
15181
14868
16458
15898
15178
14750
15349
14841
14797
15207
14626
14229
14767
15647
14892
14666
14246
14193
15275
15273
14668
14857
15080
14811
14309
14600
15241
15078
15305
14765
14817
15475
15876
14651
14896
15039
15048
15254
14878
15091
14665
14351
14970
15739
15376
15761
14912
15508
15285
15199
15506
14725
14482
14950
15772
15667
16392
16181
17041
16445
15830
15991
16270
15647
16250
15936
15011
14413
14042
14712
14931
14542
13812
14529
14368
14281
15043
14625
15339
14951
15069
16076
14443
15274
15099
14780
15671
15942
15781
15708
14541
15772
15426
15680
15486
15940
14929
14705
15546
14834
14808
15696
14863
15209
14907
16307
16264
15909
14757
14886
14570
15773
15555
15258
15091
15448
15568
15218
15635
15542
14601
15192
15884
16068
15353
15992
15228
15219
15937
14913
15803
15861
15490
15608
14777
15314
14941
15082
15493
14560
14954
15328
14858
15720
14926
14923
15323
15149
15205
16052
15437
15547
16198
14869
14951
16601
15414
14881
14937
16247
15265
16081
16376
15646
15603
15149
16792
15940
15622
16636
16354
16304
16238
15813
16158
15152
15370
16225
15921
16134
16103
15365
15963
14907
15559
14958
15040
15534
15449
15171
14491
15237
14320
14423
14980
15301
15020
15527
14746
16624
15675
15560
14283
14484
14620
15399
15648
15061
14437
15588
14870
14999
15993
14778
14369
14899
15606
16610
16218
16997
16105
16131
15671
15414
16484
15179
15016
14505
16103
14350
15829
15550
14943
14572
14546
14979
15378
14560
14498
14596
14470
14490
13957
14334
14882
14282
13425
14438
14776
14231
14160
14584
14113
14199
14614
14211
13983
14441
14198
14540
14679
14867
14386
13819
14624
14379
13901
13758
14494
14651
14403
13807
14805
14925
15366
15680
16239
15941
14849
16448
15687
15942
15826
15512
16191
15876
18459
19209
18090
18825
18463
16625
17289
17386
17792
17869
17334
16963
18033
16826
16950
18514
17240
18029
17905
17161
17091
17013
17497
17124
17132
16998
17403
16870
17689
16255
16507
17192
17679
17767
16874
16725
17701
17686
16665
17776
16699
17661
16926
17985
16835
16900
16586
16893
16161
17199
17594
17081
17361
17868
18283
18621
17709
17765
17755
17667
18277
18402
18565
18118
18197
18311
17028
16637
18601
17340
16922
16705
16740
17780
17465
17314
16934
16882
16854
16714
16954
18227
16713
16962
16115
16408
16623
17045
17455
18029
17739
17378
16627
17122
16990
16659
16706
17460
17860
17528
17558
17364
17267
17878
18366
17971
17995
17895
18213
17375
17829
17993
18658
18426
18586
17736
17647
18445
17428
17703
17454
18049
17971
18796
18060
17854
20745
18405
17983
17923
17565
17378
17568
17738
17560
17170
18266
17273
17881
18188
16984
17814
17723
16721
16607
17274
17426
17538
17586
17962
18499
18237
17433
18047
17205
16899
17016
16919
17474
17024
17549
16748
16249
16859
17193
15756
16802
16903
17713
17061
16881
16864
16798
17356
17659
17220
16807
17075
16755
17512
17028
17241
18267
16691
17208
18849
16804
17296
16584
16707
18007
17243
17013
16701
16552
17250
16790
15911
16537
16027
15239
15767
15162
15923
15483
16111
16093
16531
16048
15434
16111
16835
16366
16846
16377
17055
16797
16821
16992
17651
17351
16785
17512
17096
17469
17555
17172
17015
16961
17172
17152
16895
16756
16775
16743
17269
16337
16740
16831
16937
16557
16667
16764
17057
17052
17428
16811
16722
16679
16534
16369
16519
16376
17175
16319
16696
16782
16990
16569
16665
17038
16731
16946
17184
16274
17160
17000
17621
17064
16318
14236
13580
14051
14427
14546
14170
14225
13807
14893
14095
13713
14113
14093
13508
13838
14114
13463
13758
14061
13738
13729
13844
14524
14148
13773
13824
13902
13794
14188
14208
14127
13859
13799
13961
14211
14307
14118
14362
13598
13935
14278
14154
13870
14251
13693
13915
13955
14201
13833
13791
13898
13676
13763
13761
14133
13743
13099
13312
13409
13513
13472
13575
13289
13392
13237
13084
13395
13512
13657
13888
13551
13790
14992
13990
13519
13990
14076
14134
14495
14507
14029
13748
14030
13752
14115
14104
14363
14180
14177
14483
14531
14446
14567
14522
14696
14786
14275
15598
14631
14130
14049
14104
14318
14265
14330
13988
14414
14485
14270
14532
14892
14747
14313
14068
14586
14873
14377
14003
14092
13663
14016
13844
13914
13760
14391
13569
13836
14107
14823
14231
14156
14226
13794
14017
14191
13817
14116
13531
13737
14026
13585
13431
13433
13363
13479
13503
13680
13249
13292
13355
13198
13572
13204
13459
13452
13377
13697
14295
14027
14060
14302
13720
13702
13751
13840
14312
13949
13717
13785
13464
13693
13924
13965
13910
13378
13466
13859
14215
14151
13988
13574
13662
13919
13460
15765
13714
13958
14467
14715
14809
14716
14558
14489
15173
16211
14867
16750
14249
16265
15780
17608
15599
17040
15076
17448
18677
15411
16405
16235
16287
16908
18164
15894
15997
16050
17072
19455
15111
16514
16538
17418
18232
16688
15928
15982
17524
16268
18853
15317
17803
15672
16814
17785
16423
16566
16374
16583
17382
17440
16029
16290
15638
16668
18605
15448
17663
15682
17484
18085
15624
17276
16283
17100
18328
15640
17148
15568
17113
18483
17630
17296
16946
16999
17277
20185
15966
18522
16475
17819
17899
16839
16932
16719
16205
17580
18375
15976
18104
16910
16324
19028
15525
16890
15659
17714
18157
16326
15423
16845
16267
16592
18063
14726
17162
15034
16928
18258
16450
16724
17112
18244
18668
16417
15424
16277
15763
16032
16754
13906
16597
15590
15365
17058
14028
15669
14460
15531
15979
15030
13965
15918
13889
16256
15829
13825
16809
13881
14113
16910
14325
14636
15740
13940
16694
16191
14089
17029
15284
14812
18591
14464
15992
17373
15173
17736
15206
14763
17261
15273
15948
17197
14627
15729
17163
14258
18510
14058
15461
18277
14999
19314
14584
16394
17362
14605
18727
16641
14908
16136
17511
15979
18593
14920
16548
17850
14638
17925
16420
15891
15612
16801
16576
17328
14966
16115
17727
15199
18388
15414
15507
15614
15986
16723
15705
14333
16138
16845
15004
16566
14860
16050
16478
15847
17059
15536
14134
15588
16814
16038
15856
14606
15163
16301
15027
17911
16024
14843
16012
17422
15454
15841
15589
15876
15628
16955
15327
14058
15756
16982
17166
14683
16013
15565
16257
17066
15852
15724
14860
14810
16879
16518
13933
13898
14802
16394
17243
14833
14166
15017
15480
16773
17027
13690
14278
14767
17438
15357
14198
15273
13311
15399
16924
13728
15285
15424
14834
17467
15373
14071
16672
13926
16210
16266
14835
15141
15122
15273
16056
15171
14183
15449
13513
16981
15171
14127
14942
15010
16011
17562
15645
14998
15151
15081
16794
15129
14819
17201
14374
17545
16169
16055
16168
16006
16060
17510
15664
16587
15828
15156
16799
15031
15760
15611
15727
16675
16054
15441
16330
16209
16590
18950
14697
17016
16690
16738
17451
14637
17698
16483
15911
18039
14931
17447
16732
17230
16984
17037
15169
17686
16171
16498
18920
15435
17257
15317
16307
18149
15744
15692
17486
16292
15739
17667
14613
17372
14445
17081
18178
14428
14425
17447
17350
16661
16635
13671
16034
15849
15562
17201
15068
15680
15615
14948
18502
14176
16186
15036
14858
18248
13596
14602
15114
15613
19262
13483
14818
15941
15724
15311
17095
14748
14419
16584
14961
19072
16085
15043
16668
15161
17876
16904
14748
15126
17483
14604
19953
15619
14732
17663
16521
19538
16459
14929
17101
15887
15608
20635
15437
15869
15411
16593
20424
16461
15571
15402
17455
21672
15879
16284
16011
16783
19530
17048
15310
16577
16036
17340
19236
15034
16174
15181
17373
20195
15629
15166
17087
16675
16487
19262
15289
17671
14690
16800
20458
16029
15573
14928
15507
16578
17731
15497
16299
13804
16575
17865
15815
16911
14631
15927
17679
16304
14172
15480
14636
17059
18554
15683
14215
14053
19372
15475
14214
16465
14806
18082
17204
16289
16449
15614
17422
17573
16107
17013
15118
14081
16237
18502
15463
16519
15886
16974
16600
13879
15877
14613
15703
18179
16285
15031
16851
16525
16141
16907
13915
15949
13943
17943
16672
13673
13629
13882
17785
16679
15157
14043
15633
14970
17883
15385
15129
16309
14573
20344
17240
14810
16541
14419
16092
18918
15995
14361
16090
14727
20068
16697
15019
16145
16340
17206
18488
14129
14136
15211
14855
18874
16144
14110
15992
14100
17207
17761
15746
15540
14773
16767
17413
16344
14522
15930
13988
18070
16666
14357
15889
14038
16566
16815
15089
14014
14638
14971
17015
15438
13579
15249
13517
16030
16373
14837
14121
14194
15751
17158
14566
13443
14520
13213
16006
16308
14978
15299
13405
17047
16705
16064
15648
15577
15230
16781
16445
16819
16471
14950
17590
16751
14852
17073
15961
17401
16447
16145
17163
15351
17665
18008
15880
15901
15021
15580
17143
16503
16681
16273
15866
16167
15941
15284
16589
14812
17625
17041
14495
15730
15945
16136
17816
15087
16585
16070
14712
20438
16053
16293
15145
15586
18724
16718
15970
16095
14572
18804
17461
15289
13985
16050
15159
21118
14124
14542
15526
16749
19290
17194
14449
15555
14348
16957
18391
14606
14768
16474
14817
19812
16225
14601
15747
14241
17255
18510
14208
14970
15410
14034
20576
14505
13990
15213
13499
18744
15411
13911
14469
14347
17489
18057
14481
14671
15787
16720
19139
14982
15306
16464
15024
20143
18254
14816
15527
14940
16292
20059
15319
14736
15201
14884
19640
15454
14215
15758
14800
18117
18176
15332
16066
15370
16263
19246
15806
15084
15736
14514
18076
18324
14702
15779
14197
18255
18954
14797
16052
14803
17997
19237
14589
15746
14867
17528
18110
15427
15156
15564
15293
19172
16135
14533
16184
14504
16573
19124
15944
15838
15225
16091
17981
17989
14268
15884
16014
17527
17291
15886
16256
14579
17053
17203
17378
14788
14964
16341
19099
16629
16177
14573
15238
17601
16810
16270
14554
14578
17617
16809
17020
16382
15277
16026
18613
16824
16398
15936
14729
18746
16780
16517
16397
15066
16099
18953
16310
16236
15523
17299
19369
15706
17891
16084
16346
19443
16652
17205
16526
14835
16805
18785
15607
17401
17515
16627
20025
17153
17599
17785
15812
16591
18722
17289
16934
15632
20878
16919
17598
16403
15711
17905
18498
16542
17340
18052
16656
20171
15610
16986
17109
14725
18058
18690
15567
16358
16587
16036
20474
16198
18336
17259
15958
20343
15089
15281
16111
16757
17757
18073
15861
15172
16938
16215
18084
18034
15921
15831
16124
18360
19148
15506
16819
15188
17751
20633
16543
15979
16359
15362
21582
18045
16581
15930
15828
19083
18708
17860
15914
15338
17046
20712
18051
17739
17626
16974
21198
21664
17775
16836
16452
17205
22924
18524
17029
16802
17924
22652
20270
17074
17494
16395
18470
22175
19427
16964
17149
16989
24394
17896
17416
17924
17291
18050
23547
17311
17142
16815
17376
22119
17794
16166
18502
17203
21875
17450
17631
16433
15684
19318
19565
15441
15044
15501
15953
21043
14647
14310
15376
15750
17111
19314
14910
14617
13867
16758
21258
14756
14136
14231
14752
17416
18362
14876
14959
14523
18643
18378
15295
15417
14199
14648
18585
18012
14593
14698
13617
17569
19335
14914
14598
15136
17491
17410
17178
14750
14926
15812
18333
18865
15009
15129
14780
17922
20625
14078
15851
15778
18011
19413
18147
14607
15323
16055
18305
17671
16007
14983
17370
18138
17439
17018
14966
16378
17454
18359
16486
16062
14506
16246
17303
17305
15331
14826
16732
15935
16789
17629
14835
15922
18558
16945
17100
16830
14422
18867
17610
16788
17732
15135
15681
19786
17332
17415
16919
15867
18023
17344
17735
16392
15994
19389
17042
17598
17095
15907
18859
17255
16992
18663
16096
17100
18674
17911
17364
17877
16423
18561
18381
16010
18406
15891
16528
18646
15988
16726
16782
14321
18007
17161
14872
18186
15087
16761
18915
18204
17741
16430
17301
16059
17704
16309
17420
15654
18611
17126
15210
15749
16818
17062
16456
16386
15702
16638
14770
17595
18532
14385
17234
16099
16207
19186
16629
17498
17738
16726
16564
18140
14840
15796
16317
17695
17897
15667
15086
16538
17364
20916
16056
15600
16899
16707
17419
17322
15121
15893
17414
17527
20238
15747
15831
18035
17391
18735
16923
16267
16693
17677
18983
16357
14506
14886
16970
18083
18671
16020
15198
15379
19415
17595
16441
16982
16810
20010
16145
19409
17754
15678
16908
18744
18515
15269
16718
15942
19460
17252
17023
16941
15391
18132
17132
18185
15972
15399
15561
19483
18956
17264
16762
15761
18555
16309
18850
17426
15354
16671
18118
17719
14814
15448
14336
19424
15458
16754
16668
14966
18203
15529
17028
16559
14391
15704
17841
15575
15526
16736
14309
17922
14482
16470
16082
14767
16040
17528
15897
14886
16497
14496
19131
16856
15965
17346
14874
17178
16769
16039
17748
14565
17138
16190
16350
15673
17994
15259
19225
17387
15786
16055
15918
17357
17189
17479
16203
15791
15021
19202
17316
15111
16422
14192
19155
16516
14915
17927
14640
17660
16818
17097
17092
14579
16534
17094
16253
14673
17049
14544
17643
16674
16593
17908
15222
15515
19681
16912
15192
18148
15189
19173
16138
16664
17115
15724
17038
19330
17144
17081
15986
15721
20702
15252
16774
17206
15307
18994
18179
17154
16658
15820
16140
21336
17354
16703
15917
16692
20635
17041
19045
16804
15286
20333
17690
16824
17116
14804
17756
18676
15268
17599
15324
15842
21676
14562
16179
15889
14285
18413
16021
15352
16557
14403
17126
18429
14252
17066
14420
14395
19236
15477
15557
16520
14168
18269
16358
15211
18038
15340
14952
20675
15082
17198
16343
15673
19534
16857
15852
18767
14925
18594
19249
15834
18924
16265
18108
20404
15354
16568
16397
15080
21318
16160
15476
16616
14643
19298
19057
15635
16708
15284
18426
19051
15270
15619
15213
15057
18000
17309
14504
17085
15030
17148
16811
14209
18017
14726
15400
18686
14166
14479
16940
14568
17508
17183
15302
17445
14303
17177
18021
15118
17912
14786
14411
20365
15187
15860
13854
13755
19982
13885
15025
17556
13750
17805
16657
14946
18651
14701
15284
19585
15287
16375
16133
14809
19971
15207
14713
17856
14313
17988
16389
14092
16700
14488
15258
18119
15769
14365
17228
14091
17973
15260
13721
16597
13415
15263
18536
14346
14698
15834
13544
18195
14675
13541
16895
13244
17956
14558
13085
14991
13886
14128
17081
13565
13827
15909
13335
16975
14786
13957
16067
14464
18668
14451
14299
16963
14834
18108
15922
14660
17446
14437
16239
19489
14283
15615
15617
14176
18771
14943
14619
17815
13664
17579
15050
13990
15383
15290
14480
17870
13958
15017
16388
13846
18692
13405
15697
14789
14009
16902
17984
14301
16577
14406
14089
20854
14296
15757
14619
13530
19055
16272
15868
15741
13869
15205
20551
14943
16818
14301
17614
17672
15545
16877
14433
15566
19705
14314
17189
14250
14484
18666
17537
16067
15816
14265
16224
20710
14181
16866
14654
16288
18677
15879
15353
15883
13770
17866
17407
14653
17554
14395
15170
20642
16644
15864
15080
14492
20218
16300
15583
14336
14479
17282
18443
16117
15686
15263
15636
17793
16480
14630
13104
14007
18872
14242
16029
13952
14611
15250
18419
15762
15073
14251
13788
18013
14810
15851
13472
14370
20845
13838
16985
13408
13907
15379
17968
15791
15728
15199
15003
19444
14720
18115
15528
15168
19682
15914
17189
16070
15258
15745
18259
13911
17026
14261
14562
19955
13946
15574
14203
14296
16979
18551
15054
14678
14298
16686
19564
15000
15177
15864
15389
18913
16915
15217
16795
14640
15875
20472
14040
15247
15131
16745
19764
15000
15933
16230
15271
18232
17717
16626
15704
16146
17156
19113
16582
15256
16617
15931
18921
15909
18127
17000
15938
17738
16970
18262
14418
16165
16222
19510
15455
16459
17281
17037
20055
15635
18535
15874
16496
17478
19825
19760
16448
16786
16868
19390
15728
17807
14687
17731
18569
17230
17943
14505
15598
16320
19023
17689
14593
15729
17357
19352
16170
17342
15140
18052
17880
16927
18548
15190
15904
17135
19453
16428
16342
15635
18049
17741
17468
15117
15388
18350
19546
15017
17255
15505
18009
17901
17697
17136
15387
18406
17919
20478
15310
16858
15102
19891
19767
16862
16816
15971
18750
16616
17926
17908
15298
16473
18249
17987
16832
16614
15068
19839
17952
17798
16991
16836
15939
16634
17998
17857
16154
18582
21234
17130
16270
16641
16571
16322
17551
17066
18699
16078
17301
16882
17670
16691
16898
17069
17619
18153
17773
16610
15947
17252
17376
16928
18431
16686
17553
17643
18516
17401
17183
17237
17205
17661
15880
17124
17717
16526
17226
18342
18259
15717
17912
17346
17851
16448
15765
16006
16746
16828
15325
18027
15950
14940
16255
17074
17860
16648
16338
16866
16786
16315
16281
16793
16629
16417
18031
17759
16382
16842
17103
17881
17139
16223
17989
18978
17275
15875
17599
17159
17501
19115
16409
16445
16768
16890
16506
16573
18362
15946
15678
17298
18050
17806
16537
16729
17448
18261
15745
17497
16829
16288
15811
17407
18014
17236
16756
16884
18463
15339
16800
17272
15020
16920
15706
17183
16167
14621
17584
17523
16191
16344
16265
17313
16232
17244
16002
16147
15991
19647
16295
17458
16551
15205
16946
17929
18192
16811
17116
17349
17402
16268
16561
16805
16878
17543
15091
18056
16199
15754
17227
17282
15526
15591
16171
17536
17132
16256
16455
16509
15116
16608
15985
17088
16512
15041
16348
17610
17160
16597
16413
16808
17938
16690
16208
16045
15190
15362
17579
16597
15557
15453
15596
16744
15752
16354
16666
16156
17550
15156
16428
14649
15242
15602
16256
16073
15208
15902
16023
17886
16283
16218
18420
16794
15640
17725
17092
17486
16226
17936
16936
17463
18443
17443
18736
17967
16376
15769
15489
16074
17853
15780
15549
16840
16158
18454
16129
15560
16180
16000
16255
16802
16338
15861
15520
15601
