8 0.29271215413236695 7 12784 12780.833333333334 16875.06446004392 1.0211201501877347 0
9 0.29271215413236695 7 12933 12944.833333333334 16521.938589940095 0.9882342328410526 0
10 0.29271215413236695 7 12715 12673.0 16733.943383217804 1.018075763533884 0
11 0.29271215413236695 7 13273 13278.166666666666 16382.541129319487 0.9547954494085737 0
12 0.29271215413236695 7 13361 13308.5 17164.847434595256 0.9938003642441933 0
13 0.29271215413236695 7 12786 12753.166666666666 17204.059703270606 1.0408650086031597 0
14 0.29271215413236695 7 12872 12886.666666666666 16486.173553675762 0.9907680754091568 0
15 0.29271215413236695 7 13309 13371.666666666666 16658.750626252433 0.968267087434568 0
16 0.29271215413236695 7 13252 13341.5 17285.716021006632 1.0090300835094073 0
17 0.29271215413236695 7 13164 13145.833333333334 17246.719204356974 1.013483743542996 0
18 0.29271215413236695 7 13213 13188.333333333334 16993.778526198406 0.994916622518227 0
19 0.29271215413236695 7 13163 13225.833333333334 17048.718792749034 1.001924586593735 0
20 0.29271215413236695 7 13376 13460.0 17097.195498528996 0.9887734250398724 0
21 0.29271215413236695 7 13170 13146.833333333334 17399.905594621658 1.0220197418375094 0
22 0.29271215413236695 7 13298 13305.666666666666 16995.07123835254 0.988632375795859 0
23 0.29271215413236695 7 13659 13741.5 17200.397018833897 0.9741318300510042 0
24 0.29271215413236695 7 13126 13111.5 17763.80406600992 1.0468916653969222 0
25 0.29271215413236695 7 13355 13387.0 16949.39540890653 0.9817671284163235 0
26 0.29271215413236695 7 13167 13132.166666666666 17305.537607369995 1.0167084377610693 0
27 0.29271215413236695 7 13193 13196.833333333334 16976.11146009193 0.9953889688976477 0
28 0.29271215413236695 7 13437 13460.166666666666 17059.706846059158 0.9821264667212424 0
29 0.29271215413236695 7 13197 13120.0 17400.121046647346 1.0199414008234193 0
30 0.29271215413236695 7 13498 13560.0 16960.383462216654 0.9719958512372203 0
31 0.29271215413236695 7 13604 13645.5 17529.176810034896 0.9967656571596589 0
32 0.29271215413236695 7 13743 13839.0 17639.703699213213 0.9929054791530234 0
33 0.29271215413236695 7 13903 14021.333333333334 17889.843501037827 0.9953966769761922 0
34 0.29271215413236695 7 14170 14292.166666666666 18125.548017141296 0.9895083509762409 0
35 0.29271215413236695 7 14034 14173.5 18475.657558885476 1.0183958006745522 0
36 0.29271215413236695 7 14302 14436.0 18322.255716595104 0.9910152426234093 0
37 0.29271215413236695 7 13779 13808.166666666666 18661.59265705485 1.047681254082299 0
38 0.29271215413236695 7 14136 14201.5 17849.984876285413 0.9768086210149028 0
39 0.29271215413236695 7 15949 16290.0 18358.45165691081 0.8904320020063954 0
40 0.29271215413236695 7 16024 16333.0 21058.280990816256 1.0166000998502247 0
41 0.29271215413236695 7 16182 16540.0 21113.86761344395 1.0093313558274626 0
42 0.29271215413236695 7 15788 16035.666666666666 21381.45902934935 1.0476311122371422 0
43 0.29271215413236695 7 15950 16311.833333333334 20729.501199615257 1.0053709508881923 0
44 0.29271215413236695 7 16430 16812.333333333332 21086.505206181482 0.9928078717792657 0
45 0.29271215413236695 7 16163 16198.666666666666 21733.50763932473 1.0401740600961042 0
46 0.29271215413236695 7 15986 15979.666666666666 20940.213280738833 1.0133033070603443 0
47 0.29271215413236695 7 13759 13355.166666666666 20657.109318983847 1.161397388376093 0
48 0.29271215413236695 7 14114 13835.0 17264.38627046345 0.9462354163714515 0
49 0.29271215413236695 7 13306 12865.333333333334 17884.672652421297 1.0397565008266947 0
50 0.29271215413236695 7 13475 12982.5 16631.17276696428 0.9547557204700062 0
51 0.29271215413236695 7 13311 12835.666666666666 16782.635541023454 0.9753211629479378 0
52 0.29271215413236695 7 13448 13025.0 16592.822306391685 0.9544665873488003 0
53 0.29271215413236695 7 13547 13511.666666666666 16837.575807574078 0.9614674835756994 0
54 0.29271215413236695 7 14057 14047.5 17466.695722585166 0.9612055678072609 0
55 0.29271215413236695 7 13288 13285.0 18159.373985174425 1.0571568332329921 0
56 0.29271215413236695 7 13548 13560.166666666666 17173.680967648495 0.980587540596398 0
57 0.29271215413236695 7 13679 13740.333333333334 17529.392262060584 0.9913127177912615 0
58 0.29271215413236695 7 13892 13966.0 17762.2959018301 0.9890824455322008 0
59 0.29271215413236695 7 13463 13449.0 18054.01794461264 1.0373616578771447 0
60 0.29271215413236695 7 13811 13770.0 17385.685760926204 0.9737890087611324 0
61 0.29271215413236695 7 13576 13624.0 17800.646362402695 1.014289923394225 0
62 0.29271215413236695 7 13801 13843.166666666666 17611.910387899366 0.9871748424027245 0
63 0.29271215413236695 7 13349 13294.0 17895.229801680045 1.0370190026718604 0
64 0.29271215413236695 7 13140 13014.666666666666 17185.315377035688 1.0117199391171994 0
65 0.29271215413236695 7 13268 13235.5 16824.217781981377 0.9809064415636619 0
66 0.29271215413236695 7 13260 13168.166666666666 17109.691716018944 0.9981523378582202 0
67 0.29271215413236695 7 13322 13279.666666666666 17022.649097640697 0.9884526847820647 0
68 0.29271215413236695 7 13225 13129.0 17166.786502826453 1.0041335853812223 0
69 0.29271215413236695 7 14139 14270.666666666666 16972.017871603846 0.9285663766885919 0
70 0.29271215413236695 7 13463 13516.833333333334 18447.86424757163 1.0599915818663497 0
71 0.29271215413236695 7 13128 13104.666666666666 17473.374735381516 1.0296186268535445 0
72 0.29271215413236695 7 13119 13095.5 16940.56187585329 0.9989074370505882 0
73 0.29271215413236695 7 13328 13329.0 16928.71201444041 0.9825555222088835 0
74 0.29271215413236695 7 14203 14366.0 17230.56030243032 0.9384637048510878 0
75 0.29271215413236695 7 13553 13455.333333333334 18571.102806265582 1.0599867188076442 0
76 0.29271215413236695 7 13560 13576.166666666666 17393.872937902375 0.9922812192723698 0
77 0.29271215413236695 7 13425 13474.5 17550.0756565267 1.011260086902545 0
78 0.29271215413236695 7 13314 13346.5 17418.64992085658 1.0120549797205949 0
79 0.29271215413236695 7 13345 13347.833333333334 17253.182765127636 1.0001124016485574 0
80 0.29271215413236695 7 13206 13039.833333333334 17254.906381333145 1.0107400676460194 0
81 0.29271215413236695 7 13420 13397.833333333334 16856.751037860377 0.9716716343765525 0
82 0.29271215413236695 7 13187 13124.833333333334 17319.541989039764 1.015987967948232 0
83 0.29271215413236695 7 13670 13710.833333333334 16966.63157096163 0.960119483052914 0
84 0.29271215413236695 7 12959 12899.833333333334 17724.160893283195 1.0580163078426834 0
85 0.29271215413236695 7 13333 13331.0 16675.771336281847 0.9675116877921949 0
86 0.29271215413236695 7 13594 13658.666666666666 17233.145726738585 0.9806532293658967 0
87 0.29271215413236695 7 12917 12833.166666666666 17656.724409242623 1.0574178730871462 0
88 0.29271215413236695 7 13265 13278.0 16589.590526006352 0.9674456590023872 0
89 0.29271215413236695 7 12998 12886.0 17164.63198256957 1.0215417756577936 0
90 0.29271215413236695 7 13053 13068.666666666666 16657.88881814968 0.9872060062820808 0
91 0.29271215413236695 7 13436 13453.166666666666 16894.024238304526 0.9726605140418775 0
92 0.29271215413236695 7 13310 13262.666666666666 17391.072061568422 1.010756323566241 0
93 0.29271215413236695 7 13089 13117.666666666666 17144.810396206205 1.0132681386405888 0
94 0.29271215413236695 7 13014 12972.166666666666 16957.367133857013 1.0079657804415756 0
95 0.29271215413236695 7 13111 13129.833333333334 16769.277515430753 0.9894109272112475 0
96 0.29271215413236695 7 12909 12885.0 16973.09513173229 1.017106927983061 0
97 0.29271215413236695 7 13077 13017.166666666666 16656.596105995548 0.9853177334250975 0
98 0.29271215413236695 7 13093 13056.833333333334 16827.44956236671 0.9942081010209017 0
99 0.29271215413236695 7 13589 13672.333333333334 16878.72714448063 0.9608384232344789 0
100 0.29271215413236695 7 13404 13469.0 17674.3914753491 1.0200188998308963 0
101 0.29271215413236695 7 13896 14026.833333333334 17411.54000400885 0.9692717328727691 0
102 0.29271215413236695 7 13596 13710.5 18132.657933989023 1.031688241639698 0
103 0.29271215413236695 7 13213 13235.666666666666 17723.72998923182 1.0376523121168546 0
104 0.29271215413236695 7 12991 12974.0 17109.907168044632 1.0188335514330433 0
105 0.29271215413236695 7 13226 13165.5 16771.64748771333 0.9809466202933615 0
106 0.29271215413236695 7 12995 12926.833333333334 17019.201865229676 1.013120430934975 0
107 0.29271215413236695 7 13151 13026.833333333334 16710.67456444342 0.9829544014396878 0
108 0.29271215413236695 7 13184 13115.333333333334 16839.945779856655 0.9880789846278317 0
109 0.29271215413236695 7 13135 13122.0 16954.35080549737 0.9985027280801929 0
110 0.29271215413236695 7 13306 13358.5 16962.96888652492 0.986171651886367 0
111 0.29271215413236695 7 13380 13405.666666666666 17268.695310977226 0.9983931240657699 0
112 0.29271215413236695 7 13062 13073.166666666666 17329.668234247132 1.026310416985658 0
113 0.29271215413236695 7 13206 13215.166666666666 16899.84144299812 0.9899414407592508 0
114 0.29271215413236695 7 13205 13208.5 17083.40656888492 1.0007699103874794 0
115 0.29271215413236695 7 13408 13453.5 17074.788487857368 0.9851208233890215 0
116 0.29271215413236695 7 13115 13083.166666666666 17391.5029656198 1.025810141059855 0
117 0.29271215413236695 7 13273 13255.166666666666 16912.768564539445 0.9856977824656571 0
118 0.29271215413236695 7 13159 13175.166666666666 17135.115055050213 1.0073080527902323 0
119 0.29271215413236695 7 13367 13393.833333333334 17031.698082719624 0.9856487369392284 0
120 0.29271215413236695 7 13286 13299.5 17314.371140423234 1.0081163129108335 0
121 0.29271215413236695 7 12943 12865.5 17192.425293883414 1.027543846094414 0
122 0.29271215413236695 7 13394 13440.5 16631.388218989967 0.9605420337464536 0
123 0.29271215413236695 7 13120 13094.5 17374.697707616077 1.0244283536585366 0
124 0.29271215413236695 7 13335 13364.333333333334 16927.41930228628 0.9819647544056993 0
125 0.29271215413236695 7 13437 13448.666666666666 17276.23613187633 0.9945920468358513 0
126 0.29271215413236695 7 13525 13564.833333333334 17385.254856874824 0.9943561306223043 0
127 0.29271215413236695 7 13127 13157.666666666666 17535.42491877987 1.0333536476981287 0
128 0.29271215413236695 7 13351 13343.833333333334 17009.075620022308 0.9855191870771227 0
129 0.29271215413236695 7 13350 13388.333333333334 17249.735532716615 0.999538077403246 0
130 0.29271215413236695 7 12954 12890.5 17307.261223575508 1.0335288971231538 0
131 0.29271215413236695 7 13039 12972.666666666666 16663.706022843275 0.9886110898075006 0
132 0.29271215413236695 7 13021 12937.0 16769.923871507817 0.9962880475129918 0
133 0.29271215413236695 7 13159 13164.333333333334 16723.817138010432 0.9831294171289612 0
134 0.29271215413236695 7 12726 12621.833333333334 17017.693701049855 1.0344439205825344 0
135 0.29271215413236695 7 12994 12934.666666666666 16316.397357433048 0.9713585757529116 0
136 0.29271215413236695 7 13063 13081.166666666666 16720.800809650787 0.9901758146418638 0
137 0.29271215413236695 7 12776 12732.166666666666 16910.18314023118 1.0238859319557503 0
138 0.29271215413236695 7 12976 12968.5 16459.026598438984 0.9812088984792436 0
139 0.29271215413236695 7 12858 12807.833333333334 16764.5375708656 1.0085938715196765 0
140 0.29271215413236695 7 13244 13330.333333333334 16556.841818101668 0.9670668478808014 0
141 0.29271215413236695 7 13132 13155.0 17232.28391863583 1.0151030561478323 0
142 0.29271215413236695 7 12978 12963.833333333334 17005.628387611287 1.0136384650947758 0
143 0.29271215413236695 7 13076 13126.0 16758.504914146317 0.991421943509738 0
144 0.29271215413236695 7 13056 13069.333333333334 16968.13973514145 1.0053615196078431 0
145 0.29271215413236695 7 13244 13308.333333333334 16894.886046407282 0.9868116379744287 0
146 0.29271215413236695 7 13251 13252.166666666666 17203.84425124492 1.0043267174804418 0
147 0.29271215413236695 7 13262 13283.666666666666 17131.236918587816 0.9992585331523651 0
148 0.29271215413236695 7 12811 12783.166666666666 17171.957351442983 1.0368953763692659 0
149 0.29271215413236695 7 13211 13233.5 16524.954918299736 0.9676153710291928 0
150 0.29271215413236695 7 13071 13073.5 17107.10629171068 1.0124321015989595 0
151 0.29271215413236695 7 12864 12800.666666666666 16900.2723470495 1.0162857587064678 0
152 0.29271215413236695 7 13016 12976.833333333334 16547.577380997052 0.9834562589633271 0
153 0.29271215413236695 7 12784 12704.333333333334 16775.31017215004 1.0150839591155612 0
154 0.29271215413236695 7 12756 12746.833333333334 16423.046110148967 0.9959496184801924 0
155 0.29271215413236695 7 12940 12894.833333333334 16477.986376699595 0.9850721277691912 0
156 0.29271215413236695 7 13133 13143.333333333334 16669.307775511184 0.981865021954872 0
157 0.29271215413236695 7 13079 13114.833333333334 16990.546745813077 1.0049188266177334 0
158 0.29271215413236695 7 12978 12971.666666666666 16953.704449420304 1.0105434838444547 0
159 0.29271215413236695 7 13657 13802.5 16768.631159353685 0.949818164067267 0
160 0.29271215413236695 7 13123 13184.166666666666 17842.659507411994 1.0517793187533337 0
161 0.29271215413236695 7 13140 13173.333333333334 17043.332492106812 1.003361237950279 0
162 0.29271215413236695 7 13790 13899.5 17029.328110437047 0.955281605027798 0
163 0.29271215413236695 7 13625 13716.0 17968.052586362835 1.0201467889908258 0
164 0.29271215413236695 7 13441 13518.166666666666 17730.839906079545 1.0204597872182128 0
165 0.29271215413236695 7 13396 13352.5 17475.098351587025 1.009119637702797 0
166 0.29271215413236695 7 14513 14744.666666666666 17260.93903805243 0.9200372080203955 0
167 0.29271215413236695 7 13395 13437.5 19060.609808630372 1.1007589896727634 0
168 0.29271215413236695 7 14012 14049.0 17370.81957115368 0.958999429060805 0
169 0.29271215413236695 7 13622 13621.5 18161.31305340562 1.0313463514902363 0
170 0.29271215413236695 7 13865 13935.666666666666 17608.678607514037 0.9824377930039668 0
171 0.29271215413236695 7 13548 13573.333333333334 18014.80567593729 1.0286143096151954 0
172 0.29271215413236695 7 13337 13141.0 17546.412972089995 1.0177201269650846 0
173 0.29271215413236695 7 13166 13127.833333333334 16987.530417453436 0.9981011696794775 0
174 0.29271215413236695 7 13363 13254.833333333334 16970.509707424026 0.9824016563146999 0
175 0.29271215413236695 7 13110 13024.666666666666 17134.684150998837 1.0110475464022375 0
176 0.29271215413236695 7 13346 13259.5 16837.1449035227 0.9759228732703931 0
177 0.29271215413236695 7 13373 13343.833333333334 17140.71680771812 0.9915127495700292 0
178 0.29271215413236695 7 13350 13352.166666666666 17249.735532716615 0.999538077403246 0
179 0.29271215413236695 7 13295 13316.5 17260.50813400105 1.0042998621035477 0
180 0.29271215413236695 7 13387 13391.0 17214.401400503666 0.9947336968700978 0
181 0.29271215413236695 7 13580 13658.333333333334 17310.708455986525 0.9860824742268042 0
182 0.29271215413236695 7 13903 13995.833333333334 17656.293505191246 0.9824018796902347 0
183 0.29271215413236695 7 13914 14004.166666666666 18092.58385721092 1.0058813664893873 0
184 0.29271215413236695 7 13969 14072.166666666666 18103.356458495356 1.0025174791800893 0
185 0.29271215413236695 7 14011 14130.333333333334 18191.260884976356 1.004365617491019 0
186 0.29271215413236695 7 13656 13700.833333333334 18266.453641941724 1.034734426869752 0
187 0.29271215413236695 7 13359 13322.166666666666 17711.23377174187 1.0255882426329317 0
188 0.29271215413236695 7 13387 13301.0 17221.72676937708 0.9951569931027613 0
189 0.29271215413236695 7 13102 12966.666666666666 17194.36436211461 1.0151885208365135 0
190 0.29271215413236695 7 14062 14077.5 16762.167598583022 0.9221068600957664 0
191 0.29271215413236695 7 13038 12875.833333333334 18198.155349798395 1.079728485964105 0
192 0.29271215413236695 7 13446 13411.0 16644.746244582668 0.9575958153602063 0
193 0.29271215413236695 7 13609 13650.666666666666 17336.562699069174 0.9854508046145933 0
194 0.29271215413236695 7 13572 13602.833333333334 17646.382712009563 1.0057962471755575 0
195 0.29271215413236695 7 13221 13240.833333333334 17584.5479806369 1.0288808209162192 0
196 0.29271215413236695 7 13387 13274.5 17116.586180840983 0.9890814471751201 0
197 0.29271215413236695 7 13168 13189.666666666666 17160.107490030106 1.008087788578372 0
198 0.29271215413236695 7 13079 13017.833333333334 17050.442408954543 1.0084614012284323 0
199 0.29271215413236695 7 13200 13131.833333333334 16828.311370469466 0.986199494949495 0
200 0.29271215413236695 7 13364 13329.333333333334 16975.680556040556 0.9826274568492468 0
201 0.29271215413236695 7 12779 12705.333333333334 17230.991206481696 1.043065445913869 0
202 0.29271215413236695 7 13845 13921.333333333334 16424.3388223031 0.9176838810641628 0
203 0.29271215413236695 7 12650 12563.666666666666 17996.276801728058 1.1005006587615285 0
204 0.29271215413236695 7 13108 13112.833333333334 16241.20460046768 0.9584731970298036 0
205 0.29271215413236695 7 13156 13148.666666666666 16951.11902511204 0.9967188608492957 0
206 0.29271215413236695 7 13135 13096.833333333334 16997.441210635116 1.001040477096815 0
207 0.29271215413236695 7 13182 13249.166666666666 16930.435630645923 0.9935391695746726 0
208 0.29271215413236695 7 12886 12726.166666666666 17127.35878212542 1.028183041026437 0
209 0.29271215413236695 7 12677 12681.5 16451.27032551419 1.0038784149772553 0
210 0.29271215413236695 7 12901 12866.5 16393.529182629612 0.9829858150530967 0
211 0.29271215413236695 7 12766 12701.0 16632.6809311441 1.0078724737584208 0
212 0.29271215413236695 7 13041 13025.333333333334 16418.737069635194 0.9739283797254812 0
213 0.29271215413236695 7 12568 12465.666666666666 16838.006711625458 1.0363887120729895 0
214 0.29271215413236695 7 12472 12403.0 16114.518809362708 0.9994921958520419 0
215 0.29271215413236695 7 12751 12763.333333333334 16033.508847703748 0.9727080229001647 0
216 0.29271215413236695 7 13059 13085.333333333334 16499.31612724278 0.9773591648160911 0
217 0.29271215413236695 7 13132 13193.0 16915.5694408734 0.9964463397299219 0
218 0.29271215413236695 7 12800 12759.833333333334 17054.751449468316 1.030703125 0
219 0.29271215413236695 7 12799 12837.5 16494.791634703313 0.9969398650936272 0
220 0.29271215413236695 7 13372 13522.0 16595.19227867426 0.9600284175889919 0
221 0.29271215413236695 7 12922 12950.5 17480.053748177867 1.046432440798638 0
222 0.29271215413236695 7 12956 12938.833333333334 16741.26875209122 0.9995754862611917 0
223 0.29271215413236695 7 12568 12474.0 16726.18711029301 1.0295061531932952 0
224 0.29271215413236695 7 12661 12637.833333333334 16125.291410647145 0.9852302345786272 0
225 0.29271215413236695 7 12701 12684.666666666666 16337.080751899166 0.9950266383224419 0
226 0.29271215413236695 7 12557 12421.166666666666 16397.622771117698 1.0101669719412811 0
227 0.29271215413236695 7 12893 12888.166666666666 16056.993118503819 0.9634039142687246 0
228 0.29271215413236695 7 13237 13283.833333333334 16660.689694483634 0.9736471002996651 0
229 0.29271215413236695 7 12684 12703.333333333334 17172.172803468675 1.0472905497739935 0
230 0.29271215413236695 7 13048 13112.5 16421.753397994835 0.9735847128550992 0
231 0.29271215413236695 7 12988 13035.833333333334 16950.688121060663 1.0095857714813674 0
232 0.29271215413236695 7 12754 12786.833333333334 16851.580189243847 1.0220976425696513 0
233 0.29271215413236695 7 12740 12714.5 16529.69486286489 1.003676085818943 0
234 0.29271215413236695 7 13103 13080.666666666666 16436.18868371598 0.9703503014576814 0
235 0.29271215413236695 7 13707 13877.5 16909.536784154116 0.9543055859536489 0
236 0.29271215413236695 7 13213 13240.5 17939.61291897192 1.0502913797018087 0
237 0.29271215413236695 7 12852 12829.333333333334 17116.155276789606 1.0302287581699345 0
238 0.29271215413236695 7 13133 13196.166666666666 16584.635129415514 0.9768775857255261 0
239 0.29271215413236695 7 12850 12868.333333333334 17058.845037956402 1.0269390402075227 0
240 0.29271215413236695 7 13501 13567.333333333334 16635.050903426676 0.9531392736340518 0
241 0.29271215413236695 7 13035 12923.0 17538.6566991652 1.040838767421046 0
242 0.29271215413236695 7 13228 13230.5 16705.719167852578 0.976942848503175 0
243 0.29271215413236695 7 13038 13069.0 17103.228155248282 1.0147645344377971 0
244 0.29271215413236695 7 13194 13204.166666666666 16894.455142355902 0.9905259966651508 0
245 0.29271215413236695 7 12949 12965.5 17069.18673518946 1.019705511365099 0
246 0.29271215413236695 7 13256 13215.166666666666 16760.659434403206 0.9780853952926977 0
247 0.29271215413236695 7 12834 12800.5 17083.40656888492 1.0296997558568386 0
248 0.29271215413236695 7 12694 12605.0 16547.361928971364 1.0083897904521821 0
249 0.29271215413236695 7 12872 12844.333333333334 16294.636702838485 0.9792573026724674 0
250 0.29271215413236695 7 12651 12560.5 16604.0258117275 1.0152820593892447 0
251 0.29271215413236695 7 12759 12727.333333333334 16237.111011979596 0.9844423544164903 0
252 0.29271215413236695 7 12894 12833.666666666666 16452.778489694014 0.987074091308619 0
253 0.29271215413236695 7 12519 12466.5 16590.23688208342 1.0251351279388663 0
254 0.29271215413236695 7 12620 12607.666666666666 16115.596069491152 0.9878367670364501 0
255 0.29271215413236695 7 12900 12904.666666666666 16298.083935249504 0.9773385012919896 0
256 0.29271215413236695 7 12712 12722.166666666666 16682.019445026817 1.015156282777428 0
257 0.29271215413236695 7 12771 12773.0 16446.09947689766 0.996176232610341 0
258 0.29271215413236695 7 12784 12765.666666666666 16511.812344732723 0.999139549436796 0
259 0.29271215413236695 7 12544 12548.166666666666 16502.33245560242 1.017671130952381 0
260 0.29271215413236695 7 12421 12387.833333333334 16221.167562078628 1.0102380377317983 0
261 0.29271215413236695 7 12674 12636.333333333334 16013.902713366075 0.9774209668086897 0
262 0.29271215413236695 7 12647 12636.166666666666 16335.141683667967 0.9991565852244274 0
263 0.29271215413236695 7 13278 13362.5 16334.926231642277 0.9516618968720189 0
264 0.29271215413236695 7 13187 13254.166666666666 17273.866159593752 1.013308561462046 0
265 0.29271215413236695 7 12721 12750.5 17133.82234289608 1.041912323454655 0
266 0.29271215413236695 7 13400 13563.166666666666 16482.726321264745 0.9515298507462686 0
267 0.29271215413236695 7 12870 12902.666666666666 17533.270398522982 1.0538591038591039 0
268 0.29271215413236695 7 13022 13084.5 16679.434020718552 0.99083602109251 0
269 0.29271215413236695 7 13153 13132.166666666666 16914.492180744954 0.9947920626473048 0
270 0.29271215413236695 7 13502 13554.5 16976.11146009193 0.972608996198094 0
271 0.29271215413236695 7 13004 13051.166666666666 17522.06689318717 1.042333128268225 0
272 0.29271215413236695 7 13081 13027.833333333334 16871.40177560721 0.9977193384807481 0
273 0.29271215413236695 7 13336 13413.666666666666 16841.238492010787 0.976892121575685 0
274 0.29271215413236695 7 12874 12849.333333333334 17340.009931480192 1.0419191134586505 0
275 0.29271215413236695 7 12848 12797.166666666666 16610.489372498163 1.0001037775010377 0
276 0.29271215413236695 7 13160 13103.0 16543.052888457587 0.9724290780141843 0
277 0.29271215413236695 7 13094 13109.0 16938.407355596406 1.0006873377119292 0
278 0.29271215413236695 7 13503 13573.333333333334 16946.163628521197 0.9708212989705991 0
279 0.29271215413236695 7 12988 12930.0 17546.412972089995 1.0450672415563085 0
280 0.29271215413236695 7 13207 13262.5 16714.768152931505 0.9790262739456349 0
281 0.29271215413236695 7 13119 13164.166666666666 17144.594944180517 1.01093833371446 0
282 0.29271215413236695 7 13020 12996.666666666666 17017.478249024167 1.0110727086533537 0
283 0.29271215413236695 7 13032 13021.666666666666 16800.948963206996 0.9972887251892776 0
284 0.29271215413236695 7 12889 12786.666666666666 16833.266767060304 1.0102930147153903 0
285 0.29271215413236695 7 13088 13104.666666666666 16529.479410839198 0.9769763651181743 0
286 0.29271215413236695 7 13308 13324.833333333334 16940.56187585329 0.9847209698427011 0
287 0.29271215413236695 7 13275 13301.0 17225.174001788102 1.0037539234149404 0
288 0.29271215413236695 7 13472 13547.333333333334 17194.36436211461 0.9873070071258907 0
289 0.29271215413236695 7 13466 13538.333333333334 17512.802456082554 1.0060399029654934 0
290 0.29271215413236695 7 13159 13204.0 17501.168046695362 1.028826911872736 0
291 0.29271215413236695 7 13089 13089.166666666666 17068.971283163773 1.0087860035144014 0
292 0.29271215413236695 7 13326 13329.0 16920.52483746424 0.9822277252488868 0
293 0.29271215413236695 7 13256 13252.833333333334 17230.56030243032 1.0055069402534702 0
294 0.29271215413236695 7 13545 13557.166666666666 17132.098726690572 0.9784299249415529 0
295 0.29271215413236695 7 13190 13144.0 17525.514125598187 1.027836745008845 0
296 0.29271215413236695 7 13286 13307.166666666666 16991.40855391583 0.9893120578052085 0
297 0.29271215413236695 7 13102 13104.166666666666 17202.336087065094 1.0156591868925864 0
298 0.29271215413236695 7 12887 12813.833333333334 16939.915519776223 1.0168516075631773 0
299 0.29271215413236695 7 13045 13009.833333333334 16564.598091026462 0.9822792896384311 0
300 0.29271215413236695 7 13324 13287.166666666666 16817.969673236406 0.9764209946962874 0
301 0.29271215413236695 7 13415 13452.5 17176.48184398245 0.9904708659460802 0
302 0.29271215413236695 7 13650 13710.666666666666 17390.210253465666 0.9855311355311356 0
303 0.29271215413236695 7 13794 13909.333333333334 17723.945441257503 0.9939587260161422 0
304 0.29271215413236695 7 13663 13792.333333333334 17980.764255878472 1.0180292273536804 0
305 0.29271215413236695 7 13540 13622.5 17829.516933844985 1.018636139832595 0
306 0.29271215413236695 7 13482 13508.333333333334 17609.97131966817 1.0104213024773772 0
307 0.29271215413236695 7 13548 13570.166666666666 17462.386682071392 0.9970721385690385 0
308 0.29271215413236695 7 13494 13468.0 17542.31938360191 1.0056444839681833 0
309 0.29271215413236695 7 13537 13494.166666666666 17410.247291854717 0.9949028588313511 0
310 0.29271215413236695 7 13532 13510.166666666666 17444.07325988785 0.9972041580451275 0
311 0.29271215413236695 7 13268 13222.666666666666 17464.756654353965 1.0182519344789467 0
312 0.29271215413236695 7 13175 13123.833333333334 17093.10191004091 1.003617963314358 0
313 0.29271215413236695 7 13362 13331.0 16965.338858807496 0.9821758219827371 0
314 0.29271215413236695 7 13115 13051.833333333334 17233.145726738585 1.0164696911932902 0
315 0.29271215413236695 7 13194 13136.833333333334 16872.263583709966 0.9892249002071649 0
316 0.29271215413236695 7 13401 13379.166666666666 16982.144116811218 0.9802875407307913 0
317 0.29271215413236695 7 13094 13065.0 17295.411362162624 1.0217784226872357 0
318 0.29271215413236695 7 13077 13060.666666666666 16889.284293739373 0.9990823583390686 0
319 0.29271215413236695 7 12909 12833.5 16883.682541071466 1.0117489090298757 0
320 0.29271215413236695 7 12855 12811.666666666666 16590.02143005773 0.9983274990276158 0
321 0.29271215413236695 7 13791 13890.5 16561.797214692506 0.9289875039276823 0
322 0.29271215413236695 7 13570 13598.166666666666 17956.418176975643 1.0236182756079588 0
323 0.29271215413236695 7 13283 13314.5 17578.515323917614 1.0237270696880725 0
324 0.29271215413236695 7 13937 14080.333333333334 17211.8159761954 0.9553347205280907 0
325 0.29271215413236695 7 14510 14776.833333333334 18201.818034235104 0.9703882379967839 0
326 0.29271215413236695 7 13982 14169.833333333334 19102.1920495883 1.0568468983931723 0
327 0.29271215413236695 7 13380 13311.5 18317.51577202995 1.0590308918784255 0
328 0.29271215413236695 7 14297 14418.166666666666 17207.937839733004 0.9310694551304469 0
329 0.29271215413236695 7 13626 13683.166666666666 18638.539290306155 1.058136405890699 0
330 0.29271215413236695 7 14162 14199.5 17688.395857018866 0.9661888622134349 0
331 0.29271215413236695 7 14483 14478.5 18355.866232602544 0.9804253262445626 0
332 0.29271215413236695 7 14104 14124.333333333334 18716.532923605475 1.0265527509926262 0
333 0.29271215413236695 7 14030 14138.333333333334 18258.69736901693 1.0067236873366596 0
334 0.29271215413236695 7 14404 14421.833333333334 18276.795339174783 0.9815560492455799 0
335 0.29271215413236695 7 14359 14481.166666666666 18643.27923487131 1.0043758850430624 0
336 0.29271215413236695 7 13982 13952.0 18719.980156016492 1.0357006627568779 0
337 0.29271215413236695 7 13653 13514.666666666666 18035.919974454784 1.021899948729217 0
338 0.29271215413236695 7 14498 14563.666666666666 17470.57385904756 0.9321745528118821 0
339 0.29271215413236695 7 13827 13793.166666666666 18826.628908732415 1.0532774041127262 0
340 0.29271215413236695 7 13794 13692.333333333334 17830.594193973426 0.9999395872601614 0
341 0.29271215413236695 7 13600 13473.5 17700.245718431746 1.0067892156862746 0
342 0.29271215413236695 7 13270 13151.333333333334 17417.357208702448 1.0153353428786738 0
343 0.29271215413236695 7 13248 13180.5 17000.888443046137 0.9927033011272142 0
344 0.29271215413236695 7 13906 13807.333333333334 17038.592547541662 0.9478282755645046 0
345 0.29271215413236695 7 13270 13177.166666666666 17848.90761615697 1.04049233860839 0
346 0.29271215413236695 7 13331 13253.833333333334 17034.28350702789 0.9884604805841022 0
347 0.29271215413236695 7 13062 12972.333333333334 17133.391438844705 1.0146863675802582 0
348 0.29271215413236695 7 12834 12761.333333333334 16769.49296745644 1.0107786608487872 0
349 0.29271215413236695 7 13044 13010.0 16496.730702934514 0.978329755698661 0
350 0.29271215413236695 7 13119 12987.833333333334 16818.185125262095 0.9916914398963336 0
351 0.29271215413236695 7 13186 13172.0 16789.530005845492 0.9849714343495627 0
352 0.29271215413236695 7 13368 13374.166666666666 17027.60449423154 0.9853381208856972 0
353 0.29271215413236695 7 13781 13900.833333333334 17288.947801391965 0.9704786783736061 0
354 0.29271215413236695 7 13194 13254.0 17969.776202568344 1.0535723308574605 0
355 0.29271215413236695 7 13076 13081.333333333334 17133.606890870393 1.0136127256041603 0
356 0.29271215413236695 7 13352 13390.833333333334 16910.39859225687 0.9797283802676253 0
357 0.29271215413236695 7 13064 13043.666666666666 17310.493003960837 1.025017860787916 0
358 0.29271215413236695 7 13047 12993.5 16861.706434451215 0.9997445134258194 0
359 0.29271215413236695 7 13061 12941.0 16796.85537471891 0.9948319424240104 0
360 0.29271215413236695 7 13110 13096.0 16728.987986626962 0.9871090770404272 0
361 0.29271215413236695 7 13387 13438.833333333334 16929.35837051748 0.9782624934638082 0
362 0.29271215413236695 7 13526 13555.0 17372.54318735919 0.9935556212726108 0
363 0.29271215413236695 7 13368 13418.666666666666 17522.713249264234 1.013988629563136 0
364 0.29271215413236695 7 13520 13598.833333333334 17346.473492250854 0.9925049309664694 0
365 0.29271215413236695 7 13135 13147.333333333334 17579.37713202037 1.0353127775662987 0
366 0.29271215413236695 7 13347 13386.5 16995.717594429607 0.9850403336580006 0
367 0.29271215413236695 7 13927 14017.0 17304.89125129293 0.961190493286422 0
368 0.29271215413236695 7 13512 13509.666666666666 18119.946264473387 1.0373741859088217 0
369 0.29271215413236695 7 14113 14237.166666666666 17464.1102982769 0.9572498169536361 0
370 0.29271215413236695 7 14560 14733.333333333334 18404.558390408198 0.9778273809523809 0
371 0.29271215413236695 7 14342 14543.166666666666 19045.959070883542 1.0272858271742669 0
372 0.29271215413236695 7 14093 14217.333333333334 18800.1283095727 1.03194257196244 0
373 0.29271215413236695 7 13793 13770.666666666666 18378.91959935124 1.0307643973996472 0
374 0.29271215413236695 7 14886 15115.0 17801.508170505447 0.9250750145550629 0
375 0.29271215413236695 7 13847 13802.666666666666 19539.344209710725 1.0915721817000072 0
376 0.29271215413236695 7 14261 14211.166666666666 17842.874959437682 0.9678610663113854 0
377 0.29271215413236695 7 13523 13386.5 18370.947874400754 1.0508886095294436 0
378 0.29271215413236695 7 13192 13041.833333333334 17304.89125129293 1.0147437841115827 0
379 0.29271215413236695 7 13358 13285.5 16859.33646216864 0.9763312871188302 0
380 0.29271215413236695 7 13810 13630.666666666666 17174.32732372556 0.9620202751629254 0
381 0.29271215413236695 7 13671 13641.666666666666 17620.528468926917 0.9970497159437252 0
382 0.29271215413236695 7 13368 13219.166666666666 17634.74830262237 1.0204717733891882 0
383 0.29271215413236695 7 13739 13775.0 17088.57741750145 0.9621636703302036 0
384 0.29271215413236695 7 13453 13496.5 17807.109923173353 1.023935181743849 0
385 0.29271215413236695 7 13049 12997.5 17447.08958824749 1.034293815618055 0
386 0.29271215413236695 7 13230 13133.333333333334 16802.02622333544 0.9824263038548753 0
387 0.29271215413236695 7 13836 13863.5 16977.619624271752 0.9492146092319553 0
388 0.29271215413236695 7 13276 13260.666666666666 17921.51494881407 1.0442527869840312 0
389 0.29271215413236695 7 13312 13240.833333333334 17142.22497189794 0.9961438301282051 0
390 0.29271215413236695 7 13245 13210.333333333334 17116.586180840983 0.9996854158802064 0
391 0.29271215413236695 7 13003 12995.333333333334 17077.158460139945 1.0159450383244892 0
392 0.29271215413236695 7 12942 12894.0 16799.225347001488 1.0041209498789472 0
393 0.29271215413236695 7 12871 12710.166666666666 16668.23051538274 1.0017869629399425 0
394 0.29271215413236695 7 13290 13292.333333333334 16430.58693104807 0.9563707047905693 0
395 0.29271215413236695 7 13208 13190.666666666666 17183.1608567788 1.0063850191802948 0
396 0.29271215413236695 7 13000 12959.166666666666 17051.735121108675 1.0146666666666666 0
397 0.29271215413236695 7 12966 12959.833333333334 16752.47225742703 0.9994729806159699 0
398 0.29271215413236695 7 12936 12935.0 16753.334065529787 1.001842403628118 0
399 0.29271215413236695 7 12802 12790.5 16721.231713702167 1.0103890017184816 0
400 0.29271215413236695 7 13356 13367.0 16534.43480743004 0.957659478885894 0
401 0.29271215413236695 7 13256 13264.0 17279.68336428735 1.0083735666867832 0
402 0.29271215413236695 7 12934 12923.0 17146.534012411714 1.0255141487552188 0
403 0.29271215413236695 7 12854 12835.333333333334 16705.719167852578 1.0053679788392718 0
404 0.29271215413236695 7 13431 13513.5 16592.39140234031 0.9556498647407738 0
405 0.29271215413236695 7 13589 13720.166666666666 17469.065694867742 0.9944440356170432 0
406 0.29271215413236695 7 13388 13393.333333333334 17736.226206721763 1.0248107758191414 0
407 0.29271215413236695 7 13072 13041.333333333334 17313.72478434617 1.0245818033455734 0
408 0.29271215413236695 7 13024 13039.0 16858.690106091577 1.0013308763308764 0
409 0.29271215413236695 7 12907 12915.833333333334 16855.673777731932 1.0102270085999845 0
410 0.29271215413236695 7 13505 13517.333333333334 16696.454730747962 0.9563741824015797 0
411 0.29271215413236695 7 13310 13263.5 17474.021091458584 1.0155772602053594 0
412 0.29271215413236695 7 13364 13360.0 17145.88765633465 0.9924797964681233 0
413 0.29271215413236695 7 13163 13178.166666666666 17270.634379208423 1.0149661931170706 0
414 0.29271215413236695 7 13376 13434.666666666666 17035.57621918202 0.9852098285486443 0
415 0.29271215413236695 7 13227 13280.333333333334 17367.156886716974 1.0157002091681158 0
416 0.29271215413236695 7 12976 12887.833333333334 17167.648310929213 1.0234535552815454 0
417 0.29271215413236695 7 13234 13221.333333333334 16660.258790432257 0.973842627575437 0
418 0.29271215413236695 7 13065 13015.166666666666 17091.3782938354 1.011965811965812 0
419 0.29271215413236695 7 13160 13159.5 16824.864138058445 0.9889944275582573 0
420 0.29271215413236695 7 12922 12846.333333333334 17011.445592304884 1.0183795078161275 0
421 0.29271215413236695 7 12843 12779.0 16606.611236035766 1.0002595447584937 0
422 0.29271215413236695 7 12882 12866.333333333334 16519.56861765752 0.9920043471510634 0
423 0.29271215413236695 7 12808 12737.0 16632.46547911841 1.0045544451384552 0
424 0.29271215413236695 7 12836 12797.833333333334 16465.27470718396 0.9922873169211592 0
425 0.29271215413236695 7 12951 12916.166666666666 16543.914696560343 0.98817337142563 0
426 0.29271215413236695 7 12979 12988.5 16696.88563479934 0.995158846341526 0
427 0.29271215413236695 7 12964 12984.166666666666 16790.39181394825 1.001889848812095 0
428 0.29271215413236695 7 13003 13023.166666666666 16784.79006128034 0.9985516162936757 0
429 0.29271215413236695 7 12886 12899.0 16835.2058352915 1.0106446272440375 0
430 0.29271215413236695 7 12926 12941.0 16674.694076153402 0.9979111867553767 0
431 0.29271215413236695 7 13078 13099.166666666666 16728.987986626962 0.9895243921088851 0
432 0.29271215413236695 7 14369 14600.666666666666 16933.451959005564 0.9116268819449277 0
433 0.29271215413236695 7 13164 13197.333333333334 18874.459258435312 1.1091360275498834 0
434 0.29271215413236695 7 13050 13057.833333333334 17060.353202136226 1.0112899106002555 0
435 0.29271215413236695 7 12986 13002.666666666666 16880.01985663476 1.0055315981313209 0
436 0.29271215413236695 7 13381 13456.833333333334 16808.70523613179 0.9717260792666218 0
437 0.29271215413236695 7 12956 12935.666666666666 17395.812006133576 1.0386564783369354 0
438 0.29271215413236695 7 13489 13342.333333333334 16722.09352180492 0.9589789210962018 0
439 0.29271215413236695 7 13454 13502.333333333334 17247.79646448542 0.9917001139685844 0
440 0.29271215413236695 7 12978 12966.0 17454.630409146597 1.0404017054502492 0
441 0.29271215413236695 7 13162 13191.333333333334 16761.30579048027 0.985108646102416 0
442 0.29271215413236695 7 12788 12689.166666666666 17052.59692921143 1.031539985402982 0
443 0.29271215413236695 7 12667 12618.833333333334 16403.439975811292 1.0017499539485804 0
444 0.29271215413236695 7 19398 12618.833333333334 16312.519220970651 0.650522390624463 1
445 0.29271215413236695 7 22559 12618.833333333334 16312.519220970651 0.5593702439528939 1
446 0.29271215413236695 7 12996 12618.833333333334 16312.519220970651 0.970978249717862 0
447 0.29271215413236695 7 13098 13038.666666666666 16312.519220970651 0.9634168066371457 0
448 0.29271215413236695 7 13193 13228.833333333334 16855.242873680556 0.9883018772581419 0
449 0.29271215413236695 7 12770 12704.666666666666 17101.073634991393 1.035930566431741 0
450 0.29271215413236695 7 12933 12957.166666666666 16423.477014200344 0.9823449057965411 0
451 0.29271215413236695 7 12784 12803.5 16749.886833118766 1.0135455778055902 0
452 0.29271215413236695 7 12792 12758.0 16551.24006543376 1.0008989993746091 0
453 0.29271215413236695 7 13827 13948.5 16492.421662420737 0.9226874954798583 0
454 0.29271215413236695 7 12486 12368.166666666666 18031.39548191532 1.117131186929361 0
455 0.29271215413236695 7 12620 12595.0 15988.479374334802 0.9800449022715266 0
456 0.29271215413236695 7 12720 12684.5 16281.709581297162 0.9901729559748428 0
457 0.29271215413236695 7 12527 12484.166666666666 16397.40731909201 1.0125728426598548 0
458 0.29271215413236695 7 12749 12741.833333333334 16138.433984214156 0.9792271289251444 0
459 0.29271215413236695 7 12728 12544.833333333334 16471.522815928933 1.0010868426566102 0
460 0.29271215413236695 7 12324 12297.0 16216.858521564856 1.017918965703776 0
461 0.29271215413236695 7 12957 13013.166666666666 15896.481359365716 0.9490622829358648 0
462 0.29271215413236695 7 12750 12755.0 16822.27871375018 1.0206405228758169 0
463 0.29271215413236695 7 12547 12550.333333333334 16488.54352595834 1.0165776679684386 0
464 0.29271215413236695 7 12601 12576.333333333334 16223.968438412583 0.9959791550935111 0
465 0.29271215413236695 7 12503 12465.5 16257.578954420025 1.0058652590045056 0
466 0.29271215413236695 7 12770 12844.333333333334 16114.30335733702 0.9761550509005481 0
467 0.29271215413236695 7 12588 12526.5 16604.0258117275 1.0203633089715074 0
468 0.29271215413236695 7 12598 12572.666666666666 16193.158798739094 0.9943244959517383 0
469 0.29271215413236695 7 12677 12698.666666666666 16252.839009854872 0.9917698719465698 0
470 0.29271215413236695 7 13160 13253.166666666666 16415.72074127555 0.9649442755825735 0
471 0.29271215413236695 7 12743 12783.0 17132.52963074195 1.040035051923932 0
472 0.29271215413236695 7 12976 13010.333333333334 16524.739466274048 0.9851263871763255 0
473 0.29271215413236695 7 12985 13051.166666666666 16818.61602931347 1.001950969066872 0
474 0.29271215413236695 7 13044 13118.333333333334 16871.40177560721 1.0005494224675457 0
475 0.29271215413236695 7 13105 13176.333333333334 16958.22894195977 1.0010174233753022 0
476 0.29271215413236695 7 12815 12757.5 17033.206246899445 1.0281961243334634 0
477 0.29271215413236695 7 12773 12778.0 16491.775306343672 0.9987865027793 0
478 0.29271215413236695 7 13030 13039.0 16518.275905503386 0.9806600153491941 0
479 0.29271215413236695 7 13245 13288.333333333334 16855.673777731932 0.9844469611174028 0
480 0.29271215413236695 7 14024 14187.333333333334 17177.99000816227 0.9475423084236547 0
481 0.29271215413236695 7 13327 13364.0 18340.138234727267 1.0645556639403717 0
482 0.29271215413236695 7 13083 13127.666666666666 17275.805227824952 1.0214782542230376 0
483 0.29271215413236695 7 12678 12662.166666666666 16970.294255398334 1.0354682652363674 0
484 0.29271215413236695 7 13137 13154.833333333334 16368.536747649718 0.9638552688335743 0
485 0.29271215413236695 7 13168 13155.166666666666 17005.4129355856 0.9990001012555692 0
486 0.29271215413236695 7 13307 13187.5 17005.843839636975 0.9885899651812329 0
487 0.29271215413236695 7 13274 13265.166666666666 17047.64153262059 0.9934835015820401 0
488 0.29271215413236695 7 13063 13059.666666666666 17148.042176591534 1.0154762816096352 0
489 0.29271215413236695 7 13021 13078.166666666666 16882.389828917334 1.0029695619896064 0
490 0.29271215413236695 7 12710 12638.833333333334 16906.305003768783 1.0289666928927352 0
491 0.29271215413236695 7 12797 12735.166666666666 16338.373464053298 0.9876403323695658 0
492 0.29271215413236695 7 12744 12650.166666666666 16462.90473490138 0.9993068633605356 0
493 0.29271215413236695 7 12521 12395.5 16353.02420180013 1.0103160024492186 0
494 0.29271215413236695 7 12651 12582.333333333334 16023.813506547755 0.9798039680657655 0
495 0.29271215413236695 7 12906 12886.833333333334 16265.33522734482 0.9749212252699003 0
496 0.29271215413236695 7 12735 12739.166666666666 16658.966078278125 1.0119225232299438 0
497 0.29271215413236695 7 13333 13422.333333333334 16468.07558351791 0.9554613865346633 0
498 0.29271215413236695 7 12904 12930.666666666666 17351.213436816008 1.0401684232279398 0
499 0.29271215413236695 7 12742 12778.833333333334 16715.629961034258 1.0148066760843404 0
500 0.29271215413236695 7 13239 13337.0 16519.35316563183 0.9652415842082736 0
501 0.29271215413236695 7 12665 12624.833333333334 17240.90199966338 1.0530596131069878 0
502 0.29271215413236695 7 12525 12490.0 16320.275493895444 1.0079707252162342 0
503 0.29271215413236695 7 12683 12574.666666666666 16145.974805113263 0.9847827800993456 0
504 0.29271215413236695 7 12710 12677.666666666666 16255.424434163137 0.9893522161028061 0
505 0.29271215413236695 7 12602 12578.666666666666 16388.57378603877 1.0060043379357773 0
506 0.29271215413236695 7 12678 12584.5 16260.595282779666 0.9921649050849239 0
507 0.29271215413236695 7 12656 12654.5 16268.136103678771 0.9943505056890013 0
508 0.29271215413236695 7 12627 12644.0 16358.625954468038 1.0021778728122277 0
509 0.29271215413236695 7 12478 12443.833333333334 16345.052476849647 1.0133034140086552 0
510 0.29271215413236695 7 12383 12328.5 16086.294593997487 1.004912649061886 0
511 0.29271215413236695 7 12265 12208.833333333334 15937.201792220885 1.0051773338768855 0
512 0.29271215413236695 7 12818 12841.333333333334 15782.50723777638 0.9524756852343059 0
513 0.29271215413236695 7 12438 12401.666666666666 16600.147675265103 1.032427507101892 0
514 0.29271215413236695 7 12250 12187.166666666666 16031.785231498237 1.0123809523809524 0
515 0.29271215413236695 7 12420 12410.333333333334 15754.498474436845 0.9812533548040794 0
516 0.29271215413236695 7 12334 12325.833333333334 16042.988736834051 1.0061888546565052 0
517 0.29271215413236695 7 12900 13005.833333333334 15933.754559809868 0.9554909560723515 0
518 0.29271215413236695 7 13458 13564.666666666666 16812.798824619877 0.9664016446227771 0
519 0.29271215413236695 7 12935 13017.833333333334 17535.20946675418 1.0486792939054246 0
520 0.29271215413236695 7 12653 12720.166666666666 16828.311370469466 1.0288337416686426 0
521 0.29271215413236695 7 12937 13023.166666666666 16443.514052589395 0.9832392878307695 0
522 0.29271215413236695 7 12718 12782.0 16835.2058352915 1.0239948629239397 0
523 0.29271215413236695 7 13012 13030.666666666666 16523.446754119916 0.9823240086074393 0
524 0.29271215413236695 7 12819 12712.5 16844.901176447496 1.0165119484099123 0
525 0.29271215413236695 7 12818 12798.5 16433.603259407715 0.9917693867998127 0
526 0.29271215413236695 7 13032 13095.166666666666 16544.7765046631 0.9820825659914058 0
527 0.29271215413236695 7 13360 13430.5 16928.281110389034 0.9801771457085828 0
528 0.29271215413236695 7 13536 13672.333333333334 17361.770586074756 0.9922059692671394 0
529 0.29271215413236695 7 13147 13169.5 17674.3914753491 1.039958418904186 0
530 0.29271215413236695 7 13421 13521.333333333334 17024.372713846205 0.9812607108263169 0
531 0.29271215413236695 7 13350 13438.666666666666 17479.19194007511 1.0128339575530587 0
532 0.29271215413236695 7 12971 12960.833333333334 17372.3277353335 1.0360547888880323 0
533 0.29271215413236695 7 13326 13320.333333333334 16754.62677768392 0.9725974285857222 0
534 0.29271215413236695 7 12998 12908.333333333334 17219.356797094508 1.0247986869774837 0
535 0.29271215413236695 7 13311 13338.333333333334 16686.75938959197 0.9697493301279644 0
536 0.29271215413236695 7 13573 13598.333333333334 17242.62561586889 0.9827107738402221 0
537 0.29271215413236695 7 13447 13463.166666666666 17578.730775943302 1.0112540591457821 0
538 0.29271215413236695 7 13314 13371.166666666666 17403.999183109743 1.0112037454308747 0
539 0.29271215413236695 7 13228 13211.666666666666 17285.069664929568 1.010823001713537 0
540 0.29271215413236695 7 13358 13418.0 17078.882076345453 0.9890452662574237 0
541 0.29271215413236695 7 12955 12895.666666666666 17345.611684148098 1.0357390968737938 0
542 0.29271215413236695 7 13139 13066.666666666666 16670.385035639625 0.9814800720501307 0
543 0.29271215413236695 7 13187 13143.666666666666 16891.43881399626 0.9908748514951593 0
544 0.29271215413236695 7 14089 14218.166666666666 16990.977649864453 0.9329027373601154 0
545 0.29271215413236695 7 12887 12830.166666666666 18379.99685947968 1.103295310519645 0
546 0.29271215413236695 7 13404 13411.666666666666 16585.712389543954 0.9571893962001392 0
547 0.29271215413236695 7 12934 12930.5 17337.424507171927 1.0369310860264935 0
548 0.29271215413236695 7 12983 12957.0 16715.41450900857 0.9959562504813988 0
549 0.29271215413236695 7 12742 12667.833333333334 16749.671381093078 1.0168733322869252 0
550 0.29271215413236695 7 12886 12685.5 16375.862116523136 0.9830694810905893 0
551 0.29271215413236695 7 13045 13071.333333333334 16398.700031246142 0.9724415484860099 0
552 0.29271215413236695 7 12647 12520.833333333334 16897.471470715547 1.0335520940407474 0
553 0.29271215413236695 7 13189 13231.5 16185.83342986568 0.9493390957110724 0
554 0.29271215413236695 7 13101 13120.666666666666 17104.520867402414 1.009961071673918 0
555 0.29271215413236695 7 13507 13634.5 16961.24527031941 0.9713975469509637 0
556 0.29271215413236695 7 13589 13706.166666666666 17625.483865517755 1.003348296416219 0
557 0.29271215413236695 7 13030 13027.5 17718.12823656391 1.0518930672806344 0
558 0.29271215413236695 7 13531 13678.333333333334 16840.80758795941 0.9627891508388146 0
559 0.29271215413236695 7 13300 13318.5 17682.147748273892 1.0284461152882205 0
560 0.29271215413236695 7 13116 13118.5 17216.98682481193 1.0154391582799633 0
561 0.29271215413236695 7 12929 12832.666666666666 16958.444393985457 1.0146569726970376 0
562 0.29271215413236695 7 13225 13164.333333333334 16588.944169929287 0.970333963453056 0
563 0.29271215413236695 7 13253 13290.166666666666 17017.693701049855 0.9933096908875978 0
564 0.29271215413236695 7 13180 13121.5 17180.359980444846 1.0083586241780476 0
565 0.29271215413236695 7 12934 12873.0 16962.322530447855 1.0144966754291016 0
566 0.29271215413236695 7 12829 12781.166666666666 16641.08356014596 1.0034297295190584 0
567 0.29271215413236695 7 12773 12747.0 16522.36949399147 1.0006393695033795 0
568 0.29271215413236695 7 13351 13372.0 16478.201828725283 0.9547599430754251 0
569 0.29271215413236695 7 13137 13117.666666666666 17286.146925058012 1.0178884067899825 0
570 0.29271215413236695 7 13790 13891.666666666666 16957.367133857013 0.9512448634276045 0
571 0.29271215413236695 7 12929 12928.166666666666 17957.926341155464 1.0744579369376337 0
572 0.29271215413236695 7 13400 13495.166666666666 16712.39818064893 0.9647885572139303 0
573 0.29271215413236695 7 13462 13576.833333333334 17445.36597204198 1.0024637250532362 0
574 0.29271215413236695 7 14111 14237.666666666666 17550.937464629456 0.9621453712233955 0
575 0.29271215413236695 7 13847 13965.333333333334 18405.204746485262 1.0282130906814952 0
576 0.29271215413236695 7 13936 13960.333333333334 18053.156136509882 1.0021048603138156 0
577 0.29271215413236695 7 14085 14277.666666666666 18046.69257573922 0.9911489764524909 0
578 0.29271215413236695 7 14114 14233.0 18456.913232650557 1.011596051202116 0
579 0.29271215413236695 7 13987 14074.5 18399.17208976598 1.0175877600629155 0
580 0.29271215413236695 7 13950 13923.166666666666 18194.277213335998 1.0089247311827958 0
581 0.29271215413236695 7 14041 14073.333333333334 17998.646774010635 0.9916079101678418 0
582 0.29271215413236695 7 13927 13925.5 18192.769049156177 1.0105071683301023 0
583 0.29271215413236695 7 13472 13369.833333333334 18001.663102370276 1.033662410926366 0
584 0.29271215413236695 7 13859 13816.5 17283.34604872406 0.9647040431007529 0
585 0.29271215413236695 7 14089 14106.0 17860.75747756985 0.9806586698843069 0
586 0.29271215413236695 7 13507 13433.166666666666 18234.99764619117 1.0443473754349597 0
587 0.29271215413236695 7 14033 14031.666666666666 17365.217818485773 0.9572555167581177 0
588 0.29271215413236695 7 13716 13680.833333333334 18138.906042733994 1.0230144843005735 0
589 0.29271215413236695 7 14682 14883.666666666666 17685.379528659225 0.9318099259864687 0
590 0.29271215413236695 7 13432 13360.833333333334 19240.296798054773 1.1080752432003176 0
591 0.29271215413236695 7 13779 13727.333333333334 17271.711639336867 0.9696518857198152 0
592 0.29271215413236695 7 13754 13795.166666666666 17745.49064382638 0.9980611700838544 0
593 0.29271215413236695 7 13608 13537.166666666666 17833.17961828169 1.013754164217127 0
594 0.29271215413236695 7 13734 13737.0 17499.659882515538 0.9856681714479879 0
595 0.29271215413236695 7 13595 13413.833333333334 17757.986861316323 1.0104450165502024 0
596 0.29271215413236695 7 13584 13609.333333333334 17340.225383505884 0.9874730074597566 0
597 0.29271215413236695 7 13754 13749.833333333334 17592.95060963876 0.9894818477049101 0
598 0.29271215413236695 7 13854 13870.666666666666 17774.576667294357 0.9924811125547376 0
599 0.29271215413236695 7 14004 14070.0 17930.779385918682 0.990478910787394 0
600 0.29271215413236695 7 13590 13566.0 18188.460008642403 1.0353200883002207 0
601 0.29271215413236695 7 13577 13574.0 17536.93308295969 0.9991898062900494 0
602 0.29271215413236695 7 13506 13493.0 17547.27478019275 1.0050347993484376 0
603 0.29271215413236695 7 13421 13365.5 17442.56509570803 1.0053647269204977 0
604 0.29271215413236695 7 13410 13336.0 17277.74429605615 0.9966815809097689 0
605 0.29271215413236695 7 13699 13648.166666666666 17239.609287509247 0.9735017154536828 0
606 0.29271215413236695 7 13356 13317.0 17643.150931624234 1.0218753119696515 0
607 0.29271215413236695 7 13158 13088.166666666666 17215.04775658073 1.0120839033287734 0
608 0.29271215413236695 7 13935 14006.5 16919.232125310107 0.9392297572060758 0
609 0.29271215413236695 7 13297 13276.333333333334 18106.372786854998 1.0533579002782583 0
610 0.29271215413236695 7 13467 13476.5 17162.477462312683 0.9858419346055791 0
611 0.29271215413236695 7 13276 13205.5 17421.235345164845 1.0151024404941247 0
612 0.29271215413236695 7 12898 12821.666666666666 17070.91035139497 1.0238409055667546 0
613 0.29271215413236695 7 13023 13000.5 16574.72433623383 0.9845401725152934 0
614 0.29271215413236695 7 13849 13834.666666666666 16805.904359797838 0.938732038414326 0
615 0.29271215413236695 7 13762 13839.5 17884.241748369917 1.0052802402751537 0
616 0.29271215413236695 7 12888 12791.5 17890.48985711489 1.0738283674736189 0
617 0.29271215413236695 7 13511 13550.166666666666 16535.727519584172 0.9467470949596625 0
618 0.29271215413236695 7 13177 13223.5 17516.46514051926 1.0283195466848802 0
619 0.29271215413236695 7 13283 13326.333333333334 17094.179170169355 0.9955205902281111 0
620 0.29271215413236695 7 13352 13269.166666666666 17227.1130700193 0.9980776912322749 0
621 0.29271215413236695 7 14114 14172.666666666666 17153.213025208064 0.9401421756175901 0
622 0.29271215413236695 7 13370 13450.333333333334 18321.17845646666 1.0600349040139616 0
623 0.29271215413236695 7 13348 13320.833333333334 17387.409377131713 1.0076665667765459 0
624 0.29271215413236695 7 13626 13700.833333333334 17220.003153171572 0.9776040902196781 0
625 0.29271215413236695 7 13523 13563.0 17711.23377174187 1.0131504350612537 0
626 0.29271215413236695 7 14129 14258.5 17533.054946497294 0.9599405478094699 0
627 0.29271215413236695 7 13571 13480.5 18432.136249696356 1.050659494510353 0
628 0.29271215413236695 7 13622 13664.0 17426.40619378137 0.9896123917192776 0
629 0.29271215413236695 7 13790 13863.666666666666 17663.61887406466 0.9908629441624366 0
630 0.29271215413236695 7 13614 13612.0 17921.73040083976 1.0183389647911463 0
631 0.29271215413236695 7 13331 13299.0 17596.39784204978 1.0210786887705348 0
632 0.29271215413236695 7 13098 12926.166666666666 17191.77893780635 1.0153458543289051 0
633 0.29271215413236695 7 13410 13383.166666666666 16709.812756340663 0.963919960228685 0
634 0.29271215413236695 7 13301 13247.5 17300.582210779154 1.0061774803899455 0
635 0.29271215413236695 7 12875 12722.5 17125.20426186853 1.0289320388349514 0
636 0.29271215413236695 7 13014 12914.0 16446.53038094904 0.9776010450284309 0
637 0.29271215413236695 7 13143 13111.666666666666 16694.084758465386 0.9825762763448224 0
638 0.29271215413236695 7 13470 13532.0 16949.61086093222 0.973397673843108 0
639 0.29271215413236695 7 12847 12753.166666666666 17492.98086971919 1.0533198412080642 0
640 0.29271215413236695 7 13272 13267.166666666666 16486.173553675762 0.9609076753064094 0
641 0.29271215413236695 7 13259 13323.0 17150.6276008998 1.0006159338311085 0
642 0.29271215413236695 7 13230 13266.0 17222.804029505525 1.0070294784580498 0
643 0.29271215413236695 7 12755 12690.333333333334 17149.11943671998 1.040062720501764 0
644 0.29271215413236695 7 13170 13120.0 16404.948139991116 0.9635788407997976 0
645 0.29271215413236695 7 12745 12728.0 16960.383462216654 1.0294233032561788 0
646 0.29271215413236695 7 12942 12887.0 16453.640297796766 0.9834646886107248 0
647 0.29271215413236695 7 13224 13218.166666666666 16659.181530303813 0.9745160314579552 0
648 0.29271215413236695 7 13185 13177.5 17087.284705347316 1.0025154847680444 0
649 0.29271215413236695 7 13073 13126.0 17034.714411079265 1.0079935745429511 0
650 0.29271215413236695 7 12805 12744.166666666666 16968.13973514145 1.0250683326825458 0
651 0.29271215413236695 7 12718 12713.5 16474.539144288574 1.0020574513812444 0
652 0.29271215413236695 7 13127 13157.833333333334 16434.895971561848 0.968500038089434 0
653 0.29271215413236695 7 12956 12911.333333333334 17009.291072047996 1.0155783678089947 0
654 0.29271215413236695 7 12793 12727.666666666666 16690.63752605437 1.009249850178483 0
655 0.29271215413236695 7 12803 12758.0 16453.20939374539 0.9941159624046447 0
656 0.29271215413236695 7 13054 13095.5 16492.421662420737 0.9773249578673203 0
657 0.29271215413236695 7 13037 13090.166666666666 16928.71201444041 1.0044872286568995 0
658 0.29271215413236695 7 13068 13058.166666666666 16921.817549618372 1.0016962554841342 0
659 0.29271215413236695 7 13031 13043.5 16880.450760686137 1.0020847722098585 0
660 0.29271215413236695 7 13362 13456.833333333334 16861.49098242553 0.9761637479419248 0
661 0.29271215413236695 7 13208 13275.5 17395.812006133576 1.0188395921663638 0
662 0.29271215413236695 7 13829 13958.166666666666 17161.40020218424 0.9599754139851038 0
663 0.29271215413236695 7 12993 12985.666666666666 18043.891699405267 1.0742835885989892 0
664 0.29271215413236695 7 12839 12800.833333333334 16786.72912951154 1.0114235272736714 0
665 0.29271215413236695 7 13356 13410.166666666666 16547.79283302274 0.9584331636218429 0
666 0.29271215413236695 7 13105 13062.166666666666 17335.48543894073 1.0232862775022256 0
667 0.29271215413236695 7 14225 14394.5 16885.621609302663 0.9182542472173403 0
668 0.29271215413236695 7 13101 12979.666666666666 18607.945102658356 1.0987329211510573 0
669 0.29271215413236695 7 13248 13290.5 16778.972856586744 0.9797453703703703 0
670 0.29271215413236695 7 13154 13206.5 17180.790884496222 1.0103770716131975 0
671 0.29271215413236695 7 13202 13176.333333333334 17072.203063549103 1.0003408574458414 0
672 0.29271215413236695 7 13068 13061.833333333334 17033.206246899445 1.0082899704111825 0
673 0.29271215413236695 7 12961 12750.333333333334 16885.19070525129 1.007779749504925 0
674 0.29271215413236695 7 12687 12618.0 16482.510869239057 1.00499198654791 0
675 0.29271215413236695 7 12362 12214.333333333334 16311.441960842207 1.0207086232001295 0
676 0.29271215413236695 7 12959 12926.5 15789.617154624108 0.9425367183681869 0
677 0.29271215413236695 7 12249 12090.166666666666 16710.24366039204 1.0553106376030696 0
678 0.29271215413236695 7 12447 12343.5 15629.105395486004 0.9713317800808762 0
679 0.29271215413236695 7 12351 12249.333333333334 15956.592474532872 0.9993927617196988 0
680 0.29271215413236695 7 12313 12250.666666666666 15834.862080018742 0.9948293131920193 0
681 0.29271215413236695 7 12767 12834.5 15836.585696224249 0.9595571917182318 0
682 0.29271215413236695 7 12181 12051.333333333334 16591.314142211864 1.0536491256875462 0
683 0.29271215413236695 7 12142 12124.166666666666 15578.905073500533 0.9925328062373031 0
684 0.29271215413236695 7 12292 12266.166666666666 15673.057608726505 0.9863461329862241 0
685 0.29271215413236695 7 12359 12360.333333333334 15856.622734613302 0.9924886047954257 0
686 0.29271215413236695 7 12288 12283.833333333334 15978.353129127434 1.0058865017361112 0
687 0.29271215413236695 7 13164 13230.166666666666 15879.460649336308 0.9331383571356224 0
688 0.29271215413236695 7 12940 13066.5 17102.797251196902 1.0224240082431735 0
689 0.29271215413236695 7 13280 13469.666666666666 16891.223361970573 0.9839231927710843 0
690 0.29271215413236695 7 13013 13133.166666666666 17412.401812111606 1.0350931120161888 0
691 0.29271215413236695 7 12953 13052.0 16977.404172246064 1.0139092616896985 0
692 0.29271215413236695 7 12942 13051.0 16872.479035735654 1.0084994591253285 0
693 0.29271215413236695 7 13141 13137.166666666666 16871.18632358152 0.9931512061486949 0
694 0.29271215413236695 7 13555 13657.5 16982.575020862594 0.9691749661871387 0
695 0.29271215413236695 7 13380 13396.666666666666 17655.216245062802 1.0207399103139014 0
696 0.29271215413236695 7 13197 13227.666666666666 17318.03382485994 1.015129701194716 0
697 0.29271215413236695 7 13373 13443.0 17099.565470811573 0.9891323313143398 0
698 0.29271215413236695 7 13474 13562.666666666666 17377.92948800141 0.9976992726732967 0
699 0.29271215413236695 7 13423 13470.0 17532.624042445914 1.010405026198813 0
700 0.29271215413236695 7 13407 13382.333333333334 17412.832716162982 1.0046990378160663 0
701 0.29271215413236695 7 13410 13415.0 17299.504950650713 0.9979368630375343 0
702 0.29271215413236695 7 13507 13558.666666666666 17341.733547685704 0.9931887169615755 0
703 0.29271215413236695 7 13241 13219.0 17527.453193829384 1.0239911386350478 0
704 0.29271215413236695 7 13507 13512.5 17088.36196547576 0.9786777226623232 0
705 0.29271215413236695 7 13021 12954.0 17467.77298271361 1.0377467168420245 0
706 0.29271215413236695 7 13414 13415.166666666666 16745.79324463068 0.9657074698076636 0
707 0.29271215413236695 7 13210 13176.666666666666 17341.948999711392 1.0155311632601565 0
708 0.29271215413236695 7 13315 13283.0 17033.63715095082 0.9896107147327575 0
709 0.29271215413236695 7 13584 13641.166666666666 17171.09554334023 0.977841578327444 0
710 0.29271215413236695 7 13931 14001.666666666666 17634.101946545306 0.9791950805158758 0
711 0.29271215413236695 7 14407 14638.0 18100.124678110024 0.9718655283311353 0
712 0.29271215413236695 7 13732 13785.0 18922.720512189586 1.0659772793475095 0
713 0.29271215413236695 7 13930 14050.0 17820.037044714678 0.9895908111988514 0
714 0.29271215413236695 7 13115 13081.666666666666 18162.605765559754 1.0712924132672512 0
715 0.29271215413236695 7 13379 13344.833333333334 16910.829496308248 0.9777761167999601 0
716 0.29271215413236695 7 13485 13410.666666666666 17251.028244870748 0.9896057347670252 0
717 0.29271215413236695 7 13110 12893.833333333334 17336.131795017795 1.022934146961607 0
718 0.29271215413236695 7 13268 13190.666666666666 16668.015063357052 0.9717993166515928 0
719 0.29271215413236695 7 13312 13209.0 17051.735121108675 0.9908854166666666 0
720 0.29271215413236695 7 13484 13545.5 17075.434843934436 0.979605458320973 0
721 0.29271215413236695 7 13251 13229.666666666666 17510.432483799977 1.022224737755641 0
722 0.29271215413236695 7 12966 12879.5 17102.150895119838 1.0203352357447684 0
723 0.29271215413236695 7 13082 13077.333333333334 16649.48618914782 0.9845207154869287 0
724 0.29271215413236695 7 13010 12967.0 16905.227743640342 1.0051755060210095 0
725 0.29271215413236695 7 13209 13191.833333333334 16762.598502634402 0.9816791581497464 0
726 0.29271215413236695 7 13259 13221.5 17053.243285288496 0.9949342584910879 0
727 0.29271215413236695 7 13049 13015.333333333334 17091.59374586109 1.0132194037857307 0
728 0.29271215413236695 7 13393 13464.166666666666 16825.079590084133 0.9718011896761991 0
729 0.29271215413236695 7 13657 13752.833333333334 17405.291895263876 0.9858802567669814 0
730 0.29271215413236695 7 13242 13280.666666666666 17778.454803756755 1.0385767507425867 0
731 0.29271215413236695 7 12930 12883.5 17168.079214980586 1.0271203918535705 0
732 0.29271215413236695 7 12912 12854.166666666666 16654.65703776435 0.997792750929368 0
733 0.29271215413236695 7 12884 12856.5 16616.737481243134 0.9976844665217841 0
734 0.29271215413236695 7 12969 12898.333333333334 16619.753809602775 0.991325468424705 0
735 0.29271215413236695 7 13089 12994.333333333334 16673.832268050646 0.985433060839891 0
736 0.29271215413236695 7 12701 12610.833333333334 16797.932634847355 1.0230952943337794 0
737 0.29271215413236695 7 12795 12772.5 16302.177523737591 0.9856063566497331 0
738 0.29271215413236695 7 12902 12900.333333333334 16511.165988655655 0.9899627964656642 0
739 0.29271215413236695 7 12877 12875.833333333334 16676.41769235891 1.0018120162563744 0
740 0.29271215413236695 7 12985 12987.666666666666 16644.746244582668 0.9915928635605186 0
741 0.29271215413236695 7 12900 12868.5 16789.314553819804 1.0067958656330749 0
742 0.29271215413236695 7 12936 12975.166666666666 16635.266355452364 0.9947820037105751 0
743 0.29271215413236695 7 13090 13139.166666666666 16773.15565189315 0.9912274000509295 0
744 0.29271215413236695 7 13142 13182.0 16985.16044517086 0.9997844062293917 0
745 0.29271215413236695 7 13631 13756.666666666666 17040.53161577286 0.9670603770816522 0
746 0.29271215413236695 7 13104 13123.833333333334 17783.410200347593 1.0498066748066748 0
747 0.29271215413236695 7 13055 13080.833333333334 16965.338858807496 1.0052725647899912 0
748 0.29271215413236695 7 13014 13027.0 16909.752236179804 1.0051354951078326 0
749 0.29271215413236695 7 13418 13472.666666666666 16840.161231882343 0.9708600387539127 0
750 0.29271215413236695 7 13134 13132.666666666666 17416.279948574003 1.0257854931221766 0
751 0.29271215413236695 7 13047 12949.666666666666 16976.757816168996 1.0065660049564396 0
752 0.29271215413236695 7 13069 13063.166666666666 16740.191491962774 0.9908689774785114 0
753 0.29271215413236695 7 12643 12574.333333333334 16886.914321456796 1.0332331461414748 0
754 0.29271215413236695 7 12931 12917.166666666666 16254.99353011176 0.9724177042249891 0
755 0.29271215413236695 7 12801 12698.166666666666 16698.17834695347 1.0090748118636563 0
756 0.29271215413236695 7 12909 12871.5 16415.074385198484 0.9836677253595683 0
757 0.29271215413236695 7 14208 14401.5 16639.14449191476 0.905933277027027 0
758 0.29271215413236695 7 13141 13153.0 18616.994087737283 1.0959211627730006 0
759 0.29271215413236695 7 13383 13506.333333333334 17003.04296330302 0.9828140177837555 0
760 0.29271215413236695 7 13225 13274.0 17459.801257763127 1.0212728418399497 0
761 0.29271215413236695 7 13906 14090.166666666666 17159.46113395304 0.9545519919459227 0
762 0.29271215413236695 7 13402 13484.166666666666 18214.529703750737 1.0513480575038552 0
763 0.29271215413236695 7 13352 13209.333333333334 17431.146138346525 1.009898641901338 0
764 0.29271215413236695 7 13331 13362.666666666666 17075.865747985812 0.990873402845498 0
765 0.29271215413236695 7 13333 13324.666666666666 17274.08161161944 1.0022250556263905 0
766 0.29271215413236695 7 13213 13211.0 17224.95854976241 1.0084512727364463 0
767 0.29271215413236695 7 12935 12773.166666666666 17078.0202682427 1.021337456513336 0
768 0.29271215413236695 7 13311 13295.833333333334 16512.02779675841 0.9595948213257205 0
769 0.29271215413236695 7 13261 13245.833333333334 17187.685349318264 1.0026267501193977 0
770 0.29271215413236695 7 13501 13529.333333333334 17123.049741611645 0.9811001654198455 0
771 0.29271215413236695 7 13201 13179.0 17489.53363730817 1.0248718531424388 0
772 0.29271215413236695 7 12688 12600.5 17036.653479310466 1.0386979823455234 0
773 0.29271215413236695 7 12793 12769.333333333334 16288.81949814489 0.9849527085124677 0
774 0.29271215413236695 7 12877 12804.666666666666 16507.072400167574 0.9916388392741581 0
775 0.29271215413236695 7 13011 12969.333333333334 16552.748229613582 0.9841416237542592 0
776 0.29271215413236695 7 12953 12861.666666666666 16765.614830994044 1.001260969144857 0
777 0.29271215413236695 7 12870 12814.833333333334 16626.432822399125 0.9993524993524993 0
778 0.29271215413236695 7 13076 13140.666666666666 16565.890803180595 0.9800270215152442 0
779 0.29271215413236695 7 12592 12558.5 16987.099513402056 1.04357263871241 0
780 0.29271215413236695 7 12658 12621.5 16234.52558767133 0.9921393585084531 0
781 0.29271215413236695 7 12668 12610.833333333334 16315.96645338167 0.9963293337543416 0
782 0.29271215413236695 7 13634 13747.5 16302.177523737591 0.9249547699379004 0
783 0.29271215413236695 7 12949 12962.166666666666 17771.560338934716 1.0616649934357865 0
784 0.29271215413236695 7 12657 12587.166666666666 16756.35039388943 1.024110505385689 0
785 0.29271215413236695 7 12706 12725.0 16271.58333608979 0.9906474631407733 0
786 0.29271215413236695 7 12612 12604.333333333334 16449.76216133437 1.0089597209007295 0
787 0.29271215413236695 7 13021 13079.833333333334 16293.77489473573 0.9680004095947572 0
788 0.29271215413236695 7 12477 12284.166666666666 16908.45952402567 1.048315567310518 0
789 0.29271215413236695 7 12451 12368.0 15879.891553387684 0.9866008085026637 0
790 0.29271215413236695 7 12946 12994.166666666666 15988.263922309114 0.9553530047891241 0
791 0.29271215413236695 7 12153 12060.833333333334 16797.717182821663 1.0692147343591432 0
792 0.29271215413236695 7 12522 12507.0 15591.18583896479 0.9631714848533248 0
793 0.29271215413236695 7 12568 12492.5 16167.950911733513 0.9951464035646085 0
794 0.29271215413236695 7 12224 12181.833333333334 16149.206585498594 1.0219649869109948 0
795 0.29271215413236695 7 12558 12575.833333333334 15747.604009614806 0.9700456548282635 0
796 0.29271215413236695 7 12542 12474.666666666666 16256.932598342959 1.0026976027215224 0
797 0.29271215413236695 7 12684 12772.5 16126.1532187499 0.9834962682644801 0
798 0.29271215413236695 7 12595 12607.166666666666 16511.165988655655 1.0140928940055578 0
799 0.29271215413236695 7 12641 12653.166666666666 16297.437579172438 0.9973235239828072 0
800 0.29271215413236695 7 12648 12718.666666666666 16356.902338262527 1.0004084967320261 0
801 0.29271215413236695 7 12600 12607.0 16441.574984358198 1.0094179894179893 0
802 0.29271215413236695 7 12627 12641.166666666666 16297.22212714675 0.998416092500198 0
803 0.29271215413236695 7 13462 13591.666666666666 16341.389792412938 0.9390259000643787 0
804 0.29271215413236695 7 13285 13400.0 17570.112694915755 1.0230836783339605 0
805 0.29271215413236695 7 13582 13738.833333333334 17322.342865373717 0.9865999116477691 0
806 0.29271215413236695 7 13404 13530.0 17760.3568335989 1.0249801054411618 0
807 0.29271215413236695 7 13110 13195.0 17490.395445410926 1.032036613272311 0
808 0.29271215413236695 7 13542 13694.5 17057.33687377658 0.9743760153596219 0
809 0.29271215413236695 7 13167 13117.833333333334 17703.0465947657 1.0400622769043821 0
810 0.29271215413236695 7 13284 13283.833333333334 16957.5825858827 0.9874912175047676 0
811 0.29271215413236695 7 13618 13624.0 17172.172803468675 0.9754613991286043 0
812 0.29271215413236695 7 13407 13407.5 17611.910387899366 1.0161855746997837 0
813 0.29271215413236695 7 13257 13281.5 17332.03820652971 1.0113524930225541 0
814 0.29271215413236695 7 12893 12784.833333333334 17169.15647510903 1.0301326301093616 0
815 0.29271215413236695 7 13088 13074.833333333334 16527.109438556625 0.9768362876935616 0
816 0.29271215413236695 7 13490 13524.333333333334 16901.99596325501 0.9692241166296022 0
817 0.29271215413236695 7 13459 13432.5 17483.070076537508 1.0048542487059464 0
818 0.29271215413236695 7 13636 13674.166666666666 17364.35601038302 0.9850762687004987 0
819 0.29271215413236695 7 13718 13794.833333333334 17676.761447631674 0.9968046848422996 0
820 0.29271215413236695 7 13732 13871.833333333334 17832.748714230314 1.004575686959899 0
821 0.29271215413236695 7 13073 13070.5 17932.287550098506 1.0611055865779342 0
822 0.29271215413236695 7 13648 13674.333333333334 16896.394210587103 0.9576861078546307 0
823 0.29271215413236695 7 13223 13183.666666666666 17676.976899657366 1.034132445990572 0
824 0.29271215413236695 7 13492 13468.0 17042.686136029748 0.9771469512797707 0
825 0.29271215413236695 7 13427 13378.5 17410.247291854717 1.0030535488195427 0
826 0.29271215413236695 7 13064 12952.666666666666 17294.54955405987 1.0240737905695039 0
827 0.29271215413236695 7 13493 13563.0 16744.06962842517 0.9599545443316287 0
828 0.29271215413236695 7 13822 13851.0 17533.054946497294 0.9812617566198814 0
829 0.29271215413236695 7 13908 14022.166666666666 17905.356046887413 0.9959016393442623 0
830 0.29271215413236695 7 13866 13928.333333333334 18126.625277269737 1.0112625607000336 0
831 0.29271215413236695 7 13665 13704.666666666666 18005.325786806985 1.0192706427613123 0
832 0.29271215413236695 7 13388 13442.0 17716.189168332712 1.02365302260731 0
833 0.29271215413236695 7 13534 13540.833333333334 17376.636775847277 0.9932023053051574 0
834 0.29271215413236695 7 14326 14410.0 17504.39982708069 0.9451928893852669 0
835 0.29271215413236695 7 13665 13624.5 18627.982141047407 1.0545188437614343 0
836 0.29271215413236695 7 13860 13859.0 17612.556743976435 0.983008658008658 0
837 0.29271215413236695 7 13721 13730.333333333334 17915.697744120473 1.0100575759784272 0
838 0.29271215413236695 7 13531 13554.833333333334 17749.368780288776 1.014731603971128 0
839 0.29271215413236695 7 14103 14197.833333333334 17522.497797238546 0.9611312013992295 0
840 0.29271215413236695 7 14065 14021.5 18353.71171234566 1.0094442469486906 0
841 0.29271215413236695 7 14024 14083.833333333334 18125.763469166985 0.9998217341699943 0
842 0.29271215413236695 7 13788 13776.0 18206.34252677457 1.0214558553331399 0
843 0.29271215413236695 7 14132 14200.5 17808.402635327486 0.9748089442400226 0
844 0.29271215413236695 7 14178 14285.833333333334 18357.158944756677 1.0015869657215404 0
845 0.29271215413236695 7 14098 14097.166666666666 18467.470381909305 1.0133234028467395 0
846 0.29271215413236695 7 14264 14297.166666666666 18223.578688829664 0.9883038885773041 0
847 0.29271215413236695 7 14040 14042.666666666666 18482.121119656138 1.0183167141500475 0
848 0.29271215413236695 7 14329 14419.166666666666 18153.12587642945 0.9800172145067113 0
849 0.29271215413236695 7 14155 14158.833333333334 18639.832002460287 1.0186624278817848 0
850 0.29271215413236695 7 14254 14266.666666666666 18303.295938334497 0.9933235115289276 0
851 0.29271215413236695 7 14224 14245.0 18442.6933989551 1.0029996250468691 0
852 0.29271215413236695 7 14337 14349.166666666666 18414.684635615566 0.9935830368975378 0
853 0.29271215413236695 7 13696 13638.666666666666 18549.342151671022 1.0476903232087227 0
854 0.29271215413236695 7 13713 13610.333333333334 17630.870166159973 0.9945793529254479 0
855 0.29271215413236695 7 14375 14411.666666666666 17594.243321792892 0.9468057971014493 0
856 0.29271215413236695 7 14079 14049.833333333334 18630.136661304296 1.0236285721050264 0
857 0.29271215413236695 7 14298 14310.333333333334 18162.390313534066 0.9826432601296219 0
858 0.29271215413236695 7 14479 14502.666666666666 18499.141829685548 0.9883509450468495 0
859 0.29271215413236695 7 14592 14741.333333333334 18747.77346733034 0.9938779239766081 0
860 0.29271215413236695 7 14996 15209.833333333334 19056.3007681166 0.9830176936071842 0
861 0.29271215413236695 7 14262 14243.166666666666 19661.936412327614 1.0664586547001356 0
862 0.29271215413236695 7 14530 14605.166666666666 18412.31466333299 0.9802592337692131 0
863 0.29271215413236695 7 14323 14327.166666666666 18880.276463128906 1.0197002490167328 0
864 0.29271215413236695 7 14399 14385.666666666666 18520.90248428011 0.9950112276315485 0
865 0.29271215413236695 7 14585 14583.833333333334 18596.52614529685 0.9863329905153696 0
866 0.29271215413236695 7 14478 14391.666666666666 18852.698603840752 1.0073099415204678 0
867 0.29271215413236695 7 14184 14171.0 18604.282418221646 1.0146409099454785 0
868 0.29271215413236695 7 14332 14299.0 18319.02393620977 0.9887663968741278 0
869 0.29271215413236695 7 14242 14228.5 18484.491091938715 1.0040022468754388 0
870 0.29271215413236695 7 14299 14282.333333333334 18393.354885072382 0.9950695852856843 0
871 0.29271215413236695 7 14382 14348.166666666666 18462.945889369843 0.9930700412552729 0
872 0.29271215413236695 7 14690 14725.333333333334 18548.04943951689 0.9767302019514409 0
873 0.29271215413236695 7 13848 13792.0 19035.617373650482 1.0633545156942037 0
874 0.29271215413236695 7 13948 13884.0 17829.086029793605 0.9888156008029825 0
875 0.29271215413236695 7 13804 13731.0 17948.015547973784 1.0057954216169227 0
876 0.29271215413236695 7 13746 13653.833333333334 17750.230588391532 0.9989087734613706 0
877 0.29271215413236695 7 14276 14258.333333333334 17650.476300497652 0.956418698048006 0
878 0.29271215413236695 7 13933 13806.833333333334 18431.920797670668 1.0233498409052848 0
879 0.29271215413236695 7 13762 13747.666666666666 17848.261260079904 1.003257762922056 0
880 0.29271215413236695 7 14080 14102.0 17771.775790960404 0.9763967803030302 0
881 0.29271215413236695 7 13889 13903.166666666666 18229.82679757464 1.0153358773129815 0
882 0.29271215413236695 7 13695 13686.5 17972.792530927985 1.015200194718267 0
883 0.29271215413236695 7 13708 13613.333333333334 17692.70489753264 0.9984315728042019 0
884 0.29271215413236695 7 13471 13394.0 17598.12145825529 1.0105659070101205 0
885 0.29271215413236695 7 13892 13913.666666666666 17314.586592448923 0.9641520299452923 0
886 0.29271215413236695 7 13936 13912.0 17986.366008546374 0.9983974358974359 0
887 0.29271215413236695 7 13875 13872.666666666666 17984.21148828949 1.0026666666666666 0
888 0.29271215413236695 7 13507 13475.666666666666 17933.364810226947 1.0270723822215642 0
889 0.29271215413236695 7 13764 13773.333333333334 17420.158085036397 0.9790516322774386 0
890 0.29271215413236695 7 13609 13632.0 17804.95540291647 1.0120753422979891 0
891 0.29271215413236695 7 13826 13815.0 17622.252085132426 0.985968465210473 0
892 0.29271215413236695 7 14152 14188.0 17858.818409338648 0.9761871113623516 0
893 0.29271215413236695 7 14178 14228.5 18341.000042830023 1.0007053180984624 0
894 0.29271215413236695 7 14034 14121.833333333334 18393.354885072382 1.0138591990879293 0
895 0.29271215413236695 7 14361 14460.5 18255.4655886316 0.9833460993895504 0
896 0.29271215413236695 7 14078 14156.166666666666 18693.26410483109 1.0271700525642846 0
897 0.29271215413236695 7 14147 14200.5 18299.848705923476 1.000647958342169 0
898 0.29271215413236695 7 13755 13688.833333333334 18357.158944756677 1.0323882224645584 0
899 0.29271215413236695 7 14167 14165.166666666666 17695.721225892285 0.9662478529916944 0
7 0.11075305566767146 6 13602 13479.2 15113.350376636605 1.0003234818409057 0
8 0.11075305566767146 6 13794 13793.4 14972.062587955677 0.9771784833985792 0
9 0.11075305566767146 6 13707 13731.6 15321.06119804646 1.0063033486539723 0
10 0.11075305566767146 6 13992 14066.0 15252.416659206197 0.9813893653516296 0
11 0.11075305566767146 6 13891 13937.4 15623.852481021468 1.012598085091066 0
12 0.11075305566767146 6 13902 13962.0 15481.009638062604 1.0025463962019854 0
13 0.11075305566767146 6 13937 13965.6 15508.33416323203 1.001793786324173 0
14 0.11075305566767146 6 14013 14074.2 15512.332874232434 0.9966174266752301 0
15 0.11075305566767146 6 14749 14900.4 15632.960656077943 0.9542477456098719 0
16 0.11075305566767146 6 14801 14983.0 16550.664830670572 1.0067157624484833 0
17 0.11075305566767146 6 14815 14997.6 16642.413033068722 1.0113398582517719 0
18 0.11075305566767146 6 15043 15264.2 16658.63002768147 0.996981984976401 0
19 0.11075305566767146 6 15826 16188.6 16954.75679232247 0.9645014533046885 0
20 0.11075305566767146 6 15352 15472.6 17981.536916981666 1.0544945284002085 0
21 0.11075305566767146 6 16380 16695.8 17186.237729123615 0.9446031746031747 0
22 0.11075305566767146 6 15112 15171.4 18544.91086681631 1.1048041291688724 0
23 0.11075305566767146 6 15154 15176.2 16851.678908756512 1.0011482116932824 0
24 0.11075305566767146 6 15395 15308.8 16857.010523423716 0.9857875933744723 0
25 0.11075305566767146 6 14882 14788.0 17004.29637860525 1.0286789410025534 0
26 0.11075305566767146 6 14968 14685.6 16425.816187213524 0.9879743452699091 0
27 0.11075305566767146 6 15176 15188.8 16312.075074313156 0.9676858197153401 0
28 0.11075305566767146 6 15179 15184.0 16871.00601192513 1.0006456288293035 0
29 0.11075305566767146 6 15005 14927.0 16865.674397257924 1.0119293568810397 0
30 0.11075305566767146 6 15661 15816.8 16580.21086195133 0.9531319839090735 0
31 0.11075305566767146 6 15199 15245.2 17568.558930884425 1.0406474110138824 0
32 0.11075305566767146 6 14745 14658.8 16933.652484264785 1.0339233638521532 0
33 0.11075305566767146 6 15276 15295.4 16282.306892421262 0.9595967530767217 0
34 0.11075305566767146 6 15221 15264.2 16989.412287659303 1.004887983706721 0
35 0.11075305566767146 6 15443 15399.4 16954.75679232247 0.9884219387424724 0
36 0.11075305566767146 6 15229 15235.0 17104.93060544874 1.0111891785409417 0
37 0.11075305566767146 6 14963 15006.6 16922.322803096973 1.0181781728263049 0
38 0.11075305566767146 6 15025 14974.8 16668.626805182477 0.9987753743760399 0
39 0.11075305566767146 6 15109 15086.6 16633.304858012245 0.9911178767621946 0
40 0.11075305566767146 6 14939 14838.2 16757.487049635893 1.0098801793962113 0
41 0.11075305566767146 6 14269 14077.0 16481.575990608042 1.039890672086341 0
42 0.11075305566767146 6 14436 14330.6 15636.07076463381 0.9751316154059296 0
43 0.11075305566767146 6 14285 14137.0 15917.757739551133 1.0031921596079805 0
44 0.11075305566767146 6 14677 14590.6 15702.715947973871 0.9632077400013627 0
45 0.11075305566767146 6 15014 15029.0 16206.553534024728 0.9717996536565872 0
46 0.11075305566767146 6 14027 13978.6 16693.507673629436 1.0714336636486776 0
47 0.11075305566767146 6 14159 14103.6 15526.772663956113 0.9872589872166113 0
48 0.11075305566767146 6 14012 13957.4 15665.616795914571 1.0065372537824722 0
49 0.11075305566767146 6 14287 14209.0 15503.224699175957 0.9769300762931336 0
50 0.11075305566767146 6 14451 14338.4 15782.690167981944 0.9832537540654626 0
51 0.11075305566767146 6 14080 14090.6 15926.42161338534 1.0183522727272727 0
52 0.11075305566767146 6 14202 14210.6 15651.177006190892 0.9921560343613576 0
53 0.11075305566767146 6 14143 14169.2 15784.467372871013 1.004779749699498 0
54 0.11075305566767146 6 14224 14211.4 15738.48219636637 0.9961473565804275 0
55 0.11075305566767146 6 14533 14549.4 15785.355975315546 0.9778710520883507 0
56 0.11075305566767146 6 14801 14945.2 16160.790508131218 0.9830011485710425 0
57 0.11075305566767146 6 14398 14437.2 16600.426567564486 1.0380052785109044 0
58 0.11075305566767146 6 14272 14297.8 16036.164015285307 1.0115751121076233 0
59 0.11075305566767146 6 14824 14944.0 15881.325039325233 0.9645035078251484 0
60 0.11075305566767146 6 14528 14527.0 16599.093663897682 1.02863436123348 0
61 0.11075305566767146 6 14117 13980.2 16135.909639684263 1.029042997804066 0
62 0.11075305566767146 6 14791 14869.6 15528.54986884518 0.9451828814819824 0
63 0.11075305566767146 6 15009 15156.4 16516.45363655601 0.9907122393230728 0
64 0.11075305566767146 6 14240 14123.2 16835.017612921496 1.0643539325842697 0
65 0.11075305566767146 6 14743 14786.0 15687.387555805659 0.9579597096927356 0
66 0.11075305566767146 6 14776 14907.8 16423.59468110219 1.0006767731456416 0
67 0.11075305566767146 6 15061 15115.0 16558.88440328251 0.9898280326671536 0
68 0.11075305566767146 6 15013 15013.8 16789.032436416855 1.0067941117697996 0
69 0.11075305566767146 6 15030 15188.0 16676.624227183285 0.9989221556886227 0
70 0.11075305566767146 6 14935 14973.4 16870.117409480594 1.016940073652494 0
71 0.11075305566767146 6 14757 14753.2 16631.74980373431 1.014664227146439 0
72 0.11075305566767146 6 14482 14366.2 16387.16198087629 1.0187266952078442 0
73 0.11075305566767146 6 14995 14991.4 15957.300548332903 0.9580660220073358 0
74 0.11075305566767146 6 14876 14845.2 16651.74335873633 1.007757461683248 0
75 0.11075305566767146 6 14556 14480.2 16489.351261997715 1.0198680956306678 0
76 0.11075305566767146 6 14608 14578.2 16083.926396679017 0.991251369112815 0
77 0.11075305566767146 6 15911 16196.8 16192.780196134448 0.9162340519137704 0
78 0.11075305566767146 6 14594 14513.8 17990.64509203814 1.1098259558722763 0
79 0.11075305566767146 6 14601 14546.0 16121.24769934945 0.9940278063146359 0
80 0.11075305566767146 6 14662 14683.2 16157.013947741949 0.9920883917610148 0
81 0.11075305566767146 6 14293 14230.0 16309.409266979554 1.02730007696075 0
82 0.11075305566767146 6 14280 13953.8 15806.015982150964 0.9964985994397759 0
83 0.11075305566767146 6 14558 14550.8 15499.225988175553 0.9584970462975683 0
84 0.11075305566767146 6 14430 14395.8 16162.345562409153 1.0083714483714483 0
85 0.11075305566767146 6 14491 14456.8 15990.178838780665 0.9934304050790145 0
86 0.11075305566767146 6 14623 14689.0 16057.934775176393 0.9886343431580387 0
87 0.11075305566767146 6 14212 14198.4 16315.851634702427 1.0335631860399663 0
88 0.11075305566767146 6 14284 14229.2 15770.916185591866 0.9940072808737048 0
89 0.11075305566767146 6 14786 14857.2 15805.127379706431 0.9623427566617071 0
90 0.11075305566767146 6 14868 14943.4 16502.680298665728 0.9992736077481841 0
91 0.11075305566767146 6 14533 14515.0 16598.42721206428 1.0282391797977017 0
92 0.11075305566767146 6 14199 14196.4 16122.580603016251 1.022255088386506 0
93 0.11075305566767146 6 14608 14672.8 15768.69467948053 0.9718236582694414 0
94 0.11075305566767146 6 14567 14523.2 16297.857435200609 1.0072629916935538 0
95 0.11075305566767146 6 14604 14551.2 16131.688778072727 0.9944672692413038 0
96 0.11075305566767146 6 15133 15253.0 16162.789863631422 0.9615542192559308 0
97 0.11075305566767146 6 14807 14928.6 16942.316358098993 1.0301208887688256 0
98 0.11075305566767146 6 14717 14738.8 16581.9880668404 1.0143779302847047 0
99 0.11075305566767146 6 14984 15067.4 16371.167136874676 0.9836358782701548 0
100 0.11075305566767146 6 14994 15072.0 16736.160590967072 1.0048952914499132 0
101 0.11075305566767146 6 15000 14973.4 16741.270055023146 1.0048 0
102 0.11075305566767146 6 15273 15366.2 16631.74980373431 0.9803836836246972 0
103 0.11075305566767146 6 15149 15235.4 17068.053604000575 1.0143375800382863 0
104 0.11075305566767146 6 15171 15208.4 16922.767104319242 1.0042449410058665 0
105 0.11075305566767146 6 14603 14524.8 16892.776771816214 1.0414572348147642 0
106 0.11075305566767146 6 15034 15040.8 16133.465982961794 0.9661301050951177 0
107 0.11075305566767146 6 14256 14052.6 16706.614559686313 1.055050505050505 0
108 0.11075305566767146 6 14184 13991.0 15608.96839007552 0.9907360406091371 0
109 0.11075305566767146 6 14155 13951.8 15540.546001846391 0.9884139879901095 0
110 0.11075305566767146 6 14421 14384.6 15497.004482064218 0.9674641148325358 0
111 0.11075305566767146 6 14114 13930.0 15977.738404557187 1.0191724528836617 0
112 0.11075305566767146 6 14767 14869.2 15472.790065450663 0.943319563892463 0
113 0.11075305566767146 6 15167 15363.6 16516.00933533374 0.9803652666974353 0
114 0.11075305566767146 6 15260 15481.0 17065.165646055837 1.0067889908256882 0
115 0.11075305566767146 6 16037 16360.2 17195.568054791223 0.9653301739726882 0
116 0.11075305566767146 6 15625 15927.2 18172.14214133424 1.0470528000000001 0
117 0.11075305566767146 6 15604 15771.4 17691.186068230138 1.0207126377851834 0
118 0.11075305566767146 6 15915 16064.6 17518.130742157115 0.9909770656613258 0
119 0.11075305566767146 6 16433 16667.6 17843.803538078875 0.9775816953690745 0
120 0.11075305566767146 6 16161 16185.8 18513.587630646478 1.0313470701070477 0
121 0.11075305566767146 6 16043 16126.6 17978.426808425796 1.0089010783519292 0
122 0.11075305566767146 6 16733 16958.8 17912.67022753027 0.9637602342676149 0
123 0.11075305566767146 6 17019 17239.8 18837.038920456907 0.9964627768964098 0
124 0.11075305566767146 6 16337 16317.8 19149.16052909952 1.0552610638428108 0
125 0.11075305566767146 6 16694 16800.6 18125.04621177393 0.9774649574697496 0
126 0.11075305566767146 6 16031 16028.6 18661.31778705028 1.0480069864637265 0
127 0.11075305566767146 6 16507 16461.8 17803.81642807484 0.9710183558490337 0
128 0.11075305566767146 6 15971 15761.4 18284.99465179007 1.030730699392649 0
129 0.11075305566767146 6 16212 16187.0 17507.023211600437 0.9722057735011103 0
130 0.11075305566767146 6 15783 15600.8 17979.759712092597 1.025597161502883 0
131 0.11075305566767146 6 16154 16178.6 17328.636270860206 0.9657546118608393 0
132 0.11075305566767146 6 14642 14269.0 17970.42938642499 1.1049446796885671 0
133 0.11075305566767146 6 14823 14593.4 15849.335351322004 0.9626256493287458 0
134 0.11075305566767146 6 15205 15003.6 16209.663642580595 0.9597763893456099 0
135 0.11075305566767146 6 15004 14848.2 16665.294546015477 0.9999733404425487 0
136 0.11075305566767146 6 15337 15173.6 16492.68352116472 0.9681293603703462 0
137 0.11075305566767146 6 15129 15226.4 16854.12256547898 1.0029479806993191 0
138 0.11075305566767146 6 14730 14711.4 16912.770326818234 1.0336999321113374 0
139 0.11075305566767146 6 14800 14719.0 16340.732503149382 0.9940135135135135 0
140 0.11075305566767146 6 14932 14917.6 16349.174226372455 0.9857353335119207 0
141 0.11075305566767146 6 14963 14888.2 16569.769783228057 0.996965849094433 0
142 0.11075305566767146 6 14577 14466.6 16537.113643391425 1.0213487000068602 0
143 0.11075305566767146 6 14411 14347.2 16068.820155121937 1.0038581639025745 0
144 0.11075305566767146 6 14723 14707.6 15936.196240275216 0.9744753107383006 0
145 0.11075305566767146 6 14604 14538.4 16336.511641537845 1.0070939468638729 0
146 0.11075305566767146 6 15024 15036.2 16148.572224518874 0.967678381256656 0
147 0.11075305566767146 6 14459 14435.4 16701.505095630244 1.0399197731516703 0
148 0.11075305566767146 6 14447 14454.2 16034.164659785105 0.99919706513463 0
149 0.11075305566767146 6 14678 14669.0 16055.046817231658 0.9847526911023301 0
150 0.11075305566767146 6 14485 14461.2 16293.636573589072 1.0127027959958579 0
151 0.11075305566767146 6 14102 13917.6 16062.822088621331 1.0254715643171182 0
152 0.11075305566767146 6 14498 14505.8 15459.016727560385 0.9599668919851014 0
153 0.11075305566767146 6 15293 15462.2 16112.361674904108 0.9485254691689008 0
154 0.11075305566767146 6 14975 15034.4 17174.68589734467 1.032534223706177 0
155 0.11075305566767146 6 15629 15857.8 16699.50574013004 0.9619553394331051 0
156 0.11075305566767146 6 14857 15008.0 17614.0998061668 1.067362186174867 0
157 0.11075305566767146 6 15091 15209.6 16670.181859460412 0.9945000331323305 0
158 0.11075305566767146 6 15636 15704.6 16894.109675483018 0.9727295983627526 0
159 0.11075305566767146 6 15012 15019.4 17443.932438038515 1.0461364241939781 0
160 0.11075305566767146 6 15193 15105.8 16682.844444295024 0.9885736852497861 0
161 0.11075305566767146 6 15150 15208.6 16778.81350830471 0.997082508250825 0
162 0.11075305566767146 6 15374 15430.6 16892.99892242735 0.9892415766879147 0
163 0.11075305566767146 6 15671 15678.0 17139.58610078557 0.9846595622487397 0
164 0.11075305566767146 6 15361 15430.8 17414.386406757752 1.020636677299655 0
165 0.11075305566767146 6 15612 15695.8 17139.808251396706 0.9883935434281321 0
166 0.11075305566767146 6 15944 16102.8 17434.157811148638 0.9844330155544405 0
167 0.11075305566767146 6 15865 15963.2 17886.23430480538 1.014988969429562 0
168 0.11075305566767146 6 15556 15533.0 17731.173178234174 1.0261763949601441 0
169 0.11075305566767146 6 15927 16040.2 17253.32721368594 0.9752621334840208 0
170 0.11075305566767146 6 16101 16198.8 17816.701163520585 0.996223837028756 0
171 0.11075305566767146 6 16761 16924.4 17992.866598149474 0.9664578485770539 0
172 0.11075305566767146 6 16100 16147.0 18798.82901534194 1.0512049689440994 0
173 0.11075305566767146 6 16216 16348.0 17935.32958986589 0.9957449432659102 0
174 0.11075305566767146 6 15867 15855.0 18158.590954055093 1.0303144891914036 0
175 0.11075305566767146 6 16017 16000.2 17610.98969761093 0.9898857463944559 0
176 0.11075305566767146 6 16119 15990.6 17772.27104129388 0.9926298157453937 0
177 0.11075305566767146 6 16008 15989.6 17761.607811959468 0.9989130434782609 0
178 0.11075305566767146 6 16627 16709.2 17760.4970589038 0.9616647621338786 0
179 0.11075305566767146 6 16449 16565.4 18559.794957762257 1.015818590795793 0
180 0.11075305566767146 6 16016 16015.8 18400.068668357246 1.0343031968031968 0
181 0.11075305566767146 6 15852 15798.6 17789.598788962292 1.010333080999243 0
182 0.11075305566767146 6 16122 16144.8 17548.343225271274 0.9799404540379606 0
183 0.11075305566767146 6 16018 15896.2 17932.88593314342 1.007916094393807 0
184 0.11075305566767146 6 15884 15771.0 17656.75272350444 1.0007680684966005 0
185 0.11075305566767146 6 15741 15686.0 17517.686440934845 1.0019058509624548 0
186 0.11075305566767146 6 16140 16197.6 17423.272431203095 0.9718711276332094 0
187 0.11075305566767146 6 16463 16531.2 17991.533694482674 0.9838790013970723 0
188 0.11075305566767146 6 15418 15298.0 18362.08091385341 1.0722013231288106 0
189 0.11075305566767146 6 16115 16161.2 16992.300245604038 0.9493018926466026 0
190 0.11075305566767146 6 15971 16017.0 17951.102283256372 1.0119090852169559 0
191 0.11075305566767146 6 15713 15627.6 17790.931692629092 1.0193470374848852 0
192 0.11075305566767146 6 15361 15140.6 17358.404452752104 1.017355640908795 0
193 0.11075305566767146 6 15311 15289.6 16817.467714641945 0.9888707465221083 0
194 0.11075305566767146 6 15661 15570.2 16982.96991993643 0.976285039269523 0
195 0.11075305566767146 6 15129 14960.6 17294.647227356778 1.0291625355277942 0
196 0.11075305566767146 6 15168 15059.0 16617.532164621767 0.9863264767932489 0
197 0.11075305566767146 6 15189 15154.6 16726.830265299464 0.9914411745342023 0
198 0.11075305566767146 6 15282 15276.2 16833.018257421296 0.9916633948436069 0
199 0.11075305566767146 6 15496 15463.0 16968.085828990483 0.9858156943727414 0
200 0.11075305566767146 6 15304 15339.0 17175.574499789203 1.010389440669106 0
201 0.11075305566767146 6 15692 15796.8 17037.841120886413 0.9775044608717818 0
202 0.11075305566767146 6 14916 14861.4 17546.343869771074 1.059050683829445 0
203 0.11075305566767146 6 15401 15424.8 16507.34546149953 0.9649633140705148 0
204 0.11075305566767146 6 15062 14975.2 17133.143733062698 1.024087106625946 0
205 0.11075305566767146 6 15163 15134.8 16633.749159234514 0.9876145881421883 0
206 0.11075305566767146 6 15158 15051.2 16811.025346919072 0.9984694550732286 0
207 0.11075305566767146 6 15606 15744.0 16718.166391465256 0.9644495706779445 0
208 0.11075305566767146 6 15550 15579.8 17487.69610843182 1.012475884244373 0
209 0.11075305566767146 6 15219 15250.4 17305.310456691186 1.0237072080951441 0
210 0.11075305566767146 6 15319 15350.2 16939.42840015426 0.9955219009073699 0
211 0.11075305566767146 6 15652 15750.8 17050.28155510989 0.9807181190902121 0
212 0.11075305566767146 6 15575 15568.8 17495.24922921036 1.0112873194221508 0
213 0.11075305566767146 6 15467 15450.4 17293.092173078843 1.0065817547035625 0
214 0.11075305566767146 6 15458 15505.8 17161.57901128779 0.9995083451934273 0
215 0.11075305566767146 6 15792 15886.6 17223.11473057178 0.9818768996960486 0
216 0.11075305566767146 6 16048 16127.2 17646.089494170028 0.9899426719840478 0
217 0.11075305566767146 6 16006 16092.2 17913.33667936367 1.007572160439835 0
218 0.11075305566767146 6 15695 15740.6 17874.460322415303 1.0253074227460974 0
219 0.11075305566767146 6 15451 15449.6 17483.91954804255 1.0187431234224322 0
220 0.11075305566767146 6 15204 15086.4 17160.690408843257 1.0161536437779533 0
221 0.11075305566767146 6 15155 14976.4 16757.264899024758 0.995473441108545 0
222 0.11075305566767146 6 15358 15228.4 16635.082062901314 0.9751530147154577 0
223 0.11075305566767146 6 14663 14456.6 16914.99183292957 1.0385596399099775 0
224 0.11075305566767146 6 15064 14986.6 16057.71262456526 0.9596787041954329 0
225 0.11075305566767146 6 14860 14791.2 16646.411744069126 1.0085195154777928 0
226 0.11075305566767146 6 14573 14456.6 16429.370596991663 1.0149728950799424 0
227 0.11075305566767146 6 15412 15422.8 16057.71262456526 0.9380093433688036 0
228 0.11075305566767146 6 15105 15193.4 17130.922226951363 1.0210393909301556 0
229 0.11075305566767146 6 14840 14795.2 16876.115475981198 1.0238140161725067 0
230 0.11075305566767146 6 14318 14209.6 16433.813609214332 1.0333286771895516 0
231 0.11075305566767146 6 14092 13995.8 15783.356619815344 1.0083451603746807 0
232 0.11075305566767146 6 14073 13805.2 15545.877616513595 0.9945143181979677 0
233 0.11075305566767146 6 14213 14034.6 15334.16808410334 0.9713079575036938 0
234 0.11075305566767146 6 14333 14231.6 15588.974835073503 0.9791809111839811 0
235 0.11075305566767146 6 14785 14878.4 15807.793187040033 0.9625701724721001 0
236 0.11075305566767146 6 14408 14471.2 16526.228263445882 1.032648528595225 0
237 0.11075305566767146 6 13933 13905.0 16073.929619178009 1.038627718366468 0
238 0.11075305566767146 6 14340 14365.4 15445.021239058971 0.9696652719665272 0
239 0.11075305566767146 6 14505 14539.4 15956.411945888367 0.9903757325060324 0
240 0.11075305566767146 6 14231 14120.2 16149.682977574543 1.0216709999297309 0
241 0.11075305566767146 6 14412 14412.8 15684.055296638655 0.9797529836247572 0
242 0.11075305566767146 6 14306 14380.6 16009.061640727014 1.0074653991332307 0
243 0.11075305566767146 6 14093 14043.6 15973.295392334516 1.020407294401476 0
244 0.11075305566767146 6 14142 14069.4 15598.97161257451 0.9930420025456088 0
245 0.11075305566767146 6 14423 14461.4 15627.629041410737 0.9754836025792137 0
246 0.11075305566767146 6 14625 14667.6 16063.044239232464 0.9888136752136751 0
247 0.11075305566767146 6 14551 14600.0 16292.081519311138 1.008013194969418 0
248 0.11075305566767146 6 14320 14365.4 16216.994612748003 1.0195530726256983 0
249 0.11075305566767146 6 14517 14592.0 15956.411945888367 0.9895570710201832 0
250 0.11075305566767146 6 14416 14414.6 16208.108588302663 1.0122086570477247 0
251 0.11075305566767146 6 14507 14483.4 16011.060996227217 0.9936306610601778 0
252 0.11075305566767146 6 14403 14373.4 16087.480806457152 1.0055821703811705 0
253 0.11075305566767146 6 14386 14399.2 15965.297970333708 0.9991241484776866 0
254 0.11075305566767146 6 14448 14434.2 15993.955399169936 0.9966223698781839 0
255 0.11075305566767146 6 14600 14636.8 16032.831756118305 0.9886438356164384 0
256 0.11075305566767146 6 14637 14663.0 16257.870325196573 0.9999863359978137 0
257 0.11075305566767146 6 14611 14652.6 16286.972055255066 1.0035589624255699 0
258 0.11075305566767146 6 14623 14670.4 16275.420223476123 1.002024208438761 0
259 0.11075305566767146 6 14560 14582.4 16295.191627867007 1.0075824175824175 0
260 0.11075305566767146 6 14494 14472.8 16197.445358968253 1.0060990754795087 0
261 0.11075305566767146 6 14575 14562.6 16075.706824067074 0.9929879931389365 0
262 0.11075305566767146 6 14806 14845.0 16175.452448466032 0.9835607186275834 0
263 0.11075305566767146 6 15066 15154.6 16489.129111386585 0.9853312093455463 0
264 0.11075305566767146 6 15094 15200.8 16833.018257421296 1.0040148403339075 0
265 0.11075305566767146 6 14116 14040.4 16884.33504859314 1.0768489657126665 0
266 0.11075305566767146 6 13905 13771.0 15595.417202796374 1.009737504494786 0
267 0.11075305566767146 6 13492 13229.2 15296.180329599503 1.0206789208419804 0
268 0.11075305566767146 6 13293 12938.4 14694.37432403876 0.9952004814564057 0
269 0.11075305566767146 6 12614 12118.0 14371.3673354506 1.0257174567940384 0
270 0.11075305566767146 6 12919 12679.6 13460.105528580843 0.9379982970818175 0
271 0.11075305566767146 6 12585 12321.0 14083.904444643807 1.0075168851807708 0
272 0.11075305566767146 6 12662 12496.0 13685.58839888138 0.9730690254304217 0
273 0.11075305566767146 6 12808 12711.0 13879.970183623223 0.9756402248594629 0
274 0.11075305566767146 6 12487 12461.6 14118.782090591772 1.0179386562024506 0
275 0.11075305566767146 6 12648 12593.8 13841.760278508254 0.9852624920936117 0
276 0.11075305566767146 6 12522 12509.4 13988.60183246752 1.0057339083213543 0
277 0.11075305566767146 6 12716 12726.8 13894.854274569168 0.9837527524378735 0
278 0.11075305566767146 6 13493 13630.0 14136.33198887132 0.9432150003705625 0
279 0.11075305566767146 6 14438 14828.2 15139.564148750362 0.9440365701620723 0
280 0.11075305566767146 6 13502 13672.8 16470.46846005137 1.0982224855576952 0
281 0.11075305566767146 6 13692 13926.0 15187.104379532937 0.9985977212971078 0
282 0.11075305566767146 6 13611 13790.0 15468.347053227993 1.023143046065682 0
283 0.11075305566767146 6 13625 13651.4 15317.284637657189 1.0121100917431192 0
284 0.11075305566767146 6 13477 13284.8 15163.33426414165 1.0129405654077317 0
285 0.11075305566767146 6 13331 13296.8 14756.132193933881 0.9965343935188657 0
286 0.11075305566767146 6 13359 13292.4 14769.461230601893 0.9953439628714723 0
287 0.11075305566767146 6 13062 12952.2 14764.573917156955 1.017638952687184 0
288 0.11075305566767146 6 13065 12953.0 14386.695727618815 0.991366245694604 0
289 0.11075305566767146 6 13230 13180.6 14387.584330063348 0.9790627362055934 0
290 0.11075305566767146 6 13173 13141.4 14640.39172553331 1.0005769376755485 0
291 0.11075305566767146 6 12893 12799.8 14596.850205751138 1.0192662685178002 0
292 0.11075305566767146 6 13217 13248.0 14217.41696193506 0.9684345918135734 0
293 0.11075305566767146 6 13205 13233.0 14715.256481485312 1.0032563422945855 0
294 0.11075305566767146 6 13276 13285.2 14698.595185650296 0.9967610726122326 0
295 0.11075305566767146 6 13268 13287.0 14756.57649515615 1.0012963521254146 0
296 0.11075305566767146 6 13423 13529.0 14758.57585065635 0.9898681367801535 0
297 0.11075305566767146 6 13346 13371.8 15027.378090127928 1.0137119736250562 0
298 0.11075305566767146 6 13582 13657.4 14852.767709776968 0.984523634221764 0
299 0.11075305566767146 6 13467 13505.2 15169.998782475655 1.0141382639043588 0
300 0.11075305566767146 6 13705 13792.4 15000.942167403038 0.9854213790587377 0
301 0.11075305566767146 6 13761 13828.6 15319.95044499079 1.0022818109149043 0
302 0.11075305566767146 6 13533 13570.4 15360.159705605962 1.0218429025345452 0
303 0.11075305566767146 6 13836 13886.8 15073.363266632568 0.9808037004914715 0
304 0.11075305566767146 6 13670 13710.6 15424.805533445819 1.0158595464520848 0
305 0.11075305566767146 6 13524 13487.8 15229.090845037177 1.0137976929902397 0
306 0.11075305566767146 6 13993 14039.4 14981.615064234418 0.9638962338312013 0
307 0.11075305566767146 6 13852 13915.8 15594.306449740707 1.0135287323130233 0
308 0.11075305566767146 6 14626 14784.0 15457.017372060182 0.9514426364009299 0
309 0.11075305566767146 6 14833 15065.6 16421.373174990855 0.9966965549787635 0
310 0.11075305566767146 6 14363 14530.8 16734.161235466872 1.0489173570980994 0
311 0.11075305566767146 6 15213 15457.0 16140.1305012958 0.9551567738118714 0
312 0.11075305566767146 6 14665 14827.6 17168.9099814552 1.0540061370610296 0
313 0.11075305566767146 6 14089 13981.6 16469.802008217965 1.052423876783306 0
314 0.11075305566767146 6 14215 14091.4 15530.104923123115 0.9835807245867042 0
315 0.11075305566767146 6 14235 14209.4 15652.065608635425 0.9899121882683526 0
316 0.11075305566767146 6 14412 14251.8 15783.134469204211 0.9859422703302803 0
317 0.11075305566767146 6 13933 13786.6 15830.23039876452 1.0228809301657933 0
318 0.11075305566767146 6 14154 14167.0 15313.50807726792 0.9740426734492017 0
319 0.11075305566767146 6 14030 13993.0 15736.038539643901 1.0097647897362794 0
320 0.11075305566767146 6 13678 13566.6 15542.767507957728 1.0230296827021494 0
321 0.11075305566767146 6 13514 13334.4 15069.142405021032 1.0038922598786444 0
322 0.11075305566767146 6 13644 13586.2 14811.225545494997 0.9773087071240105 0
323 0.11075305566767146 6 13853 13792.8 15090.91316491212 0.9807406337977334 0
324 0.11075305566767146 6 13854 13818.8 15320.394746213058 0.9955825032481593 0
325 0.11075305566767146 6 13504 13469.2 15349.274325660417 1.0233116113744076 0
326 0.11075305566767146 6 13415 13395.2 14960.955057399002 1.0040402534476334 0
327 0.11075305566767146 6 13884 13932.0 14878.759331279594 0.9647940074906367 0
328 0.11075305566767146 6 13701 13670.6 15475.011571562 1.0168600832056054 0
329 0.11075305566767146 6 13825 13819.2 15184.66072281047 0.9888318264014467 0
330 0.11075305566767146 6 13464 13456.0 15349.718626882686 1.0263814616755793 0
331 0.11075305566767146 6 13671 13722.2 14946.293117064188 0.9842732792041547 0
332 0.11075305566767146 6 13518 13444.8 15241.975580482922 1.01510578487942 0
333 0.11075305566767146 6 13707 13708.2 14933.852682840708 0.9808710877653753 0
334 0.11075305566767146 6 13241 13124.2 15226.425037703575 1.0352843440827733 0
335 0.11075305566767146 6 13352 13329.6 14577.745253193654 0.9829388855602158 0
336 0.11075305566767146 6 13415 13363.8 14805.893930827793 0.9936339918002236 0
337 0.11075305566767146 6 13355 13322.4 14843.881685331628 1.000658929239985 0
338 0.11075305566767146 6 13499 13457.4 14797.896508826985 0.9869175494481073 0
339 0.11075305566767146 6 14123 14299.4 14947.848171342122 0.952871203002195 0
340 0.11075305566767146 6 13351 13350.8 15883.1022442143 1.0710358774623623 0
341 0.11075305566767146 6 13181 13134.2 14829.441895607948 1.0128821788938622 0
342 0.11075305566767146 6 13374 13377.8 14588.852783750332 0.9820696874532676 0
343 0.11075305566767146 6 13678 13713.8 14859.432228110974 0.9780523468343324 0
344 0.11075305566767146 6 13592 13485.8 15232.645254815312 1.0089611536197762 0
345 0.11075305566767146 6 13483 13509.4 14979.393558123083 1.0002076689164132 0
346 0.11075305566767146 6 13536 13607.0 15005.60733023684 0.9980348699763593 0
347 0.11075305566767146 6 13587 13629.6 15114.016828470005 1.0014719952896152 0
348 0.11075305566767146 6 13488 13450.0 15139.119847528096 1.0104982206405695 0
349 0.11075305566767146 6 13782 13820.0 14939.628598730182 0.9759106080394718 0
350 0.11075305566767146 6 13529 13538.2 15350.60722932722 1.0215093502845738 0
351 0.11075305566767146 6 13523 13520.4 15037.59701824007 1.0011240109443171 0
352 0.11075305566767146 6 13542 13533.0 15017.825613849185 0.9984049623393886 0
353 0.11075305566767146 6 13372 13348.8 15031.821102350597 1.0120400837571044 0
354 0.11075305566767146 6 13570 13527.6 14827.220389496611 0.9836993367722918 0
355 0.11075305566767146 6 13391 13363.4 15025.823035849993 1.0102008811888583 0
356 0.11075305566767146 6 13706 13742.6 14843.43738410936 0.9750036480373558 0
357 0.11075305566767146 6 13644 13664.4 15264.634942818542 1.0072266197596014 0
358 0.11075305566767146 6 13469 13488.4 15177.774053865329 1.0145073873338777 0
359 0.11075305566767146 6 17895 13488.4 14982.28151606782 0.753752444816988 1
360 0.11075305566767146 6 17671 13488.4 14982.28151606782 0.7633071133495557 1
361 0.11075305566767146 6 17552 13488.4 14982.28151606782 0.768482224247949 1
362 0.11075305566767146 6 18066 13488.4 14982.28151606782 0.7466179563821543 1
363 0.11075305566767146 6 17514 13488.4 14982.28151606782 0.7701495946100262 1
364 0.11075305566767146 6 17644 13488.4 14982.28151606782 0.7644751756971209 1
365 0.11075305566767146 6 17651 13488.4 14982.28151606782 0.7641720015863124 1
366 0.11075305566767146 6 17722 13488.4 14982.28151606782 0.7611104841440017 1
367 0.11075305566767146 6 14629 13488.4 14982.28151606782 0.9220315811060222 0
368 0.11075305566767146 6 15709 13488.4 14982.28151606782 0.8586415430644853 1
369 0.11075305566767146 6 13724 13488.4 14982.28151606782 0.982832993296415 0
370 0.11075305566767146 6 13719 13721.6 14982.28151606782 0.9831911946934907 0
371 0.11075305566767146 6 13704 13716.0 15241.309128649522 1.0012842965557502 0
372 0.11075305566767146 6 13530 13542.2 15235.088911537781 1.0137472283813747 0
373 0.11075305566767146 6 13582 13372.6 15042.040030462742 0.997069651008688 0
374 0.11075305566767146 6 13524 13484.0 14853.656312221503 0.9888050872522922 0
375 0.11075305566767146 6 14760 14968.2 14977.394202622881 0.913550135501355 0
376 0.11075305566767146 6 13679 13674.0 16625.97388784484 1.0942466554572703 0
377 0.11075305566767146 6 13062 12968.4 15188.437283199739 1.046853468075333 0
378 0.11075305566767146 6 13205 13129.6 14404.68992712063 0.9820825444907232 0
379 0.11075305566767146 6 13192 13125.6 14583.74331969426 0.9952698605215282 0
380 0.11075305566767146 6 13331 13045.2 14579.300307471589 0.9845923036531393 0
381 0.11075305566767146 6 13338 13269.8 14489.995761795908 0.9780476833108412 0
382 0.11075305566767146 6 13107 13116.0 14739.470898098865 1.0124208438239108 0
383 0.11075305566767146 6 13311 13332.2 14568.637078137179 0.98535046202389 0
384 0.11075305566767146 6 13212 13216.0 14808.78188877253 1.0090977898879807 0
385 0.11075305566767146 6 13196 13169.0 14679.712383703945 1.001515610791149 0
386 0.11075305566767146 6 13062 13006.8 14627.506990087566 1.0081917011177461 0
387 0.11075305566767146 6 13045 13032.6 14447.342844458268 0.9970716749712533 0
388 0.11075305566767146 6 13060 13009.8 14476.000273294496 0.9979019908116387 0
389 0.11075305566767146 6 12943 12889.2 14450.675103625272 1.005161090937186 0
390 0.11075305566767146 6 12962 12915.2 14316.718285111752 0.9943835827804351 0
391 0.11075305566767146 6 12937 12912.0 14345.597864559111 0.9983149107211874 0
392 0.11075305566767146 6 12669 12593.8 14342.043454780975 1.0191806772436656 0
393 0.11075305566767146 6 12811 12761.2 13988.60183246752 0.9830458199984388 0
394 0.11075305566767146 6 12856 12838.6 14174.54189398629 0.9926260112009957 0
395 0.11075305566767146 6 12624 12556.4 14260.514180494967 1.0169993662864385 0
396 0.11075305566767146 6 12771 12737.8 13947.05966818555 0.9831963041265367 0
397 0.11075305566767146 6 12741 12755.4 14148.550272483664 0.999748842320069 0
398 0.11075305566767146 6 12478 12411.4 14168.099526263417 1.0222311267831383 0
399 0.11075305566767146 6 12619 12571.6 13786.000475113737 0.9835486171645931 0
400 0.11075305566767146 6 12480 12451.2 13963.943114631698 1.0073397435897435 0
401 0.11075305566767146 6 12667 12646.2 13830.208446729312 0.982963606220889 0
402 0.11075305566767146 6 12970 13015.8 14046.805292584508 0.9750346954510409 0
403 0.11075305566767146 6 12845 12918.4 14457.339621959278 1.0132970027247956 0
404 0.11075305566767146 6 13081 13173.4 14349.152274337246 0.9875697576637872 0
405 0.11075305566767146 6 13039 13150.8 14632.394303532503 1.0103075389216964 0
406 0.11075305566767146 6 12992 13057.0 14607.291284474413 1.0122229064039407 0
407 0.11075305566767146 6 12950 12946.0 14503.102647852786 1.0082625482625482 0
408 0.11075305566767146 6 13055 13097.0 14379.809058673674 0.991650708540789 0
409 0.11075305566767146 6 13958 14133.4 14547.532770079493 0.9383149448345035 0
410 0.11075305566767146 6 13581 13689.4 15698.717236973467 1.0406744716883882 0
411 0.11075305566767146 6 13471 13566.8 15205.54288025702 1.0162126048548734 0
412 0.11075305566767146 6 13677 13822.4 15069.364555632164 0.9919426774877531 0
413 0.11075305566767146 6 13609 13719.8 15353.273036660821 1.0156807994709383 0
414 0.11075305566767146 6 13278 13142.0 15239.309773149318 1.033273083295677 0
415 0.11075305566767146 6 13494 13476.6 14597.516657584538 0.9739143322958352 0
416 0.11075305566767146 6 13667 13706.2 14969.17463001094 0.9860686324723787 0
417 0.11075305566767146 6 13241 13153.8 15224.203531592239 1.0351332980892682 0
418 0.11075305566767146 6 13407 13366.6 14610.623543641415 0.9811143432535242 0
419 0.11075305566767146 6 13742 13834.8 14846.991793887497 0.9726822878765827 0
420 0.11075305566767146 6 16678 13834.8 15367.0463745511 0.8295239237318623 1
421 0.11075305566767146 6 17572 13834.8 15367.0463745511 0.7873207375369906 1
422 0.11075305566767146 6 17729 13834.8 15367.0463745511 0.7803485814202719 1
423 0.11075305566767146 6 17558 13834.8 15367.0463745511 0.7879485134981205 1
424 0.11075305566767146 6 14677 13834.8 15367.0463745511 0.9426177011650881 0
425 0.11075305566767146 6 13578 13560.2 15367.0463745511 1.0189129474149359 0
426 0.11075305566767146 6 13732 13830.2 15062.03358546476 0.9874890766093796 0
427 0.11075305566767146 6 13822 13905.0 15361.936910495031 1.0005932571263203 0
428 0.11075305566767146 6 13439 13378.4 15445.021239058971 1.0346751990475482 0
429 0.11075305566767146 6 13354 13089.4 14860.098679944376 1.0018271678897708 0
430 0.11075305566767146 6 13487 13468.8 14539.091046856418 0.9705197597686661 0
431 0.11075305566767146 6 13208 13103.2 14960.510756176733 1.0197456087219867 0
432 0.11075305566767146 6 13443 13367.2 14554.419439024634 0.9747229041136651 0
433 0.11075305566767146 6 13002 12914.6 14847.658245720899 1.028087986463621 0
434 0.11075305566767146 6 13222 13195.6 14344.93141272571 0.976750869762517 0
435 0.11075305566767146 6 13081 12999.8 14657.053021368325 1.0087607981041204 0
436 0.11075305566767146 6 12978 12932.0 14439.567573068594 1.0016797657574357 0
437 0.11075305566767146 6 12741 12600.6 14364.258515894328 1.0149909740208776 0
438 0.11075305566767146 6 11868 11641.2 13996.154953246061 1.0617290192113247 0
439 0.11075305566767146 6 11538 11201.2 12930.498471638497 1.0089443577743111 0
440 0.11075305566767146 6 11784 11524.6 12441.767127144722 0.9505431093007468 0
441 0.11075305566767146 6 11648 11382.0 12800.984665347647 0.9894059065934067 0
442 0.11075305566767146 6 11757 11560.2 12642.591279609436 0.968104108190865 0
443 0.11075305566767146 6 11442 11356.8 12840.527474129416 1.0103303618248558 0
444 0.11075305566767146 6 11401 11373.6 12614.60030260661 0.9961231470923603 0
445 0.11075305566767146 6 12309 12414.0 12633.260953941828 0.9240068242749209 0
446 0.11075305566767146 6 11585 11572.4 13788.888433058473 1.0715580492015537 0
447 0.11075305566767146 6 12090 12156.6 12854.078661408561 0.957187758478081 0
448 0.11075305566767146 6 12157 12300.0 13502.980596529615 0.9999670971456774 0
449 0.11075305566767146 6 12050 12179.8 13662.262584712358 1.020746887966805 0
450 0.11075305566767146 6 12155 12124.2 13528.750067421104 1.0020403126285478 0
451 0.11075305566767146 6 12273 12410.6 13466.992197525984 0.9878758249816671 0
452 0.11075305566767146 6 12324 12370.8 13785.111872669204 1.0070269393054203 0
453 0.11075305566767146 6 12090 12076.6 13740.903901053629 1.0232258064516129 0
454 0.11075305566767146 6 12192 12220.4 13414.120352076201 0.9905347769028872 0
455 0.11075305566767146 6 12587 12673.4 13573.846641481212 0.970874712004449 0
456 0.11075305566767146 6 12408 12435.0 14077.017775698667 1.0213894261766603 0
457 0.11075305566767146 6 12320 12319.2 13812.214247227495 1.0093344155844155 0
458 0.11075305566767146 6 12603 12705.6 13683.589043381178 0.977481552011426 0
459 0.11075305566767146 6 12372 12408.0 14112.784024091166 1.0269641125121243 0
460 0.11075305566767146 6 12731 12759.8 13782.223914724467 0.9746288586913833 0
461 0.11075305566767146 6 12780 12854.4 14172.986839708354 0.9984194053208137 0
462 0.11075305566767146 6 12776 12867.2 14278.064078774516 1.0061365059486538 0
463 0.11075305566767146 6 13475 13649.4 14292.281717887063 0.9548942486085343 0
464 0.11075305566767146 6 12774 12854.4 15161.112758030315 1.068529826209488 0
465 0.11075305566767146 6 12588 12559.4 14278.064078774516 1.0211630123927549 0
466 0.11075305566767146 6 12820 12828.0 13950.391927352553 0.9796723868954758 0
467 0.11075305566767146 6 12909 12935.6 14248.74019810489 0.9937253079247037 0
468 0.11075305566767146 6 12927 12817.4 14368.257226894732 1.000665274232227 0
469 0.11075305566767146 6 12673 12652.8 14236.966215714812 1.0113943028485757 0
470 0.11075305566767146 6 12853 12906.0 14054.136262751912 0.9844238699136387 0
471 0.11075305566767146 6 12847 12852.4 14335.378936446969 1.0045925118704755 0
472 0.11075305566767146 6 13062 13092.6 14275.84257266318 0.9839534527637421 0
473 0.11075305566767146 6 13007 13023.0 14542.645456634556 1.0065810717306065 0
474 0.11075305566767146 6 12500 12465.4 14465.337043960086 1.04184 0
475 0.11075305566767146 6 13174 13238.2 13845.981140119791 0.9462122362228632 0
476 0.11075305566767146 6 12709 12681.4 14704.37110153977 1.0416397828310646 0
477 0.11075305566767146 6 12976 12958.8 14085.903800144008 0.9772965474722565 0
478 0.11075305566767146 6 13081 13095.8 14394.02669778622 0.9906582065591315 0
479 0.11075305566767146 6 13013 13115.6 14546.199866412691 1.0063628679013294 0
480 0.11075305566767146 6 13119 13108.0 14568.192776914912 0.9997408339050233 0
481 0.11075305566767146 6 13092 13168.6 14559.751053691838 1.0012221203788574 0
482 0.11075305566767146 6 12903 12888.4 14627.062688865299 1.020584360226304 0
483 0.11075305566767146 6 12927 12896.2 14315.829682667216 0.9970140017018643 0
484 0.11075305566767146 6 12946 12932.6 14324.493556501426 0.9961532519697205 0
485 0.11075305566767146 6 12821 12761.4 14364.924967727728 1.0087044692301692 0
486 0.11075305566767146 6 12380 12237.6 14174.764044597423 1.0308077544426495 0
487 0.11075305566767146 6 12705 12665.4 13592.951594038697 0.963211334120425 0
488 0.11075305566767146 6 12899 12893.4 14068.131751253326 0.9818900689975967 0
489 0.11075305566767146 6 12846 12826.0 14321.383447945555 1.003689864549276 0
490 0.11075305566767146 6 13065 13113.8 14246.518691993555 0.9817068503635668 0
491 0.11075305566767146 6 12764 12840.8 14566.19342141471 1.0274052021309934 0
492 0.11075305566767146 6 13103 13182.6 14262.957837217435 0.9799893154239486 0
493 0.11075305566767146 6 12769 12743.0 14642.613231644646 1.0323909468243402 0
494 0.11075305566767146 6 12518 12452.4 14154.326188373137 1.0179741172711296 0
495 0.11075305566767146 6 13303 13350.6 13831.541350396112 0.9360595354431331 0
496 0.11075305566767146 6 12580 12543.2 14829.219744996815 1.0612559618441972 0
497 0.11075305566767146 6 12617 12519.8 13932.397727850737 0.9941507489894588 0
498 0.11075305566767146 6 12810 12818.2 13906.406106348113 0.9773458235753317 0
499 0.11075305566767146 6 12467 12456.8 14237.854818159347 1.0281703697762092 0
500 0.11075305566767146 6 12654 12524.2 13836.428663841049 0.9844159949423107 0
501 0.11075305566767146 6 12387 12348.4 13911.293419793052 1.0110761281989182 0
502 0.11075305566767146 6 12588 12582.2 13716.023032606674 0.980965999364474 0
503 0.11075305566767146 6 12424 12346.8 13975.717097021778 1.0127334191886672 0
504 0.11075305566767146 6 12490 12494.6 13714.245827717605 0.9885348278622897 0
505 0.11075305566767146 6 12669 12672.0 13878.415129345289 0.9862341147683322 0
506 0.11075305566767146 6 12776 12853.8 14075.462721420732 0.9918597370068879 0
507 0.11075305566767146 6 12749 12781.2 14277.397626941114 1.0082202525688289 0
508 0.11075305566767146 6 12865 12953.2 14196.756955099643 0.9934862028760203 0
509 0.11075305566767146 6 12746 12797.2 14387.806480674482 1.01625608033893 0
510 0.11075305566767146 6 12906 12953.4 14214.529003990327 0.9915698124903146 0
511 0.11075305566767146 6 13268 13366.4 14388.028631285615 0.9762888151944528 0
512 0.11075305566767146 6 13129 13205.0 14846.769643276364 1.0180821083098484 0
513 0.11075305566767146 6 13608 13756.6 14667.494100091602 0.9703850676072898 0
514 0.11075305566767146 6 13181 13268.0 15280.185485597889 1.043668917381079 0
515 0.11075305566767146 6 13470 13582.8 14737.471542598665 0.985003711952487 0
516 0.11075305566767146 6 13667 13746.8 15087.136604522848 0.9938391746542766 0
517 0.11075305566767146 6 13466 13533.4 15269.300105652344 1.020852517451359 0
518 0.11075305566767146 6 13471 13443.6 15032.265403572865 1.0046321728156782 0
519 0.11075305566767146 6 13170 13167.8 14932.519779173908 1.0207744874715263 0
520 0.11075305566767146 6 13512 13520.4 14626.174086420764 0.9745263469508585 0
521 0.11075305566767146 6 13502 13469.0 15017.825613849185 1.0013627610724336 0
522 0.11075305566767146 6 13880 13962.8 14960.732906787867 0.9703890489913545 0
523 0.11075305566767146 6 13990 14093.8 15509.222765676563 0.9980557541100786 0
524 0.11075305566767146 6 13946 14101.2 15654.731415969027 1.0105980209379033 0
525 0.11075305566767146 6 13850 13917.6 15662.95098858097 1.0181371841155236 0
526 0.11075305566767146 6 13762 13814.0 15459.016727560385 1.0113064961488156 0
527 0.11075305566767146 6 13829 13818.8 15343.942710993213 0.9989153228722251 0
528 0.11075305566767146 6 13698 13639.6 15349.274325660417 1.0088188056650604 0
529 0.11075305566767146 6 13316 13190.0 15150.227378084772 1.0243015920696905 0
530 0.11075305566767146 6 13259 13140.8 14650.832804256586 0.994795987631043 0
531 0.11075305566767146 6 13628 13601.2 14596.183753917736 0.9642500733783387 0
532 0.11075305566767146 6 13496 13429.4 15107.574460747133 1.0077949021932424 0
533 0.11075305566767146 6 13323 13248.0 14916.747085783427 1.007986189296705 0
534 0.11075305566767146 6 13562 13611.2 14715.256481485312 0.9768470727031411 0
535 0.11075305566767146 6 13765 13866.2 15118.68199130381 0.9888267344714857 0
536 0.11075305566767146 6 13392 13344.8 15401.924020499067 1.0354091995221029 0
537 0.11075305566767146 6 13190 13128.8 14822.777377273942 1.0117361637604245 0
538 0.11075305566767146 6 13359 13366.2 14582.854717249724 0.9827681712703046 0
539 0.11075305566767146 6 13574 13576.4 14846.547492665231 0.98469132164432 0
540 0.11075305566767146 6 13063 12922.6 15080.027784966574 1.039301844905458 0
541 0.11075305566767146 6 12840 12729.6 14353.817437171052 1.0064330218068536 0
542 0.11075305566767146 6 12547 12418.4 14139.44209742719 1.0145532796684467 0
543 0.11075305566767146 6 12644 12501.0 13793.77574650341 0.9821575450806707 0
544 0.11075305566767146 6 12735 12567.2 13885.52394890156 0.9816254416961131 0
545 0.11075305566767146 6 12581 12484.6 13959.055801186762 0.9989031078610604 0
546 0.11075305566767146 6 12456 12379.2 13867.307598788611 1.002296082209377 0
547 0.11075305566767146 6 12833 12890.2 13750.234226721239 0.9646380425465597 0
548 0.11075305566767146 6 12826 12862.4 14317.82903816742 1.0050054576641199 0
549 0.11075305566767146 6 12836 12856.2 14286.950103219857 1.002056715487691 0
550 0.11075305566767146 6 12697 12720.2 14280.063434274718 1.0125383948964324 0
551 0.11075305566767146 6 12848 12926.4 14129.001018703915 0.9900529265255293 0
552 0.11075305566767146 6 12777 12765.8 14358.038298782589 1.0116928856539094 0
553 0.11075305566767146 6 12751 12736.0 14179.65135804236 1.0011606932789585 0
554 0.11075305566767146 6 12423 12340.4 14146.550916983464 1.025195202447074 0
555 0.11075305566767146 6 12637 12625.0 13707.137008161333 0.9765292395346996 0
556 0.11075305566767146 6 12754 12735.2 14023.257327804353 0.9898855261094559 0
557 0.11075305566767146 6 12872 12891.0 14145.662314538931 0.989372280919826 0
558 0.11075305566767146 6 13144 13222.6 14318.717640611952 0.9807516737674985 0
559 0.11075305566767146 6 12882 12973.8 14687.043353871353 1.0264399937897841 0
560 0.11075305566767146 6 13345 13486.6 14410.687993621235 0.9721843387036343 0
561 0.11075305566767146 6 13087 13153.6 14980.282160567618 1.030534117826851 0
562 0.11075305566767146 6 13287 13370.0 14610.401393030284 0.9899601113870701 0
563 0.11075305566767146 6 12867 12811.6 14850.768354276768 1.0390922514960752 0
564 0.11075305566767146 6 12930 12939.6 14230.52384799194 0.9908430007733953 0
565 0.11075305566767146 6 12966 12890.2 14372.700239117403 0.9979639055992596 0
566 0.11075305566767146 6 12927 12895.0 14317.82903816742 0.9971532451458189 0
567 0.11075305566767146 6 12950 12882.6 14323.160652834624 0.9957528957528957 0
568 0.11075305566767146 6 12874 12875.4 14309.387314944344 1.0006680130495573 0
569 0.11075305566767146 6 12902 12896.4 14301.389892943536 0.9979383041388932 0
570 0.11075305566767146 6 13069 13089.6 14324.715707112558 0.9867931746881934 0
571 0.11075305566767146 6 13027 13047.0 14539.313197467553 1.0048054041605896 0
572 0.11075305566767146 6 12558 12479.6 14491.99511729611 1.0389393215480172 0
573 0.11075305566767146 6 12667 12625.6 13861.753833510273 0.9852056524828294 0
574 0.11075305566767146 6 12228 12093.2 14023.923779637753 1.0325155381092574 0
575 0.11075305566767146 6 12706 12633.4 13432.558852800285 0.9517708169368803 0
576 0.11075305566767146 6 12439 12321.4 14032.587653471961 1.0156282659377762 0
577 0.11075305566767146 6 12519 12511.2 13686.032700103648 0.9842159916926272 0
578 0.11075305566767146 6 12525 12496.6 13896.853630069372 0.9988982035928144 0
579 0.11075305566767146 6 12786 12897.6 13880.636635456623 0.9773658689191304 0
580 0.11075305566767146 6 12441 12388.0 14326.04861077936 1.036701229804678 0
581 0.11075305566767146 6 12320 12296.2 13760.008853611114 1.0055194805194805 0
582 0.11075305566767146 6 12409 12387.0 13658.041723100823 0.9909098235151906 0
583 0.11075305566767146 6 12497 12491.4 13758.898100555447 0.9911978874929983 0
584 0.11075305566767146 6 12247 12139.2 13874.86071956715 1.0199559075692006 0
585 0.11075305566767146 6 12516 12531.0 13483.653493360998 0.9698945349952062 0
586 0.11075305566767146 6 12898 13013.6 13918.84654057159 0.9715459761203288 0
587 0.11075305566767146 6 12449 12457.0 14454.89596523681 1.0453530404048519 0
588 0.11075305566767146 6 12640 12668.6 13836.650814452183 0.9855221518987342 0
589 0.11075305566767146 6 12255 12256.6 14071.686161031463 1.03374949000408 0
590 0.11075305566767146 6 12235 12178.8 13614.055902096383 1.001765427053535 0
591 0.11075305566767146 6 12460 12372.4 13527.639314365437 0.9774317817014445 0
592 0.11075305566767146 6 12634 12671.0 13742.681105942698 0.9792939686560076 0
593 0.11075305566767146 6 12471 12437.2 14074.351968365065 1.0160372063186593 0
594 0.11075305566767146 6 12466 12508.2 13814.657903949965 0.9976897160275952 0
595 0.11075305566767146 6 12136 12116.2 13893.521370902368 1.0306690837178643 0
596 0.11075305566767146 6 12310 12280.0 13458.106173080641 0.9842567018683998 0
597 0.11075305566767146 6 12252 12175.6 13640.047523599005 1.0022853411687889 0
598 0.11075305566767146 6 12329 12300.6 13524.084904587302 0.987557790575067 0
599 0.11075305566767146 6 13686 13930.0 13662.92903654576 0.8987724682156949 0
600 0.11075305566767146 6 13415 13670.8 15472.790065450663 1.03838986209467 0
601 0.11075305566767146 6 12274 12266.8 15184.882873421602 1.1138015316930097 0
602 0.11075305566767146 6 12735 12831.6 13625.385583264191 0.963235178641539 0
603 0.11075305566767146 6 12507 12542.6 14252.738909105294 1.025953466059007 0
604 0.11075305566767146 6 12413 12158.4 13931.731276017337 1.0104406670426167 0
605 0.11075305566767146 6 12391 12186.2 13504.979952029817 0.9812283108707933 0
606 0.11075305566767146 6 12256 12252.4 13535.85888697738 0.9943048302872063 0
607 0.11075305566767146 6 12370 12297.0 13609.390739262577 0.9904931285367825 0
608 0.11075305566767146 6 12692 12729.0 13658.930325545356 0.9688780334068705 0
609 0.11075305566767146 6 12613 12653.0 14138.77564559379 1.0091968603821455 0
610 0.11075305566767146 6 12544 12574.6 14054.358413363047 1.0086894132653061 0
611 0.11075305566767146 6 12845 12962.8 13967.275373798702 0.9789490073958739 0
612 0.11075305566767146 6 12718 12787.6 14398.46971000889 1.019248309482623 0
613 0.11075305566767146 6 12430 12377.6 14203.865774655917 1.0287691069991955 0
614 0.11075305566767146 6 12554 12542.2 13748.457021832171 0.9859487016090489 0
615 0.11075305566767146 6 12559 12562.0 13931.28697479507 0.9986623138784936 0
616 0.11075305566767146 6 12393 12302.6 13953.279885297288 1.0136367304123295 0
617 0.11075305566767146 6 12568 12538.0 13665.150542657095 0.9788828771483132 0
618 0.11075305566767146 6 12480 12490.0 13926.621811961264 1.004647435897436 0
619 0.11075305566767146 6 12757 12797.6 13873.305665289217 0.9790703143372266 0
620 0.11075305566767146 6 12721 12753.4 14214.973305212592 1.0060215391871707 0
621 0.11075305566767146 6 12543 12573.0 14165.87802015208 1.0167742964203141 0
622 0.11075305566767146 6 12368 12328.0 13965.498168909633 1.0165750323415266 0
623 0.11075305566767146 6 12463 12459.6 13693.363670271054 0.9891679370937977 0
624 0.11075305566767146 6 12675 12658.6 13839.53877239692 0.9830059171597634 0
625 0.11075305566767146 6 13273 13383.4 14060.578630474787 0.9537105401943796 0
626 0.11075305566767146 6 13303 13455.0 14865.652445222713 1.006043749530181 0
627 0.11075305566767146 6 12907 13014.8 14945.18236400852 1.0424575811575114 0
628 0.11075305566767146 6 12854 12932.2 14456.22886890361 1.0125097245993464 0
629 0.11075305566767146 6 13698 13902.6 14364.480666505462 0.944094028325303 0
630 0.11075305566767146 6 12724 12614.2 15442.35543172537 1.092628104369695 0
631 0.11075305566767146 6 12852 12761.8 14011.261194803143 0.9814970432617492 0
632 0.11075305566767146 6 12813 12794.2 14175.208345819688 0.9960040583782096 0
633 0.11075305566767146 6 12840 12837.2 14211.196744823323 0.9964330218068537 0
634 0.11075305566767146 6 12655 12446.4 14258.959126217032 1.0143974713551955 0
635 0.11075305566767146 6 12932 12973.6 13824.876832062106 0.9624497370862976 0
636 0.11075305566767146 6 13257 13338.0 14410.465843010103 0.9786226144678284 0
637 0.11075305566767146 6 12819 12820.2 14815.224256495401 1.040486777439738 0
638 0.11075305566767146 6 14836 12820.2 14240.076324270682 0.8641277972499326 1
639 0.11075305566767146 6 13577 12820.2 14240.076324270682 0.9442586727553952 0
640 0.11075305566767146 6 13399 13547.8 14240.076324270682 0.9568027464736175 0
641 0.11075305566767146 6 13039 13060.4 15048.260247574479 1.0390213973464222 0
642 0.11075305566767146 6 13162 13143.0 14506.879208242057 0.992280808387783 0
643 0.11075305566767146 6 19753 13143.0 14598.627410640205 0.6653672859818762 1
644 0.11075305566767146 6 21746 13143.0 14598.627410640205 0.6043870137036697 1
645 0.11075305566767146 6 12635 13143.0 14598.627410640205 1.0402057776018996 0
646 0.11075305566767146 6 13042 12935.0 14598.627410640205 1.0077442110105812 0
647 0.11075305566767146 6 13003 12923.8 14367.59077506133 0.9947704375913251 0
648 0.11075305566767146 6 13055 13058.2 14355.150340837852 0.9899502106472615 0
649 0.11075305566767146 6 12758 12677.2 14504.435551519588 1.023530333908136 0
650 0.11075305566767146 6 12885 12935.0 14081.238637310205 0.983872720217307 0
651 0.11075305566767146 6 13084 13092.4 14367.59077506133 0.9886120452461021 0
652 0.11075305566767146 6 12752 12701.8 14542.423306023422 1.026693851944793 0
653 0.11075305566767146 6 12736 12672.2 14108.563162479628 0.9973146984924622 0
654 0.11075305566767146 6 13020 13072.4 14075.684872031867 0.9732872503840246 0
655 0.11075305566767146 6 12799 12781.8 14520.208244910067 1.0213610438315492 0
656 0.11075305566767146 6 13756 13890.4 14197.423406933041 0.9291799941843558 0
657 0.11075305566767146 6 12929 12964.4 15428.804244446223 1.074359965967979 0
658 0.11075305566767146 6 12789 12799.6 14400.24691489796 1.013714911251857 0
659 0.11075305566767146 6 12775 12726.0 14217.194811323929 1.001925636007828 0
660 0.11075305566767146 6 13151 13221.4 14135.443386426787 0.9676830659265455 0
661 0.11075305566767146 6 12913 12744.4 14685.710450204551 1.0238829086966623 0
662 0.11075305566767146 6 12724 12683.0 14155.881242651072 1.0016032694121346 0
663 0.11075305566767146 6 12606 12569.4 14087.681005033077 1.006108202443281 0
664 0.11075305566767146 6 12726 12716.2 13961.499457909229 0.9876944837340876 0
665 0.11075305566767146 6 12669 12572.6 14124.558006481244 1.0037256294893047 0
666 0.11075305566767146 6 12410 12309.4 13965.053867687368 1.013102336825141 0
667 0.11075305566767146 6 12639 12622.0 13672.703663435635 0.9739219874990109 0
668 0.11075305566767146 6 12918 12980.4 14019.925068637349 0.9770862362594829 0
669 0.11075305566767146 6 12615 12592.8 14418.018963788641 1.0289655172413792 0
670 0.11075305566767146 6 12302 12228.6 13987.491079411853 1.0236384327751584 0
671 0.11075305566767146 6 12791 12867.2 13582.954816537687 0.9560315847079979 0
672 0.11075305566767146 6 12657 12660.6 14292.281717887063 1.0166074109188592 0
673 0.11075305566767146 6 12614 12553.2 14062.800136586122 1.003694307911844 0
674 0.11075305566767146 6 12684 12697.8 13943.505258407415 0.9896877956480606 0
675 0.11075305566767146 6 12782 12878.0 14104.120150256958 0.9934126114849006 0
676 0.11075305566767146 6 12969 13004.6 14304.277850888273 0.9929832677924281 0
677 0.11075305566767146 6 12658 12658.2 14444.8991877358 1.0273818928740717 0
678 0.11075305566767146 6 12519 12500.0 14060.13432925252 1.0111190989695664 0
679 0.11075305566767146 6 12808 12832.8 13884.413195845893 0.9759525296689568 0
680 0.11075305566767146 6 12844 12856.4 14254.071812772094 0.9991279975085643 0
681 0.11075305566767146 6 12585 12508.2 14280.28558488585 1.021565355582042 0
682 0.11075305566767146 6 12726 12739.6 13893.521370902368 0.982885431400283 0
683 0.11075305566767146 6 12633 12655.8 14150.549627983868 1.0084382173672128 0
684 0.11075305566767146 6 12939 12965.2 14057.468521918916 0.978112682587526 0
685 0.11075305566767146 6 13247 13327.6 14401.135517342494 0.9787272590020383 0
686 0.11075305566767146 6 12966 13042.2 14803.672424716458 1.027888323307111 0
687 0.11075305566767146 6 12905 12940.8 14486.663502628906 1.0106315381635025 0
688 0.11075305566767146 6 13201 13314.6 14374.033142784203 0.9802893720172714 0
689 0.11075305566767146 6 13407 13500.6 14789.232634992779 0.9931080778697695 0
690 0.11075305566767146 6 13403 13434.2 14995.832703346965 1.0072819518018354 0
691 0.11075305566767146 6 13420 13510.8 14922.078700450633 1.0010581222056631 0
692 0.11075305566767146 6 13587 13723.4 15007.162384514775 0.9943916979465666 0
693 0.11075305566767146 6 13176 13171.0 15243.308484149722 1.0415452337583484 0
694 0.11075305566767146 6 13508 13528.2 14629.7284961989 0.9750518211430264 0
695 0.11075305566767146 6 13559 13590.2 15026.489487683393 0.9977284460505937 0
696 0.11075305566767146 6 13324 13304.8 15095.35617713479 1.0199789852897028 0
697 0.11075305566767146 6 13199 13121.4 14778.347255047234 1.0080157587696037 0
698 0.11075305566767146 6 13475 13534.8 14574.635144637785 0.9737588126159554 0
699 0.11075305566767146 6 13529 13533.2 15033.8204578508 1.00042870869983 0
700 0.11075305566767146 6 13188 13113.8 15032.043252961732 1.0261753108886866 0
701 0.11075305566767146 6 13219 13198.0 14566.19342141471 0.9920417580754973 0
702 0.11075305566767146 6 13250 13260.2 14659.718828701927 0.9960754716981132 0
703 0.11075305566767146 6 13311 13278.2 14728.807668764457 0.996183607542634 0
704 0.11075305566767146 6 13132 13052.6 14748.801223766475 1.0111331099604022 0
705 0.11075305566767146 6 13390 13430.4 14498.215334407849 0.9748020911127707 0
706 0.11075305566767146 6 13259 13267.0 14917.857838839094 1.0129270684063654 0
707 0.11075305566767146 6 13390 13418.0 14736.360789542998 0.9908140403286034 0
708 0.11075305566767146 6 13157 13126.2 14904.084500948815 1.0198373489397279 0
709 0.11075305566767146 6 13184 13194.4 14579.96675930499 0.9956158980582525 0
710 0.11075305566767146 6 13245 13216.0 14655.720117701523 0.996179690449226 0
711 0.11075305566767146 6 12925 12858.2 14679.712383703945 1.022514506769826 0
712 0.11075305566767146 6 13107 13050.4 14282.284940386055 0.9810177767605097 0
713 0.11075305566767146 6 13245 13262.6 14495.77167768538 0.9853076632691582 0
714 0.11075305566767146 6 13072 13049.6 14731.47347609806 1.0145807833537333 0
715 0.11075305566767146 6 12482 12329.4 14494.883075240847 1.0454734818138118 0
716 0.11075305566767146 6 13061 13088.2 13694.918724548988 0.9439859122578669 0
717 0.11075305566767146 6 12654 12563.4 14537.758143189618 1.0343132606290502 0
718 0.11075305566767146 6 12759 12661.8 13954.834939575223 0.9846696449565012 0
719 0.11075305566767146 6 12796 12740.8 14064.133040252922 0.9895123476086276 0
720 0.11075305566767146 6 12902 12986.0 14151.882531650668 0.98750581305224 0
721 0.11075305566767146 6 12776 12719.0 14424.239180900382 1.0164370695053224 0
722 0.11075305566767146 6 13029 13104.0 14127.668115037113 0.9762069230178831 0
723 0.11075305566767146 6 12956 12995.4 14555.308041469167 1.01142327878975 0
724 0.11075305566767146 6 13235 13322.8 14434.680259623658 0.9818964865885909 0
725 0.11075305566767146 6 13694 13852.4 14798.340810049252 0.9728932379144151 0
726 0.11075305566767146 6 13780 13980.8 15386.595628330851 1.005253991291727 0
727 0.11075305566767146 6 13540 13642.2 15529.21632067858 1.0325553914327916 0
728 0.11075305566767146 6 13541 13658.0 15153.115336029508 1.0074735987002437 0
729 0.11075305566767146 6 13541 13602.2 15170.665234309057 1.0086404253747876 0
730 0.11075305566767146 6 13381 13318.4 15108.6852138028 1.0165309020252598 0
731 0.11075305566767146 6 13336 13247.2 14793.453496604316 0.9986802639472105 0
732 0.11075305566767146 6 13464 13448.8 14714.367879040778 0.9838978015448604 0
733 0.11075305566767146 6 13091 13001.0 14938.29569506338 1.0273317546405927 0
734 0.11075305566767146 6 13478 13465.4 14440.900476735396 0.9646089924321116 0
735 0.11075305566767146 6 13492 13514.2 14956.734195787463 0.9980284613104061 0
736 0.11075305566767146 6 13409 13423.6 15010.938944904046 1.0078454769184877 0
737 0.11075305566767146 6 13553 13570.8 14910.304718060555 0.9904522983841216 0
738 0.11075305566767146 6 13466 13541.0 15073.807567854836 1.0077825634932422 0
739 0.11075305566767146 6 13609 13635.2 15040.70712679594 0.9950033066353149 0
740 0.11075305566767146 6 14080 14197.6 15145.340064639835 0.968409090909091 0
741 0.11075305566767146 6 13956 14065.4 15770.027583147334 1.017311550587561 0
742 0.11075305566767146 6 13921 13994.6 15623.186029188066 1.0103728180446807 0
743 0.11075305566767146 6 13685 13728.8 15544.544712846795 1.0226233101936426 0
744 0.11075305566767146 6 13574 13567.0 15249.306550650328 1.0114041550022101 0
745 0.11075305566767146 6 13701 13625.2 15069.586706243299 0.9902196919932852 0
746 0.11075305566767146 6 13749 13707.6 15134.232534083158 0.9909957087788204 0
747 0.11075305566767146 6 13637 13580.2 15225.758585870173 1.005177091735719 0
748 0.11075305566767146 6 13511 13476.2 15084.248646578113 1.0051217526459921 0
749 0.11075305566767146 6 13466 13444.4 14968.730328788675 1.0007574632407545 0
750 0.11075305566767146 6 13690 13687.8 14933.408381618441 0.9820598977355733 0
751 0.11075305566767146 6 13746 13745.4 15203.765675367953 0.9957660410301178 0
752 0.11075305566767146 6 13594 13585.4 15267.745051374412 1.011137266441077 0
753 0.11075305566767146 6 13902 13980.2 15090.024562467583 0.9772262983743346 0
754 0.11075305566767146 6 13552 13569.2 15528.54986884518 1.0315968122786305 0
755 0.11075305566767146 6 13263 13177.6 15072.030362965768 1.02308678277916 0
756 0.11075305566767146 6 13488 13436.4 14637.059466366309 0.9769869513641756 0
757 0.11075305566767146 6 13347 13297.6 14924.5223571731 1.0066981344122274 0
758 0.11075305566767146 6 13409 13310.4 14770.349833046428 0.9916921470654039 0
759 0.11075305566767146 6 13609 13620.4 14784.567472158973 0.9780586376662502 0
760 0.11075305566767146 6 13547 13603.8 15128.900919415952 1.0054181737654093 0
761 0.11075305566767146 6 15477 13603.8 15110.462418691868 0.8789687924016282 1
762 0.11075305566767146 6 13238 13603.8 15110.462418691868 1.027632572896208 0
763 0.11075305566767146 6 13080 13026.6 15110.462418691868 1.040045871559633 0
764 0.11075305566767146 6 13274 13247.0 14469.33575496049 0.9813620611722164 0
765 0.11075305566767146 6 13547 13534.6 14714.145728429643 0.977854875618218 0
766 0.11075305566767146 6 13623 13638.2 15033.598307239667 0.9935109740879395 0
767 0.11075305566767146 6 13515 13570.4 15148.672323806837 1.0091157972623013 0
768 0.11075305566767146 6 13104 13108.8 15073.363266632568 1.0355921855921855 0
769 0.11075305566767146 6 15221 13108.8 14560.63965613637 0.8612311937454832 1
770 0.11075305566767146 6 13231 13108.8 14560.63965613637 0.9907641145793968 0
771 0.11075305566767146 6 13393 13362.2 14560.63965613637 0.97877995968043 0
772 0.11075305566767146 6 13728 13749.0 14842.10448044256 0.9733537296037297 0
773 0.11075305566767146 6 13054 12961.8 15271.743762374816 1.0532403860885553 0
774 0.11075305566767146 6 13267 13299.6 14397.358956953223 0.9769955528755558 0
775 0.11075305566767146 6 13135 13115.8 14772.571339157765 1.0125314046440808 0
776 0.11075305566767146 6 13166 13120.6 14568.414927526044 0.9961871487163907 0
777 0.11075305566767146 6 13622 13600.8 14573.74654219325 0.9631918954632213 0
778 0.11075305566767146 6 13306 13356.4 15107.130159524866 1.0221554186081467 0
779 0.11075305566767146 6 13433 13466.2 14835.662112719687 0.9942976252512469 0
780 0.11075305566767146 6 13201 13214.2 14957.622798231998 1.0200893871676389 0
781 0.11075305566767146 6 13413 13462.4 14677.713028203745 0.9851785581152613 0
782 0.11075305566767146 6 13374 13324.4 14953.40193662046 1.0066098399880365 0
783 0.11075305566767146 6 13487 13523.2 14800.118014938322 0.9879439460220953 0
784 0.11075305566767146 6 13511 13526.6 15020.935722405056 1.0009029679520391 0
785 0.11075305566767146 6 13390 13427.8 15024.712282794326 1.010201643017177 0
786 0.11075305566767146 6 13639 13684.2 14914.969880894358 0.9845149937678714 0
787 0.11075305566767146 6 13732 13803.6 15199.76696436755 0.9965190795222838 0
788 0.11075305566767146 6 13615 13640.6 15332.39087921427 1.0138523687109806 0
789 0.11075305566767146 6 13756 13805.0 15151.33813114044 0.9916109334108753 0
790 0.11075305566767146 6 13388 13387.6 15333.945933492205 1.0311472960860473 0
791 0.11075305566767146 6 13383 13331.8 14870.317608056519 1.000343719644325 0
792 0.11075305566767146 6 13218 13115.2 14808.337587550262 1.0086094719322136 0
793 0.11075305566767146 6 13286 13220.2 14567.748475692646 0.9871443624868282 0
794 0.11075305566767146 6 13651 13630.0 14684.377546537751 0.9684418723903011 0
795 0.11075305566767146 6 13216 13181.6 15139.564148750362 1.0313256658595642 0
796 0.11075305566767146 6 13562 13597.8 14641.502478588978 0.9719510396696652 0
797 0.11075305566767146 6 13474 13525.2 15103.797900357862 1.0091880659047052 0
798 0.11075305566767146 6 13662 13737.2 15023.157228516391 0.9899868247694336 0
799 0.11075305566767146 6 13996 14065.0 15258.636876317938 0.9815090025721636 0
800 0.11075305566767146 6 13999 14155.6 15622.741727965798 1.004714622473034 0
801 0.11075305566767146 6 13420 13391.6 15723.375954809291 1.0548137108792848 0
802 0.11075305566767146 6 13325 13295.2 14874.76062027919 1.0049981238273922 0
803 0.11075305566767146 6 13453 13411.2 14767.684025712826 0.9882702742882629 0
804 0.11075305566767146 6 13195 13034.8 14896.531380170276 1.0163849943160288 0
805 0.11075305566767146 6 13235 13082.2 14478.443930016963 0.9848734416320362 0
806 0.11075305566767146 6 12823 12703.6 14531.093624855612 1.020213678546362 0
807 0.11075305566767146 6 12417 12235.4 14110.562517979832 1.0230812595635017 0
808 0.11075305566767146 6 12620 12453.4 13590.507937316226 0.9695245641838351 0
809 0.11075305566767146 6 12636 12524.2 13832.65210345178 0.9855492244381133 0
810 0.11075305566767146 6 12676 12564.2 13911.293419793052 0.9880246134427265 0
811 0.11075305566767146 6 12903 12919.0 13955.72354201976 0.9737425404944587 0
812 0.11075305566767146 6 44310 12919.0 14349.818726170648 0.2915594673888513 1
813 0.11075305566767146 6 12837 12919.0 14349.818726170648 1.0063877853080938 0
814 0.11075305566767146 6 13316 13455.2 14349.818726170648 0.9701862421147491 0
815 0.11075305566767146 6 12839 12879.6 14945.404514619653 1.0479943920866113 0
816 0.11075305566767146 6 12711 12718.0 14306.055055777342 1.0132641019589332 0
817 0.11075305566767146 6 12986 13002.6 14126.557361981446 0.9793623902664408 0
818 0.11075305566767146 6 13253 13336.2 14442.677681624466 0.9811061646419679 0
819 0.11075305566767146 6 13467 13497.2 14813.224900995201 0.9902873691245266 0
820 0.11075305566767146 6 13478 13605.8 14992.056142957696 1.0014245437008458 0
821 0.11075305566767146 6 13797 14014.2 15112.683924803203 0.9861419149090381 0
822 0.11075305566767146 6 13843 14014.4 15566.315472737882 1.0123672614317707 0
823 0.11075305566767146 6 13463 13505.0 15566.537623349015 1.0409566961301344 0
824 0.11075305566767146 6 13459 13457.4 15000.720016791904 1.0034177873541867 0
825 0.11075305566767146 6 13485 13486.4 14947.848171342122 0.9979532814238042 0
826 0.11075305566767146 6 13544 13493.4 14980.060009956484 0.9957471943295925 0
827 0.11075305566767146 6 13639 13598.2 14987.835281346157 0.9893247305520932 0
828 0.11075305566767146 6 13403 13391.0 15104.242201580131 1.0145639036036709 0
829 0.11075305566767146 6 13806 13875.4 14874.094168445788 0.9699406055338259 0
830 0.11075305566767146 6 13496 13498.2 15412.142948611208 1.0281120331950206 0
831 0.11075305566767146 6 13100 13011.2 14993.166896013363 1.0303969465648855 0
832 0.11075305566767146 6 13708 13721.8 14452.230157903208 0.9491683688357164 0
833 0.11075305566767146 6 13738 13805.0 15241.531279260653 0.9988207890522638 0
834 0.11075305566767146 6 13790 13786.8 15333.945933492205 1.001087744742567 0
835 0.11075305566767146 6 13914 13997.6 15313.730227879052 0.9908581285036653 0
836 0.11075305566767146 6 13351 13401.2 15547.876972013799 1.0484308291513744 0
837 0.11075305566767146 6 13650 13638.4 14885.4238496136 0.9817728937728938 0
838 0.11075305566767146 6 13179 13067.2 15148.89447441797 1.034858486986873 0
839 0.11075305566767146 6 13614 13578.8 14514.432329020598 0.9598354634934627 0
840 0.11075305566767146 6 13609 13548.0 15082.693592300177 0.9977808802998015 0
841 0.11075305566767146 6 13744 13822.6 15048.482398185613 0.9857392316647264 0
842 0.11075305566767146 6 13668 13671.6 15353.495187271956 1.0113110916008194 0
843 0.11075305566767146 6 13129 13119.0 15185.771475866137 1.0413283570721303 0
844 0.11075305566767146 6 13098 12994.8 14571.969337304183 1.0016032982134677 0
845 0.11075305566767146 6 13234 13159.0 14434.013807790256 0.9819253438113948 0
846 0.11075305566767146 6 13000 12851.2 14616.399459530889 1.0122307692307693 0
847 0.11075305566767146 6 12890 12734.4 14274.509668996381 0.9969899146625292 0
848 0.11075305566767146 6 13150 13154.2 14144.773712094395 0.9683954372623574 0
849 0.11075305566767146 6 13184 13201.2 14611.067844863685 0.9977396844660195 0
850 0.11075305566767146 6 13158 13142.8 14663.273238480066 1.0032831737346102 0
851 0.11075305566767146 6 12944 12932.8 14598.405260029072 1.0153584672435105 0
852 0.11075305566767146 6 12767 12742.4 14365.14711833886 1.0129866060938355 0
853 0.11075305566767146 6 13194 13202.8 14153.659736539736 0.9657723207518569 0
854 0.11075305566767146 6 12627 12515.6 14665.050443369131 1.0456006969193 0
855 0.11075305566767146 6 13096 13083.6 13901.740943514309 0.9556811240073305 0
856 0.11075305566767146 6 12748 12708.8 14532.648679133546 1.0263256981487292 0
857 0.11075305566767146 6 13034 13087.4 14116.338433869303 0.9750498695718889 0
858 0.11075305566767146 6 12864 12798.0 14536.869540745083 1.0173662935323382 0
859 0.11075305566767146 6 13129 13229.4 14215.41760643486 0.9747886358443141 0
860 0.11075305566767146 6 13046 13036.0 14694.596474649892 1.014057948796566 0
861 0.11075305566767146 6 12819 12833.2 14479.776833683765 1.0169279975037053 0
862 0.11075305566767146 6 12697 12629.6 14254.516113994363 1.0107269433724502 0
863 0.11075305566767146 6 12734 12708.0 14028.366791860424 0.9918014763624942 0
864 0.11075305566767146 6 12816 12753.4 14115.449831424768 0.9915730337078652 0
865 0.11075305566767146 6 12991 12980.0 14165.87802015208 0.9817104149026249 0
866 0.11075305566767146 6 13001 13037.4 14417.574662566376 0.9983847396354126 0
867 0.11075305566767146 6 12726 12731.8 14481.3318879617 1.0244695898161245 0
868 0.11075305566767146 6 16821 12731.8 14141.885754149658 0.7568991142024849 1
869 0.11075305566767146 6 16745 12731.8 14141.885754149658 0.7603344281875186 1
870 0.11075305566767146 6 12743 12731.8 14141.885754149658 0.9991210860864788 0
871 0.11075305566767146 6 12732 12715.2 14141.885754149658 0.9999842915488533 0
872 0.11075305566767146 6 12642 12572.2 14123.447253425576 1.0057902230659705 0
873 0.11075305566767146 6 12832 12798.2 13964.6095664651 0.9797537406483791 0
874 0.11075305566767146 6 12656 12642.0 14215.639757045994 1.0112357774968395 0
875 0.11075305566767146 6 12903 12935.0 14042.140129750702 0.9797721460125552 0
876 0.11075305566767146 6 12690 12681.6 14367.59077506133 1.0193065405831363 0
877 0.11075305566767146 6 13051 13132.8 14086.125950755142 0.9716956555053253 0
878 0.11075305566767146 6 13170 13237.6 14587.297729472395 0.9971753986332573 0
879 0.11075305566767146 6 12988 13054.4 14703.704649706367 1.0192177394518016 0
880 0.11075305566767146 6 12975 12989.4 14500.21468990805 1.0061194605009633 0
881 0.11075305566767146 6 13294 13414.8 14428.015741289651 0.9770874078531668 0
882 0.11075305566767146 6 13202 13232.2 14900.530091170678 1.016118769883351 0
883 0.11075305566767146 6 13478 13539.6 14697.706583205763 0.9817628728297968 0
884 0.11075305566767146 6 13436 13525.6 15039.152072518005 1.0077106281631438 0
885 0.11075305566767146 6 13096 13120.2 15023.601529738658 1.0328039095907147 0
886 0.11075305566767146 6 13049 13000.0 14573.302240970985 1.005456356808951 0
887 0.11075305566767146 6 13139 13126.4 14439.789723679729 0.9894208082806911 0
888 0.11075305566767146 6 13119 13047.2 14580.188909916122 1.0005640673831846 0
889 0.11075305566767146 6 13025 12942.8 14492.217267907245 1.0017044145873322 0
890 0.11075305566767146 6 13102 13103.2 14376.254648895538 0.9878491833307891 0
891 0.11075305566767146 6 13327 13382.6 14554.419439024634 0.9832070233360847 0
892 0.11075305566767146 6 13074 13061.0 14864.76384277818 1.0236040997399418 0
893 0.11075305566767146 6 13523 13603.8 14507.545660075457 0.9658359831398359 0
894 0.11075305566767146 6 15305 13603.8 15110.462418691868 0.8888467820973538 1
895 0.11075305566767146 6 13697 13603.8 15110.462418691868 0.9931955902752427 0
896 0.11075305566767146 6 13930 14095.6 15110.462418691868 0.9765829145728643 0
897 0.11075305566767146 6 13524 13563.4 15656.73077146923 1.042265601892931 0
898 0.11075305566767146 6 13520 13609.2 15065.587995242895 1.0032100591715976 0
899 0.11075305566767146 6 11840 11503.4 15116.460485192476 1.1494256756756758 0
7 0.10122753402373003 6 13419 13393.0 15111.26446738043 1.022594828228631 0
8 0.10122753402373003 6 13368 13269.2 14748.740363179817 1.0018701376421304 0
9 0.10122753402373003 6 13127 13067.4 14612.40839446768 1.0108326350270436 0
10 0.10122753402373003 6 12839 12680.8 14390.18067810169 1.0177895474725445 0
11 0.10122753402373003 6 12923 12779.0 13964.446113448115 0.9812582217751296 0
12 0.10122753402373003 6 12725 12586.2 14072.586657289246 1.0042436149312377 0
13 0.10122753402373003 6 12939 12853.2 13860.269988729473 0.9727335961047995 0
14 0.10122753402373003 6 12756 12681.8 14154.297740313808 1.0076199435559736 0
15 0.10122753402373003 6 13236 13315.4 13965.547340982139 0.9581293442127531 0
16 0.10122753402373003 6 13267 13335.8 14663.285106539575 1.0036481495439813 0
17 0.10122753402373003 6 13275 13385.0 14685.75014823366 1.0045800376647833 0
18 0.10122753402373003 6 13339 13419.0 14739.930542907627 1.0034485343728916 0
19 0.10122753402373003 6 13337 13453.2 14777.372279064433 1.006148309214966 0
20 0.10122753402373003 6 13304 13317.6 14815.034260728047 1.0112146722790138 0
21 0.10122753402373003 6 13164 13143.4 14665.707807114428 1.0116681859617138 0
22 0.10122753402373003 6 13649 13723.8 14473.873970687493 0.962956993186314 0
23 0.10122753402373003 6 13346 13347.4 15113.026431434866 1.0283081072980669 0
24 0.10122753402373003 6 13574 13621.4 14698.524387628335 0.9833063209076175 0
25 0.10122753402373003 6 13638 13704.8 15000.260731950837 0.9987828127291392 0
26 0.10122753402373003 6 13336 13370.4 15092.103108288415 1.0276544691061786 0
27 0.10122753402373003 6 13686 13693.4 14723.85262091088 0.9769399386234108 0
28 0.10122753402373003 6 13619 13673.6 15079.549114400545 1.0054629561641824 0
29 0.10122753402373003 6 13412 13379.6 15057.744809226877 1.019504920966299 0
30 0.10122753402373003 6 13686 13695.6 14733.9839142239 0.9776121584100541 0
31 0.10122753402373003 6 13437 13457.2 15081.971814975399 1.01924536726948 0
32 0.10122753402373003 6 13636 13626.0 14819.439170864141 0.9868876503373424 0
33 0.10122753402373003 6 13300 13236.2 15005.326378607346 1.0245112781954888 0
34 0.10122753402373003 6 13186 13140.8 14576.067885844897 1.003807068102533 0
35 0.10122753402373003 6 13097 12979.2 14471.010779099031 1.0033442773154158 0
36 0.10122753402373003 6 12837 12717.0 14293.052409600798 1.0110773545220846 0
37 0.10122753402373003 6 13146 13048.0 14004.310550179776 0.9673664993153811 0
38 0.10122753402373003 6 13226 13211.2 14368.81686394163 0.9865416603659458 0
39 0.10122753402373003 6 12886 12826.0 14548.537197494303 1.0252366909824617 0
40 0.10122753402373003 6 13057 13049.0 14124.344351388361 0.9823083403538332 0
41 0.10122753402373003 6 12887 12897.0 14369.918091475654 1.012570807790797 0
42 0.10122753402373003 6 12815 12748.8 14202.531506304047 1.0063987514631292 0
43 0.10122753402373003 6 12794 12707.6 14039.329585761729 0.9964670939502891 0
44 0.10122753402373003 6 12777 12755.2 13993.959011359953 0.994568365030915 0
45 0.10122753402373003 6 12566 12467.8 14046.377441979483 1.0150565016711763 0
46 0.10122753402373003 6 12377 12275.0 13729.884648701061 1.0073361880908136 0
47 0.10122753402373003 6 12151 12018.2 13517.567980141286 1.0102049214056457 0
48 0.10122753402373003 6 12309 12212.0 13234.772749403994 0.976375010155171 0
49 0.10122753402373003 6 12248 12142.2 13448.190645497793 0.9970607446113651 0
50 0.10122753402373003 6 12391 12356.0 13371.324963622936 0.9799209103381488 0
51 0.10122753402373003 6 12137 12089.0 13606.76741039721 1.018043997693005 0
52 0.10122753402373003 6 12235 12251.8 13312.739658812872 0.9880670208418472 0
53 0.10122753402373003 6 12701 12779.4 13492.019501351935 0.9646327060861349 0
54 0.10122753402373003 6 12053 12014.0 14073.027148302855 1.060267153405791 0
55 0.10122753402373003 6 12175 12131.8 13230.147593761094 0.986776180698152 0
56 0.10122753402373003 6 12451 12513.8 13359.872197269087 0.9743635049393622 0
57 0.10122753402373003 6 11681 11570.2 13780.541115266153 1.0712952658162829 0
58 0.10122753402373003 6 12301 12221.0 12741.422814161362 0.940590195919031 0
59 0.10122753402373003 6 12094 12102.2 13458.101693304005 1.0105010749131802 0
60 0.10122753402373003 6 14178 12102.2 13327.275862261988 0.8535900691211737 1
61 0.10122753402373003 6 14391 12102.2 13327.275862261988 0.8409561531512751 1
62 0.10122753402373003 6 14307 12102.2 13327.275862261988 0.8458936185084225 1
63 0.10122753402373003 6 14734 12102.2 13327.275862261988 0.8213791231166011 1
64 0.10122753402373003 6 14674 12102.2 13327.275862261988 0.8247376311844078 1
65 0.10122753402373003 6 12943 12102.2 13327.275862261988 0.9350382446109867 0
66 0.10122753402373003 6 12591 12619.0 13327.275862261988 0.9611786196489557 0
67 0.10122753402373003 6 12674 12872.6 13896.39025184545 0.9956604071327126 0
68 0.10122753402373003 6 13049 13198.6 14175.661554473869 0.9864817227373746 0
69 0.10122753402373003 6 13770 14105.2 14534.661730565604 0.9585039941902688 0
70 0.10122753402373003 6 13612 13745.8 15533.034612911519 1.0362327358213341 0
71 0.10122753402373003 6 14356 14709.0 15137.253437183388 0.9574951239899693 0
72 0.10122753402373003 6 14379 14720.0 16197.955797955046 1.0229501356144377 0
73 0.10122753402373003 6 13494 13583.0 16210.069300829307 1.0908551949014378 0
74 0.10122753402373003 6 13311 13219.2 14957.973594644325 1.0204342273307792 0
75 0.10122753402373003 6 14031 14114.8 14557.347017766493 0.9421423989737011 0
76 0.10122753402373003 6 14374 14377.6 15543.606397238145 0.9819674412133017 0
77 0.10122753402373003 6 14435 14446.2 15833.008993179583 0.9960235538621407 0
78 0.10122753402373003 6 14317 14481.6 15908.55320201361 1.0090242369211428 0
79 0.10122753402373003 6 14406 14625.0 15947.53665671805 1.0052478134110787 0
80 0.10122753402373003 6 14050 14053.8 16105.452685097052 1.0409252669039146 0
81 0.10122753402373003 6 13732 13603.6 15476.431517662697 1.0234343140110689 0
82 0.10122753402373003 6 14309 14283.8 14980.658881845215 0.9507023551610875 0
83 0.10122753402373003 6 14909 15027.4 15729.713850488155 0.9580655979609631 0
84 0.10122753402373003 6 14675 14728.8 16548.5866447882 1.0240136286201023 0
85 0.10122753402373003 6 14562 14664.4 16219.760103128714 1.011454470539761 0
86 0.10122753402373003 6 14518 14675.2 16148.841049937588 1.0100840336134453 0
87 0.10122753402373003 6 14016 13957.4 16160.734307305045 1.0470319634703198 0
88 0.10122753402373003 6 14015 13836.2 15370.27318338281 0.9958901177310024 0
89 0.10122753402373003 6 14713 14720.6 15236.804406259134 0.9404064432814518 0
90 0.10122753402373003 6 14628 14641.2 16210.730037349722 1.006330325403336 0
91 0.10122753402373003 6 14762 14810.8 16123.292571148238 0.991816826988213 0
92 0.10122753402373003 6 14871 15042.0 16310.06076091866 0.9959518525990182 0
93 0.10122753402373003 6 15002 15199.4 16564.664566784948 1.0026663111585121 0
94 0.10122753402373003 6 14275 14187.4 16737.997780640282 1.0647565674255692 0
95 0.10122753402373003 6 14085 13976.4 15623.555516208267 1.0072701455449058 0
96 0.10122753402373003 6 14268 14169.2 15391.19650652926 0.9795626576955424 0
97 0.10122753402373003 6 13889 13692.6 15603.513175089038 1.0201742386060912 0
98 0.10122753402373003 6 13549 13258.4 15078.668132373326 1.0105985681600118 0
99 0.10122753402373003 6 13717 13605.4 14600.515137100223 0.9665670336079317 0
100 0.10122753402373003 6 14069 14065.8 14982.641091406456 0.9670481199800981 0
101 0.10122753402373003 6 13845 13760.4 15489.646248070982 1.0159479956663056 0
102 0.10122753402373003 6 13465 13380.2 15153.331359180134 1.0219383587077608 0
103 0.10122753402373003 6 14117 14230.6 14734.644650744314 0.9478076078486931 0
104 0.10122753402373003 6 13684 13677.4 15671.128545678093 1.0399444606840105 0
105 0.10122753402373003 6 13238 13071.8 15061.929473856166 1.033192325124641 0
106 0.10122753402373003 6 13812 13805.4 14395.026079251395 0.9464089197799015 0
107 0.10122753402373003 6 13284 13247.8 15202.886598211202 1.0392502258355916 0
108 0.10122753402373003 6 13073 12864.2 14588.842125239571 1.0133710701445728 0
109 0.10122753402373003 6 12960 12815.2 14166.41124318807 0.9926080246913581 0
110 0.10122753402373003 6 12836 12755.6 14112.451094020906 0.9983795574945467 0
111 0.10122753402373003 6 13262 13152.0 14046.817932993092 0.961815714070276 0
112 0.10122753402373003 6 13169 13146.0 14483.344527480098 0.998709089528438 0
113 0.10122753402373003 6 12722 12651.8 14476.737162275957 1.0333280930671278 0
114 0.10122753402373003 6 12581 12505.2 13932.510514961428 1.005627533582386 0
115 0.10122753402373003 6 12604 12557.6 13771.07055847355 0.9921612186607427 0
116 0.10122753402373003 6 12566 12426.8 13828.774881256393 0.9993315295241127 0
117 0.10122753402373003 6 12821 12751.4 13684.734319806088 0.9692535683644021 0
118 0.10122753402373003 6 12831 12852.8 14042.192777350192 0.9937962746473384 0
119 0.10122753402373003 6 13054 13148.6 14153.857249300198 0.9845870997395434 0
120 0.10122753402373003 6 12917 12979.6 14479.600353864418 1.0179298598745838 0
121 0.10122753402373003 6 13051 13148.0 14293.492900614407 0.9945291548540341 0
122 0.10122753402373003 6 13079 13130.6 14478.939617344004 1.005275632693631 0
123 0.10122753402373003 6 13059 13104.6 14459.77825825199 1.0054828087908723 0
124 0.10122753402373003 6 13913 14084.8 14431.146342367374 0.9418960684252139 0
125 0.10122753402373003 6 12829 12811.4 15510.569571217433 1.0978875984098526 0
126 0.10122753402373003 6 12887 12854.2 14108.266429391615 0.9941336230309614 0
127 0.10122753402373003 6 12783 12723.8 14155.398967847832 1.005569897520144 0
128 0.10122753402373003 6 13055 13054.2 14011.798897411136 0.9746304098046725 0
129 0.10122753402373003 6 13129 12972.2 14375.644474652578 0.9943026887043949 0
130 0.10122753402373003 6 13368 13475.8 14285.343816862633 0.9703919808497906 0
131 0.10122753402373003 6 12857 12851.0 14839.92200299698 1.0481294236602627 0
132 0.10122753402373003 6 12976 13014.6 14151.875039738956 0.9903668310727497 0
133 0.10122753402373003 6 12888 12854.6 14332.035864305239 1.0098230912476722 0
134 0.10122753402373003 6 12971 12939.4 14155.839458861441 0.9910261352247322 0
135 0.10122753402373003 6 13152 13108.8 14249.223553746653 0.9838351581508515 0
136 0.10122753402373003 6 13256 13335.8 14435.771498010272 0.9888955944477972 0
137 0.10122753402373003 6 13114 13141.6 14685.75014823366 1.0169132225102944 0
138 0.10122753402373003 6 13345 13436.4 14471.891761126251 0.9847583364556014 0
139 0.10122753402373003 6 13465 13563.8 14796.533638156447 0.9978759747493502 0
140 0.10122753402373003 6 12780 12705.6 14936.830025991068 1.0613302034428795 0
141 0.10122753402373003 6 13266 13268.0 13991.756556291904 0.957756671189507 0
142 0.10122753402373003 6 13096 13092.4 14611.086921426851 1.0131337813072694 0
143 0.10122753402373003 6 13081 13028.2 14417.711366452284 1.000871493005122 0
144 0.10122753402373003 6 13091 13016.2 14347.012558767961 0.9952028110915897 0
145 0.10122753402373003 6 13131 13201.2 14333.797828359677 0.9912573299824843 0
146 0.10122753402373003 6 13069 13029.6 14537.524922154067 1.0101155405922413 0
147 0.10122753402373003 6 12930 12896.8 14348.554277315594 1.0077030162412994 0
148 0.10122753402373003 6 12761 12697.0 14202.311260797242 1.0106417992320351 0
149 0.10122753402373003 6 12675 12591.8 13982.285999499301 1.0017357001972387 0
150 0.10122753402373003 6 12350 12193.8 13866.436862920003 1.019578947368421 0
151 0.10122753402373003 6 12494 12379.0 13428.14830437856 0.9759724667840562 0
152 0.10122753402373003 6 12456 12361.2 13632.095643679755 0.9938182402055235 0
153 0.10122753402373003 6 12269 12170.6 13612.493793574133 1.007514874887929 0
154 0.10122753402373003 6 12485 12447.0 13402.59982558921 0.9748177813376051 0
155 0.10122753402373003 6 12261 12243.2 13706.979115993368 1.015170051382432 0
156 0.10122753402373003 6 12625 12651.2 13482.548944559332 0.9697584158415842 0
157 0.10122753402373003 6 12816 12888.0 13931.849778441016 0.9871410736579277 0
158 0.10122753402373003 6 12802 12908.6 14192.620458497833 1.0067177003593188 0
159 0.10122753402373003 6 12659 12693.8 14215.305745698723 1.0197171972509678 0
160 0.10122753402373003 6 12908 13037.4 13978.762071390423 0.983405639913232 0
161 0.10122753402373003 6 12516 12494.2 14357.143852080979 1.0416586768935763 0
162 0.10122753402373003 6 12997 13033.2 13758.957055599289 0.9613141494190968 0
163 0.10122753402373003 6 12976 13010.8 14352.51869643808 1.0044081381011098 0
164 0.10122753402373003 6 12910 12960.2 14327.851199675946 1.0078079008520526 0
165 0.10122753402373003 6 12748 12716.0 14272.129086454348 1.0166457483526827 0
166 0.10122753402373003 6 12812 12871.2 14003.209322645751 0.9925070246643771 0
167 0.10122753402373003 6 12715 12658.6 14174.119835926236 1.0122847031065672 0
168 0.10122753402373003 6 12687 12629.2 13939.99886219279 0.9977614881374636 0
169 0.10122753402373003 6 13361 13451.2 13907.622772692494 0.9452286505501086 0
170 0.10122753402373003 6 12813 12826.0 14812.831805659998 1.0498087879497386 0
171 0.10122753402373003 6 12965 12995.6 14124.344351388361 0.9892788276128037 0
172 0.10122753402373003 6 12848 12874.6 14311.112541158787 1.0114881693648816 0
173 0.10122753402373003 6 12900 12942.6 14177.864009541916 0.998031007751938 0
174 0.10122753402373003 6 12901 12809.0 14252.74748185553 1.0032245562359507 0
175 0.10122753402373003 6 12643 12609.0 14105.623483309959 1.0131297951435576 0
176 0.10122753402373003 6 13000 13007.0 13885.377976505213 0.9699230769230769 0
177 0.10122753402373003 6 12840 12838.4 14323.666535046657 1.013006230529595 0
178 0.10122753402373003 6 12933 12939.6 14137.999572810257 0.9926853784891363 0
179 0.10122753402373003 6 12690 12647.8 14249.443799253459 1.0196690307328606 0
180 0.10122753402373003 6 12970 13035.4 13928.105604825332 0.9751580570547417 0
181 0.10122753402373003 6 13071 13085.2 14354.94139701293 0.9972764134343203 0
182 0.10122753402373003 6 13099 13150.8 14409.782528207314 0.998946484464463 0
183 0.10122753402373003 6 12860 12845.4 14482.023054439269 1.0226127527216173 0
184 0.10122753402373003 6 12662 12656.4 14145.708165548422 1.0144842836834622 0
185 0.10122753402373003 6 12963 12961.6 13937.576161617937 0.9763480675769498 0
186 0.10122753402373003 6 13074 13074.6 14273.67080500198 0.9914027841517516 0
187 0.10122753402373003 6 12944 12913.0 14398.109516346662 1.0100896168108777 0
188 0.10122753402373003 6 13070 13112.0 14220.151146848426 0.9879877582249427 0
189 0.10122753402373003 6 12834 12868.4 14439.295426119148 1.0216612124045503 0
190 0.10122753402373003 6 12724 12676.2 14171.036398830967 1.0113486325055014 0
191 0.10122753402373003 6 12793 12736.8 13959.380466791608 0.9908700070350974 0
192 0.10122753402373003 6 12446 12346.4 14026.114855353444 1.0233649365257913 0
193 0.10122753402373003 6 12678 12599.6 13596.195626070581 0.9738444549613503 0
194 0.10122753402373003 6 12808 12802.8 13875.02643768539 0.9837289194253592 0
195 0.10122753402373003 6 12416 12354.4 14098.79587259901 1.0311533505154638 0
196 0.10122753402373003 6 12300 12201.4 13605.005446342771 1.0044227642276422 0
197 0.10122753402373003 6 12162 12105.2 13436.51763363714 1.0032395987502056 0
198 0.10122753402373003 6 12278 12198.0 13330.579544864058 0.9859260465873921 0
199 0.10122753402373003 6 12349 12257.2 13432.773460021459 0.9877722892541906 0
200 0.10122753402373003 6 12829 12911.6 13497.966130035666 0.9554291059318731 0
201 0.10122753402373003 6 13273 13467.6 14218.609428300793 0.972771792360431 0
202 0.10122753402373003 6 13118 13309.2 14830.891937217988 1.0266504040250037 0
203 0.10122753402373003 6 13001 13145.6 14656.457495828628 1.0237058687793248 0
204 0.10122753402373003 6 13621 13875.4 14476.296671262347 0.9650980104250789 0
205 0.10122753402373003 6 13975 14204.2 15279.972525592864 0.9928729874776386 0
206 0.10122753402373003 6 13954 14090.2 15642.056138779868 1.0179303425541064 0
207 0.10122753402373003 6 13888 14042.0 15516.516199901162 1.014559331797235 0
208 0.10122753402373003 6 14039 14246.6 15463.437032761218 1.0002136904337915 0
209 0.10122753402373003 6 14155 14261.8 15688.748186222474 1.006471211586012 0
210 0.10122753402373003 6 13936 13928.2 15705.486844739633 1.0233783008036739 0
211 0.10122753402373003 6 14314 14386.0 15338.117339389319 0.9730473662148945 0
212 0.10122753402373003 6 15007 15230.8 15842.25930446538 0.9586193109882055 0
213 0.10122753402373003 6 14918 15093.8 16772.57632520863 1.0209679581713367 0
214 0.10122753402373003 6 14709 14819.8 16621.708153047377 1.0261608538989733 0
215 0.10122753402373003 6 14495 14606.8 16319.971808724875 1.0224077268023455 0
216 0.10122753402373003 6 14850 14957.2 16085.41034397782 0.9836228956228956 0
217 0.10122753402373003 6 14707 14647.0 16471.280471899736 1.017012307064663 0
218 0.10122753402373003 6 14894 14889.2 16129.679690845574 0.9834161407278098 0
219 0.10122753402373003 6 15147 15234.6 16396.396999586123 0.9829801280781674 0
220 0.10122753402373003 6 14863 14936.6 16776.76098983792 1.0250016820292 0
221 0.10122753402373003 6 14584 14530.8 16448.595184698846 1.0241771804717499 0
222 0.10122753402373003 6 14182 14077.0 16001.717051392015 1.0245945564800452 0
223 0.10122753402373003 6 14377 14273.6 15501.979996452048 0.9791333379703694 0
224 0.10122753402373003 6 15082 15069.0 15718.481329641114 0.9463996817398224 0
225 0.10122753402373003 6 14446 14362.6 16594.39771020359 1.0431261248788593 0
226 0.10122753402373003 6 14791 14832.4 15816.490580169226 0.9710364410790345 0
227 0.10122753402373003 6 15509 15774.4 16333.847275653574 0.9563737184860404 0
228 0.10122753402373003 6 19357 15774.4 17371.20361270393 0.8149196673038177 1
229 0.10122753402373003 6 18590 15774.4 17371.20361270393 0.8485422270037655 1
230 0.10122753402373003 6 18886 15774.4 17371.20361270393 0.8352430371703907 1
231 0.10122753402373003 6 18621 15774.4 17371.20361270393 0.8471295848772891 1
232 0.10122753402373003 6 18966 15774.4 17371.20361270393 0.8317199198565854 1
233 0.10122753402373003 6 18879 15774.4 17371.20361270393 0.8355527305471688 1
234 0.10122753402373003 6 18919 15774.4 17371.20361270393 0.8337861409165389 1
235 0.10122753402373003 6 19277 15774.4 17371.20361270393 0.8183016029465165 1
236 0.10122753402373003 6 14814 15774.4 17371.20361270393 1.0648305656811123 0
237 0.10122753402373003 6 14667 14584.0 17371.20361270393 1.0755028294811482 0
238 0.10122753402373003 6 14773 14838.4 16060.302356202079 0.9872063900358763 0
239 0.10122753402373003 6 14893 14913.4 16340.454640857715 0.9963338481165648 0
240 0.10122753402373003 6 14693 14529.8 16423.046705909495 1.0150003402981012 0
241 0.10122753402373003 6 14742 14727.6 16000.615823857992 0.9856057522724189 0
242 0.10122753402373003 6 14400 14346.6 16218.438630087887 1.02275 0
243 0.10122753402373003 6 14740 14733.4 15798.870939624847 0.9733107191316147 0
244 0.10122753402373003 6 14551 14482.6 16224.825749785225 1.012535220947014 0
245 0.10122753402373003 6 14353 14285.0 15948.637884252073 1.009029471190692 0
246 0.10122753402373003 6 14277 14184.0 15731.035323528984 1.0005603418085032 0
247 0.10122753402373003 6 14678 14733.6 15619.811342592588 0.9663441885815506 0
248 0.10122753402373003 6 14465 14410.0 16225.04599529203 1.0185689595575527 0
249 0.10122753402373003 6 14177 14102.2 15868.68876528195 1.016435070889469 0
250 0.10122753402373003 6 14818 14911.0 15529.730930309448 0.95169388581455 0
251 0.10122753402373003 6 14368 14386.2 16420.40375982784 1.037792316258352 0
252 0.10122753402373003 6 14344 14277.2 15842.479549972186 1.0029419966536532 0
253 0.10122753402373003 6 14816 14886.2 15722.4457487636 0.9636339092872571 0
254 0.10122753402373003 6 14275 14294.6 16393.09331698405 1.042816112084063 0
255 0.10122753402373003 6 14171 14041.6 15741.607107855612 1.0087220379648578 0
256 0.10122753402373003 6 14327 14318.8 15462.996541747609 0.980079570042577 0
257 0.10122753402373003 6 14082 14029.6 15768.256814178985 1.0168157932111916 0
258 0.10122753402373003 6 13971 13802.0 15449.781811339324 1.0041944026912892 0
259 0.10122753402373003 6 14096 14060.2 15199.142424595522 0.9791430192962542 0
260 0.10122753402373003 6 13931 13883.0 15483.479373880451 1.0092742803818822 0
261 0.10122753402373003 6 14194 14167.4 15288.341854851446 0.9780893335212062 0
262 0.10122753402373003 6 13948 13921.2 15601.530965527792 1.015729853742472 0
263 0.10122753402373003 6 14559 14676.6 15330.408746651152 0.9561920461570164 0
264 0.10122753402373003 6 14335 14382.8 16162.276025852678 1.0238297872340425 0
265 0.10122753402373003 6 14686 14837.0 15838.735376356504 0.9793544872667846 0
266 0.10122753402373003 6 14498 14558.8 16338.912922310083 1.023382535522141 0
267 0.10122753402373003 6 14424 14519.2 16032.55142234468 1.0093455352190792 0
268 0.10122753402373003 6 14570 14572.2 15988.942811997342 0.9965133836650653 0
269 0.10122753402373003 6 14645 14707.0 16047.3078713006 0.9950290201433937 0
270 0.10122753402373003 6 14591 14572.0 16195.753342886997 1.0079501062298677 0
271 0.10122753402373003 6 14505 14506.4 16047.087625793794 1.0046190968631505 0
272 0.10122753402373003 6 14395 14389.2 15974.847099561837 1.0077387981938173 0
273 0.10122753402373003 6 14294 14238.8 15845.783232574258 1.0066601371204702 0
274 0.10122753402373003 6 14574 14559.8 15680.158611457087 0.9770001372306847 0
275 0.10122753402373003 6 14331 14279.0 16033.652649878704 1.0159653897146046 0
276 0.10122753402373003 6 14331 14296.2 15724.427958324843 0.9963715023375899 0
277 0.10122753402373003 6 14305 14287.0 15743.36907191005 0.9993848304788536 0
278 0.10122753402373003 6 14713 14796.8 15733.237778597031 0.971046013729355 0
279 0.10122753402373003 6 14680 14701.2 16294.64357544233 1.0079564032697548 0
280 0.10122753402373003 6 14265 14251.8 16189.366223189661 1.030578338590957 0
281 0.10122753402373003 6 14496 14529.0 15694.474569399395 0.9831539735099337 0
282 0.10122753402373003 6 14736 14822.2 15999.734841830774 0.9859527687296417 0
283 0.10122753402373003 6 14223 14125.0 16322.614754806533 1.0421289460732617 0
284 0.10122753402373003 6 14619 14606.8 15554.838918085188 0.9662083589848827 0
285 0.10122753402373003 6 15307 15515.4 16085.41034397782 0.9542562226432351 0
286 0.10122753402373003 6 14693 14732.4 17085.98568139178 1.0559722316749471 0
287 0.10122753402373003 6 14222 14119.2 16223.724522251201 1.0358880607509493 0
288 0.10122753402373003 6 14529 14590.2 15548.45179838785 0.9717943423497832 0
289 0.10122753402373003 6 14326 14267.4 16067.129966913028 1.0184419935781097 0
290 0.10122753402373003 6 14357 14167.0 15711.653718930165 0.9937591418820088 0
291 0.10122753402373003 6 14440 14389.4 15601.090474514183 0.9810941828254848 0
292 0.10122753402373003 6 14022 13982.0 15846.003478081062 1.0262016830694622 0
293 0.10122753402373003 6 16309 13982.0 15397.363380719795 0.8573180452510883 1
294 0.10122753402373003 6 14075 13982.0 15397.363380719795 0.9933925399644761 0
295 0.10122753402373003 6 14280 14270.8 15397.363380719795 0.9791316526610644 0
296 0.10122753402373003 6 14034 13969.4 15715.397892545847 1.0168733076813452 0
297 0.10122753402373003 6 14305 14278.0 15383.487913791094 0.9765396714435511 0
298 0.10122753402373003 6 14093 14107.2 15723.326730790817 1.013127084368126 0
299 0.10122753402373003 6 14197 14221.4 15535.237067979566 0.99367472001127 0
300 0.10122753402373003 6 14419 14446.8 15660.997252365074 0.9862958596296553 0
301 0.10122753402373003 6 14500 14593.2 15909.213938534023 0.9963310344827586 0
302 0.10122753402373003 6 14269 14261.8 16070.433649515098 1.0227205830822061 0
303 0.10122753402373003 6 14349 14400.2 15705.486844739633 0.9939229214579413 0
304 0.10122753402373003 6 14569 14643.4 15857.89673544852 0.9884137552337154 0
305 0.10122753402373003 6 14284 14257.0 16125.71527172309 1.0251610193223186 0
306 0.10122753402373003 6 14350 14320.0 15700.20095257632 0.9935191637630661 0
307 0.10122753402373003 6 14359 14377.0 15769.578287219814 0.9972839334215474 0
308 0.10122753402373003 6 14444 14463.0 15832.348256659167 0.9953613957352534 0
309 0.10122753402373003 6 14197 14122.6 15927.053824585208 1.018736352750581 0
310 0.10122753402373003 6 14579 14638.0 15552.19597200353 0.9686946978530764 0
311 0.10122753402373003 6 14910 15022.0 16119.76864303936 0.9817572099262241 0
312 0.10122753402373003 6 14458 14477.8 16542.640016104473 1.039009544888643 0
313 0.10122753402373003 6 14705 14757.2 15943.35199208876 0.984549472968378 0
314 0.10122753402373003 6 14839 14967.4 16251.03496509499 0.9944874991576252 0
315 0.10122753402373003 6 14519 14507.0 16482.51299274678 1.03088366967422 0
316 0.10122753402373003 6 14803 14781.6 15975.507836082252 0.9800040532324529 0
317 0.10122753402373003 6 15140 15276.4 16277.904916925168 0.976327608982827 0
318 0.10122753402373003 6 14350 14279.0 16822.79230076011 1.0645574912891986 0
319 0.10122753402373003 6 13878 13685.8 15724.427958324843 1.0288946534082721 0
320 0.10122753402373003 6 13745 13590.2 15071.179785141965 0.9956929792651873 0
321 0.10122753402373003 6 14158 14029.0 14965.902432889297 0.9598954654612234 0
322 0.10122753402373003 6 14005 13778.0 15449.12107481891 1.0017136736879686 0
323 0.10122753402373003 6 13631 13487.2 15172.712963778953 1.0107842418017754 0
324 0.10122753402373003 6 14103 14148.0 14852.475996884854 0.9563355314472098 0
325 0.10122753402373003 6 13594 13563.8 15580.167151367734 1.040753273503016 0
326 0.10122753402373003 6 13751 13669.6 14936.830025991068 0.9863864446222093 0
327 0.10122753402373003 6 13664 13595.8 15053.33989909078 1.0004098360655738 0
328 0.10122753402373003 6 13896 13949.0 14972.069307079828 0.9783966609096142 0
329 0.10122753402373003 6 14015 13997.4 15361.022872097012 0.9952907599001071 0
330 0.10122753402373003 6 13893 13952.8 15414.32228474376 1.007514575685597 0
331 0.10122753402373003 6 13791 13799.0 15365.2075367263 1.011732289174099 0
332 0.10122753402373003 6 13957 14015.6 15195.838741993452 0.9886795156552267 0
333 0.10122753402373003 6 13775 13750.8 15434.364625862992 1.0174664246823957 0
334 0.10122753402373003 6 13914 13893.8 15142.759574853506 0.9882708063820612 0
335 0.10122753402373003 6 14181 14238.6 15300.2351122189 0.9797475495381144 0
336 0.10122753402373003 6 13646 13617.0 15679.938365950284 1.0434266451707461 0
337 0.10122753402373003 6 13666 13607.8 14995.415330801132 0.9964144592419142 0
338 0.10122753402373003 6 13550 13505.0 14985.284037488113 1.0042656826568266 0
339 0.10122753402373003 6 13801 13778.4 14872.077846990474 0.9785522788203753 0
340 0.10122753402373003 6 13697 13600.2 15173.153454792562 1.0059429072059576 0
341 0.10122753402373003 6 13561 13544.0 14976.914708229535 1.0028906422830175 0
342 0.10122753402373003 6 14126 14218.0 14915.0257208174 0.9587993770352542 0
343 0.10122753402373003 6 13529 13524.8 15657.253078749394 1.0509276369280804 0
344 0.10122753402373003 6 13440 13367.8 14893.882152164144 1.0063095238095237 0
345 0.10122753402373003 6 13559 13531.4 14720.989429322419 0.9858986650932959 0
346 0.10122753402373003 6 13743 13779.4 14901.150253888702 0.9846030706541512 0
347 0.10122753402373003 6 13739 13661.6 15174.254682326586 1.0029405342455782 0
348 0.10122753402373003 6 13665 13692.2 15044.53007881859 0.999751189169411 0
349 0.10122753402373003 6 14017 14132.4 15078.227641359717 0.9768281372618963 0
350 0.10122753402373003 6 14501 14689.4 15562.988001836962 0.9745810633749397 0
351 0.10122753402373003 6 14358 14481.0 16176.37173828818 1.023081209082045 0
352 0.10122753402373003 6 14738 14937.8 15946.875920197635 0.9825620844076537 0
353 0.10122753402373003 6 14356 14494.2 16449.916657739675 1.04052660908331 0
354 0.10122753402373003 6 14346 14411.8 15961.412123646749 1.0103304056879967 0
355 0.10122753402373003 6 14518 14521.4 15870.670974843193 0.9926849428295909 0
356 0.10122753402373003 6 14484 14509.2 15991.365512572194 1.002582159624413 0
357 0.10122753402373003 6 14787 14796.8 15977.930536657106 0.9812132278352608 0
358 0.10122753402373003 6 14439 14455.6 16294.64357544233 1.0247801094258604 0
359 0.10122753402373003 6 14483 14510.4 15918.904740833434 0.9981081267693158 0
360 0.10122753402373003 6 15206 15343.6 15979.252009697933 0.954254899381823 0
361 0.10122753402373003 6 16140 16471.2 16896.794791046505 0.9506567534076829 0
362 0.10122753402373003 6 16145 16416.6 18138.538958411664 1.0202043976463302 0
363 0.10122753402373003 6 15903 16195.8 18078.411935053966 1.032295793246557 0
364 0.10122753402373003 6 16005 16309.4 17835.260895541527 1.011921274601687 0
365 0.10122753402373003 6 16110 16290.8 17960.360343406624 1.0123774053382992 0
366 0.10122753402373003 6 16028 16005.6 17939.877511273782 1.0163963064636885 0
367 0.10122753402373003 6 15922 15877.4 17625.807418570213 1.0052505966587113 0
368 0.10122753402373003 6 15971 15984.6 17484.63004870837 0.9941393776219397 0
369 0.10122753402373003 6 16041 16048.2 17602.681640355717 0.9964840097250796 0
370 0.10122753402373003 6 15867 15818.4 17672.719711519625 1.01141992815277 0
371 0.10122753402373003 6 16161 16187.6 17419.657624200972 0.9788008167811397 0
372 0.10122753402373003 6 16033 16055.2 17826.230829762535 1.009642612112518 0
373 0.10122753402373003 6 15949 15944.6 17680.42830425779 1.0066587246849332 0
374 0.10122753402373003 6 16029 16026.6 17558.632538994767 0.9947345436396532 0
375 0.10122753402373003 6 15946 15961.8 17648.933196784714 1.0050545591370876 0
376 0.10122753402373003 6 16130 16123.8 17577.573652579973 0.98957222566646 0
377 0.10122753402373003 6 16082 16091.8 17755.97251309182 1.0025991792065663 0
378 0.10122753402373003 6 15678 15623.8 17720.73323200306 1.0263936726623293 0
379 0.10122753402373003 6 15718 15655.8 17205.358746079954 0.9940068711031937 0
380 0.10122753402373003 6 15977 15983.2 17240.59802716871 0.9798961006446767 0
381 0.10122753402373003 6 15975 15944.0 17601.139921808084 1.0005133020344288 0
382 0.10122753402373003 6 15757 15692.0 17557.971802474352 1.0118677413213175 0
383 0.10122753402373003 6 16107 16192.8 17280.462463900374 0.9742348047432793 0
384 0.10122753402373003 6 14998 14854.0 17831.957212939455 1.079663955194026 0
385 0.10122753402373003 6 14641 14373.8 16357.633790388487 1.014548186599276 0
386 0.10122753402373003 6 15368 15246.6 15828.82432855029 0.9353071317022383 0
387 0.10122753402373003 6 14476 14219.8 16789.975720246202 1.0532329372754905 0
388 0.10122753402373003 6 14149 13757.4 15659.235288310636 1.005003887200509 0
389 0.10122753402373003 6 14103 13924.0 15150.027676578064 0.975494575622208 0
390 0.10122753402373003 6 14661 14665.0 15333.492183746417 0.9497305777232112 0
391 0.10122753402373003 6 14525 14356.4 16149.501786458002 1.0096385542168675 0
392 0.10122753402373003 6 15065 15182.8 15809.662969458279 0.9529638234317955 0
393 0.10122753402373003 6 14470 14534.2 16719.717403575487 1.0492605390463026 0
394 0.10122753402373003 6 14551 14640.6 16005.461225007699 0.998845440175933 0
395 0.10122753402373003 6 14464 14424.6 16122.631834627822 1.0122096238938054 0
396 0.10122753402373003 6 14511 14508.2 15884.766687278698 0.9940458962166633 0
397 0.10122753402373003 6 14812 14761.4 15976.82930912308 0.9794896030245748 0
398 0.10122753402373003 6 14681 14723.2 16255.660120737888 1.0054764661807778 0
399 0.10122753402373003 6 15064 15166.6 16213.593228938184 0.9773765268189061 0
400 0.10122753402373003 6 14431 14424.4 16701.877517524306 1.0509735985032223 0
401 0.10122753402373003 6 14658 14687.4 15884.546441771892 0.9840633101378087 0
402 0.10122753402373003 6 14794 14790.4 16174.169283220133 0.9927943760984183 0
403 0.10122753402373003 6 14641 14633.0 16287.595719224577 1.010204221023154 0
404 0.10122753402373003 6 14699 14626.0 16114.262505369243 0.99550989863256 0
405 0.10122753402373003 6 14859 14944.6 16106.553912631076 0.9843192677838347 0
406 0.10122753402373003 6 14881 14925.6 16457.40500497104 1.0042739063234998 0
407 0.10122753402373003 6 14675 14651.2 16436.481681824585 1.017076660988075 0
408 0.10122753402373003 6 14669 14674.6 16134.304846488474 0.9987865566841639 0
409 0.10122753402373003 6 14985 15042.2 16160.07357078463 0.979285952619286 0
410 0.10122753402373003 6 14576 14519.4 16564.884812291755 1.031984083424808 0
411 0.10122753402373003 6 14748 14721.4 15989.163057504145 0.9844995931651749 0
412 0.10122753402373003 6 15170 15269.0 16211.61101937694 0.9704284772577455 0
413 0.10122753402373003 6 14652 14648.6 16814.643217008335 1.042110292110292 0
414 0.10122753402373003 6 15217 15263.4 16131.441654900013 0.9626470394953013 0
415 0.10122753402373003 6 14744 14777.6 16808.4763428178 1.0352278893109061 0
416 0.10122753402373003 6 15068 15132.0 16273.500006789074 0.9807273692593576 0
417 0.10122753402373003 6 15513 15581.6 16663.775044847083 0.9754399535873138 0
418 0.10122753402373003 6 15167 15270.0 17158.886944144153 1.0273356629524626 0
419 0.10122753402373003 6 15453 15500.2 16815.744444542357 0.9881576392933411 0
420 0.10122753402373003 6 15518 15672.8 17069.24702287462 0.998852944967135 0
421 0.10122753402373003 6 15707 15834.8 17259.318895247117 0.9978226268542687 0
422 0.10122753402373003 6 15439 15424.2 17437.71775575896 1.0256363754129152 0
423 0.10122753402373003 6 15557 15635.0 16985.55373028882 0.9914636498039469 0
424 0.10122753402373003 6 15775 15839.4 17217.69249446102 0.9911251980982567 0
425 0.10122753402373003 6 15791 15845.6 17442.78340241547 1.003065037046419 0
426 0.10122753402373003 6 15730 15734.6 17449.611013126418 1.0073490146217419 0
427 0.10122753402373003 6 15996 16107.4 17327.374756849782 0.9836584146036509 0
428 0.10122753402373003 6 15636 15651.8 17737.912381533828 1.0301483755436174 0
429 0.10122753402373003 6 15574 15533.8 17236.193117032617 1.004995505329395 0
430 0.10122753402373003 6 15881 15899.0 17106.24826801782 0.9781373968893646 0
431 0.10122753402373003 6 15789 15800.8 17508.416563443283 1.0069668756729369 0
432 0.10122753402373003 6 15567 15481.2 17400.27601960215 1.0150189503436757 0
433 0.10122753402373003 6 15809 15843.6 17048.32369972817 0.9792649756467835 0
434 0.10122753402373003 6 15515 15503.2 17447.40855805837 1.021179503706091 0
435 0.10122753402373003 6 15659 15614.6 17072.550705476693 0.9900504502203207 0
436 0.10122753402373003 6 15626 15593.4 17195.227452766936 0.9992704466914117 0
437 0.10122753402373003 6 15386 15349.8 17171.881429045632 1.0134797868191863 0
438 0.10122753402373003 6 16226 16309.4 16903.62240175745 0.9460002465179341 0
439 0.10122753402373003 6 15701 15738.2 17960.360343406624 1.0387491242596012 0
440 0.10122753402373003 6 15855 15894.2 17331.33917597227 0.992633238725954 0
441 0.10122753402373003 6 15656 15662.0 17503.13067127997 1.0152146142054166 0
442 0.10122753402373003 6 15436 15446.0 17247.42563787966 1.014641098730241 0
443 0.10122753402373003 6 15246 15050.0 17009.560490530534 1.0131181949363768 0
444 0.10122753402373003 6 15423 15367.4 16573.474387057136 0.9758153407248914 0
445 0.10122753402373003 6 16106 16156.2 16923.00400635627 0.9541413137961008 0
446 0.10122753402373003 6 15336 15272.0 17791.652285194188 1.0534820031298906 0
447 0.10122753402373003 6 15564 15589.6 16817.946899610404 0.9812387561038294 0
448 0.10122753402373003 6 15293 15302.4 17167.69676441634 1.0193944942130386 0
449 0.10122753402373003 6 14926 14826.6 16851.424216644726 1.0252177408548842 0
450 0.10122753402373003 6 14815 14556.8 16327.460155956236 1.0007829902126224 0
451 0.10122753402373003 6 16164 16329.6 16030.348967276634 0.9005691660480079 0
452 0.10122753402373003 6 15084 14988.0 17982.605139593903 1.0825775656324583 0
453 0.10122753402373003 6 14636 14504.6 16505.19827994767 1.0240502869636512 0
454 0.10122753402373003 6 15505 15620.8 15972.864890000596 0.9354788777813609 0
455 0.10122753402373003 6 14412 14331.4 17202.05506347788 1.0838745489869552 0
456 0.10122753402373003 6 14966 14726.4 15782.132281107684 0.9575972203661632 0
457 0.10122753402373003 6 15290 15331.2 16217.117157047058 0.963139306736429 0
458 0.10122753402373003 6 14411 14366.0 16883.13956962461 1.0638540004163486 0
459 0.10122753402373003 6 15528 15532.6 15820.234753784905 0.9251674394641937 0
460 0.10122753402373003 6 14508 14527.2 17104.92679497699 1.0706231044940722 0
461 0.10122753402373003 6 14484 14387.6 15997.752632269532 1.0029826014913008 0
462 0.10122753402373003 6 15206 15189.2 15844.021268519818 0.9461791398132317 0
463 0.10122753402373003 6 13923 13825.4 16726.765259793243 1.0909430438842205 0
464 0.10122753402373003 6 14821 14679.6 15224.911148891677 0.9328250455434856 0
465 0.10122753402373003 6 13740 13586.4 16165.579708454748 1.0683842794759826 0
466 0.10122753402373003 6 13689 13530.0 14961.717768260007 0.9925049309664694 0
467 0.10122753402373003 6 13753 13462.4 14899.608535341067 0.9837853559223442 0
468 0.10122753402373003 6 13798 13773.0 14825.165554041063 0.9756776344397738 0
469 0.10122753402373003 6 13421 13141.0 15167.206826108835 1.0262275538335444 0
470 0.10122753402373003 6 13850 13872.0 14471.231024605837 0.9488086642599278 0
471 0.10122753402373003 6 13849 13881.0 15276.228351977185 1.0016607697306665 0
472 0.10122753402373003 6 13564 13526.2 15286.139399783397 1.023370687112946 0
473 0.10122753402373003 6 13446 13375.6 14895.423870711778 1.0059645991372899 0
474 0.10122753402373003 6 13701 13757.0 14729.579004087804 0.9762499087657835 0
475 0.10122753402373003 6 14291 14379.2 15149.587185564455 0.9626338254845707 0
476 0.10122753402373003 6 14200 14270.2 15834.77095723402 1.0126197183098593 0
477 0.10122753402373003 6 13872 13933.6 15714.737156025434 1.0287053056516724 0
478 0.10122753402373003 6 14119 14253.6 15344.063968073046 0.9868687584106524 0
479 0.10122753402373003 6 14389 14526.6 15696.456778960639 0.9905900340537911 0
480 0.10122753402373003 6 14082 14040.2 15997.091895749118 1.0315722198551343 0
481 0.10122753402373003 6 14078 14053.6 15461.454823199976 0.9973149595112942 0
482 0.10122753402373003 6 14439 14552.4 15476.211272155893 0.9733084008587852 0
483 0.10122753402373003 6 14675 14786.2 16025.503566126928 0.9916456558773424 0
484 0.10122753402373003 6 14525 14552.2 16282.970563581679 1.0179827882960413 0
485 0.10122753402373003 6 14496 14578.8 16025.283320620125 1.003876931567329 0
486 0.10122753402373003 6 15164 15381.2 16054.575973025156 0.9614085993141651 0
487 0.10122753402373003 6 15100 15232.2 16938.200946325796 1.0186225165562914 0
488 0.10122753402373003 6 15759 15975.8 16774.11804375626 0.9665714829621169 0
489 0.10122753402373003 6 15199 15333.8 17592.990838056307 1.0511086255674715 0
490 0.10122753402373003 6 14615 14638.8 16886.002761213073 1.049182346903866 0
491 0.10122753402373003 6 14873 14814.8 16120.649625066579 0.9842533449875613 0
492 0.10122753402373003 6 15769 15902.8 16314.465671054755 0.9394888705688376 0
493 0.10122753402373003 6 15230 15124.2 17512.601228072574 1.0441759684832568 0
494 0.10122753402373003 6 15770 15884.2 16655.1854700817 0.9590488268864934 0
495 0.10122753402373003 6 15183 15296.6 17492.118395939735 1.046183231245472 0
496 0.10122753402373003 6 14990 15013.4 16845.03709694739 1.0204536357571714 0
497 0.10122753402373003 6 15796 15801.4 16533.16945931187 0.9504558115978728 0
498 0.10122753402373003 6 15200 15194.0 17400.936756122566 1.0395657894736843 0
499 0.10122753402373003 6 15774 15774.8 16732.051151956555 0.9632306326866996 0
500 0.10122753402373003 6 15228 15237.0 17371.644103717535 1.035907538744418 0
501 0.10122753402373003 6 15702 15844.4 16779.403935919574 0.9703859380970578 0
502 0.10122753402373003 6 15469 15403.6 17448.28954008559 1.0242678906199496 0
503 0.10122753402373003 6 15029 14994.8 16962.86844308793 1.0249251447202077 0
504 0.10122753402373003 6 16056 16112.4 16512.686627179028 0.9339063278525161 0
505 0.10122753402373003 6 15423 15462.0 17743.418519203948 1.0446994748103482 0
506 0.10122753402373003 6 15756 15766.8 17027.180131074914 0.9813404417364814 0
507 0.10122753402373003 6 15966 16065.4 17362.834283445347 0.9875234874107478 0
508 0.10122753402373003 6 15023 15021.8 17691.660825104835 1.0693869400252944 0
509 0.10122753402373003 6 16024 16017.6 16542.41977059767 0.9374563155267099 0
510 0.10122753402373003 6 15138 15081.0 17639.0221489785 1.0581054300435988 0
511 0.10122753402373003 6 14919 14751.6 16607.612440611872 1.0108586366378443 0
512 0.10122753402373003 6 15921 15912.0 16244.868090904458 0.9265498398341813 0
513 0.10122753402373003 6 15159 15186.2 17522.732521385595 1.0496734613101129 0
514 0.10122753402373003 6 15881 15852.4 16723.46157719117 0.9562496064479568 0
515 0.10122753402373003 6 14905 14858.4 17457.099360357777 1.0635625628983563 0
516 0.10122753402373003 6 14750 14716.2 16362.47919153819 1.0073491525423728 0
517 0.10122753402373003 6 15794 15768.6 16205.884636200017 0.9317588957832088 0
518 0.10122753402373003 6 15115 15106.2 17364.81649300659 1.0432418127687728 0
519 0.10122753402373003 6 15063 14899.4 16635.36337446927 1.002867954590719 0
520 0.10122753402373003 6 14975 14989.0 16407.62952043316 0.9949515859766277 0
521 0.10122753402373003 6 15080 15146.0 16506.29950748169 0.9939655172413793 0
522 0.10122753402373003 6 14628 14394.8 16679.192230323417 1.0354115395132621 0
523 0.10122753402373003 6 15086 15080.2 15851.950106764789 0.9541826859339785 0
524 0.10122753402373003 6 15156 15174.6 16606.731458584654 0.9949986803906045 0
525 0.10122753402373003 6 15091 15114.2 16710.687337796495 1.0055397256643033 0
526 0.10122753402373003 6 14823 14771.6 16644.173194741463 1.0196451460568037 0
527 0.10122753402373003 6 14919 14977.2 16266.892641584931 0.9901199812319861 0
528 0.10122753402373003 6 14923 14890.4 16493.30502258021 1.00363197748442 0
529 0.10122753402373003 6 15018 14990.4 16397.71847262695 0.9915035290984152 0
530 0.10122753402373003 6 15059 15052.6 16507.841226029323 0.9954445846337738 0
531 0.10122753402373003 6 15101 15156.6 16576.337578645598 0.9967949142440898 0
532 0.10122753402373003 6 14842 14826.6 16690.865242184067 1.0211966042312357 0
533 0.10122753402373003 6 14967 14975.8 16327.460155956236 0.990619362597715 0
534 0.10122753402373003 6 14896 14871.6 16491.763304032575 1.0053571428571428 0
535 0.10122753402373003 6 15210 15240.2 16377.015394987304 0.9777514792899409 0
536 0.10122753402373003 6 14869 14822.6 16782.927864028454 1.0249646916403257 0
537 0.10122753402373003 6 14853 14855.2 16323.055245820142 0.9979532754325726 0
538 0.10122753402373003 6 15026 15037.8 16358.955263429316 0.9886330360708107 0
539 0.10122753402373003 6 14900 14900.8 16560.039411142046 1.009248322147651 0
540 0.10122753402373003 6 14865 14796.0 16409.171238980798 1.0024083417423477 0
541 0.10122753402373003 6 14991 15015.4 16293.762593415111 0.9869921953171903 0
542 0.10122753402373003 6 14907 14917.8 16535.371914379917 1.0072717515261287 0
543 0.10122753402373003 6 14864 14831.6 16427.8921070592 1.0036194833153929 0
544 0.10122753402373003 6 14660 14612.0 16332.966293626356 1.0117053206002729 0
545 0.10122753402373003 6 14599 14545.8 16091.136727154744 1.0008904719501335 0
546 0.10122753402373003 6 14516 14421.0 16018.235464402373 1.0020529071369524 0
547 0.10122753402373003 6 14290 14166.6 15880.80226815621 1.0091672498250526 0
548 0.10122753402373003 6 14738 14712.8 15600.649983500574 0.961229474826978 0
549 0.10122753402373003 6 14626 14619.2 16202.140462584335 1.005934636947901 0
550 0.10122753402373003 6 14565 14558.2 16099.065565399716 1.0037212495708892 0
551 0.10122753402373003 6 14645 14670.8 16031.890685824268 0.9940730624786617 0
552 0.10122753402373003 6 14483 14521.6 16155.888906155338 1.0129669267416972 0
553 0.10122753402373003 6 14246 14147.6 15991.585758079 1.019345781271936 0
554 0.10122753402373003 6 14382 14333.2 15579.726660354125 0.98370184953414 0
555 0.10122753402373003 6 15453 15630.6 15784.11449066893 0.9275351064518217 0
556 0.10122753402373003 6 14448 14408.6 17212.847093311317 1.0818521594684385 0
557 0.10122753402373003 6 15885 16165.4 15867.147046734317 0.9070569719861504 0
558 0.10122753402373003 6 14545 14604.8 17801.783578507206 1.11140598143692 0
559 0.10122753402373003 6 14670 14727.6 16083.207888909772 0.9955555555555555 0
560 0.10122753402373003 6 14789 14656.2 16218.438630087887 0.9958482656028129 0
561 0.10122753402373003 6 14985 15092.4 16139.810984158594 0.9780580580580581 0
562 0.10122753402373003 6 14752 14525.4 16620.166434499744 1.0230748373101952 0
563 0.10122753402373003 6 14564 14567.8 15995.770422708289 0.997349629222741 0
564 0.10122753402373003 6 14806 14833.2 16042.462470150895 0.9839119275969201 0
565 0.10122753402373003 6 14815 14820.2 16334.728257680794 1.001228484643942 0
566 0.10122753402373003 6 14908 14892.6 16320.412299738486 0.9941105446740006 0
567 0.10122753402373003 6 14566 14528.8 16400.141173201802 1.0224220788136757 0
568 0.10122753402373003 6 14745 14781.2 15999.514596323968 0.9853374025093251 0
569 0.10122753402373003 6 15488 15624.4 16277.46442591156 0.9543646694214877 0
570 0.10122753402373003 6 15326 15428.2 17206.019482600368 1.0194701813911 0
571 0.10122753402373003 6 14941 14947.6 16989.958640424913 1.0326082591526673 0
572 0.10122753402373003 6 14856 14914.0 16460.708687573107 1.006165858912224 0
573 0.10122753402373003 6 15221 15316.2 16423.70744242991 0.9798304973392025 0
574 0.10122753402373003 6 14799 14661.2 16866.621156614256 1.034948307318062 0
575 0.10122753402373003 6 15236 15218.0 16145.317121828712 0.9622735626148596 0
576 0.10122753402373003 6 15010 15023.8 16758.480612773124 1.0138574283810793 0
577 0.10122753402373003 6 15190 15256.8 16544.622225665717 0.9890585911784068 0
578 0.10122753402373003 6 15786 15899.0 16801.208241093245 0.9664766248574685 0
579 0.10122753402373003 6 15084 15141.0 17508.416563443283 1.0540307610713338 0
580 0.10122753402373003 6 15152 15135.2 16673.686092653297 0.9992740232312566 0
581 0.10122753402373003 6 14736 14681.2 16667.29897295596 1.0270901194353963 0
582 0.10122753402373003 6 14979 14936.8 16167.341672509187 0.9801188330329128 0
583 0.10122753402373003 6 14800 14602.8 16448.81543020565 1.0092432432432432 0
584 0.10122753402373003 6 14562 14457.6 16081.005433841725 1.0028018129377831 0
585 0.10122753402373003 6 14881 14826.8 15921.10719590148 0.9715476110476446 0
586 0.10122753402373003 6 17210 14826.8 16327.68040146304 0.8615223707147007 1
587 0.10122753402373003 6 14310 14826.8 16327.68040146304 1.036114605171209 0
588 0.10122753402373003 6 14089 13911.0 16327.68040146304 1.0523670948967279 0
589 0.10122753402373003 6 13935 13762.0 15319.176225804109 0.9982777179763186 0
590 0.10122753402373003 6 14127 14040.0 15155.093323234574 0.9741629503787075 0
591 0.10122753402373003 6 14292 14174.2 15461.23457769317 0.982367758186398 0
592 0.10122753402373003 6 14001 13939.2 15609.019312759156 1.0123705449610743 0
593 0.10122753402373003 6 14220 14246.2 15350.23084226358 0.9802531645569621 0
594 0.10122753402373003 6 13896 13888.2 15688.307695208865 1.0252014968336212 0
595 0.10122753402373003 6 14288 14320.2 15294.068238028369 0.9720184770436731 0
596 0.10122753402373003 6 13851 13762.8 15769.79853272662 1.0338748104829976 0
597 0.10122753402373003 6 13554 13464.6 15155.974305261792 1.0154050464807436 0
598 0.10122753402373003 6 13649 13534.8 14827.588254615917 0.9864898527364643 0
599 0.10122753402373003 6 13469 13383.6 14904.894427504381 1.00488529215235 0
600 0.10122753402373003 6 13137 12906.8 14738.388824359994 1.018771408997488 0
601 0.10122753402373003 6 12996 12825.0 14213.32353613748 0.9931363496460449 0
602 0.10122753402373003 6 12633 12448.8 14123.243123854338 1.0151982901923533 0
603 0.10122753402373003 6 12941 12799.4 13708.96132555461 0.9619658449887952 0
604 0.10122753402373003 6 13861 13939.4 14095.05169898333 0.9234110093066878 0
605 0.10122753402373003 6 13193 13204.2 15350.451087770383 1.0565754566815735 0
606 0.10122753402373003 6 12949 12939.6 14540.828604756138 1.019708085566453 0
607 0.10122753402373003 6 13133 13233.0 14249.443799253459 0.9852737379121298 0
608 0.10122753402373003 6 13225 13281.8 14572.54395773602 1.0006049149338374 0
609 0.10122753402373003 6 13633 13587.4 14626.283861396378 0.9742389789481405 0
610 0.10122753402373003 6 13047 13017.8 14962.81899579403 1.041419483406147 0
611 0.10122753402373003 6 13408 13499.8 14335.559792414113 0.9708979713603818 0
612 0.10122753402373003 6 13571 13658.6 14866.351463813551 0.9947535185321641 0
613 0.10122753402373003 6 12965 12913.0 15041.22639621652 1.0534978789047436 0
614 0.10122753402373003 6 13197 13109.8 14220.151146848426 0.9784799575661135 0
615 0.10122753402373003 6 13322 13377.0 14436.872725544295 0.9840714607416303 0
616 0.10122753402373003 6 13183 13138.0 14731.120722635438 1.0147159220207844 0
617 0.10122753402373003 6 13054 12950.6 14467.927342003766 1.0064348092538686 0
618 0.10122753402373003 6 13384 13467.8 14261.55730212772 0.9676180514046623 0
619 0.10122753402373003 6 13248 13258.2 14831.112182724792 1.016591183574879 0
620 0.10122753402373003 6 13331 13332.8 14600.29489159342 0.9945390443327583 0
621 0.10122753402373003 6 13519 13586.2 14682.446465631587 0.9862267919224794 0
622 0.10122753402373003 6 13573 13676.8 14961.497522753203 1.0009725189714875 0
623 0.10122753402373003 6 13492 13513.6 15061.268737335751 1.0136970056329677 0
624 0.10122753402373003 6 13636 13713.6 14881.54840378308 0.991023760633617 0
625 0.10122753402373003 6 13370 13377.8 15101.793910587825 1.0256993268511594 0
626 0.10122753402373003 6 13197 13132.6 14732.001704662656 1.013700083352277 0
627 0.10122753402373003 6 13185 13107.4 14461.980713320037 0.9960257868790292 0
628 0.10122753402373003 6 13756 13808.8 14434.22977946264 0.9528496656004652 0
629 0.10122753402373003 6 13236 13156.0 15206.630771826884 1.0432759141734662 0
630 0.10122753402373003 6 13469 13488.8 14487.749437616192 0.9767614522236246 0
631 0.10122753402373003 6 13444 13493.4 14854.23796093929 1.0033323415650104 0
632 0.10122753402373003 6 13201 13204.2 14859.303607595799 1.0221498371335505 0
633 0.10122753402373003 6 13296 13204.0 14540.828604756138 0.9930956678700361 0
634 0.10122753402373003 6 13381 13410.0 14540.608359249332 0.986772289066587 0
635 0.10122753402373003 6 13773 13833.8 14767.461231258221 0.9736440862557177 0
636 0.10122753402373003 6 13719 13774.0 15234.161460177476 1.0083679568481667 0
637 0.10122753402373003 6 13386 13423.0 15168.308053642859 1.0289855072463767 0
638 0.10122753402373003 6 13198 13178.4 14781.77718920053 1.0170480375814517 0
639 0.10122753402373003 6 13071 13009.0 14512.416934378323 1.0082166628414047 0
640 0.10122753402373003 6 13164 13042.2 14325.868990114705 0.9882254633849894 0
641 0.10122753402373003 6 12935 12778.2 14362.429744244293 1.00828759180518 0
642 0.10122753402373003 6 13112 13057.2 14071.705675262028 0.97454240390482 0
643 0.10122753402373003 6 12848 12778.0 14378.948157254648 1.016282689912827 0
644 0.10122753402373003 6 12722 12652.2 14071.485429755223 1.0044018236126395 0
645 0.10122753402373003 6 12784 12708.0 13932.95100597504 0.9896902377972466 0
646 0.10122753402373003 6 13095 13127.0 13994.399502373562 0.970446735395189 0
647 0.10122753402373003 6 12698 12615.2 14455.813839129505 1.0337848480075602 0
648 0.10122753402373003 6 13188 13256.0 13892.20558721616 0.956566575674856 0
649 0.10122753402373003 6 13105 13181.6 14597.872191018567 1.0115223197252956 0
650 0.10122753402373003 6 12859 12874.0 14515.940862487201 1.0250874873629365 0
651 0.10122753402373003 6 13034 13021.8 14177.203273021501 0.9877244130735001 0
652 0.10122753402373003 6 12998 13058.0 14339.964702550207 1.0018310509309123 0
653 0.10122753402373003 6 12992 12952.8 14379.829139281868 1.0050800492610839 0
654 0.10122753402373003 6 12856 12806.2 14263.98000270257 1.0075295581829495 0
655 0.10122753402373003 6 13022 13054.6 14102.540046214694 0.9834280448471817 0
656 0.10122753402373003 6 12818 12774.8 14376.084965666187 1.0184584178498985 0
657 0.10122753402373003 6 12932 12918.8 14067.961501646347 0.9878441076399628 0
658 0.10122753402373003 6 13136 13164.8 14226.538266545764 0.9834652862362971 0
659 0.10122753402373003 6 13016 13048.0 14497.4402399156 1.0114320835894284 0
660 0.10122753402373003 6 12847 12812.0 14368.81686394163 1.0156456760333152 0
661 0.10122753402373003 6 12962 12990.8 14108.92716591203 0.9884277117728746 0
662 0.10122753402373003 6 12978 12987.2 14305.826648995471 1.0009862844814301 0
663 0.10122753402373003 6 13105 13098.8 14301.862229872988 0.9910110644792065 0
664 0.10122753402373003 6 13116 13136.0 14424.759222670034 0.9986886245806648 0
665 0.10122753402373003 6 12937 12955.0 14465.724886935719 1.0153822369946666 0
666 0.10122753402373003 6 13364 13444.4 14266.402703277423 0.9693953906016163 0
667 0.10122753402373003 6 13064 13081.2 14805.343458428637 1.0291181873851807 0
668 0.10122753402373003 6 13015 12997.0 14405.37761807122 1.0050864387245486 0
669 0.10122753402373003 6 13125 13126.8 14312.65425970642 0.990247619047619 0
670 0.10122753402373003 6 12927 12925.0 14455.5935936227 1.015456022278951 0
671 0.10122753402373003 6 13301 13288.4 14233.36587725671 0.9717314487632509 0
672 0.10122753402373003 6 13310 13359.2 14633.551963120934 0.9983771600300526 0
673 0.10122753402373003 6 13442 13527.4 14711.518872529816 0.9938402023508407 0
674 0.10122753402373003 6 13685 13797.0 14896.745343752606 0.988483741322616 0
675 0.10122753402373003 6 13590 13722.6 15193.636286925404 1.0152317880794701 0
676 0.10122753402373003 6 13399 13418.6 15111.704958394039 1.0241510560489588 0
677 0.10122753402373003 6 13858 13967.6 14776.931788050824 0.9682926829268292 0
678 0.10122753402373003 6 13405 13397.6 15381.505704229852 1.0419694143976128 0
679 0.10122753402373003 6 13393 13334.6 14753.806009836326 1.0003434630030614 0
680 0.10122753402373003 6 13809 13852.8 14684.428675192832 0.9656455934535448 0
681 0.10122753402373003 6 13531 13557.4 15255.084783323928 1.0237824255413495 0
682 0.10122753402373003 6 13480 13404.4 14929.782169773318 1.0057418397626112 0
683 0.10122753402373003 6 13197 13155.4 14761.294357067687 1.0157156929605213 0
684 0.10122753402373003 6 13254 13226.2 14487.088701095778 0.9925607363814697 0
685 0.10122753402373003 6 13639 13605.0 14565.05561050466 0.9697338514553854 0
686 0.10122753402373003 6 13689 13720.6 14982.200600392847 0.9938636861713784 0
687 0.10122753402373003 6 13352 13326.4 15109.502503325992 1.0276063511084481 0
688 0.10122753402373003 6 13282 13299.0 14675.398609413836 1.0033428700496914 0
689 0.10122753402373003 6 13165 13147.2 14645.224974981586 1.0101785036080517 0
690 0.10122753402373003 6 13049 12931.0 14478.058635316786 1.007525480879761 0
691 0.10122753402373003 6 13225 13132.2 14239.973242460854 0.9777693761814745 0
692 0.10122753402373003 6 12920 12833.6 14461.540222306428 1.0164241486068113 0
693 0.10122753402373003 6 14700 12833.6 14132.713680646943 0.8730340136054422 1
694 0.10122753402373003 6 13095 12833.6 14132.713680646943 0.9800381825124094 0
695 0.10122753402373003 6 13074 13055.8 14132.713680646943 0.981612360409974 0
696 0.10122753402373003 6 13584 13691.0 14377.406438707014 0.9611160188457007 0
697 0.10122753402373003 6 12951 12896.2 15076.906168318888 1.0571384449077292 0
698 0.10122753402373003 6 12807 12784.4 14201.650524276829 1.0069649410478645 0
699 0.10122753402373003 6 13124 13129.8 14078.533285972975 0.9741237427613533 0
700 0.10122753402373003 6 13086 13088.4 14458.89727622477 1.0033470884915177 0
701 0.10122753402373003 6 13092 12993.6 14413.306456316188 0.9997250229147571 0
702 0.10122753402373003 6 12916 12909.0 14308.91008609074 1.0060080520284918 0
703 0.10122753402373003 6 13163 13234.2 14215.746236712332 0.9807034870470257 0
704 0.10122753402373003 6 13188 13200.8 14573.86543077685 1.003503184713376 0
705 0.10122753402373003 6 13298 13340.4 14537.084431140454 0.9926906301699503 0
706 0.10122753402373003 6 13014 12998.4 14690.815794890168 1.025080682342093 0
707 0.10122753402373003 6 13392 13487.2 14314.195978254053 0.9706093189964158 0
708 0.10122753402373003 6 13152 13149.8 14852.475996884854 1.0254866180048663 0
709 0.10122753402373003 6 13364 13399.2 14480.921826905245 0.9839718647111643 0
710 0.10122753402373003 6 13663 13736.0 14755.567973890766 0.9806923808826759 0
711 0.10122753402373003 6 13506 13604.4 15126.461407349956 1.0170294683844217 0
712 0.10122753402373003 6 13781 13858.8 14981.539863872433 0.9871852550613163 0
713 0.10122753402373003 6 13668 13771.2 15261.692148528069 1.0139596136962248 0
714 0.10122753402373003 6 14461 14680.4 15165.224616547592 0.9522992877394372 0
715 0.10122753402373003 6 13947 14003.8 16166.460690481967 1.0525847852584784 0
716 0.10122753402373003 6 13928 14012.4 15421.37014096151 1.0054422745548535 0
717 0.10122753402373003 6 14198 14281.4 15430.840697754114 0.9869277363008874 0
718 0.10122753402373003 6 13859 13897.2 15727.070904406499 1.0304783894941916 0
719 0.10122753402373003 6 13505 13313.8 15303.979285834583 1.029041095890411 0
720 0.10122753402373003 6 13519 13433.4 14661.523142485137 0.9848213625268141 0
721 0.10122753402373003 6 13451 13355.6 14793.229955554376 0.9986915470968701 0
722 0.10122753402373003 6 13205 13006.4 14707.55445340733 1.011404770920106 0
723 0.10122753402373003 6 13303 13191.8 14323.005798526243 0.9777042772306999 0
724 0.10122753402373003 6 14829 13191.8 14527.173383334242 0.8895947130622428 1
725 0.10122753402373003 6 13443 13191.8 14527.173383334242 0.9813136948597783 0
726 0.10122753402373003 6 13288 13241.8 14527.173383334242 0.9927603853100542 0
727 0.10122753402373003 6 13510 13521.8 14582.234760035428 0.9801480384900073 0
728 0.10122753402373003 6 13414 13455.8 14890.578469562073 1.0080363799015952 0
729 0.10122753402373003 6 13395 13413.4 14817.897452316507 1.0045390070921985 0
730 0.10122753402373003 6 13536 13554.6 14771.205404873901 0.9909426713947991 0
731 0.10122753402373003 6 13670 13746.4 14926.698732678053 0.9915581565471836 0
732 0.10122753402373003 6 13409 13388.8 15137.914173703803 1.0251622044895219 0
733 0.10122753402373003 6 13550 13577.2 14744.115207536917 0.9881033210332103 0
734 0.10122753402373003 6 13513 13536.6 14951.58647494699 1.0047509805372605 0
735 0.10122753402373003 6 13839 13899.6 14906.876637065625 0.9781487101669196 0
736 0.10122753402373003 6 13329 13260.8 15306.622231916239 1.0428089128966915 0
737 0.10122753402373003 6 13860 13950.2 14603.15808318188 0.9567676767676767 0
738 0.10122753402373003 6 13680 13706.0 15362.34434513784 1.0197514619883041 0
739 0.10122753402373003 6 13917 13997.8 15093.424581329244 0.984838686498527 0
740 0.10122753402373003 6 17291 13997.8 15414.762775757368 0.8095425365797235 1
741 0.10122753402373003 6 17061 13997.8 15414.762775757368 0.8204560107848309 1
742 0.10122753402373003 6 17003 13997.8 15414.762775757368 0.8232547197553373 1
743 0.10122753402373003 6 17301 13997.8 15414.762775757368 0.8090746199641639 1
744 0.10122753402373003 6 13482 13997.8 15414.762775757368 1.0382584186322503 0
745 0.10122753402373003 6 13159 13125.0 15414.762775757368 1.0637434455505737 0
746 0.10122753402373003 6 13231 13105.2 14453.611384061458 0.9919885118282821 0
747 0.10122753402373003 6 14002 14066.4 14431.807078887789 0.9359520068561634 0
748 0.10122753402373003 6 13403 13300.2 15490.306984591396 1.0494963814071476 0
749 0.10122753402373003 6 13105 13029.6 14646.546448022416 1.014895078214422 0
750 0.10122753402373003 6 13600 13688.2 14348.554277315594 0.9580588235294117 0
751 0.10122753402373003 6 13281 13291.0 15073.822731223623 1.0306603418417288 0
752 0.10122753402373003 6 12661 12392.8 14636.415154709397 1.0497591027564963 0
753 0.10122753402373003 6 13047 12975.8 13647.292583649281 0.9498582049513298 0
754 0.10122753402373003 6 12712 12633.4 14289.308235985116 1.0207520453115166 0
755 0.10122753402373003 6 12901 12761.2 13912.247928335391 0.9792574219052786 0
756 0.10122753402373003 6 12941 12873.0 14052.984807183626 0.9861061741751025 0
757 0.10122753402373003 6 12848 12885.4 14176.102045487478 1.0019458281444582 0
758 0.10122753402373003 6 13093 13102.2 14189.757266909372 0.9841441991904071 0
759 0.10122753402373003 6 13035 13099.6 14428.503396285718 1.005155350978136 0
760 0.10122753402373003 6 13130 13175.8 14425.640204697254 0.9976846915460778 0
761 0.10122753402373003 6 12926 12923.0 14509.553742789862 1.01932539068544 0
762 0.10122753402373003 6 14210 14482.4 14231.163422188663 0.909429978888107 0
763 0.10122753402373003 6 13309 13352.2 15948.417638745268 1.0881659027725599 0
764 0.10122753402373003 6 13655 13779.0 14703.810279791649 0.9778249725375321 0
765 0.10122753402373003 6 13246 13269.2 15173.814191312977 1.0402385625849313 0
766 0.10122753402373003 6 13792 13965.2 14612.40839446768 0.9620939675174014 0
767 0.10122753402373003 6 13216 13017.2 15378.862758148196 1.0566888619854722 0
768 0.10122753402373003 6 13170 13142.2 14334.8990558937 0.9883978739559606 0
769 0.10122753402373003 6 13125 13019.0 14472.552497646666 1.0013104761904763 0
770 0.10122753402373003 6 13049 13009.6 14336.881265454942 0.9977009732546556 0
771 0.10122753402373003 6 13322 13228.0 14326.529726635119 0.9765500675574238 0
772 0.10122753402373003 6 13273 13284.4 14567.037820065902 0.996609658705643 0
773 0.10122753402373003 6 13051 13027.2 14629.14705298484 1.0178836870737875 0
774 0.10122753402373003 6 13473 13542.6 14345.911331233938 0.9669116009797373 0
775 0.10122753402373003 6 13084 13091.0 14913.484002269768 1.035050443289514 0
776 0.10122753402373003 6 13076 13026.8 14416.169647904651 1.0011471397981033 0
777 0.10122753402373003 6 13960 14097.4 14345.470840220327 0.9331518624641834 0
778 0.10122753402373003 6 13119 13132.6 15524.445038146132 1.0745788550956628 0
779 0.10122753402373003 6 13111 13038.6 14461.980713320037 1.0016474715887422 0
780 0.10122753402373003 6 13316 13362.4 14358.465325121808 0.9791679182937819 0
781 0.10122753402373003 6 13311 13358.0 14715.04280063869 1.003861467958831 0
782 0.10122753402373003 6 13048 12865.6 14710.197399488987 1.023758430410791 0
783 0.10122753402373003 6 13116 13115.4 14167.952961735702 0.9809088136627021 0
784 0.10122753402373003 6 13227 13250.2 14443.03959973483 0.9915627126332501 0
785 0.10122753402373003 6 13397 13413.2 14591.485071321229 0.9890423229081138 0
786 0.10122753402373003 6 13145 13111.8 14770.985159367097 1.0204031951312287 0
787 0.10122753402373003 6 13089 13097.2 14439.075180612343 1.0017419206967682 0
788 0.10122753402373003 6 12823 12764.4 14422.997258615598 1.0213834516103877 0
789 0.10122753402373003 6 12881 12811.8 14056.5087352925 0.9909479077711357 0
790 0.10122753402373003 6 12526 12351.8 14108.706920405224 1.0228165415934856 0
791 0.10122753402373003 6 12840 12779.0 13602.142254754308 0.9619781931464174 0
792 0.10122753402373003 6 12695 12616.2 14072.586657289246 1.006616778259157 0
793 0.10122753402373003 6 12676 12646.6 13893.306814750184 0.9952824234774378 0
794 0.10122753402373003 6 12700 12663.8 13926.784131784505 0.9957952755905513 0
795 0.10122753402373003 6 12413 12390.4 13945.725245369713 1.0202046241843228 0
796 0.10122753402373003 6 12696 12667.2 13644.649637567625 0.9759294265910523 0
797 0.10122753402373003 6 12817 12841.4 13949.469418985394 0.9883123975969417 0
798 0.10122753402373003 6 12711 12718.0 14141.303255412327 1.0102588309338367 0
799 0.10122753402373003 6 12869 12902.8 14005.4117777138 0.9882663765638355 0
800 0.10122753402373003 6 12647 12693.8 14208.918626001383 1.0202261405867004 0
801 0.10122753402373003 6 12629 12615.6 13978.762071390423 1.0051310475888826 0
802 0.10122753402373003 6 12674 12645.4 13892.646078229769 0.9953921413918259 0
803 0.10122753402373003 6 12725 12727.8 13925.462658743676 0.9937445972495088 0
804 0.10122753402373003 6 13366 13465.4 14016.20380754723 0.9522519826425258 0
805 0.10122753402373003 6 12555 12536.6 14828.469236643135 1.0725129430505775 0
806 0.10122753402373003 6 12981 13051.4 13805.649103041895 0.9657653493567522 0
807 0.10122753402373003 6 12809 12836.0 14372.56103755731 1.0189241939261457 0
808 0.10122753402373003 6 12797 12811.4 14135.356626728599 1.0030475892787372 0
809 0.10122753402373003 6 12922 12833.2 14108.266429391615 0.9914409534127844 0
810 0.10122753402373003 6 12900 12969.0 14132.273189633333 0.9948217054263566 0
811 0.10122753402373003 6 12905 12889.8 14281.819888753755 1.0049593180937622 0
812 0.10122753402373003 6 12850 12858.2 14194.602668059075 1.0030972762645913 0
813 0.10122753402373003 6 12623 12588.2 14159.803877983926 1.018632654677969 0
814 0.10122753402373003 6 13145 13189.6 13862.47244379752 0.957641688855078 0
815 0.10122753402373003 6 12871 12865.2 14524.750682759392 1.024753321420247 0
816 0.10122753402373003 6 12705 12665.0 14167.512470722093 1.0126092089728453 0
817 0.10122753402373003 6 12865 12868.0 13947.046718410542 0.9844539448115041 0
818 0.10122753402373003 6 12812 12849.8 14170.595907817358 1.0043709022791134 0
819 0.10122753402373003 6 13584 13671.8 14150.553566698127 0.9459511189634864 0
820 0.10122753402373003 6 13083 13125.4 15055.762599665632 1.0450049682794464 0
821 0.10122753402373003 6 12917 12959.4 14454.051875075067 1.0161337771928467 0
822 0.10122753402373003 6 12924 12935.8 14271.248104427128 1.0027390900649953 0
823 0.10122753402373003 6 12862 12872.0 14245.259134624166 1.0057378323744364 0
824 0.10122753402373003 6 13470 13447.2 14175.000817953454 0.9556050482553823 0
825 0.10122753402373003 6 13369 13426.2 14808.426895523904 1.0058493529807764 0
826 0.10122753402373003 6 13425 13526.6 14785.301117309406 1.0000893854748605 0
827 0.10122753402373003 6 13587 13719.6 14895.864361725387 0.9955545742253625 0
828 0.10122753402373003 6 13741 13916.8 15108.401275791968 0.9984426169856634 0
829 0.10122753402373003 6 13474 13474.8 15325.563345501447 1.0328632922665875 0
830 0.10122753402373003 6 13197 13162.6 14838.820775462957 1.0210502386906115 0
831 0.10122753402373003 6 13221 13180.2 14495.01753934075 0.995582784963316 0
832 0.10122753402373003 6 12968 12844.2 14514.399143939569 1.0163633559531153 0
833 0.10122753402373003 6 12748 12549.4 14144.386692507594 1.0075462817696894 0
834 0.10122753402373003 6 12872 12751.6 13819.744815477397 0.9749378495960224 0
835 0.10122753402373003 6 12971 12925.8 14042.413022856997 0.9830853442294349 0
836 0.10122753402373003 6 13074 13044.6 14234.246859283929 0.9886645250114731 0
837 0.10122753402373003 6 13094 13119.2 14365.07269032595 0.996227279670078 0
838 0.10122753402373003 6 13075 13140.4 14447.22426436412 1.0033804971319311 0
839 0.10122753402373003 6 13430 13541.6 14470.570288085422 0.9784363365599404 0
840 0.10122753402373003 6 12892 12876.2 14912.382774735745 1.0503878374185542 0
841 0.10122753402373003 6 13050 13045.2 14179.625973596354 0.9866819923371648 0
842 0.10122753402373003 6 13216 13240.4 14365.733426846364 0.9870762711864407 0
843 0.10122753402373003 6 13223 13252.6 14580.693041487795 1.0013158889813203 0
844 0.10122753402373003 6 13386 13377.2 14594.128017402885 0.9900343642611684 0
845 0.10122753402373003 6 13178 13235.2 14731.340968142244 1.0151161025952344 0
846 0.10122753402373003 6 13546 13645.2 14574.966658310874 0.9770559574782224 0
847 0.10122753402373003 6 13666 13756.0 15026.469947260603 0.9984779745353433 0
848 0.10122753402373003 6 13382 13413.8 15148.485958030431 1.0279479898370947 0
849 0.10122753402373003 6 13903 14006.4 14771.64589588751 0.964813349636769 0
850 0.10122753402373003 6 13375 13414.4 15424.233332549973 1.047207476635514 0
851 0.10122753402373003 6 13639 13657.6 14772.306632407925 0.9835325170467043 0
852 0.10122753402373003 6 13563 13542.4 15040.125168682496 1.0069748580697486 0
853 0.10122753402373003 6 13637 13688.0 14913.263756762963 0.9930629903937815 0
854 0.10122753402373003 6 13696 13654.6 15073.602485716818 0.9994158878504673 0
855 0.10122753402373003 6 13455 13471.0 15036.821486080426 1.0148346339650687 0
856 0.10122753402373003 6 13703 13715.8 14834.636110833668 0.9830694008611253 0
857 0.10122753402373003 6 13800 13847.4 15104.216611162676 0.9938985507246376 0
858 0.10122753402373003 6 13299 13231.4 15249.138154640199 1.041236183171667 0
859 0.10122753402373003 6 13547 13517.2 14570.781993681581 0.9767033291503654 0
860 0.10122753402373003 6 15360 13517.2 14885.512822905564 0.8800260416666668 1
861 0.10122753402373003 6 14184 13517.2 14885.512822905564 0.9529892836999436 0
862 0.10122753402373003 6 13683 13679.0 14885.512822905564 0.987882774245414 0
863 0.10122753402373003 6 13851 13861.2 15063.691437910604 0.9875821240343657 0
864 0.10122753402373003 6 13533 13579.8 15264.335094609729 1.02425182886278 0
865 0.10122753402373003 6 13407 13379.0 14954.449666535449 1.0128887894383531 0
866 0.10122753402373003 6 15909 13379.0 14733.323177703485 0.8409705198315419 1
867 0.10122753402373003 6 13827 13379.0 14733.323177703485 0.9675996239242063 0
868 0.10122753402373003 6 13644 13636.2 14733.323177703485 0.9805775432424509 0
869 0.10122753402373003 6 13538 13475.4 15016.558899454389 1.0072536563746493 0
870 0.10122753402373003 6 13856 13920.6 14839.481511983371 0.9725317551963049 0
871 0.10122753402373003 6 13817 13899.0 15329.748010130737 1.0074980096981978 0
872 0.10122753402373003 6 13838 13840.2 15305.961495395824 1.004408151466975 0
873 0.10122753402373003 6 14136 14234.4 15241.20931639523 0.979074702886248 0
874 0.10122753402373003 6 13955 14038.4 15675.313210307382 1.0200214976710855 0
875 0.10122753402373003 6 14410 14520.8 15459.472613638733 0.9742123525329632 0
876 0.10122753402373003 6 13192 13067.0 15990.70477605178 1.1007277137659186 0
877 0.10122753402373003 6 13791 13781.6 14389.74018708808 0.9475019940540933 0
878 0.10122753402373003 6 13800 13732.8 15176.677382901438 0.9986666666666667 0
879 0.10122753402373003 6 13504 13413.8 15122.93747924108 1.0169431279620853 0
880 0.10122753402373003 6 13816 13697.2 14771.64589588751 0.9708888245512449 0
881 0.10122753402373003 6 13263 13277.2 15083.733779029837 1.032737691321722 0
882 0.10122753402373003 6 14571 14727.0 14621.21821473987 0.9112071923684031 0
883 0.10122753402373003 6 14674 14848.8 16217.777893567472 1.003611830448412 0
884 0.10122753402373003 6 13899 13978.0 16351.907407211562 1.0683358515001078 0
885 0.10122753402373003 6 13616 13576.0 15392.958470583699 1.0265863689776733 0
886 0.10122753402373003 6 13154 13132.2 14950.26500190616 1.0320814961228524 0
887 0.10122753402373003 6 13156 12873.0 14461.540222306428 0.9981909394952874 0
888 0.10122753402373003 6 13146 12840.4 14176.102045487478 0.9792332268370607 0
889 0.10122753402373003 6 12884 12681.0 14140.202027878304 0.9966159577770878 0
890 0.10122753402373003 6 13214 13133.6 13964.66635895492 0.959663992734978 0
891 0.10122753402373003 6 12937 12893.6 14463.081940854061 1.0151967225786505 0
892 0.10122753402373003 6 12835 12770.8 14198.787332688367 1.0045656408258667 0
893 0.10122753402373003 6 13279 13305.6 14063.55659151025 0.9617290458618871 0
894 0.10122753402373003 6 13312 13397.6 14652.493076706143 0.9995192307692308 0
895 0.10122753402373003 6 13496 13552.4 14753.806009836326 0.9927089508002371 0
896 0.10122753402373003 6 12992 13003.0 14924.276032103198 1.043134236453202 0
897 0.10122753402373003 6 13056 13100.2 14319.261624910563 0.9959405637254902 0
898 0.10122753402373003 6 12789 12691.0 14426.300941217669 1.0243334115255298 0
899 0.10122753402373003 6 12858 12767.2 13975.678634295158 0.9870119769793125 0
5 0.10205203786564687 4 13347 13450.666666666666 14565.821784470254 0.9902599835168951 0
6 0.10205203786564687 4 13176 13110.666666666666 14823.334610651527 1.0208459825946163 0
7 0.10205203786564687 4 13205 13199.333333333334 14448.636917777207 0.9928562413227312 0
8 0.10205203786564687 4 13135 13064.333333333334 14546.352198467963 1.004897855602081 0
9 0.10205203786564687 4 13247 13270.666666666666 14397.5751733561 0.9862107143755819 0
10 0.10205203786564687 4 13070 13025.0 14624.96524383571 1.0153532262178016 0
11 0.10205203786564687 4 13401 13489.666666666666 14354.22779320005 0.9719423923587792 0
12 0.10205203786564687 4 13591 13705.666666666666 14866.314640128287 0.9925440855468078 0
13 0.10205203786564687 4 13265 13330.0 15104.357880307267 1.0332202538007287 0
14 0.10205203786564687 4 13054 12938.333333333334 14690.353664749073 1.0211429446912823 0
15 0.10205203786564687 4 13056 12877.666666666666 14258.716616585029 0.9909875408496732 0
16 0.10205203786564687 4 13432 13487.666666666666 14191.858792954512 0.9587303950764343 0
17 0.10205203786564687 4 13382 13491.333333333334 14864.110536052556 1.007896178946844 0
18 0.10205203786564687 4 14300 14714.666666666666 14868.151393524731 0.9434498834498835 0
19 0.10205203786564687 4 13397 13385.333333333334 16216.328386513704 1.0983553531885248 0
20 0.10205203786564687 4 13096 13000.666666666666 14751.333877510973 1.0220932600285075 0
21 0.10205203786564687 4 13026 12601.333333333334 14327.411193611986 0.9980551717078663 0
22 0.10205203786564687 4 13042 12923.666666666666 13887.325079824306 0.9662117262178603 0
23 0.10205203786564687 4 13274 13333.333333333334 14242.55318669633 0.9736075536135804 0
24 0.10205203786564687 4 13277 13360.666666666666 14694.027171541959 1.0042429263638875 0
25 0.10205203786564687 4 12989 12971.333333333334 14724.14992724362 1.0286139553981575 0
26 0.10205203786564687 4 12804 12647.333333333334 14295.084333834595 1.0130688326564616 0
27 0.10205203786564687 4 13379 13413.0 13938.019473566124 0.945312305354162 0
28 0.10205203786564687 4 13189 13255.666666666666 14781.823983891922 1.0169838501781787 0
29 0.10205203786564687 4 13466 13686.666666666666 14608.434463267726 0.9843804148720233 0
30 0.10205203786564687 4 13174 13105.666666666666 15083.41889158782 1.0389150346642375 0
31 0.10205203786564687 4 13488 13587.666666666666 14443.126657587878 0.9716538157374456 0
32 0.10205203786564687 4 13212 13127.333333333334 14974.315739839121 1.0284337470985971 0
33 0.10205203786564687 4 12986 12923.333333333334 14467.004451741635 1.010883515580882 0
34 0.10205203786564687 4 13356 13312.0 14242.185836017044 0.9676050713786564 0
35 0.10205203786564687 4 13287 13312.0 14670.51672806749 1.0018815383457516 0
36 0.10205203786564687 4 13465 13624.666666666666 14670.51672806749 0.9886372075751949 0
37 0.10205203786564687 4 13362 13364.0 15015.09166524015 1.019657735867884 0
38 0.10205203786564687 4 13285 13284.333333333334 14727.823434036505 1.005946556266466 0
39 0.10205203786564687 4 13516 13533.0 14640.026621686542 0.9828598204597021 0
40 0.10205203786564687 4 13243 13203.333333333334 14914.0702284358 1.0218983613984747 0
41 0.10205203786564687 4 13147 13101.0 14550.760406619425 1.0042848812149794 0
42 0.10205203786564687 4 13162 13044.0 14437.98374807784 0.995365445980854 0
43 0.10205203786564687 4 13447 13515.0 14375.166781919497 0.970030490072135 0
44 0.10205203786564687 4 13359 13429.666666666666 14894.233291754217 1.0116775207725128 0
45 0.10205203786564687 4 13277 13315.333333333334 14800.191517856349 1.0114985815068664 0
46 0.10205203786564687 4 13551 13585.666666666666 14674.190234860378 0.9826089095515707 0
47 0.10205203786564687 4 13795 13940.333333333334 14972.11163576339 0.9848254198381056 0
48 0.10205203786564687 4 13365 13394.333333333334 15362.972758526406 1.04304776156628 0
49 0.10205203786564687 4 13238 13133.666666666666 14761.252345851763 1.0118094374779676 0
50 0.10205203786564687 4 13405 13275.0 14473.984114648118 0.9797587964689792 0
51 0.10205203786564687 4 13207 13154.333333333334 14629.740802666462 1.0051487847353675 0
52 0.10205203786564687 4 13401 13455.333333333334 14496.759856764009 0.9815934134268587 0
53 0.10205203786564687 4 13096 12993.0 14828.477520161568 1.0274384035837916 0
54 0.10205203786564687 4 13146 13125.666666666666 14318.96212798835 0.9883614787768142 0
55 0.10205203786564687 4 13037 12915.666666666666 14465.16769834519 1.0068011556851013 0
56 0.10205203786564687 4 13237 13284.0 14233.736770393405 0.975724610309486 0
57 0.10205203786564687 4 13265 13304.666666666666 14639.659271007253 1.0014323407463248 0
58 0.10205203786564687 4 12896 12849.0 14662.435013123142 1.0316894127377998 0
59 0.10205203786564687 4 13206 13195.666666666666 14160.266634535697 0.9729668332576101 0
60 0.10205203786564687 4 13226 13213.0 14542.311340995788 0.9977065376279046 0
61 0.10205203786564687 4 13009 13046.666666666666 14561.413576318791 1.0156814513029442 0
62 0.10205203786564687 4 13061 13012.666666666666 14378.105587353806 0.9989025853048515 0
63 0.10205203786564687 4 13195 13184.666666666666 14340.635818066374 0.9861816344574965 0
64 0.10205203786564687 4 12973 12961.0 14530.188768579264 1.0163159382306841 0
65 0.10205203786564687 4 13320 13406.333333333334 14283.696462776648 0.973048048048048 0
66 0.10205203786564687 4 13095 13061.666666666666 14774.476970306152 1.0237749777268679 0
67 0.10205203786564687 4 13065 13095.666666666666 14394.63636792179 0.9997448654165072 0
68 0.10205203786564687 4 13509 13572.0 14432.106137209223 0.9694031139734004 0
69 0.10205203786564687 4 13584 13747.0 14957.050257912559 0.9991166077738516 0
70 0.10205203786564687 4 13331 13419.666666666666 15149.909364539048 1.0312054609556673 0
71 0.10205203786564687 4 13303 13234.333333333334 14789.170997477691 1.0087699516399808 0
72 0.10205203786564687 4 13931 14046.666666666666 14584.92401979326 0.949991625391812 0
73 0.10205203786564687 4 13529 13595.0 15480.157625219452 1.0382634833813782 0
74 0.10205203786564687 4 13748 13896.333333333334 14982.39745478347 0.9888711085248764 0
75 0.10205203786564687 4 13525 13389.666666666666 15314.482468860318 1.0274553296364757 0
76 0.10205203786564687 4 13701 13758.333333333334 14756.109436341723 0.9772765978152446 0
77 0.10205203786564687 4 13723 13714.666666666666 15162.399287634858 1.0025747528480167 0
78 0.10205203786564687 4 13418 13382.333333333334 15114.276348648058 1.022109604014508 0
79 0.10205203786564687 4 13726 13734.333333333334 14748.027721397375 0.9749623585409686 0
80 0.10205203786564687 4 13492 13415.0 15135.950038726083 1.0179612609941695 0
81 0.10205203786564687 4 13649 13726.0 14784.028087967652 0.9828558868781596 0
82 0.10205203786564687 4 13821 13852.666666666666 15126.766271743869 0.9931264018522539 0
83 0.10205203786564687 4 13668 13726.666666666666 15266.359529873516 1.0135108769876109 0
84 0.10205203786564687 4 13920 14010.333333333334 15127.500973102446 0.986111111111111 0
85 0.10205203786564687 4 13789 13778.333333333334 15440.116401177002 1.016051441970653 0
86 0.10205203786564687 4 13528 13481.333333333334 15184.440328392171 1.018504829489454 0
87 0.10205203786564687 4 13686 13608.0 14857.130873146074 0.9850455453261241 0
88 0.10205203786564687 4 13917 13959.666666666666 14996.724131275723 0.9777969389954732 0
89 0.10205203786564687 4 13195 13084.0 15384.27909792514 1.0579512441581407 0
90 0.10205203786564687 4 13425 13338.0 14419.248863434124 0.9745996275605214 0
91 0.10205203786564687 4 13180 12934.333333333334 14699.170081051998 1.0119878603945371 0
92 0.10205203786564687 4 13596 13729.666666666666 14254.308408433566 0.9513337256055703 0
93 0.10205203786564687 4 14082 14301.0 15130.807129216042 0.9749798797519291 0
94 0.10205203786564687 4 14028 14310.666666666666 15760.446193516616 1.0194610778443114 0
95 0.10205203786564687 4 13788 13852.0 15771.099363215983 1.037907359056184 0
96 0.10205203786564687 4 13731 13614.0 15265.624828514941 1.0088121768261598 0
97 0.10205203786564687 4 13882 13833.333333333334 15003.336443502916 0.9806944244345195 0
98 0.10205203786564687 4 14303 14474.666666666666 15245.053190474782 0.967163066023445 0
99 0.10205203786564687 4 14304 14495.0 15951.83589742595 1.01193139448173 0
100 0.10205203786564687 4 14334 14484.666666666666 15974.244288862552 1.0112320357192688 0
101 0.10205203786564687 4 14318 14323.0 15962.856417804605 1.0116403594543 0
102 0.10205203786564687 4 14529 14604.0 15784.69133834966 0.9858214605272214 0
103 0.10205203786564687 4 14279 14260.666666666666 16094.367960989906 1.022760697527838 0
104 0.10205203786564687 4 14091 14015.333333333334 15715.9967613227 1.0120407825325857 0
105 0.10205203786564687 4 14557 14566.333333333334 15445.62666136633 0.9627899521421539 0
106 0.10205203786564687 4 14239 14225.666666666666 16052.8573342303 1.0229885057471264 0
107 0.10205203786564687 4 14296 14364.333333333334 15677.424939997403 0.9950802089162469 0
108 0.10205203786564687 4 14154 14019.666666666666 15830.24282258144 1.0148603457208798 0
109 0.10205203786564687 4 13910 13800.333333333334 15450.40222019708 1.0078840162952312 0
110 0.10205203786564687 4 14076 14002.666666666666 15208.685473225216 0.9804158378327177 0
111 0.10205203786564687 4 14052 14018.0 15431.667335553364 0.9964892304772749 0
112 0.10205203786564687 4 13977 13999.333333333334 15448.565466800637 1.0029333905702225 0
113 0.10205203786564687 4 14031 14016.0 15427.99382876048 0.9977430926757419 0
114 0.10205203786564687 4 13842 13772.0 15446.361362724907 1.012570437798006 0
115 0.10205203786564687 4 13884 13853.0 15177.460665485689 0.9919331604724864 0
116 0.10205203786564687 4 14056 14064.333333333334 15266.726880552806 0.9855577689243028 0
117 0.10205203786564687 4 14034 14098.0 15499.627211221747 1.002161417509857 0
118 0.10205203786564687 4 14415 14592.0 15536.72962982989 0.9780090183836282 0
119 0.10205203786564687 4 14660 14861.333333333334 16081.143336535519 0.9953615279672579 0
120 0.10205203786564687 4 14562 14738.0 16377.962685400667 1.0205557844618414 0
121 0.10205203786564687 4 14457 14471.0 16242.042934063904 1.0194369509580135 0
122 0.10205203786564687 4 14614 14598.666666666666 15947.795039953777 0.9902148624606542 0
123 0.10205203786564687 4 14073 13910.0 16088.49035012129 1.0373528506122836 0
124 0.10205203786564687 4 14629 14686.333333333334 15329.543846711147 0.9508510492856654 0
125 0.10205203786564687 4 14501 14463.333333333334 16185.103578774178 1.0127807277659013 0
126 0.10205203786564687 4 14686 14890.333333333334 15939.34597433014 0.9848381678696264 0
127 0.10205203786564687 4 14694 14715.666666666666 16409.92219449877 1.0133614627285514 0
128 0.10205203786564687 4 14741 14821.0 16217.43043855157 0.9982814372611537 0
129 0.10205203786564687 4 15062 15187.333333333334 16333.513253206753 0.9839994688620369 0
130 0.10205203786564687 4 14418 14326.0 16737.231649744866 1.0533592268923107 0
131 0.10205203786564687 4 14412 14302.333333333334 15787.997494463258 0.9940327504857064 0
132 0.10205203786564687 4 14192 13902.0 15761.91559623377 1.0077743329575348 0
133 0.10205203786564687 4 14437 14443.333333333334 15320.727430408222 0.9629424395650066 0
134 0.10205203786564687 4 14142 14052.0 15917.304933572826 1.021307688681469 0
135 0.10205203786564687 4 14303 14340.0 15486.03523608807 0.9824512340068517 0
136 0.10205203786564687 4 14402 14390.333333333334 15803.426222993376 0.9956950423552284 0
137 0.10205203786564687 4 14273 14316.666666666666 15858.896175565947 1.0082206497115767 0
138 0.10205203786564687 4 14070 13992.333333333334 15777.711675443177 1.017531390665719 0
139 0.10205203786564687 4 14430 14439.333333333334 15420.279464495421 0.9696696696696697 0
140 0.10205203786564687 4 13837 13691.666666666666 15912.896725421364 1.0435306304353063 0
141 0.10205203786564687 4 13775 13676.666666666666 15088.929151777147 0.9939503932244403 0
142 0.10205203786564687 4 14988 15174.0 15072.398371209163 0.9125077840049817 0
143 0.10205203786564687 4 15888 16571.666666666668 16722.537622573327 0.9550604229607251 0
144 0.10205203786564687 4 16347 17204.333333333332 18262.83902083021 1.01374360229196 0
145 0.10205203786564687 4 15689 15922.666666666666 18960.070610119878 1.0965857182314571 0
146 0.10205203786564687 4 16068 16128.0 17547.607248255405 0.9909551074599617 0
147 0.10205203786564687 4 15756 15559.0 17773.895266697153 1.0236100533130237 0
148 0.10205203786564687 4 16147 16299.666666666666 17146.8276571516 0.9635845667925931 0
149 0.10205203786564687 4 16839 17096.0 17963.080866530756 0.9679711780192806 0
150 0.10205203786564687 4 15806 15822.666666666666 18840.6816393511 1.081614576743009 0
151 0.10205203786564687 4 14204 13556.333333333334 17437.40204446884 1.1139585093400919 0
152 0.10205203786564687 4 14084 13165.666666666666 14939.784775985998 0.9625343179021112 0
153 0.10205203786564687 4 14325 13831.333333333334 14509.249779859818 0.9190692262943572 0
154 0.10205203786564687 4 14028 13969.333333333334 15242.849086399052 0.9859804201121567 0
155 0.10205203786564687 4 14120 14132.0 15394.93226762451 0.9893295561850803 0
156 0.10205203786564687 4 14059 13970.333333333334 15574.199399117322 1.0051924034426347 0
157 0.10205203786564687 4 14092 14113.333333333334 15396.034319662376 0.9913662598164443 0
158 0.10205203786564687 4 13964 13912.0 15553.627761077163 1.0106941659505395 0
159 0.10205203786564687 4 14381 14488.333333333334 15331.74795078688 0.9673875252068702 0
160 0.10205203786564687 4 14300 14369.333333333334 15966.89727527678 1.0131701631701633 0
161 0.10205203786564687 4 13923 13909.333333333334 15835.753082770769 1.032057267351385 0
162 0.10205203786564687 4 13935 13786.333333333334 15328.809145352572 0.9981581150580074 0
163 0.10205203786564687 4 14206 14174.666666666666 15193.256744695096 0.9704584917171148 0
164 0.10205203786564687 4 13791 13747.0 15621.220286066255 1.0278200758949072 0
165 0.10205203786564687 4 14314 14440.333333333334 15149.909364539048 0.9603884309068045 0
166 0.10205203786564687 4 14341 14386.0 15913.99877745923 1.0069265276712456 0
167 0.10205203786564687 4 13928 13973.666666666666 15854.120616735196 1.0328834003446294 0
168 0.10205203786564687 4 14128 14066.0 15399.70782645526 0.9890760664401661 0
169 0.10205203786564687 4 14392 14409.0 15501.46396461819 0.9773485269594219 0
170 0.10205203786564687 4 14475 14657.333333333334 15879.467813606107 0.995440414507772 0
171 0.10205203786564687 4 14375 14457.333333333334 16153.144069676075 1.0196405797101449 0
172 0.10205203786564687 4 14188 14120.0 15932.733662102946 1.0189831782727188 0
173 0.10205203786564687 4 14348 14305.666666666666 15560.974774662935 0.9841092835238361 0
174 0.10205203786564687 4 14311 14289.666666666666 15765.589103026656 0.9996273262991172 0
175 0.10205203786564687 4 14446 14532.0 15747.956270420804 0.9891780885135446 0
176 0.10205203786564687 4 14438 14468.0 16015.02021426358 1.0065105970356005 0
177 0.10205203786564687 4 14445 14489.666666666666 15944.488883840178 1.0015922464520595 0
178 0.10205203786564687 4 14148 14048.666666666666 15968.366677993934 1.0241494675336915 0
179 0.10205203786564687 4 15006 15195.333333333334 15482.361729295184 0.9362032964591941 0
180 0.10205203786564687 4 14395 14378.333333333334 16746.048066047795 1.0555980085677898 0
181 0.10205203786564687 4 14526 14652.0 15845.67155111156 0.98983432006976 0
182 0.10205203786564687 4 14568 14422.0 16147.266458807459 1.0057660626029654 0
183 0.10205203786564687 4 14662 14751.0 15893.794490098358 0.9836311553676169 0
184 0.10205203786564687 4 14535 14538.0 16256.369610556158 1.014860681114551 0
185 0.10205203786564687 4 14115 13964.0 16021.632526490774 1.0299681190223167 0
186 0.10205203786564687 4 14239 14098.0 15389.054656755892 0.9806868459863755 0
187 0.10205203786564687 4 14731 14796.333333333334 15536.72962982989 0.9570293937953974 0
188 0.10205203786564687 4 14306 14369.666666666666 16306.3293029394 1.0342746633114313 0
189 0.10205203786564687 4 14481 14561.666666666666 15836.120433450056 0.9923117648412862 0
190 0.10205203786564687 4 14411 14304.333333333334 16047.714424720261 1.0104549765225637 0
191 0.10205203786564687 4 14203 14168.666666666666 15764.119700309502 1.007134642915816 0
192 0.10205203786564687 4 13889 13691.666666666666 15614.607973839062 1.0201358389132886 0
193 0.10205203786564687 4 14255 14203.0 15088.929151777147 0.960481702326669 0
194 0.10205203786564687 4 14443 14523.0 15652.445093805782 0.9833829536799834 0
195 0.10205203786564687 4 14047 14099.666666666666 16005.10174592279 1.0338862390546024 0
196 0.10205203786564687 4 13814 13667.0 15538.56638322633 1.0206795038849477 0
197 0.10205203786564687 4 14295 14245.666666666666 15061.745201509795 0.9560685554389646 0
198 0.10205203786564687 4 14601 14785.666666666666 15699.465980754716 0.9756637673218729 0
199 0.10205203786564687 4 14335 14508.666666666666 16294.574081202165 1.0314382048599 0
200 0.10205203786564687 4 14423 14465.666666666666 15989.30566671338 1.005939587233354 0
201 0.10205203786564687 4 14083 13910.333333333334 15941.917429085159 1.027172240763095 0
202 0.10205203786564687 4 14087 14004.333333333334 15329.911197390436 0.9874588864437661 0
203 0.10205203786564687 4 14388 14376.333333333334 15433.504088949809 0.9733342600315078 0
204 0.10205203786564687 4 14131 14147.0 15843.46744703583 1.0173613568277782 0
205 0.10205203786564687 4 14443 14561.666666666666 15590.730179685306 0.9795056428719795 0
206 0.10205203786564687 4 13771 13565.333333333334 16047.714424720261 1.0574153414179555 0
207 0.10205203786564687 4 14027 13992.333333333334 14949.703244326789 0.9670872840474324 0
208 0.10205203786564687 4 13796 13580.333333333334 15420.279464495421 1.0142311781192617 0
209 0.10205203786564687 4 14204 14348.333333333334 14966.234024894773 0.956092180606402 0
210 0.10205203786564687 4 13782 13700.333333333334 15812.60998997559 1.0410922459246361 0
211 0.10205203786564687 4 13579 13506.666666666666 15098.48026943865 1.008935365883595 0
212 0.10205203786564687 4 13751 13600.0 14885.049524772003 0.9822315952779191 0
213 0.10205203786564687 4 13591 13527.333333333334 14987.907714972798 1.0006622029284085 0
214 0.10205203786564687 4 13278 13177.666666666666 14907.825266887894 1.018777928402872 0
215 0.10205203786564687 4 13208 13027.0 14522.474404314205 0.9977034120734908 0
216 0.10205203786564687 4 12988 12787.0 14356.431897275781 1.003002771789344 0
217 0.10205203786564687 4 13246 13235.333333333334 14091.939408188027 0.9653480295938397 0
218 0.10205203786564687 4 13208 13208.0 14586.026071831126 1.0020694528568546 0
219 0.10205203786564687 4 13273 13368.0 14555.903316129465 0.9951028403525954 0
220 0.10205203786564687 4 13657 13794.0 14732.231642187968 0.9788386907812843 0
221 0.10205203786564687 4 13321 13358.666666666666 15201.705810318734 1.0355078447563997 0
222 0.10205203786564687 4 13441 13497.0 14721.945823167887 0.9938744637055774 0
223 0.10205203786564687 4 13319 13206.333333333334 14874.396355072637 1.0133643666941963 0
224 0.10205203786564687 4 13443 13483.666666666666 14554.066562733022 0.9823948027474027 0
225 0.10205203786564687 4 13362 13335.666666666666 14859.702327901094 1.0091054233398193 0
226 0.10205203786564687 4 13339 13345.666666666666 14696.598626296978 0.9997501062048629 0
227 0.10205203786564687 4 13210 13132.333333333334 14707.619146675634 1.0102699974766591 0
228 0.10205203786564687 4 13211 13160.666666666666 14472.514711930964 0.9940453662352081 0
229 0.10205203786564687 4 13428 13457.666666666666 14503.73951967049 0.9800913514050242 0
230 0.10205203786564687 4 13684 13842.0 14831.048974916586 0.9834600019487478 0
231 0.10205203786564687 4 13310 13343.0 15254.604308136284 1.039969947407964 0
232 0.10205203786564687 4 13018 12881.333333333334 14704.680341241326 1.0249654324781072 0
233 0.10205203786564687 4 13102 12908.0 14195.899650426687 0.9831577876151224 0
234 0.10205203786564687 4 13183 13140.666666666666 14225.28770476977 0.9791398012591974 0
235 0.10205203786564687 4 13074 13092.666666666666 14481.698478913177 1.0050991790321757 0
236 0.10205203786564687 4 12813 12716.666666666666 14428.799981095624 1.0218267904992324 0
237 0.10205203786564687 4 12739 12591.0 14014.428414858143 0.9982468534945181 0
238 0.10205203786564687 4 12839 12760.666666666666 13875.93720876636 0.9806838538827012 0
239 0.10205203786564687 4 13122 13225.0 14062.91870452423 0.9724635472234923 0
240 0.10205203786564687 4 12987 13069.666666666666 14574.638200773179 1.0183260183260183 0
241 0.10205203786564687 4 13020 13080.333333333334 14403.452784224715 1.0038146441372247 0
242 0.10205203786564687 4 12857 12768.666666666666 14415.208005961951 1.0173705633766301 0
243 0.10205203786564687 4 13194 13263.0 14071.735120827156 0.9677631246526198 0
244 0.10205203786564687 4 13047 13056.0 14616.516178212074 1.0165555300068982 0
245 0.10205203786564687 4 13014 13066.333333333334 14388.391406373885 1.0032272936837252 0
246 0.10205203786564687 4 13469 13560.666666666666 14399.779277431831 0.9701041898680922 0
247 0.10205203786564687 4 13099 13116.333333333334 14944.560334816748 1.0352444206936915 0
248 0.10205203786564687 4 13145 13188.666666666666 14454.881879325114 0.997819196145556 0
249 0.10205203786564687 4 12952 12779.666666666666 14534.596976730727 1.018272596252831 0
250 0.10205203786564687 4 12943 12891.0 14083.857693243677 0.9873805660717504 0
251 0.10205203786564687 4 12955 12891.666666666666 14206.552820126053 0.9950598224623698 0
252 0.10205203786564687 4 13691 13937.333333333334 14207.28752148463 0.9416161468604679 0
253 0.10205203786564687 4 13103 13156.333333333334 15359.66660241281 1.0636749853723066 0
254 0.10205203786564687 4 13033 13059.0 14498.96396083974 1.0094631576255149 0
255 0.10205203786564687 4 13397 13299.0 14391.697562487483 0.9747704710009704 0
256 0.10205203786564687 4 13259 13311.0 14656.190051575239 1.0030168187646127 0
257 0.10205203786564687 4 13335 13435.666666666666 14669.414676029626 0.9982002249718785 0
258 0.10205203786564687 4 13389 13386.333333333334 14806.803830083541 1.0034854482535414 0
259 0.10205203786564687 4 13430 13487.0 14752.435929548838 0.9967485728468604 0
260 0.10205203786564687 4 13716 13843.0 14863.37583469398 0.9833041703120443 0
261 0.10205203786564687 4 13222 13166.333333333334 15255.70636017415 1.046967175918923 0
262 0.10205203786564687 4 13349 13322.0 14509.984481218396 0.986316078607636 0
263 0.10205203786564687 4 13304 13166.666666666666 14681.537248446148 1.0013529765484066 0
264 0.10205203786564687 4 14128 14430.0 14510.351831897684 0.9319554548886372 0
265 0.10205203786564687 4 13121 13045.0 15902.610906401284 1.099763737520006 0
266 0.10205203786564687 4 13141 13086.666666666666 14376.268833957363 0.9926946198919413 0
267 0.10205203786564687 4 13011 12638.666666666666 14422.187668868432 1.0058155919350293 0
268 0.10205203786564687 4 13829 14065.0 13928.46835590462 0.9139248439270132 0
269 0.10205203786564687 4 13186 13201.0 15500.361912580323 1.0666616107993325 0
270 0.10205203786564687 4 13460 13609.666666666666 14548.188951864404 0.9807578008915304 0
271 0.10205203786564687 4 13299 13122.333333333334 14998.560884672164 1.0233601523924105 0
272 0.10205203786564687 4 12937 12854.0 14461.494191552307 1.0143258354590194 0
273 0.10205203786564687 4 13016 12868.0 14165.776894725024 0.9875537799631223 0
274 0.10205203786564687 4 12967 12856.333333333334 14181.205623255144 0.9923652348268682 0
275 0.10205203786564687 4 12974 12986.333333333334 14168.348349480046 0.9909305791069318 0
276 0.10205203786564687 4 13329 13433.333333333334 14311.615114402579 0.974291644784555 0
277 0.10205203786564687 4 12704 12616.333333333334 14804.232375328524 1.0574097397145257 0
278 0.10205203786564687 4 12764 12694.0 13903.85586039229 0.9884310038650371 0
279 0.10205203786564687 4 12954 12829.0 13989.448568666521 0.979928979465802 0
280 0.10205203786564687 4 12743 12756.0 14138.225593778383 1.0067488032645373 0
281 0.10205203786564687 4 12732 12721.333333333334 14057.775795014191 1.0018850141376061 0
282 0.10205203786564687 4 12411 12230.0 14019.571324368184 1.0250047001316038 0
283 0.10205203786564687 4 12596 12547.0 13478.096423096862 0.9709431565576373 0
284 0.10205203786564687 4 12815 12842.666666666666 13827.446919100272 0.9790870074131877 0
285 0.10205203786564687 4 12386 12377.666666666666 14153.286971629213 1.0368695839388558 0
286 0.10205203786564687 4 12464 12420.0 13640.832774021688 0.9930733846812152 0
287 0.10205203786564687 4 12440 12315.0 13687.486310291335 0.9983922829581994 0
288 0.10205203786564687 4 12475 12504.666666666666 13571.770846315441 0.9871743486973948 0
289 0.10205203786564687 4 12773 12876.0 13780.793382830625 0.9789921448889585 0
290 0.10205203786564687 4 12472 12482.666666666666 14190.022039558069 1.0323925593329057 0
291 0.10205203786564687 4 12605 12648.333333333334 13756.54823799758 0.9902948565384107 0
292 0.10205203786564687 4 12570 12502.333333333334 13939.12152560399 1.0062317687616018 0
293 0.10205203786564687 4 12706 12784.0 13778.221928075607 0.9839708274306103 0
294 0.10205203786564687 4 12727 12767.666666666666 14088.633252074429 1.0044786674000157 0
295 0.10205203786564687 4 12780 12850.0 14070.63306878929 0.9990349504434011 0
296 0.10205203786564687 4 12601 12566.0 14161.368686573562 1.0197603364812315 0
297 0.10205203786564687 4 12454 12363.0 13848.385907819718 1.008993094588084 0
298 0.10205203786564687 4 12779 12778.666666666666 13624.669344132992 0.9674465920651069 0
299 0.10205203786564687 4 12691 12721.0 14082.755641205813 1.0069077824179864 0
300 0.10205203786564687 4 13051 13250.0 14019.203973688895 0.9747145812581411 0
301 0.10205203786564687 4 13079 13179.0 14602.18950171982 1.0130743940668248 0
302 0.10205203786564687 4 12940 13023.0 14523.94380703136 1.018469860896445 0
303 0.10205203786564687 4 12884 12828.333333333334 14352.023689124318 1.0107885749767154 0
304 0.10205203786564687 4 12847 12769.666666666666 14137.490892419808 0.9985470018940868 0
305 0.10205203786564687 4 13250 13353.333333333334 14072.837172865022 0.9637484276729559 0
306 0.10205203786564687 4 12856 12846.666666666666 14716.068212299271 1.0386849201410495 0
307 0.10205203786564687 4 13055 13124.333333333334 14157.695179780676 0.984041874122303 0
308 0.10205203786564687 4 13146 13111.333333333334 14463.698295628039 0.9983518433997668 0
309 0.10205203786564687 4 12929 12953.333333333334 14449.371619135785 1.0141026632634647 0
310 0.10205203786564687 4 13043 13039.0 14275.247397153013 0.99312530348335 0
311 0.10205203786564687 4 13924 14183.333333333334 14369.65652173017 0.9364406779661016 0
312 0.10205203786564687 4 13262 13373.0 15630.771403727758 1.0694716734529734 0
313 0.10205203786564687 4 13436 13567.0 14737.741902377296 0.9953111044953855 0
314 0.10205203786564687 4 12827 12461.333333333334 14951.539997723232 1.0576908084509238 0
315 0.10205203786564687 4 12907 12788.666666666666 13733.037794523116 0.9654709330854059 0
316 0.10205203786564687 4 12729 12493.333333333334 14093.776161584468 1.004687459082934 0
317 0.10205203786564687 4 13009 13069.666666666666 13768.303459734816 0.9603607758731135 0
318 0.10205203786564687 4 13001 13032.333333333334 14403.452784224715 1.0052816450016664 0
319 0.10205203786564687 4 13503 13761.0 14362.309508144399 0.9651435483472809 0
320 0.10205203786564687 4 12511 12345.0 15165.338093069167 1.0999120773719127 0
321 0.10205203786564687 4 13095 13126.333333333334 13604.832407451411 0.9427262313860252 0
322 0.10205203786564687 4 12712 12448.333333333334 14465.90239970377 1.0325938745542271 0
323 0.10205203786564687 4 12494 12488.333333333334 13718.711118030862 0.9963449122245345 0
324 0.10205203786564687 4 13733 13945.666666666666 13762.793199545487 0.909366732202238 0
325 0.10205203786564687 4 12542 12485.333333333334 15368.850369395022 1.1119172912347843 0
326 0.10205203786564687 4 13094 13294.0 13759.487043431891 0.953515605111756 0
327 0.10205203786564687 4 13165 12975.666666666666 14650.67979138591 1.0097987086973035 0
328 0.10205203786564687 4 12932 13062.0 14299.859892665345 1.003376636766677 0
329 0.10205203786564687 4 12911 12850.0 14395.00371860108 1.0116954534892728 0
330 0.10205203786564687 4 13056 13019.666666666666 14161.368686573562 0.9842218137254902 0
331 0.10205203786564687 4 13145 13216.0 14348.350182331433 0.9904653226828959 0
332 0.10205203786564687 4 12943 12953.666666666666 14564.71973243239 1.0210924824229313 0
333 0.10205203786564687 4 12731 12622.666666666666 14275.6147478323 1.017490115989841 0
334 0.10205203786564687 4 12775 12651.666666666666 13910.83552329877 0.9880756686236137 0
335 0.10205203786564687 4 12817 12775.0 13942.795032396874 0.9871004655275545 0
336 0.10205203786564687 4 12727 12725.666666666666 14078.714783733638 1.003771509389487 0
337 0.10205203786564687 4 12746 12736.333333333334 14024.346883198932 0.9984047282807678 0
338 0.10205203786564687 4 12728 12698.333333333334 14036.102104936168 1.000654724491934 0
339 0.10205203786564687 4 12862 12907.0 13994.224127497273 0.9872751775255274 0
340 0.10205203786564687 4 12870 12911.333333333334 14224.185652731905 1.0028749028749029 0
341 0.10205203786564687 4 12668 12648.0 14228.961211562655 1.0192085043679613 0
342 0.10205203786564687 4 12825 12812.666666666666 13938.754174924701 0.9861988304093567 0
343 0.10205203786564687 4 12980 13016.666666666666 14120.225410493244 0.9871083718541345 0
344 0.10205203786564687 4 13303 13514.666666666666 14345.044026217836 0.9784760329750182 0
345 0.10205203786564687 4 13217 13347.666666666666 14893.865941074928 1.0225215000882701 0
346 0.10205203786564687 4 13103 13144.0 14709.823250751366 1.0186725686229616 0
347 0.10205203786564687 4 12864 12717.666666666666 14485.371985706062 1.0217661691542288 0
348 0.10205203786564687 4 13497 13590.333333333334 14015.530466896007 0.9422587735546171 0
349 0.10205203786564687 4 13310 13379.0 14977.25454527343 1.0210618582519408 0
350 0.10205203786564687 4 13459 13657.333333333334 14744.35421460449 0.9940560219927186 0
351 0.10205203786564687 4 13225 13134.333333333334 15051.092031810429 1.0326906112161311 0
352 0.10205203786564687 4 13378 13400.666666666666 14474.718816006694 0.981786016843574 0
353 0.10205203786564687 4 13442 13436.333333333334 14768.232008758245 0.996925060754848 0
354 0.10205203786564687 4 13383 13435.666666666666 14807.53853144212 1.0039851552965204 0
355 0.10205203786564687 4 13551 13608.666666666666 14806.803830083541 0.9914889430054362 0
356 0.10205203786564687 4 13464 13471.333333333334 14997.458832634298 1.0107447019211724 0
357 0.10205203786564687 4 13583 13649.666666666666 14846.110352767419 0.9917789393604751 0
358 0.10205203786564687 4 13797 13879.0 15042.642966186791 0.9893213500519437 0
359 0.10205203786564687 4 13785 13892.0 15295.380233537313 1.0068190061661226 0
360 0.10205203786564687 4 13862 13955.0 15309.706910029567 1.0021641898715914 0
361 0.10205203786564687 4 13669 13626.333333333334 15379.136188415103 1.0209232570049016 0
362 0.10205203786564687 4 14123 14235.666666666666 15016.928418636593 0.9648327786825274 0
363 0.10205203786564687 4 13580 13486.0 15688.44546037606 1.0482817869415808 0
364 0.10205203786564687 4 13919 14002.333333333334 14862.273782656113 0.9688914433508155 0
365 0.10205203786564687 4 14194 14217.666666666666 15431.299984874076 0.9864966417735194 0
366 0.10205203786564687 4 14046 14201.333333333334 15668.608523694478 1.0122217475912478 0
367 0.10205203786564687 4 14101 14161.666666666666 15650.60834040934 1.0071153346098385 0
368 0.10205203786564687 4 13835 13715.333333333334 15606.893609574001 1.0236116130586677 0
369 0.10205203786564687 4 13765 13671.333333333334 15115.011050006637 0.9963918149897082 0
370 0.10205203786564687 4 13824 13731.666666666666 15066.520760340547 0.9889564043209877 0
371 0.10205203786564687 4 13904 13927.0 15133.011233291774 0.9876054852320675 0
372 0.10205203786564687 4 14361 14559.666666666666 15348.278731354863 0.9697792632825012 0
373 0.10205203786564687 4 14084 14170.666666666666 16045.51032064453 1.0337735491811038 0
374 0.10205203786564687 4 14077 14134.666666666666 15616.812077914792 1.006653879851294 0
375 0.10205203786564687 4 13897 13742.333333333334 15577.13820455163 1.0171020124247439 0
376 0.10205203786564687 4 13724 13604.0 15144.766455029008 1.0013358593218693 0
377 0.10205203786564687 4 13736 13622.333333333334 14992.31592312426 0.9903902154921375 0
378 0.10205203786564687 4 13655 13574.333333333334 15012.52021048513 0.9976077139021116 0
379 0.10205203786564687 4 13611 13573.333333333334 14959.62171266758 0.997306100457963 0
380 0.10205203786564687 4 13516 13442.666666666666 14958.519660629714 1.0042418861596134 0
381 0.10205203786564687 4 13512 13464.333333333334 14814.518194348602 0.9948687586343004 0
382 0.10205203786564687 4 13583 13573.666666666666 14838.395988502358 0.9912635892905348 0
383 0.10205203786564687 4 13449 13426.666666666666 14958.887011309002 1.0092695863385133 0
384 0.10205203786564687 4 13438 13413.333333333334 14796.885361742752 0.9991566205288485 0
385 0.10205203786564687 4 13444 13397.666666666666 14782.191334571211 0.9977189328572846 0
386 0.10205203786564687 4 13397 13379.666666666666 14764.925852644648 1.0000497623846134 0
387 0.10205203786564687 4 13413 13404.666666666666 14745.088915963066 0.9975148487785481 0
388 0.10205203786564687 4 13308 13262.666666666666 14772.640216909707 1.0072638012223223 0
389 0.10205203786564687 4 13447 13463.666666666666 14616.148827532785 0.9862918618774943 0
390 0.10205203786564687 4 13553 13599.666666666666 14837.661287143781 0.9934085934233503 0
391 0.10205203786564687 4 14472 14860.0 14987.540364293509 0.9397226828818869 0
392 0.10205203786564687 4 13640 13704.333333333334 16376.493282683512 1.0894428152492668 0
393 0.10205203786564687 4 13688 13733.0 15102.888477590113 1.001193259302552 0
394 0.10205203786564687 4 14231 14150.666666666666 15134.480636008928 0.9650059728761156 0
395 0.10205203786564687 4 13490 13440.0 15594.77103715748 1.048974549048678 0
396 0.10205203786564687 4 13583 13548.0 14811.579388914293 0.989472134285504 0
397 0.10205203786564687 4 13690 13509.666666666666 14930.601009003783 0.9896274653031409 0
398 0.10205203786564687 4 13627 13672.666666666666 14888.3556808856 0.9913896431104914 0
399 0.10205203786564687 4 13363 13289.666666666666 15067.9901630577 1.023173439098007 0
400 0.10205203786564687 4 13642 13626.0 14645.904232555158 0.97417289742462 0
401 0.10205203786564687 4 13392 13313.666666666666 15016.561067957304 1.01747311827957 0
402 0.10205203786564687 4 13218 13169.666666666666 14672.353481463933 1.0072376052857215 0
403 0.10205203786564687 4 13403 13323.333333333334 14513.65798801128 0.982590962222388 0
404 0.10205203786564687 4 13379 13374.666666666666 14683.006651163303 0.9958392505668088 0
405 0.10205203786564687 4 13521 13622.0 14739.578655773737 0.9891773290930158 0
406 0.10205203786564687 4 13427 13435.0 15012.152859805841 1.014522976092947 0
407 0.10205203786564687 4 13679 13779.0 14806.069128724967 0.9821624387747643 0
408 0.10205203786564687 4 13483 13470.333333333334 15185.175029750748 1.0219535711636876 0
409 0.10205203786564687 4 13352 13327.0 14845.008300729553 1.008862592370681 0
410 0.10205203786564687 4 13372 13269.666666666666 14687.047508635476 0.9966347591983249 0
411 0.10205203786564687 4 13483 13483.0 14623.863191797846 0.9841776063685134 0
412 0.10205203786564687 4 13541 13604.0 14858.967626542517 0.9957167122073702 0
413 0.10205203786564687 4 13497 13538.666666666666 14992.31592312426 1.007927687634289 0
414 0.10205203786564687 4 13929 14077.666666666666 14920.315189983703 0.9719769306243569 0
415 0.10205203786564687 4 13534 13531.666666666666 15514.321238393288 1.0401704349539431 0
416 0.10205203786564687 4 13308 13245.0 14912.600825718644 1.0168069331730287 0
417 0.10205203786564687 4 13436 13271.666666666666 14596.679241530494 0.9857844596606132 0
418 0.10205203786564687 4 13273 13186.0 14626.067295873576 0.9998995454431301 0
419 0.10205203786564687 4 12977 12866.666666666666 14531.65817129642 1.0161054172767203 0
420 0.10205203786564687 4 13062 12937.333333333334 14179.736220537989 0.9850456795794416 0
421 0.10205203786564687 4 13228 13213.0 14257.614564547162 0.9780264086281625 0
422 0.10205203786564687 4 13213 13291.666666666666 14561.413576318791 1.0 0
423 0.10205203786564687 4 12871 12807.333333333334 14648.108336630889 1.0326832931914123 0
424 0.10205203786564687 4 13064 13009.333333333334 14114.34779962463 0.9803531332925087 0
425 0.10205203786564687 4 15049 13009.333333333334 14336.96231127349 0.8644649699869316 1
426 0.10205203786564687 4 13370 13009.333333333334 14336.96231127349 0.9730241834953878 0
427 0.10205203786564687 4 13247 13372.333333333334 14336.96231127349 0.9820588309302736 0
428 0.10205203786564687 4 13388 13496.0 14737.00720101872 0.9988297978289016 0
429 0.10205203786564687 4 13183 13120.666666666666 14873.29430303477 1.0237426989304408 0
430 0.10205203786564687 4 13629 13756.333333333334 14459.657438155864 0.9627020813461491 0
431 0.10205203786564687 4 13303 13274.666666666666 15160.195183559128 1.0340775263724975 0
432 0.10205203786564687 4 13754 13944.333333333334 14629.373451987172 0.9651495322572827 0
433 0.10205203786564687 4 13545 13517.0 15367.380966677869 1.0294819736680203 0
434 0.10205203786564687 4 13309 13311.0 14896.43739582995 1.0156285220527463 0
435 0.10205203786564687 4 13759 13760.666666666666 14669.414676029626 0.9674394941492841 0
436 0.10205203786564687 4 13688 13735.666666666666 15164.970742389878 1.0053087862848236 0
437 0.10205203786564687 4 13656 13771.666666666666 15137.419441443237 1.0058338215192344 0
438 0.10205203786564687 4 13776 13781.666666666666 15177.0933148064 0.9996854432830042 0
439 0.10205203786564687 4 13843 13894.666666666666 15188.113835185057 0.9955693611693033 0
440 0.10205203786564687 4 13523 13478.666666666666 15312.645715463874 1.027484039537578 0
441 0.10205203786564687 4 13348 13205.333333333334 14854.192067711765 1.0097892318449704 0
442 0.10205203786564687 4 13102 12855.0 14552.964510695156 1.0078868366152751 0
443 0.10205203786564687 4 13315 13245.666666666666 14166.87894676289 0.9654524971836275 0
444 0.10205203786564687 4 13052 12953.333333333334 14597.413942889068 1.0148380835631832 0
445 0.10205203786564687 4 13163 13183.333333333334 14275.247397153013 0.984071513586062 0
446 0.10205203786564687 4 13115 13048.333333333334 14528.719365862113 1.005210318973186 0
447 0.10205203786564687 4 12871 12810.666666666666 14379.942340750249 1.013777743247093 0
448 0.10205203786564687 4 12983 12923.0 14118.021306417513 0.9867262317389406 0
449 0.10205203786564687 4 12740 12615.0 14241.818485337755 1.0143642072213501 0
450 0.10205203786564687 4 12749 12708.333333333334 13902.386457675135 0.9894893717154286 0
451 0.10205203786564687 4 13122 13168.333333333334 14005.24464787593 0.9684753340446071 0
452 0.10205203786564687 4 12821 12848.0 14512.188585294127 1.0270909705431195 0
453 0.10205203786564687 4 12798 12814.333333333334 14159.164582497831 1.0039068604469448 0
454 0.10205203786564687 4 12616 12447.333333333334 14122.062163889688 1.0157207778482351 0
455 0.10205203786564687 4 12772 12755.666666666666 13717.609065992996 0.974579810001044 0
456 0.10205203786564687 4 12600 12534.0 14057.408444334902 1.0123544973544973 0
457 0.10205203786564687 4 12712 12744.0 13813.120242608018 0.985997482693518 0
458 0.10205203786564687 4 12870 12902.666666666666 14044.551170559804 0.9902097902097902 0
459 0.10205203786564687 4 12687 12716.0 14219.410093901153 1.0169990278763037 0
460 0.10205203786564687 4 13541 13817.333333333334 14013.693713499566 0.9390739236393176 0
461 0.10205203786564687 4 12849 12842.0 15227.420357868932 1.0753625444262849 0
462 0.10205203786564687 4 12960 13051.0 14152.552270270637 0.990895061728395 0
463 0.10205203786564687 4 12760 12499.666666666666 14382.881146184558 1.0228056426332288 0
464 0.10205203786564687 4 12970 13010.333333333334 13775.283122641296 0.9637368285787715 0
465 0.10205203786564687 4 12864 12832.0 14338.064363311356 1.0113754145936982 0
466 0.10205203786564687 4 12900 12946.666666666666 14141.531749891981 0.9947286821705427 0
467 0.10205203786564687 4 12802 12746.0 14267.900383567241 1.0113003176586992 0
468 0.10205203786564687 4 13250 13378.666666666666 14046.755274635536 0.9619622641509434 0
469 0.10205203786564687 4 12596 12494.666666666666 14743.9868639252 1.0621361278712818 0
470 0.10205203786564687 4 13098 13196.666666666666 13769.772862451968 0.9539369878352929 0
471 0.10205203786564687 4 12968 12874.0 14543.413393033652 1.0176331482623895 0
472 0.10205203786564687 4 13005 13141.333333333334 14187.817935482339 0.989926951172626 0
473 0.10205203786564687 4 12433 12211.333333333334 14482.433180271755 1.056972036783828 0
474 0.10205203786564687 4 12103 11814.666666666666 13457.524785056703 1.008950948800573 0
475 0.10205203786564687 4 12557 12407.666666666666 13020.377476703328 0.940882907276154 0
476 0.10205203786564687 4 12461 12470.333333333334 13673.894335157656 0.9957199796699033 0
477 0.10205203786564687 4 12710 12912.333333333334 13742.956262863905 0.9811434565958563 0
478 0.10205203786564687 4 12525 12514.333333333334 14230.063263600521 1.0309248170326015 0
479 0.10205203786564687 4 12719 12805.0 13791.446552529995 0.9839085882013786 0
480 0.10205203786564687 4 12635 12610.0 14111.776344869608 1.0134546893549663 0
481 0.10205203786564687 4 12904 13030.333333333334 13896.876197485806 0.9772163670179789 0
482 0.10205203786564687 4 12575 12527.0 14360.105404068669 1.036209410205434 0
483 0.10205203786564687 4 12698 12719.0 13805.40587834296 0.9865333123326508 0
484 0.10205203786564687 4 12455 12305.333333333334 14016.999869613162 1.021196306704135 0
485 0.10205203786564687 4 12401 12343.0 13561.117676616073 0.9922855683681424 0
486 0.10205203786564687 4 12638 12618.0 13602.628303375679 0.9766576990030068 0
487 0.10205203786564687 4 12531 12556.333333333334 13905.692613788733 1.0069427819008858 0
488 0.10205203786564687 4 12580 12639.666666666666 13837.732738120352 0.9981187069422364 0
489 0.10205203786564687 4 12434 12366.0 13929.570407942487 1.0165406680606937 0
490 0.10205203786564687 4 12497 12485.666666666666 13627.97550024659 0.9895174841962071 0
491 0.10205203786564687 4 16162 12485.666666666666 13759.854394111178 0.7725322773584127 1
492 0.10205203786564687 4 22255 12485.666666666666 13759.854394111178 0.5610274844604208 1
493 0.10205203786564687 4 15264 12485.666666666666 13759.854394111178 0.8179813067784766 1
494 0.10205203786564687 4 12300 12485.666666666666 13759.854394111178 1.0150948509485094 0
495 0.10205203786564687 4 12556 12596.666666666666 13759.854394111178 0.9943984283742168 0
496 0.10205203786564687 4 12674 12733.0 13882.182170314265 0.9938982694229656 0
497 0.10205203786564687 4 12314 12318.666666666666 14032.428598143282 1.0340263115153483 0
498 0.10205203786564687 4 12428 12385.333333333334 13575.811703787615 0.9912026606587275 0
499 0.10205203786564687 4 12726 12743.333333333334 13649.281839645326 0.9732306563989733 0
500 0.10205203786564687 4 12555 12635.333333333334 14043.816469201227 1.0150006637461835 0
501 0.10205203786564687 4 12927 13093.333333333334 13924.794849111737 0.9774374049147779 0
502 0.10205203786564687 4 12481 12399.333333333334 14429.534682454203 1.0490612397510883 0
503 0.10205203786564687 4 12610 12628.333333333334 13664.710568175446 0.9832936822627545 0
504 0.10205203786564687 4 12475 12324.333333333334 13917.080484846678 1.0122912491649967 0
505 0.10205203786564687 4 12829 12945.0 13582.056665335522 0.9606620417283759 0
506 0.10205203786564687 4 12671 12691.333333333334 14266.063630170798 1.021624181201168 0
507 0.10205203786564687 4 12567 12597.666666666666 13986.509763232214 1.0098936367735605 0
508 0.10205203786564687 4 12677 12626.333333333334 13883.28422235213 0.9937419473587337 0
509 0.10205203786564687 4 12744 12768.333333333334 13914.876380770947 0.9907668968403432 0
510 0.10205203786564687 4 12787 12860.333333333334 14071.367770147868 0.9985401840410835 0
511 0.10205203786564687 4 12732 12750.333333333334 14172.756557631508 1.0100795894858101 0
512 0.10205203786564687 4 12751 12753.333333333334 14051.530833466288 0.9999477165189659 0
513 0.10205203786564687 4 12666 12625.666666666666 14054.836989579884 1.0068950997420918 0
514 0.10205203786564687 4 12886 12937.333333333334 13914.141679412369 0.9797971959232241 0
515 0.10205203786564687 4 12784 12795.0 14257.614564547162 1.0119941593658741 0
516 0.10205203786564687 4 13037 13160.666666666666 14100.755824490952 0.9814374472654752 0
517 0.10205203786564687 4 12954 12976.666666666666 14503.73951967049 1.0159538881169266 0
518 0.10205203786564687 4 12904 12944.0 14300.961944703211 1.0056313287869394 0
519 0.10205203786564687 4 12371 12149.0 14264.961578132934 1.0463180017783527 0
520 0.10205203786564687 4 12904 12887.333333333334 13388.830208029744 0.9414910105393677 0
521 0.10205203786564687 4 12473 12329.333333333334 14202.51196265388 1.0332184184505198 0
522 0.10205203786564687 4 12667 12765.666666666666 13587.56692552485 0.973342806768243 0
523 0.10205203786564687 4 12677 12601.333333333334 14068.42896471356 1.0069942941284742 0
524 0.10205203786564687 4 12989 13161.0 13887.325079824306 0.9701542330690072 0
525 0.10205203786564687 4 12672 12673.666666666666 14504.106870349779 1.0385890151515151 0
526 0.10205203786564687 4 12872 12937.0 13967.04017722992 0.9845918790138802 0
527 0.10205203786564687 4 12770 12697.0 14257.247213867873 1.0130775254502742 0
528 0.10205203786564687 4 12756 12784.0 13992.754724780118 0.9953747256193164 0
529 0.10205203786564687 4 12969 13001.333333333334 14088.633252074429 0.9857352147428483 0
530 0.10205203786564687 4 12906 12951.333333333334 14328.145894970565 1.007386745183119 0
531 0.10205203786564687 4 12734 12726.666666666666 14273.043293077282 1.017067169258154 0
532 0.10205203786564687 4 12500 12343.666666666666 14025.448935236798 1.0181333333333333 0
533 0.10205203786564687 4 12663 12582.0 13603.363004734256 0.9747821737871488 0
534 0.10205203786564687 4 12431 12330.0 13866.018740425568 1.0121470517255249 0
535 0.10205203786564687 4 12497 12496.0 13588.301626883425 0.9866367928302793 0
536 0.10205203786564687 4 13012 13128.333333333334 13771.242265169123 0.9603442975714724 0
537 0.10205203786564687 4 12410 12403.0 14468.106503779502 1.0578834273435402 0
538 0.10205203786564687 4 12410 12381.0 13668.751425647619 0.9994359387590652 0
539 0.10205203786564687 4 12805 12736.0 13644.506280814574 0.9668879344006247 0
540 0.10205203786564687 4 12441 12451.333333333334 14035.734754256879 1.0237119202636444 0
541 0.10205203786564687 4 12403 12400.666666666666 13722.017274144458 1.0038969066623666 0
542 0.10205203786564687 4 12628 12569.0 13666.179970892597 0.9819976771196283 0
543 0.10205203786564687 4 12634 12698.333333333334 13851.692063933315 0.9948551527623872 0
544 0.10205203786564687 4 12638 12716.333333333334 13994.224127497273 1.0047739621248089 0
545 0.10205203786564687 4 12629 12629.333333333334 14014.061064178855 1.0069153007627947 0
546 0.10205203786564687 4 12848 12919.333333333334 13918.182536884544 0.9829804898298049 0
547 0.10205203786564687 4 12876 12955.333333333334 14237.777627865582 1.0033654343999172 0
548 0.10205203786564687 4 13002 13126.333333333334 14277.451501228745 0.9964108085935498 0
549 0.10205203786564687 4 12628 12554.666666666666 14465.90239970377 1.0394625699503748 0
550 0.10205203786564687 4 13137 13224.0 13835.895984723908 0.9556722742381568 0
551 0.10205203786564687 4 12562 12415.333333333334 14573.536148735315 1.0526986148702435 0
552 0.10205203786564687 4 12771 12818.666666666666 13682.343400781296 0.9721504450186621 0
553 0.10205203786564687 4 12683 12531.666666666666 14126.837722720438 1.0106967331598729 0
554 0.10205203786564687 4 12596 12607.333333333334 13810.548787852997 0.9948925584841748 0
555 0.10205203786564687 4 12358 12220.333333333334 13893.937392051499 1.0201758644872418 0
556 0.10205203786564687 4 12546 12500.333333333334 13467.443253397494 0.9740421914023062 0
557 0.10205203786564687 4 12903 13005.333333333334 13776.017823999875 0.9687927872071095 0
558 0.10205203786564687 4 12541 12602.0 14332.554103122027 1.0370252239321691 0
559 0.10205203786564687 4 12819 12910.0 13888.059781182881 0.9830720024962946 0
560 0.10205203786564687 4 13276 13400.333333333334 14227.491808845502 0.9724314552576078 0
561 0.10205203786564687 4 12665 12706.333333333334 14767.864658078957 1.0580602710883011 0
562 0.10205203786564687 4 12460 12340.333333333334 14003.040543800198 1.0197699304440877 0
563 0.10205203786564687 4 12563 12325.333333333334 13599.689497941372 0.9822759956485978 0
564 0.10205203786564687 4 12568 12535.666666666666 13583.158717373386 0.9806917037980055 0
565 0.10205203786564687 4 12684 12758.666666666666 13814.95699600446 0.9883054767160727 0
566 0.10205203786564687 4 13154 13351.0 14060.714600448498 0.9699457706147686 0
567 0.10205203786564687 4 12523 12508.0 14713.496757544252 1.0661183422502596 0
568 0.10205203786564687 4 12365 12258.666666666666 13784.46688962351 1.0115649009300445 0
569 0.10205203786564687 4 12373 12112.666666666666 13509.688581515677 0.9907594493386136 0
570 0.10205203786564687 4 12336 12273.666666666666 13348.788983987291 0.9818958063121487 0
571 0.10205203786564687 4 12415 12431.666666666666 13526.21936208366 0.9886159216002147 0
572 0.10205203786564687 4 12735 12855.666666666666 13700.343584066433 0.976181128124591 0
573 0.10205203786564687 4 12558 12632.0 14167.613648121467 1.0237033497903063 0
574 0.10205203786564687 4 12254 12200.333333333334 13921.121342318851 1.0308470703443773 0
575 0.10205203786564687 4 12485 12401.666666666666 13445.402212640181 0.9771993058336671 0
576 0.10205203786564687 4 12586 12595.333333333334 13667.282022930463 0.9853540971449759 0
577 0.10205203786564687 4 12450 12515.333333333334 13880.712767597111 1.011673360107095 0
578 0.10205203786564687 4 12328 12275.666666666666 13792.548604567859 1.0151957603287909 0
579 0.10205203786564687 4 13156 13346.0 13528.423466159391 0.9330850309111178 0
580 0.10205203786564687 4 12599 12648.666666666666 14707.986497354923 1.0592904198745932 0
581 0.10205203786564687 4 12918 13114.666666666666 13939.488876283278 0.9791505392991691 0
582 0.10205203786564687 4 12604 12420.0 14453.04512592867 1.0405162382312494 0
583 0.10205203786564687 4 12692 12723.0 13687.486310291335 0.9785691774346045 0
584 0.10205203786564687 4 12566 12448.666666666666 14021.408077764625 1.0124940315136082 0
585 0.10205203786564687 4 12713 12749.333333333334 13719.07846871015 0.9792076352290306 0
586 0.10205203786564687 4 12418 12326.666666666666 14050.428781428422 1.0266816986095453 0
587 0.10205203786564687 4 12234 12123.333333333334 13584.62812009054 1.0075745190997765 0
588 0.10205203786564687 4 12496 12423.666666666666 13360.544205724525 0.9701771233461375 0
589 0.10205203786564687 4 12314 12279.333333333334 13691.527167763508 1.0089058524173027 0
590 0.10205203786564687 4 12638 12772.666666666666 13532.464323631568 0.9716199820646727 0
591 0.10205203786564687 4 12214 12120.0 14076.143328978618 1.0457398613612794 0
592 0.10205203786564687 4 12427 12464.666666666666 13356.87069893164 0.9752957270459484 0
593 0.10205203786564687 4 12398 12318.0 13736.711301316 1.0053772113781791 0
594 0.10205203786564687 4 12234 12240.666666666666 13575.077002429038 1.0068661108386463 0
595 0.10205203786564687 4 12387 12373.666666666666 13489.851644834094 0.9881865396517854 0
596 0.10205203786564687 4 12512 12550.0 13636.424565870226 0.988943947144075 0
597 0.10205203786564687 4 12570 12682.0 13830.753075213868 0.9984089101034208 0
598 0.10205203786564687 4 12477 12507.0 13976.223944212134 1.0164302316261922 0
599 0.10205203786564687 4 12489 12481.333333333334 13783.364837585645 1.0014412683161182 0
600 0.10205203786564687 4 12559 12555.333333333334 13755.078835280428 0.9938158558271625 0
601 0.10205203786564687 4 12446 12435.666666666666 13836.630686082486 1.0087846162086882 0
602 0.10205203786564687 4 12606 12645.0 13704.751792217896 0.9864879158072875 0
603 0.10205203786564687 4 12730 12787.0 13935.448018811105 0.9933228593872742 0
604 0.10205203786564687 4 12490 12504.666666666666 14091.939408188027 1.0237790232185748 0
605 0.10205203786564687 4 12837 12914.0 13780.793382830625 0.9741112928773596 0
606 0.10205203786564687 4 12644 12615.333333333334 14231.900016996964 1.0213540018981335 0
607 0.10205203786564687 4 12837 12952.666666666666 13902.753808354424 0.9827322063825921 0
608 0.10205203786564687 4 12893 12911.666666666666 14274.512695794434 1.0046278342252901 0
609 0.10205203786564687 4 13218 13409.333333333334 14229.328562241943 0.9768245322035608 0
610 0.10205203786564687 4 14055 14461.0 14777.783126419748 0.9540614253527808 0
611 0.10205203786564687 4 13616 13857.0 15936.77451957512 1.0620593419506463 0
612 0.10205203786564687 4 13332 13370.0 15271.135088704268 1.0393789378937894 0
613 0.10205203786564687 4 13655 13521.666666666666 14734.435746263698 0.9791285243500549 0
614 0.10205203786564687 4 12798 12525.333333333334 14901.580305339989 1.0565452935354482 0
615 0.10205203786564687 4 13259 13234.666666666666 13803.569124946516 0.9446665158257285 0
616 0.10205203786564687 4 13381 13289.666666666666 14585.291370472547 0.98906409585731 0
617 0.10205203786564687 4 13763 14084.666666666666 14645.904232555158 0.965608273390007 0
618 0.10205203786564687 4 13987 14229.666666666666 15522.035602658347 1.0069826743881223 0
619 0.10205203786564687 4 13262 13222.333333333334 15681.833148148866 1.072965364701151 0
620 0.10205203786564687 4 13725 13712.333333333334 14571.699395338872 0.9633758348512448 0
621 0.10205203786564687 4 13262 13020.333333333334 15111.704893893038 1.033956668174735 0
622 0.10205203786564687 4 13505 13586.0 14349.084883690011 0.9641120572627422 0
623 0.10205203786564687 4 13792 13814.333333333334 14972.478986442678 0.9850638051044084 0
624 0.10205203786564687 4 13695 13839.333333333334 15224.114201755336 1.0087136424485823 0
625 0.10205203786564687 4 13835 13945.0 15251.665502701977 1.000313215275268 0
626 0.10205203786564687 4 13111 12884.0 15368.115668036446 1.0636107085653268 0
627 0.10205203786564687 4 13080 12875.0 14198.838455860994 0.9850152905198777 0
628 0.10205203786564687 4 13320 13148.333333333334 14188.919987520203 0.9665915915915916 0
629 0.10205203786564687 4 13175 13196.333333333334 14490.147544536814 0.9979759645793802 0
630 0.10205203786564687 4 12978 12944.0 14543.046042354365 1.0168233420660606 0
631 0.10205203786564687 4 13198 13157.333333333334 14264.961578132934 0.9807546597969389 0
632 0.10205203786564687 4 13333 13385.666666666666 14500.066012877605 0.9868246706167655 0
633 0.10205203786564687 4 13276 13375.333333333334 14751.701228190259 1.0082605202370192 0
634 0.10205203786564687 4 12951 12868.666666666666 14740.313357132316 1.0327645226880808 0
635 0.10205203786564687 4 13028 12926.333333333334 14181.94032461372 0.987769931429741 0
636 0.10205203786564687 4 13598 13705.333333333334 14245.491992130641 0.9506054811982154 0
637 0.10205203786564687 4 12950 12949.666666666666 15103.99052962798 1.0583268983268983 0
638 0.10205203786564687 4 13052 13060.0 14271.206539680838 0.992159566860762 0
639 0.10205203786564687 4 13039 12852.666666666666 14392.799614525347 1.0016105529565151 0
640 0.10205203786564687 4 13441 13604.666666666666 14164.30749200787 0.9562284552240656 0
641 0.10205203786564687 4 12989 12968.0 14993.050624482836 1.0473990812738985 0
642 0.10205203786564687 4 12904 12859.0 14291.41082704171 1.004959702417855 0
643 0.10205203786564687 4 12873 12683.666666666666 14171.287154914353 0.9989124524197933 0
644 0.10205203786564687 4 13391 13525.0 13978.060697608576 0.9471784531899534 0
645 0.10205203786564687 4 12667 12588.0 14905.253812132874 1.0677350596036947 0
646 0.10205203786564687 4 13207 13318.333333333334 13872.631052652763 0.9531309154236389 0
647 0.10205203786564687 4 12868 12693.666666666666 14677.496390973974 1.034996373432805 0
648 0.10205203786564687 4 12855 12917.666666666666 13989.081217987232 0.9874497601452094 0
649 0.10205203786564687 4 12953 12868.333333333334 14235.940874469137 0.9972721891968398 0
650 0.10205203786564687 4 13072 13140.0 14181.572973934433 0.9844196246430029 0
651 0.10205203786564687 4 12908 12925.666666666666 14480.9637775546 1.0179733498605517 0
652 0.10205203786564687 4 13089 13134.333333333334 14244.757290772062 0.9875213283418647 0
653 0.10205203786564687 4 12994 12968.0 14474.718816006694 1.0107998563439538 0
654 0.10205203786564687 4 13041 13085.333333333334 14291.41082704171 0.9944022697645886 0
655 0.10205203786564687 4 12946 12898.333333333334 14420.718266151278 1.0107626551315723 0
656 0.10205203786564687 4 13222 13298.0 14214.634535070403 0.9755205969848233 0
657 0.10205203786564687 4 13207 13262.333333333334 14655.087999537373 1.006890285454683 0
658 0.10205203786564687 4 13019 13043.333333333334 14615.781476853497 1.018690631640935 0
659 0.10205203786564687 4 12895 12786.0 14374.432080560922 1.0115031666020422 0
660 0.10205203786564687 4 13092 13053.666666666666 14090.837356150161 0.9766269477543538 0
661 0.10205203786564687 4 13422 13556.333333333334 14385.819951618865 0.9725574926737197 0
662 0.10205203786564687 4 13524 13733.666666666666 14939.784775985998 1.0023908113970226 0
663 0.10205203786564687 4 13254 13308.0 15135.215337367505 1.0361903324782455 0
664 0.10205203786564687 4 13184 13104.666666666666 14666.108519916028 1.0094053398058251 0
665 0.10205203786564687 4 13524 13524.0 14442.024605550014 0.9689933944592329 0
666 0.10205203786564687 4 13347 13378.0 14904.151760095008 1.0132614070577657 0
667 0.10205203786564687 4 13423 13502.666666666666 14743.252162566623 0.996647545258139 0
668 0.10205203786564687 4 13481 13466.666666666666 14880.64131662054 1.0016072002571519 0
669 0.10205203786564687 4 13537 13600.333333333334 14840.967443257377 0.9948043633498312 0
670 0.10205203786564687 4 13669 13751.0 14988.275065652088 0.9949764674323897 0
671 0.10205203786564687 4 13581 13614.333333333334 15154.31757269051 1.012517487666593 0
672 0.10205203786564687 4 13534 13533.0 15003.703794182205 1.005935668193685 0
673 0.10205203786564687 4 14139 14295.666666666666 14914.0702284358 0.9571398260131551 0
674 0.10205203786564687 4 13764 13825.0 15754.568582647998 1.0386273370144337 0
675 0.10205203786564687 4 13392 13344.666666666666 15235.869423492568 1.0323327359617682 0
676 0.10205203786564687 4 13440 13207.0 14706.517094637768 0.992906746031746 0
677 0.10205203786564687 4 13519 13437.333333333334 14554.801264091599 0.976921369923811 0
678 0.10205203786564687 4 13399 13401.333333333334 14808.640583479986 1.0028609100181607 0
679 0.10205203786564687 4 13189 13105.333333333334 14768.966710116823 1.0160992746480653 0
680 0.10205203786564687 4 13213 13111.0 14442.75930690859 0.9918514594212771 0
681 0.10205203786564687 4 13346 13328.333333333334 14449.004268456496 0.9823917278585343 0
682 0.10205203786564687 4 13079 13042.333333333334 14688.51691135263 1.0190636389122512 0
683 0.10205203786564687 4 13339 13381.0 14373.330028523056 0.9777594522328011 0
684 0.10205203786564687 4 12904 12756.666666666666 14746.558318680221 1.036965282083075 0
685 0.10205203786564687 4 13927 14209.666666666666 14058.510496372768 0.9159665876833967 0
686 0.10205203786564687 4 13379 13392.333333333334 15659.792107391553 1.0620873508234296 0
687 0.10205203786564687 4 13248 13362.666666666666 14759.048241776032 1.0108947262479873 0
688 0.10205203786564687 4 13225 12991.0 14726.35403131935 1.0104095778197857 0
689 0.10205203786564687 4 13028 12911.0 14316.758023912618 0.9971599631562788 0
690 0.10205203786564687 4 13117 13073.333333333334 14228.593860883368 0.9842951894488069 0
691 0.10205203786564687 4 13029 12963.666666666666 14407.49364169689 1.0034026658479802 0
692 0.10205203786564687 4 13428 13561.333333333334 14286.635268210957 0.9654205143481283 0
693 0.10205203786564687 4 13048 13025.0 14945.295036175326 1.0393419170243205 0
694 0.10205203786564687 4 13151 13191.666666666666 14354.22779320005 0.9904189795452817 0
695 0.10205203786564687 4 13189 13109.333333333334 14537.903132844323 1.0002021886925974 0
696 0.10205203786564687 4 13717 13940.0 14447.167515060055 0.9556997399820175 0
697 0.10205203786564687 4 13336 13397.666666666666 15362.605407847117 1.0452909418116376 0
698 0.10205203786564687 4 13336 13385.0 14764.925852644648 1.0046240751849629 0
699 0.10205203786564687 4 13438 13345.0 14750.966526831684 0.9960559607084387 0
700 0.10205203786564687 4 14470 14848.0 14706.884445317057 0.9222529371112647 0
701 0.10205203786564687 4 13303 13292.0 16363.268658229124 1.1161392167180335 0
702 0.10205203786564687 4 13818 13944.666666666666 14648.475687310178 0.9619337096540744 0
703 0.10205203786564687 4 13646 13371.333333333334 15367.748317357156 1.0218867555816111 0
704 0.10205203786564687 4 13452 13501.666666666666 14735.905148980853 0.9940033700069383 0
705 0.10205203786564687 4 13361 13208.666666666666 14879.539264582674 1.0105281540802833 0
706 0.10205203786564687 4 13728 13755.333333333334 14556.63801748804 0.9621697746697746 0
707 0.10205203786564687 4 13588 13633.333333333334 15159.093131521262 1.012314787557649 0
708 0.10205203786564687 4 13427 13449.0 15024.642782901654 1.015367046498349 0
709 0.10205203786564687 4 13221 13052.0 14821.497857255084 1.0172452915815748 0
710 0.10205203786564687 4 13597 13600.0 14383.983198222422 0.9599176288887254 0
711 0.10205203786564687 4 13319 13283.0 14987.907714972798 1.0210976800060065 0
712 0.10205203786564687 4 13515 13613.0 14638.557218969387 0.98283388827229 0
713 0.10205203786564687 4 13440 13387.666666666666 15002.23439146505 1.012872023809524 0
714 0.10205203786564687 4 13519 13585.666666666666 14753.905332265991 0.990285277510664 0
715 0.10205203786564687 4 13246 13156.333333333334 14972.11163576339 1.0256429613971514 0
716 0.10205203786564687 4 13463 13470.666666666666 14498.96396083974 0.9772215207110847 0
717 0.10205203786564687 4 13515 13513.666666666666 14845.37565140884 0.9967196941669749 0
718 0.10205203786564687 4 13475 13551.333333333334 14892.763889037062 1.00286951144094 0
719 0.10205203786564687 4 13407 13388.333333333334 14934.27451579667 1.0107655204992418 0
720 0.10205203786564687 4 13464 13447.0 14754.64003362457 0.9943800752624282 0
721 0.10205203786564687 4 13393 13365.666666666666 14819.293753179354 1.0040319569924587 0
722 0.10205203786564687 4 13453 13468.333333333334 14729.660187432946 0.9935082633365544 0
723 0.10205203786564687 4 13340 13298.666666666666 14842.804196653822 1.0096201899050474 0
724 0.10205203786564687 4 13748 13866.333333333334 14655.82270089595 0.9673164581514887 0
725 0.10205203786564687 4 13613 13666.333333333334 15281.420907724349 1.0186096623325742 0
726 0.10205203786564687 4 13679 13792.0 15061.01050015122 0.9990740063844823 0
727 0.10205203786564687 4 13807 13826.666666666666 15199.501706243002 0.9989135945534874 0
728 0.10205203786564687 4 13859 13941.0 15237.70617688901 0.9976669793395386 0
729 0.10205203786564687 4 13588 13557.666666666666 15363.707459884983 1.0259788048277891 0
730 0.10205203786564687 4 13617 13553.666666666666 14941.254178703151 0.9956427015250544 0
731 0.10205203786564687 4 13447 13309.666666666666 14936.845970551689 1.0079323764904191 0
732 0.10205203786564687 4 17341 13309.666666666666 14667.94527331247 0.7675259020048825 1
733 0.10205203786564687 4 17587 13309.666666666666 14667.94527331247 0.756790053259036 1
734 0.10205203786564687 4 13120 13309.666666666666 14667.94527331247 1.014456300813008 0
735 0.10205203786564687 4 13352 13263.666666666666 14667.94527331247 0.9968294387857 0
736 0.10205203786564687 4 13254 13189.666666666666 14617.25087957065 1.0007293395704442 0
737 0.10205203786564687 4 12989 12945.333333333334 14535.699028768593 1.0154489696409783 0
738 0.10205203786564687 4 13209 13161.333333333334 14266.430980850088 0.9800388623918036 0
739 0.10205203786564687 4 13305 13322.0 14504.474221029068 0.9892020543655268 0
740 0.10205203786564687 4 13218 13294.333333333334 14681.537248446148 1.0078680587078226 0
741 0.10205203786564687 4 14976 13294.333333333334 14651.0471420652 0.8877092236467237 1
742 0.10205203786564687 4 16809 13294.333333333334 14651.0471420652 0.7909056656156425 1
743 0.10205203786564687 4 16825 13294.333333333334 14651.0471420652 0.7901535413571075 1
744 0.10205203786564687 4 16638 13294.333333333334 14651.0471420652 0.7990343390631888 1
745 0.10205203786564687 4 15270 13294.333333333334 14651.0471420652 0.8706177690460598 1
746 0.10205203786564687 4 13007 13294.333333333334 14651.0471420652 1.0220906691268805 0
747 0.10205203786564687 4 13298 13295.666666666666 14651.0471420652 0.9997242693136813 0
748 0.10205203786564687 4 13250 13260.666666666666 14652.516544782351 1.0034465408805031 0
749 0.10205203786564687 4 12923 12895.0 14613.944723457054 1.026129123784467 0
750 0.10205203786564687 4 13340 13354.0 14210.961028277516 0.9666416791604198 0
751 0.10205203786564687 4 13224 13215.333333333334 14716.802913657848 1.0098306110102844 0
752 0.10205203786564687 4 13206 13300.333333333334 14563.985031073813 1.0007067494573174 0
753 0.10205203786564687 4 13322 13316.0 14657.659454292392 0.9983736175749387 0
754 0.10205203786564687 4 13060 13005.333333333334 14674.924936218953 1.0196018376722817 0
755 0.10205203786564687 4 13252 13267.333333333334 14332.554103122027 0.9813864573900796 0
756 0.10205203786564687 4 13915 14112.666666666666 14621.291737042826 0.9534555036531321 0
757 0.10205203786564687 4 13246 13308.0 15552.893059718584 1.0654285570486688 0
758 0.10205203786564687 4 13417 13472.0 14666.108519916028 0.9918759782365656 0
759 0.10205203786564687 4 13395 13221.666666666666 14846.845054125995 1.0057484135871595 0
760 0.10205203786564687 4 13319 13343.333333333334 14570.964693980293 0.992692144054859 0
761 0.10205203786564687 4 13319 13286.333333333334 14705.047691920616 1.0018269639862853 0
762 0.10205203786564687 4 13517 13557.666666666666 14642.230725762274 0.9829350694187566 0
763 0.10205203786564687 4 13546 13621.666666666666 14941.254178703151 1.000861262857424 0
764 0.10205203786564687 4 13341 13348.333333333334 15011.785509126552 1.0210379032056567 0
765 0.10205203786564687 4 13000 12827.666666666666 14710.557952109944 1.0267948717948718 0
766 0.10205203786564687 4 13304 13223.333333333334 14136.75619106123 0.9641962317097614 0
767 0.10205203786564687 4 13514 13571.666666666666 14572.801447376738 0.9784914409747916 0
768 0.10205203786564687 4 13223 13297.333333333334 14956.68290723327 1.026368196828758 0
769 0.10205203786564687 4 13170 13125.333333333334 14654.353298178796 1.009668438370033 0
770 0.10205203786564687 4 14058 14239.333333333334 14464.800347665905 0.9336558068952435 0
771 0.10205203786564687 4 13265 13279.0 15692.486317848236 1.0734514386229426 0
772 0.10205203786564687 4 13513 13627.333333333334 14634.149010817924 0.9826833419669947 0
773 0.10205203786564687 4 13384 13159.333333333334 15018.03047067446 1.018180912532377 0
774 0.10205203786564687 4 13639 13763.666666666666 14502.270116953336 0.964831243737322 0
775 0.10205203786564687 4 13289 13214.333333333334 15168.276898503475 1.03571876489327 0
776 0.10205203786564687 4 13620 13698.666666666666 14562.882979035947 0.9702153695545767 0
777 0.10205203786564687 4 13148 12984.333333333334 15096.643516042208 1.04188216205253 0
778 0.10205203786564687 4 13479 13542.333333333334 14309.411010326849 0.9633009372604299 0
779 0.10205203786564687 4 13558 13537.333333333334 14924.35604745588 0.9988444706692237 0
780 0.10205203786564687 4 13271 13312.0 14918.845787266551 1.0200688217416423 0
781 0.10205203786564687 4 13245 13167.0 14670.51672806749 1.0050585126462817 0
782 0.10205203786564687 4 13323 13244.666666666666 14510.719182576973 0.9882909254672371 0
783 0.10205203786564687 4 13217 13199.0 14596.311890851204 1.0020932637260094 0
784 0.10205203786564687 4 14341 14706.333333333334 14545.984847788674 0.9203681751621225 0
785 0.10205203786564687 4 13104 13031.0 16207.144619531493 1.1222781847781849 0
786 0.10205203786564687 4 13398 13458.333333333334 14360.840105427244 0.9726078519181968 0
787 0.10205203786564687 4 12997 12549.0 14831.783676275165 1.035495370726578 0
788 0.10205203786564687 4 13263 13316.0 13829.651023176002 0.9461660257860213 0
789 0.10205203786564687 4 13134 13046.0 14674.924936218953 1.0138571646109336 0
790 0.10205203786564687 4 13102 13137.0 14377.37088599523 0.9957258433826897 0
791 0.10205203786564687 4 12775 12612.333333333334 14477.657621441003 1.0283365949119374 0
792 0.10205203786564687 4 12820 12715.333333333334 13899.447652240828 0.9838013520540823 0
793 0.10205203786564687 4 12812 12715.333333333334 14012.95901214099 0.9924549901134354 0
794 0.10205203786564687 4 12854 12880.333333333334 14012.95901214099 0.9892121777916084 0
795 0.10205203786564687 4 12882 12902.666666666666 14194.797598388821 0.9998706205040626 0
796 0.10205203786564687 4 12841 12850.666666666666 14219.410093901153 1.0048023258832386 0
797 0.10205203786564687 4 13037 13098.0 14162.103387932139 0.9857073457595049 0
798 0.10205203786564687 4 12796 12767.333333333334 14434.677591964242 1.0236011253516724 0
799 0.10205203786564687 4 12783 12763.666666666666 14070.265718110002 0.9987744139351744 0
800 0.10205203786564687 4 13215 13274.333333333334 14066.224860637827 0.9658468911590364 0
801 0.10205203786564687 4 12802 12804.0 14629.006101307887 1.03689527677967 0
802 0.10205203786564687 4 13144 13264.333333333334 14110.674292831742 0.9741326841144249 0
803 0.10205203786564687 4 12785 12641.666666666666 14617.98558092923 1.0374918524312347 0
804 0.10205203786564687 4 13122 13228.666666666666 13931.774512018219 0.9633948077020779 0
805 0.10205203786564687 4 13049 13017.333333333334 14578.679058245354 1.0137686157304517 0
806 0.10205203786564687 4 13226 13373.0 14345.778727576415 0.9842229951106407 0
807 0.10205203786564687 4 13276 13327.333333333334 14737.741902377296 1.0073064175956614 0
808 0.10205203786564687 4 13400 13517.0 14687.414859314766 0.9945771144278608 0
809 0.10205203786564687 4 13628 13762.0 14896.43739582995 0.9918550044027004 0
810 0.10205203786564687 4 13189 13160.0 15166.440145107032 1.0434452953218591 0
811 0.10205203786564687 4 13946 14128.0 14503.004818311912 0.9436397533342894 0
812 0.10205203786564687 4 13159 13002.666666666666 15569.79119096586 1.0736378144235885 0
813 0.10205203786564687 4 13154 13142.333333333334 14329.615297687717 0.9884952612640008 0
814 0.10205203786564687 4 13221 12979.333333333334 14483.535232309621 0.9940498701560649 0
815 0.10205203786564687 4 12977 12916.333333333334 14303.90075013752 1.0001798052965503 0
816 0.10205203786564687 4 13198 13212.666666666666 14234.471471751984 0.9786583825832197 0
817 0.10205203786564687 4 13333 13370.333333333334 14561.046225639502 0.9909747743693592 0
818 0.10205203786564687 4 13329 13446.333333333334 14734.803096942987 1.003101007827544 0
819 0.10205203786564687 4 13297 13330.0 14818.559051820777 1.0112306033942493 0
820 0.10205203786564687 4 13121 13050.333333333334 14690.353664749073 1.0159286639737826 0
821 0.10205203786564687 4 13521 13585.0 14382.146444825981 0.9651899514335726 0
822 0.10205203786564687 4 13263 13251.666666666666 14971.376934404812 1.0242780668023825 0
823 0.10205203786564687 4 13465 13579.666666666666 14604.026255116263 0.9841564550068077 0
824 0.10205203786564687 4 13657 13702.333333333334 14965.499323536194 0.9943374582021429 0
825 0.10205203786564687 4 14397 14775.0 15100.684373514383 0.9517492070107199 0
826 0.10205203786564687 4 13639 13697.0 16282.818859464933 1.0832905638243273 0
827 0.10205203786564687 4 13456 13389.0 15094.806762645765 1.017910225921522 0
828 0.10205203786564687 4 13674 13433.0 14755.374734983146 0.9791575252303641 0
829 0.10205203786564687 4 13620 13613.666666666666 14803.865024649234 0.9862701908957415 0
830 0.10205203786564687 4 13616 13669.333333333334 15002.969092823627 0.9998286329808068 0
831 0.10205203786564687 4 13709 13720.666666666666 15064.316656264817 0.9971065236948964 0
832 0.10205203786564687 4 13664 13678.666666666666 15120.888660875251 1.004147150663544 0
833 0.10205203786564687 4 13484 13440.0 15074.602475284893 1.014436863443093 0
834 0.10205203786564687 4 13383 13274.333333333334 14811.579388914293 1.0042591347231562 0
835 0.10205203786564687 4 13537 13494.666666666666 14629.006101307887 0.9805963901406023 0
836 0.10205203786564687 4 13316 13260.0 14871.824900317615 1.013417442675478 0
837 0.10205203786564687 4 13458 13483.0 14613.210022098478 0.9852875613018279 0
838 0.10205203786564687 4 13300 13221.0 14858.967626542517 1.0137593984962405 0
839 0.10205203786564687 4 13320 13321.333333333334 14570.229992621717 0.9925675675675676 0
840 0.10205203786564687 4 13177 13083.333333333334 14680.802547087571 1.0109534289544915 0
841 0.10205203786564687 4 13337 13349.333333333334 14418.514162075548 0.98098023043663 0
842 0.10205203786564687 4 13468 13517.333333333334 14711.660004147809 0.9911889911889913 0
843 0.10205203786564687 4 13438 13525.0 14896.804746509239 1.0059036562980603 0
844 0.10205203786564687 4 13150 13087.666666666666 14905.253812132874 1.0285171102661597 0
845 0.10205203786564687 4 13275 13210.666666666666 14423.289720906298 0.9858882611424984 0
846 0.10205203786564687 4 13384 13366.0 14558.842121563772 0.9870492129906355 0
847 0.10205203786564687 4 13467 13572.666666666666 14730.027538112236 0.9925001856389694 0
848 0.10205203786564687 4 13392 13431.0 14957.784959271135 1.0134906411788132 0
849 0.10205203786564687 4 13589 13657.333333333334 14801.660920573504 0.9883729487085142 0
850 0.10205203786564687 4 13262 13193.666666666666 15051.092031810429 1.029809480721862 0
851 0.10205203786564687 4 13379 13374.666666666666 14540.107236920056 0.9861474450008719 0
852 0.10205203786564687 4 13447 13399.666666666666 14739.578655773737 0.9946208571924344 0
853 0.10205203786564687 4 13560 13659.333333333334 14767.129956720379 0.9881760078662734 0
854 0.10205203786564687 4 13267 13229.666666666666 15053.29613588616 1.029572121303485 0
855 0.10205203786564687 4 13472 13480.333333333334 14579.781110283218 0.9820120744259698 0
856 0.10205203786564687 4 13110 12960.0 14856.02882110821 1.0282481566234427 0
857 0.10205203786564687 4 13247 13240.333333333334 14282.594410738784 0.9783347172944817 0
858 0.10205203786564687 4 12956 12784.0 14591.536332020454 1.0219460738911188 0
859 0.10205203786564687 4 13110 13110.0 14088.633252074429 0.9751334858886346 0
860 0.10205203786564687 4 13250 13251.0 14447.90221641863 0.9894339622641509 0
861 0.10205203786564687 4 13220 13308.0 14603.291553757686 1.0023449319213313 0
862 0.10205203786564687 4 13327 13399.333333333334 14666.108519916028 0.9985743228033316 0
863 0.10205203786564687 4 13127 13086.0 14766.762606041091 1.020746045047104 0
864 0.10205203786564687 4 13133 13104.0 14421.452967509855 0.9964212289652021 0
865 0.10205203786564687 4 13490 13544.333333333334 14441.289904191437 0.9713862120088955 0
866 0.10205203786564687 4 13718 13915.0 14926.56015153161 0.987340234242115 0
867 0.10205203786564687 4 13722 13918.333333333334 15335.054106900476 1.0140650051012972 0
868 0.10205203786564687 4 13806 13911.333333333334 15338.727613693361 1.0081365589840166 0
869 0.10205203786564687 4 13897 13956.666666666666 15331.013249428303 1.0010313976637644 0
870 0.10205203786564687 4 13704 13698.0 15380.972941811544 1.018437439190504 0
871 0.10205203786564687 4 13457 13340.666666666666 15095.908814683631 1.0179088949988853 0
872 0.10205203786564687 4 13732 13677.0 14702.108886486305 0.9715020875813185 0
873 0.10205203786564687 4 13749 13764.0 15072.765721888452 0.9947632555094916 0
874 0.10205203786564687 4 13727 13817.0 15168.644249182764 1.0026954177897573 0
875 0.10205203786564687 4 13368 13246.666666666666 15227.053007189643 1.033587672052663 0
876 0.10205203786564687 4 13436 13331.666666666666 14598.515994926935 0.9859085045152327 0
877 0.10205203786564687 4 13478 13395.0 14692.190418145516 0.9891428006133451 0
878 0.10205203786564687 4 13308 13288.0 14761.98704721034 1.0065374211000901 0
879 0.10205203786564687 4 13659 13733.333333333334 14644.067479158715 0.9728384215535544 0
880 0.10205203786564687 4 13318 13264.666666666666 15134.847986688217 1.031185863743305 0
881 0.10205203786564687 4 13374 13396.0 14618.352931608517 0.991824933951448 0
882 0.10205203786564687 4 13423 13344.333333333334 14763.089099248205 0.9979885271548834 0
883 0.10205203786564687 4 13232 13203.333333333334 14706.149743958482 1.0084895203546957 0
884 0.10205203786564687 4 13555 13615.333333333334 14550.760406619425 0.9740563137833518 0
885 0.10205203786564687 4 13463 13476.333333333334 15004.805846220072 1.0113149619946025 0
886 0.10205203786564687 4 13320 13349.333333333334 14851.620612956747 1.0117367367367367 0
887 0.10205203786564687 4 13235 13128.333333333334 14711.660004147809 1.0086387104898629 0
888 0.10205203786564687 4 13323 13276.333333333334 14468.106503779502 0.9853886762240737 0
889 0.10205203786564687 4 13097 13022.666666666666 14631.210205383617 1.0136927031635743 0
890 0.10205203786564687 4 13204 13193.666666666666 14351.65633844503 0.986266787842068 0
891 0.10205203786564687 4 12858 12703.0 14540.107236920056 1.0261056670296054 0
892 0.10205203786564687 4 12786 12682.333333333334 13999.367037007312 0.9935085249491632 0
893 0.10205203786564687 4 13073 13029.333333333334 13976.591294891423 0.9701165251536246 0
894 0.10205203786564687 4 12975 13014.0 14359.003352030802 1.0041875401412974 0
895 0.10205203786564687 4 12794 12796.666666666666 14342.10522078353 1.0171955604189464 0
896 0.10205203786564687 4 12530 12349.0 14102.592577887393 1.0212822559191275 0
897 0.10205203786564687 4 12762 12691.0 13609.240615602874 0.9676383012067075 0
898 0.10205203786564687 4 13065 13155.333333333334 13986.142412552925 0.9713738997321086 0
899 0.10205203786564687 4 12437 12406.0 14497.861908801873 1.0577577658063306 0
