12589
12557
12803
12862
12967
13242
13676
12983
12784
12933
12715
13273
13361
12786
12872
13309
13252
13164
13213
13163
13376
13170
13298
13659
13126
13355
13167
13193
13437
13197
13498
13604
13743
13903
14170
14034
14302
13779
14136
15949
16024
16182
15788
15950
16430
16163
15986
13759
14114
13306
13475
13311
13448
13547
14057
13288
13548
13679
13892
13463
13811
13576
13801
13349
13140
13268
13260
13322
13225
14139
13463
13128
13119
13328
14203
13553
13560
13425
13314
13345
13206
13420
13187
13670
12959
13333
13594
12917
13265
12998
13053
13436
13310
13089
13014
13111
12909
13077
13093
13589
13404
13896
13596
13213
12991
13226
12995
13151
13184
13135
13306
13380
13062
13206
13205
13408
13115
13273
13159
13367
13286
12943
13394
13120
13335
13437
13525
13127
13351
13350
12954
13039
13021
13159
12726
12994
13063
12776
12976
12858
13244
13132
12978
13076
13056
13244
13251
13262
12811
13211
13071
12864
13016
12784
12756
12940
13133
13079
12978
13657
13123
13140
13790
13625
13441
13396
14513
13395
14012
13622
13865
13548
13337
13166
13363
13110
13346
13373
13350
13295
13387
13580
13903
13914
13969
14011
13656
13359
13387
13102
14062
13038
13446
13609
13572
13221
13387
13168
13079
13200
13364
12779
13845
12650
13108
13156
13135
13182
12886
12677
12901
12766
13041
12568
12472
12751
13059
13132
12800
12799
13372
12922
12956
12568
12661
12701
12557
12893
13237
12684
13048
12988
12754
12740
13103
13707
13213
12852
13133
12850
13501
13035
13228
13038
13194
12949
13256
12834
12694
12872
12651
12759
12894
12519
12620
12900
12712
12771
12784
12544
12421
12674
12647
13278
13187
12721
13400
12870
13022
13153
13502
13004
13081
13336
12874
12848
13160
13094
13503
12988
13207
13119
13020
13032
12889
13088
13308
13275
13472
13466
13159
13089
13326
13256
13545
13190
13286
13102
12887
13045
13324
13415
13650
13794
13663
13540
13482
13548
13494
13537
13532
13268
13175
13362
13115
13194
13401
13094
13077
12909
12855
13791
13570
13283
13937
14510
13982
13380
14297
13626
14162
14483
14104
14030
14404
14359
13982
13653
14498
13827
13794
13600
13270
13248
13906
13270
13331
13062
12834
13044
13119
13186
13368
13781
13194
13076
13352
13064
13047
13061
13110
13387
13526
13368
13520
13135
13347
13927
13512
14113
14560
14342
14093
13793
14886
13847
14261
13523
13192
13358
13810
13671
13368
13739
13453
13049
13230
13836
13276
13312
13245
13003
12942
12871
13290
13208
13000
12966
12936
12802
13356
13256
12934
12854
13431
13589
13388
13072
13024
12907
13505
13310
13364
13163
13376
13227
12976
13234
13065
13160
12922
12843
12882
12808
12836
12951
12979
12964
13003
12886
12926
13078
14369
13164
13050
12986
13381
12956
13489
13454
12978
13162
12788
12667
19398
22559
12996
13098
13193
12770
12933
12784
12792
13827
12486
12620
12720
12527
12749
12728
12324
12957
12750
12547
12601
12503
12770
12588
12598
12677
13160
12743
12976
12985
13044
13105
12815
12773
13030
13245
14024
13327
13083
12678
13137
13168
13307
13274
13063
13021
12710
12797
12744
12521
12651
12906
12735
13333
12904
12742
13239
12665
12525
12683
12710
12602
12678
12656
12627
12478
12383
12265
12818
12438
12250
12420
12334
12900
13458
12935
12653
12937
12718
13012
12819
12818
13032
13360
13536
13147
13421
13350
12971
13326
12998
13311
13573
13447
13314
13228
13358
12955
13139
13187
14089
12887
13404
12934
12983
12742
12886
13045
12647
13189
13101
13507
13589
13030
13531
13300
13116
12929
13225
13253
13180
12934
12829
12773
13351
13137
13790
12929
13400
13462
14111
13847
13936
14085
14114
13987
13950
14041
13927
13472
13859
14089
13507
14033
13716
14682
13432
13779
13754
13608
13734
13595
13584
13754
13854
14004
13590
13577
13506
13421
13410
13699
13356
13158
13935
13297
13467
13276
12898
13023
13849
13762
12888
13511
13177
13283
13352
14114
13370
13348
13626
13523
14129
13571
13622
13790
13614
13331
13098
13410
13301
12875
13014
13143
13470
12847
13272
13259
13230
12755
13170
12745
12942
13224
13185
13073
12805
12718
13127
12956
12793
12803
13054
13037
13068
13031
13362
13208
13829
12993
12839
13356
13105
14225
13101
13248
13154
13202
13068
12961
12687
12362
12959
12249
12447
12351
12313
12767
12181
12142
12292
12359
12288
13164
12940
13280
13013
12953
12942
13141
13555
13380
13197
13373
13474
13423
13407
13410
13507
13241
13507
13021
13414
13210
13315
13584
13931
14407
13732
13930
13115
13379
13485
13110
13268
13312
13484
13251
12966
13082
13010
13209
13259
13049
13393
13657
13242
12930
12912
12884
12969
13089
12701
12795
12902
12877
12985
12900
12936
13090
13142
13631
13104
13055
13014
13418
13134
13047
13069
12643
12931
12801
12909
14208
13141
13383
13225
13906
13402
13352
13331
13333
13213
12935
13311
13261
13501
13201
12688
12793
12877
13011
12953
12870
13076
12592
12658
12668
13634
12949
12657
12706
12612
13021
12477
12451
12946
12153
12522
12568
12224
12558
12542
12684
12595
12641
12648
12600
12627
13462
13285
13582
13404
13110
13542
13167
13284
13618
13407
13257
12893
13088
13490
13459
13636
13718
13732
13073
13648
13223
13492
13427
13064
13493
13822
13908
13866
13665
13388
13534
14326
13665
13860
13721
13531
14103
14065
14024
13788
14132
14178
14098
14264
14040
14329
14155
14254
14224
14337
13696
13713
14375
14079
14298
14479
14592
14996
14262
14530
14323
14399
14585
14478
14184
14332
14242
14299
14382
14690
13848
13948
13804
13746
14276
13933
13762
14080
13889
13695
13708
13471
13892
13936
13875
13507
13764
13609
13826
14152
14178
14034
14361
14078
14147
13755
14167
1032
14657
13922
14216
13797
13584
13622
13659
13602
13794
13707
13992
13891
13902
13937
14013
14749
14801
14815
15043
15826
15352
16380
15112
15154
15395
14882
14968
15176
15179
15005
15661
15199
14745
15276
15221
15443
15229
14963
15025
15109
14939
14269
14436
14285
14677
15014
14027
14159
14012
14287
14451
14080
14202
14143
14224
14533
14801
14398
14272
14824
14528
14117
14791
15009
14240
14743
14776
15061
15013
15030
14935
14757
14482
14995
14876
14556
14608
15911
14594
14601
14662
14293
14280
14558
14430
14491
14623
14212
14284
14786
14868
14533
14199
14608
14567
14604
15133
14807
14717
14984
14994
15000
15273
15149
15171
14603
15034
14256
14184
14155
14421
14114
14767
15167
15260
16037
15625
15604
15915
16433
16161
16043
16733
17019
16337
16694
16031
16507
15971
16212
15783
16154
14642
14823
15205
15004
15337
15129
14730
14800
14932
14963
14577
14411
14723
14604
15024
14459
14447
14678
14485
14102
14498
15293
14975
15629
14857
15091
15636
15012
15193
15150
15374
15671
15361
15612
15944
15865
15556
15927
16101
16761
16100
16216
15867
16017
16119
16008
16627
16449
16016
15852
16122
16018
15884
15741
16140
16463
15418
16115
15971
15713
15361
15311
15661
15129
15168
15189
15282
15496
15304
15692
14916
15401
15062
15163
15158
15606
15550
15219
15319
15652
15575
15467
15458
15792
16048
16006
15695
15451
15204
15155
15358
14663
15064
14860
14573
15412
15105
14840
14318
14092
14073
14213
14333
14785
14408
13933
14340
14505
14231
14412
14306
14093
14142
14423
14625
14551
14320
14517
14416
14507
14403
14386
14448
14600
14637
14611
14623
14560
14494
14575
14806
15066
15094
14116
13905
13492
13293
12614
12919
12585
12662
12808
12487
12648
12522
12716
13493
14438
13502
13692
13611
13625
13477
13331
13359
13062
13065
13230
13173
12893
13217
13205
13276
13268
13423
13346
13582
13467
13705
13761
13533
13836
13670
13524
13993
13852
14626
14833
14363
15213
14665
14089
14215
14235
14412
13933
14154
14030
13678
13514
13644
13853
13854
13504
13415
13884
13701
13825
13464
13671
13518
13707
13241
13352
13415
13355
13499
14123
13351
13181
13374
13678
13592
13483
13536
13587
13488
13782
13529
13523
13542
13372
13570
13391
13706
13644
13469
17895
17671
17552
18066
17514
17644
17651
17722
14629
15709
13724
13719
13704
13530
13582
13524
14760
13679
13062
13205
13192
13331
13338
13107
13311
13212
13196
13062
13045
13060
12943
12962
12937
12669
12811
12856
12624
12771
12741
12478
12619
12480
12667
12970
12845
13081
13039
12992
12950
13055
13958
13581
13471
13677
13609
13278
13494
13667
13241
13407
13742
16678
17572
17729
17558
14677
13578
13732
13822
13439
13354
13487
13208
13443
13002
13222
13081
12978
12741
11868
11538
11784
11648
11757
11442
11401
12309
11585
12090
12157
12050
12155
12273
12324
12090
12192
12587
12408
12320
12603
12372
12731
12780
12776
13475
12774
12588
12820
12909
12927
12673
12853
12847
13062
13007
12500
13174
12709
12976
13081
13013
13119
13092
12903
12927
12946
12821
12380
12705
12899
12846
13065
12764
13103
12769
12518
13303
12580
12617
12810
12467
12654
12387
12588
12424
12490
12669
12776
12749
12865
12746
12906
13268
13129
13608
13181
13470
13667
13466
13471
13170
13512
13502
13880
13990
13946
13850
13762
13829
13698
13316
13259
13628
13496
13323
13562
13765
13392
13190
13359
13574
13063
12840
12547
12644
12735
12581
12456
12833
12826
12836
12697
12848
12777
12751
12423
12637
12754
12872
13144
12882
13345
13087
13287
12867
12930
12966
12927
12950
12874
12902
13069
13027
12558
12667
12228
12706
12439
12519
12525
12786
12441
12320
12409
12497
12247
12516
12898
12449
12640
12255
12235
12460
12634
12471
12466
12136
12310
12252
12329
13686
13415
12274
12735
12507
12413
12391
12256
12370
12692
12613
12544
12845
12718
12430
12554
12559
12393
12568
12480
12757
12721
12543
12368
12463
12675
13273
13303
12907
12854
13698
12724
12852
12813
12840
12655
12932
13257
12819
14836
13577
13399
13039
13162
19753
21746
12635
13042
13003
13055
12758
12885
13084
12752
12736
13020
12799
13756
12929
12789
12775
13151
12913
12724
12606
12726
12669
12410
12639
12918
12615
12302
12791
12657
12614
12684
12782
12969
12658
12519
12808
12844
12585
12726
12633
12939
13247
12966
12905
13201
13407
13403
13420
13587
13176
13508
13559
13324
13199
13475
13529
13188
13219
13250
13311
13132
13390
13259
13390
13157
13184
13245
12925
13107
13245
13072
12482
13061
12654
12759
12796
12902
12776
13029
12956
13235
13694
13780
13540
13541
13541
13381
13336
13464
13091
13478
13492
13409
13553
13466
13609
14080
13956
13921
13685
13574
13701
13749
13637
13511
13466
13690
13746
13594
13902
13552
13263
13488
13347
13409
13609
13547
15477
13238
13080
13274
13547
13623
13515
13104
15221
13231
13393
13728
13054
13267
13135
13166
13622
13306
13433
13201
13413
13374
13487
13511
13390
13639
13732
13615
13756
13388
13383
13218
13286
13651
13216
13562
13474
13662
13996
13999
13420
13325
13453
13195
13235
12823
12417
12620
12636
12676
12903
44310
12837
13316
12839
12711
12986
13253
13467
13478
13797
13843
13463
13459
13485
13544
13639
13403
13806
13496
13100
13708
13738
13790
13914
13351
13650
13179
13614
13609
13744
13668
13129
13098
13234
13000
12890
13150
13184
13158
12944
12767
13194
12627
13096
12748
13034
12864
13129
13046
12819
12697
12734
12816
12991
13001
12726
16821
16745
12743
12732
12642
12832
12656
12903
12690
13051
13170
12988
12975
13294
13202
13478
13436
13096
13049
13139
13119
13025
13102
13327
13074
13523
15305
13697
13930
13524
13520
11840
13802
13247
13549
13862
13425
13630
13643
13419
13368
13127
12839
12923
12725
12939
12756
13236
13267
13275
13339
13337
13304
13164
13649
13346
13574
13638
13336
13686
13619
13412
13686
13437
13636
13300
13186
13097
12837
13146
13226
12886
13057
12887
12815
12794
12777
12566
12377
12151
12309
12248
12391
12137
12235
12701
12053
12175
12451
11681
12301
12094
14178
14391
14307
14734
14674
12943
12591
12674
13049
13770
13612
14356
14379
13494
13311
14031
14374
14435
14317
14406
14050
13732
14309
14909
14675
14562
14518
14016
14015
14713
14628
14762
14871
15002
14275
14085
14268
13889
13549
13717
14069
13845
13465
14117
13684
13238
13812
13284
13073
12960
12836
13262
13169
12722
12581
12604
12566
12821
12831
13054
12917
13051
13079
13059
13913
12829
12887
12783
13055
13129
13368
12857
12976
12888
12971
13152
13256
13114
13345
13465
12780
13266
13096
13081
13091
13131
13069
12930
12761
12675
12350
12494
12456
12269
12485
12261
12625
12816
12802
12659
12908
12516
12997
12976
12910
12748
12812
12715
12687
13361
12813
12965
12848
12900
12901
12643
13000
12840
12933
12690
12970
13071
13099
12860
12662
12963
13074
12944
13070
12834
12724
12793
12446
12678
12808
12416
12300
12162
12278
12349
12829
13273
13118
13001
13621
13975
13954
13888
14039
14155
13936
14314
15007
14918
14709
14495
14850
14707
14894
15147
14863
14584
14182
14377
15082
14446
14791
15509
19357
18590
18886
18621
18966
18879
18919
19277
14814
14667
14773
14893
14693
14742
14400
14740
14551
14353
14277
14678
14465
14177
14818
14368
14344
14816
14275
14171
14327
14082
13971
14096
13931
14194
13948
14559
14335
14686
14498
14424
14570
14645
14591
14505
14395
14294
14574
14331
14331
14305
14713
14680
14265
14496
14736
14223
14619
15307
14693
14222
14529
14326
14357
14440
14022
16309
14075
14280
14034
14305
14093
14197
14419
14500
14269
14349
14569
14284
14350
14359
14444
14197
14579
14910
14458
14705
14839
14519
14803
15140
14350
13878
13745
14158
14005
13631
14103
13594
13751
13664
13896
14015
13893
13791
13957
13775
13914
14181
13646
13666
13550
13801
13697
13561
14126
13529
13440
13559
13743
13739
13665
14017
14501
14358
14738
14356
14346
14518
14484
14787
14439
14483
15206
16140
16145
15903
16005
16110
16028
15922
15971
16041
15867
16161
16033
15949
16029
15946
16130
16082
15678
15718
15977
15975
15757
16107
14998
14641
15368
14476
14149
14103
14661
14525
15065
14470
14551
14464
14511
14812
14681
15064
14431
14658
14794
14641
14699
14859
14881
14675
14669
14985
14576
14748
15170
14652
15217
14744
15068
15513
15167
15453
15518
15707
15439
15557
15775
15791
15730
15996
15636
15574
15881
15789
15567
15809
15515
15659
15626
15386
16226
15701
15855
15656
15436
15246
15423
16106
15336
15564
15293
14926
14815
16164
15084
14636
15505
14412
14966
15290
14411
15528
14508
14484
15206
13923
14821
13740
13689
13753
13798
13421
13850
13849
13564
13446
13701
14291
14200
13872
14119
14389
14082
14078
14439
14675
14525
14496
15164
15100
15759
15199
14615
14873
15769
15230
15770
15183
14990
15796
15200
15774
15228
15702
15469
15029
16056
15423
15756
15966
15023
16024
15138
14919
15921
15159
15881
14905
14750
15794
15115
15063
14975
15080
14628
15086
15156
15091
14823
14919
14923
15018
15059
15101
14842
14967
14896
15210
14869
14853
15026
14900
14865
14991
14907
14864
14660
14599
14516
14290
14738
14626
14565
14645
14483
14246
14382
15453
14448
15885
14545
14670
14789
14985
14752
14564
14806
14815
14908
14566
14745
15488
15326
14941
14856
15221
14799
15236
15010
15190
15786
15084
15152
14736
14979
14800
14562
14881
17210
14310
14089
13935
14127
14292
14001
14220
13896
14288
13851
13554
13649
13469
13137
12996
12633
12941
13861
13193
12949
13133
13225
13633
13047
13408
13571
12965
13197
13322
13183
13054
13384
13248
13331
13519
13573
13492
13636
13370
13197
13185
13756
13236
13469
13444
13201
13296
13381
13773
13719
13386
13198
13071
13164
12935
13112
12848
12722
12784
13095
12698
13188
13105
12859
13034
12998
12992
12856
13022
12818
12932
13136
13016
12847
12962
12978
13105
13116
12937
13364
13064
13015
13125
12927
13301
13310
13442
13685
13590
13399
13858
13405
13393
13809
13531
13480
13197
13254
13639
13689
13352
13282
13165
13049
13225
12920
14700
13095
13074
13584
12951
12807
13124
13086
13092
12916
13163
13188
13298
13014
13392
13152
13364
13663
13506
13781
13668
14461
13947
13928
14198
13859
13505
13519
13451
13205
13303
14829
13443
13288
13510
13414
13395
13536
13670
13409
13550
13513
13839
13329
13860
13680
13917
17291
17061
17003
17301
13482
13159
13231
14002
13403
13105
13600
13281
12661
13047
12712
12901
12941
12848
13093
13035
13130
12926
14210
13309
13655
13246
13792
13216
13170
13125
13049
13322
13273
13051
13473
13084
13076
13960
13119
13111
13316
13311
13048
13116
13227
13397
13145
13089
12823
12881
12526
12840
12695
12676
12700
12413
12696
12817
12711
12869
12647
12629
12674
12725
13366
12555
12981
12809
12797
12922
12900
12905
12850
12623
13145
12871
12705
12865
12812
13584
13083
12917
12924
12862
13470
13369
13425
13587
13741
13474
13197
13221
12968
12748
12872
12971
13074
13094
13075
13430
12892
13050
13216
13223
13386
13178
13546
13666
13382
13903
13375
13639
13563
13637
13696
13455
13703
13800
13299
13547
15360
14184
13683
13851
13533
13407
15909
13827
13644
13538
13856
13817
13838
14136
13955
14410
13192
13791
13800
13504
13816
13263
14571
14674
13899
13616
13154
13156
13146
12884
13214
12937
12835
13279
13312
13496
12992
13056
12789
12858
13049
13237
13036
13372
13222
13347
13176
13205
13135
13247
13070
13401
13591
13265
13054
13056
13432
13382
14300
13397
13096
13026
13042
13274
13277
12989
12804
13379
13189
13466
13174
13488
13212
12986
13356
13287
13465
13362
13285
13516
13243
13147
13162
13447
13359
13277
13551
13795
13365
13238
13405
13207
13401
13096
13146
13037
13237
13265
12896
13206
13226
13009
13061
13195
12973
13320
13095
13065
13509
13584
13331
13303
13931
13529
13748
13525
13701
13723
13418
13726
13492
13649
13821
13668
13920
13789
13528
13686
13917
13195
13425
13180
13596
14082
14028
13788
13731
13882
14303
14304
14334
14318
14529
14279
14091
14557
14239
14296
14154
13910
14076
14052
13977
14031
13842
13884
14056
14034
14415
14660
14562
14457
14614
14073
14629
14501
14686
14694
14741
15062
14418
14412
14192
14437
14142
14303
14402
14273
14070
14430
13837
13775
14988
15888
16347
15689
16068
15756
16147
16839
15806
14204
14084
14325
14028
14120
14059
14092
13964
14381
14300
13923
13935
14206
13791
14314
14341
13928
14128
14392
14475
14375
14188
14348
14311
14446
14438
14445
14148
15006
14395
14526
14568
14662
14535
14115
14239
14731
14306
14481
14411
14203
13889
14255
14443
14047
13814
14295
14601
14335
14423
14083
14087
14388
14131
14443
13771
14027
13796
14204
13782
13579
13751
13591
13278
13208
12988
13246
13208
13273
13657
13321
13441
13319
13443
13362
13339
13210
13211
13428
13684
13310
13018
13102
13183
13074
12813
12739
12839
13122
12987
13020
12857
13194
13047
13014
13469
13099
13145
12952
12943
12955
13691
13103
13033
13397
13259
13335
13389
13430
13716
13222
13349
13304
14128
13121
13141
13011
13829
13186
13460
13299
12937
13016
12967
12974
13329
12704
12764
12954
12743
12732
12411
12596
12815
12386
12464
12440
12475
12773
12472
12605
12570
12706
12727
12780
12601
12454
12779
12691
13051
13079
12940
12884
12847
13250
12856
13055
13146
12929
13043
13924
13262
13436
12827
12907
12729
13009
13001
13503
12511
13095
12712
12494
13733
12542
13094
13165
12932
12911
13056
13145
12943
12731
12775
12817
12727
12746
12728
12862
12870
12668
12825
12980
13303
13217
13103
12864
13497
13310
13459
13225
13378
13442
13383
13551
13464
13583
13797
13785
13862
13669
14123
13580
13919
14194
14046
14101
13835
13765
13824
13904
14361
14084
14077
13897
13724
13736
13655
13611
13516
13512
13583
13449
13438
13444
13397
13413
13308
13447
13553
14472
13640
13688
14231
13490
13583
13690
13627
13363
13642
13392
13218
13403
13379
13521
13427
13679
13483
13352
13372
13483
13541
13497
13929
13534
13308
13436
13273
12977
13062
13228
13213
12871
13064
15049
13370
13247
13388
13183
13629
13303
13754
13545
13309
13759
13688
13656
13776
13843
13523
13348
13102
13315
13052
13163
13115
12871
12983
12740
12749
13122
12821
12798
12616
12772
12600
12712
12870
12687
13541
12849
12960
12760
12970
12864
12900
12802
13250
12596
13098
12968
13005
12433
12103
12557
12461
12710
12525
12719
12635
12904
12575
12698
12455
12401
12638
12531
12580
12434
12497
16162
22255
15264
12300
12556
12674
12314
12428
12726
12555
12927
12481
12610
12475
12829
12671
12567
12677
12744
12787
12732
12751
12666
12886
12784
13037
12954
12904
12371
12904
12473
12667
12677
12989
12672
12872
12770
12756
12969
12906
12734
12500
12663
12431
12497
13012
12410
12410
12805
12441
12403
12628
12634
12638
12629
12848
12876
13002
12628
13137
12562
12771
12683
12596
12358
12546
12903
12541
12819
13276
12665
12460
12563
12568
12684
13154
12523
12365
12373
12336
12415
12735
12558
12254
12485
12586
12450
12328
13156
12599
12918
12604
12692
12566
12713
12418
12234
12496
12314
12638
12214
12427
12398
12234
12387
12512
12570
12477
12489
12559
12446
12606
12730
12490
12837
12644
12837
12893
13218
14055
13616
13332
13655
12798
13259
13381
13763
13987
13262
13725
13262
13505
13792
13695
13835
13111
13080
13320
13175
12978
13198
13333
13276
12951
13028
13598
12950
13052
13039
13441
12989
12904
12873
13391
12667
13207
12868
12855
12953
13072
12908
13089
12994
13041
12946
13222
13207
13019
12895
13092
13422
13524
13254
13184
13524
13347
13423
13481
13537
13669
13581
13534
14139
13764
13392
13440
13519
13399
13189
13213
13346
13079
13339
12904
13927
13379
13248
13225
13028
13117
13029
13428
13048
13151
13189
13717
13336
13336
13438
14470
13303
13818
13646
13452
13361
13728
13588
13427
13221
13597
13319
13515
13440
13519
13246
13463
13515
13475
13407
13464
13393
13453
13340
13748
13613
13679
13807
13859
13588
13617
13447
17341
17587
13120
13352
13254
12989
13209
13305
13218
14976
16809
16825
16638
15270
13007
13298
13250
12923
13340
13224
13206
13322
13060
13252
13915
13246
13417
13395
13319
13319
13517
13546
13341
13000
13304
13514
13223
13170
14058
13265
13513
13384
13639
13289
13620
13148
13479
13558
13271
13245
13323
13217
14341
13104
13398
12997
13263
13134
13102
12775
12820
12812
12854
12882
12841
13037
12796
12783
13215
12802
13144
12785
13122
13049
13226
13276
13400
13628
13189
13946
13159
13154
13221
12977
13198
13333
13329
13297
13121
13521
13263
13465
13657
14397
13639
13456
13674
13620
13616
13709
13664
13484
13383
13537
13316
13458
13300
13320
13177
13337
13468
13438
13150
13275
13384
13467
13392
13589
13262
13379
13447
13560
13267
13472
13110
13247
12956
13110
13250
13220
13327
13127
13133
13490
13718
13722
13806
13897
13704
13457
13732
13749
13727
13368
13436
13478
13308
13659
13318
13374
13423
13232
13555
13463
13320
13235
13323
13097
13204
12858
12786
13073
12975
12794
12530
12762
13065
12437
1452
12715
12449
12523
12480
12555
12675
12690
13059
12783
12920
13085
13112
13152
13293
14039
13353
13225
13804
13437
13845
13380
13401
13520
13338
13750
13495
13559
13691
13799
13646
13650
13686
13610
13666
14137
16762
18542
20823
13156
13381
13546
13506
13186
13779
13359
12968
13231
13223
12876
13250
13799
13907
13366
13561
13305
13403
13335
13421
13649
13718
13329
13359
13579
13698
13977
13836
13617
13885
13767
13423
13724
13419
13525
13245
13422
13965
13446
13477
13522
13902
13730
13559
13517
13553
13601
13396
13490
14019
13311
13282
13420
13354
13406
13712
13931
13751
13804
13610
13574
15239
15712
15954
15913
15786
15490
15738
16038
15496
15923
15820
15976
15959
15701
16003
15982
15899
16068
15946
15899
15715
15848
15638
16024
15872
15685
15596
15596
15304
15537
15523
15196
15540
13393
13393
13355
13476
13612
13608
13268
13419
13271
13341
13125
13037
13637
13391
13254
13334
13546
13281
13452
13217
13287
13425
13368
14050
13521
13686
13573
13376
13818
14679
13394
13324
13293
13494
13246
13580
13490
13821
13465
13043
13543
13341
13562
13567
13386
13345
13415
13259
13332
12858
13062
13074
12943
12929
13530
12855
12609
12549
12726
12425
12641
12421
13292
12450
12733
12679
13067
12851
12636
12888
13017
12754
12651
12931
13232
13060
13017
13074
13028
12908
12989
12923
13211
13329
13240
13288
13222
13304
13171
13065
13432
13630
13555
13725
13350
13345
13463
13491
13483
13467
13342
13287
13382
13364
13099
13319
14021
14837
15479
16153
15456
14311
15253
14985
15380
14276
14293
13846
13970
13545
13865
13875
14027
13922
14155
14132
13543
14126
14054
13981
14152
13851
13912
13985
13827
13809
13693
13723
14547
13798
14333
13777
13899
13925
13856
13596
13444
13327
13120
13040
12951
13041
13222
13327
13162
13201
13356
13317
13039
13179
13293
13064
13303
13129
13491
13312
13460
13495
13727
13667
14346
14462
14013
14285
14051
13779
14149
13846
13785
13901
14258
13814
13898
13767
13693
13501
13930
13623
13710
13448
13932
13885
13900
14741
13621
13611
13593
13366
13227
13299
13687
13131
14104
13612
13387
13095
13274
13079
13073
13600
13085
13406
13200
12846
13010
13019
12900
13036
13121
13098
13246
13364
12986
13121
13441
13689
13302
13568
14250
13326
13686
13610
13792
13813
13848
13840
13956
13736
13825
14388
14044
14058
14041
14014
16022
15516
15186
16311
15909
15484
15500
15435
15438
15128
15281
15182
15234
15729
15263
16088
15198
14775
15768
15369
14483
13524
13751
13573
13493
13787
14188
14132
13999
14034
13997
13950
13814
13876
13852
14243
13946
14036
13952
13797
13730
13768
13905
14767
14279
14052
13838
14130
13684
14124
13866
14309
14057
13973
14292
13656
13967
13739
14409
14162
13912
13963
14189
13567
13847
14023
13806
13823
14044
13880
13753
14005
13635
14128
14072
13892
13477
13585
13509
13548
13690
13559
13682
13532
13860
13545
13589
13799
13889
13689
13865
13788
13818
13939
13972
14144
14128
14093
14024
14117
14145
14041
14432
14503
14498
14084
13821
14089
13972
14023
14078
13796
14389
14786
14447
14582
14017
14116
14269
14417
14233
14118
14157
13944
13866
13816
13914
13964
13968
13833
13898
13436
13567
13577
13438
15119
17494
18617
18224
15344
13936
13514
13394
13557
13583
13604
13360
13502
13464
13809
13908
13475
13376
13569
15185
13998
23104
20406
14404
14047
14383
14263
14019
14255
14045
14065
13919
13780
14289
14070
13897
13501
14096
13875
13711
13706
13555
13921
13280
13382
13633
13435
13425
13676
13461
13686
13848
13867
13852
14037
13903
13977
14265
14281
14328
13935
14208
14187
14115
14094
15068
14339
14726
14322
14800
14326
13988
14321
14354
14358
14469
14259
14680
14222
14279
14619
14215
14433
14121
14233
14967
14962
14885
14898
14837
14567
14511
14560
14469
14606
15134
14604
14602
15084
14628
15319
15131
15117
15560
14546
14714
14586
15000
14687
14754
15594
15216
15153
15044
15039
15386
14951
15534
15764
15956
15667
15458
15312
15293
15573
17113
15848
15521
15728
15339
15358
15250
15228
15302
15338
15081
14728
14871
14714
14407
14707
14656
14811
14910
14659
14987
14821
14767
14417
14347
14562
14620
14278
14693
13907
13849
14147
14111
14154
14428
14017
14355
14378
14794
14133
14029
14386
13842
14195
14423
14118
15866
14549
15927
15939
16005
16379
15817
16119
16056
15894
15970
15907
16046
15247
15572
15867
15443
15342
15227
15544
14859
13655
13832
13787
13646
13764
13726
14199
13121
13361
13625
13450
13384
13023
13423
13195
13605
13462
13337
13366
13318
13587
13618
13462
13510
13657
13559
13425
13526
13516
13506
13628
13585
13158
13468
13496
13618
13186
13403
13493
13223
13225
13163
13051
13183
13420
13720
13313
13217
13044
12923
12959
12762
13186
13193
13039
12812
12900
13097
12967
13561
13312
13199
13233
13358
13269
13063
13064
13311
13289
13215
13135
13043
13168
13337
13386
13675
13072
13401
13564
13561
13531
13437
13506
15187
13345
13414
13399
13418
12827
12814
12733
12733
12950
12968
12823
12871
13019
12965
12682
12915
12560
12997
13103
12895
12847
12850
12988
13038
12939
13031
13185
12724
12887
12845
13304
13492
12829
13023
13264
12850
13092
13065
13137
13017
13151
13001
12697
13038
12904
12560
12531
12636
12632
12618
12520
12740
12328
12309
12212
12341
12198
12227
12703
12241
12183
12420
12685
12540
12990
12962
13082
13335
13223
12876
12879
13605
13277
13143
13070
13121
13355
13175
13055
13128
13115
13404
13015
13564
13122
13369
13098
13128
13329
13956
13518
13268
13441
13761
13070
13135
12952
13417
13469
13680
13318
13171
13121
13218
13345
13397
14018
14023
13354
13172
13261
13945
11585
13342
13504
13252
13013
13331
13464
13464
14165
13876
13788
13930
13829
13655
13337
13930
15606
17422
17275
17049
15732
13339
13167
13160
12651
14367
12964
12820
12862
13566
13623
13558
13359
13593
13238
13235
13566
13461
13770
13946
19676
17265
16724
25352
22497
14053
14201
14018
14166
13995
14099
14143
14156
14126
13912
13931
13259
13762
13675
13723
13709
13639
13582
13631
13675
13682
13625
13679
13779
13965
13720
13474
13777
13632
13747
13893
13877
13828
13442
13603
13855
13894
14236
13629
13690
13671
13912
13624
14083
13706
13831
13820
13749
13608
13509
13592
13755
13776
13565
13570
13673
13844
13650
13764
13882
13796
13894
13912
13765
13694
13978
14020
13946
13937
13903
14158
13914
14279
14197
14181
14045
14250
14006
13905
13983
14022
13940
14186
13622
13649
13525
13805
13693
14260
14091
14079
13949
13586
13459
13696
13275
13398
13211
13369
13665
13084
13779
12886
13173
13212
12994
12826
13077
13057
13331
12868
12905
12861
12685
13125
13014
13119
13231
12912
12741
13141
13134
13530
13318
13216
13631
13269
13343
13408
13558
13517
13541
13896
13902
13827
13895
13769
13440
13601
13276
13286
13199
13516
13386
13587
13562
13287
13056
12790
13012
13056
13061
12964
12586
12601
12800
12878
13043
12992
12972
12816
13011
13012
12937
13249
13374
13569
13263
13419
13575
13245
13186
13181
13311
13424
13639
13430
13027
13601
13135
13508
13362
12929
13134
12487
12923
12809
12745
12720
12586
12958
12503
14412
12684
12786
12535
13143
12889
12969
12698
12652
12811
12796
12689
12826
12850
12977
13088
13073
13397
13142
13736
13161
12639
12782
13233
12576
12788
12813
14851
12827
12675
12371
12425
12511
12324
12576
12655
12398
12760
12688
12422
12372
12691
12410
12671
12388
12527
12649
12710
12667
12632
12365
12289
12690
12504
12276
12481
12556
12669
12730
12421
12834
13291
13109
12903
13284
13158
13347
13006
12903
13178
13165
12803
12715
12966
13011
12850
13336
13206
12840
13138
12983
12907
13051
13220
13103
12966
13011
13062
13201
13063
13844
12848
12757
12696
12836
14105
12269
12252
12223
12175
12191
12333
12374
12480
12454
12799
12659
12865
12943
12521
12326
12831
12785
12904
12544
12759
13002
12538
12759
12827
12899
12618
12738
12799
12956
13071
12974
13315
13206
12958
13312
12962
13087
13038
12997
13121
13258
13233
12865
12896
13524
12891
13212
12995
13026
12960
13347
12763
12847
13195
14161
13068
13095
13026
12936
12581
14045
14975
15352
15931
13995
15545
15900
15619
15949
16044
15102
13622
15991
13147
13979
14865
13792
15370
14662
15154
14037
14446
15002
13551
14937
14462
14890
14518
13212
15102
14226
14483
13795
15033
14518
13241
14818
14995
13591
14881
14069
14559
15372
15698
13469
15842
17567
17546
18024
15711
13818
13781
13663
13554
13837
13941
13880
13791
14244
14215
13834
14195
13942
14885
14095
14083
14072
14193
14634
14090
13878
13923
13872
14334
14178
14305
13960
13999
14228
14124
16129
14050
13904
13952
13879
16006
13820
13427
13893
13647
14169
14117
13742
13783
13314
13714
13305
13778
13402
13723
13363
13358
13336
13372
13404
13854
13623
13715
13526
13868
13701
13832
13986
14457
14396
14304
14398
14242
14309
14277
14578
14243
13991
13953
13844
13798
13811
13897
13973
13945
13891
14272
14106
14025
14044
13618
13654
13931
13246
13329
13388
13356
13157
13088
13963
13864
14012
13842
14055
14357
13827
13762
13975
13847
13920
14174
13878
13859
14022
14054
13994
13792
14261
14212
14501
14254
14509
14575
14344
14503
14604
14718
14347
13973
14423
13929
13897
14735
14305
14211
14485
14152
14078
14049
13958
13942
14375
13995
13700
13582
13725
13596
13714
14024
13675
13890
14045
13896
13732
13783
13936
16379
14003
14131
14100
14128
14053
13997
14165
14038
14146
14257
14021
13950
14349
14040
14112
13957
14049
14584
13872
14190
14044
14090
14094
14133
13748
13792
13777
13834
13508
13550
14083
13675
13406
13282
13335
13460
13588
13603
13773
13781
13826
13693
13911
13807
18788
19491
19090
13946
13791
13560
13855
13989
13984
13837
13830
13938
13979
13955
13857
14849
14301
14122
14400
14083
14476
14491
14406
14260
14344
14499
14338
14447
14566
14153
14416
14751
14473
14364
14124
14281
14368
14429
14351
14470
14686
14526
14445
14559
14464
14504
14462
14543
14639
14439
14221
13899
14159
14120
13912
13986
14184
14234
14273
14139
14315
14398
14355
14318
14310
14062
13927
14187
13968
13689
13827
13605
13580
13916
14074
14068
13793
13751
13973
13703
13999
13754
14286
13749
13967
14052
14239
14521
14428
14407
14514
14484
14575
14548
14984
14762
14187
14579
14796
14423
14762
15193
15007
14583
14941
14888
14824
15414
14857
14583
15144
14920
15224
15036
15092
15442
15658
16265
15741
15313
15480
15326
15672
15618
15557
16035
15700
15226
15433
15593
15614
15481
15273
14972
15192
15241
17691
19356
18583
18673
19051
19667
19042
19063
16265
14784
15022
15031
15023
14892
15122
14984
14692
14805
15037
15148
15411
15080
15210
14994
14873
14464
14704
14915
15032
16848
14576
14746
15140
17065
15176
15288
14656
15074
14632
14045
13834
14188
13905
13752
14047
14026
13773
13954
13772
13833
13663
13479
13542
13533
13269
13674
13702
13652
13509
13587
13586
13589
13718
14230
13348
13842
13616
13654
13585
13431
13445
13381
13497
13209
13576
13295
13132
13163
13256
13049
13509
13514
13413
13320
13533
13623
13377
13310
14100
13590
13512
13317
13386
13336
13359
13472
13344
13292
13253
13458
13422
13004
13584
13696
13467
13730
13673
13541
13292
13295
13612
13459
13403
13176
13420
13493
13526
13224
13307
13822
13626
13327
13441
13549
13655
13317
104
13586
13671
13830
13287
13256
13275
13224
13294
13059
13226
12837
12812
13243
13579
13131
13336
13338
13347
13093
13251
13198
13291
13069
13198
12948
13434
13005
13146
13256
13019
13420
13690
13474
13468
14323
13745
13460
14083
13614
13755
13304
13373
13631
13572
13304
13490
13667
13504
13458
13739
13351
13601
13366
13238
13511
13437
13200
13506
13394
13271
13256
13180
13160
13289
13253
13456
13318
13422
13215
13344
14141
13902
13836
13925
13854
14225
14071
14417
14223
14202
14142
14386
14166
14462
14392
14499
14097
14106
14037
14130
14308
14374
14208
16610
14248
13887
13840
13879
13670
13981
14130
14209
14297
14688
14030
14538
13762
13822
13970
13918
13672
13794
13561
13111
13558
13753
13326
13492
13451
13591
13140
13463
13369
13239
13646
13775
13365
13517
13260
13552
13489
13725
13593
14047
14239
13578
13739
13444
13716
13482
14402
14333
13653
13831
13761
13751
13504
15428
14607
13740
13948
13509
13617
14133
13642
13428
14206
15642
16054
18198
20233
20535
18439
15278
15119
13385
13312
13433
13466
13514
13518
13384
13353
13606
13447
13450
13820
13619
13026
12925
12771
12969
13055
12885
13172
13251
13006
13226
13300
14314
15100
15311
15568
15118
15136
15722
15289
15407
15695
15377
15613
15254
14899
15549
15612
15352
15298
15527
15432
15177
15342
15188
15141
14032
13924
14212
13888
14358
13853
13840
14116
13565
13653
13871
14067
14307
13963
14077
14032
13891
13900
13919
13802
14182
14480
13843
13914
14352
13684
13716
13924
13907
13924
14952
14193
14413
14396
14385
14693
15117
14452
14193
14376
14296
13916
14124
14211
14079
13927
14751
13995
13854
14401
14030
13977
13979
14091
14147
14249
13771
13631
13673
13827
13637
13053
13734
13222
13378
12818
13364
12843
13021
13274
13207
13245
13264
13119
13247
14799
13306
13014
13311
12621
13053
12468
12500
12600
12707
12584
12653
12814
16953
12730
12953
13413
13703
13145
13032
13564
13525
13543
13307
14278
13544
13495
13563
13668
13492
13534
13783
13589
14118
13646
13718
13800
13833
13766
13519
13590
13801
13842
14069
15055
15685
15937
15611
15523
15360
15100
15446
15274
13458
13883
13773
13296
13592
13206
13303
13501
15496
15530
15411
15253
15414
15390
15259
15780
13410
13269
13137
12980
13052
12648
13204
13291
12958
13378
13750
13511
14172
14251
14654
14375
14418
14231
14408
14267
14628
14287
14086
14228
14407
14165
14363
14016
14156
14501
14344
14359
14807
14610
14525
14394
13587
13603
17413
17617
17410
17493
17650
17300
16798
16569
13676
12319
12415
12374
12358
12294
12452
12732
12228
12556
12963
15167
17009
16894
16992
15053
13254
13055
13503
12897
13374
12960
13212
14146
13386
13043
13392
12946
12956
12717
12766
12719
12980
12994
12995
12707
13030
13222
12667
14007
13872
14111
14009
13156
12470
12393
12574
12883
12676
12453
12594
12423
12607
13023
12809
12598
12487
12948
12853
12884
12810
12708
12941
12789
13783
12647
13377
13168
13093
13439
12996
13038
13582
13252
13279
13373
13765
13540
13586
14057
13877
14257
13940
13977
14440
13917
14066
14143
14191
14166
13784
14492
14174
13985
14031
13930
14383
13762
13683
13873
13545
14561
13900
14016
13778
13587
13506
13438
13651
13396
13202
13638
13474
13486
13475
13463
13181
12965
13145
14981
17222
17975
16971
14706
12793
13058
13111
13490
13820
13780
14155
13792
14002
13641
13808
14482
14755
14007
14159
14419
14415
14291
14122
14031
14287
14493
13811
14138
13960
13938
13611
13781
14019
13914
14113
14480
13793
13748
14196
14396
14144
13969
14191
14128
14104
14008
14267
14061
13864
13982
14128
14094
13375
13762
13522
13728
13566
13487
13549
13626
14033
13761
14099
13894
13694
13728
13829
13732
14402
13737
12981
13370
13329
13163
13270
12575
13410
13072
13227
13014
13706
13130
13112
13490
13626
13241
13503
13728
13439
13613
13446
13616
13942
14183
14034
14102
14289
14535
14438
14261
14295
14580
14518
14338
14195
14240
14502
14065
14082
14052
13896
13937
14329
14166
13857
13770
13861
13431
13583
13158
13333
13308
13182
13313
13048
13262
13609
13361
13184
13465
13612
13114
13569
13323
13397
13361
13214
13808
13780
13723
14464
13800
13467
13470
13614
13443
13596
13640
13387
13495
13758
13473
13559
13486
13721
13281
13399
13168
13111
13371
13205
13388
13515
13189
13438
13391
13478
13660
13576
13343
13441
13571
13483
13525
13481
13502
13435
13813
13668
13690
13639
13967
13561
13477
13606
13511
13585
14248
13376
13552
13110
13325
13302
13034
12798
12902
12932
12927
13240
13184
12733
13074
12981
12789
12967
12615
12541
12533
12353
12880
12982
12757
12934
12955
13077
13150
12921
13222
13274
13368
13018
13075
13131
13209
13059
13218
13332
13078
13148
12755
12931
13245
13247
13596
13443
13612
13694
13751
13879
13800
13787
13394
13935
13450
14512
14368
13331
13083
13511
13706
13181
13284
13278
13488
13111
13370
13373
13559
13667
13283
13370
13598
13598
13575
13371
13316
13398
13803
13322
13310
13482
13309
13152
13231
13424
13479
13599
13512
13630
13840
13767
13538
13792
14086
13897
14009
14554
14769
14292
14321
14365
14274
14325
14575
14112
14039
14322
14226
14546
14958
15172
15263
15163
14947
15000
14633
14584
15406
14178
14523
14542
15173
15067
15086
15434
15087
15795
16199
15756
15555
15475
15507
15423
15835
15443
15684
15660
16288
15290
15369
15308
15282
15381
15271
14929
14756
14485
15268
15148
17517
15279
15599
15301
15247
15606
15439
15027
15167
15005
14867
14596
14459
14710
14609
14560
14542
14516
14676
14634
14599
14664
15575
14732
14468
14686
14661
14936
15517
15598
15541
15509
15623
15275
15312
15531
15162
15713
731
15284
15420
15313
15200
15092
15248
14923
15354
14793
15128
14842
14731
15690
15088
15048
15132
14938
14856
14587
14908
14968
14700
14374
14401
14537
14743
14660
14778
14545
14248
14313
14006
14400
14396
14028
14350
14112
14062
14197
14485
13757
14128
14276
14339
14265
13994
14268
14478
14516
14445
14719
14571
14629
14654
14614
14219
14394
14271
14579
13969
14450
14318
14260
14384
14999
14655
14425
14661
14596
14320
14215
14132
14124
14098
13865
13746
14079
13912
13943
14082
14067
14011
14187
14249
14087
13887
14041
13808
13765
13654
13957
13641
16630
17098
16742
16830
14278
12685
12748
12724
12572
12474
12814
12465
12456
12924
12902
13014
13043
13814
12911
13849
13770
14087
14688
13979
14031
13935
14149
13816
13258
13594
13398
13799
13568
14326
14796
14313
14788
14519
14825
14255
14984
14543
13979
13863
13561
13667
13502
13533
13802
13824
13951
13570
13323
13723
13077
13048
13095
12724
12969
12766
12872
13834
13700
12956
12800
12955
12837
13265
12788
12929
12715
12935
12970
15073
29440
12976
13471
13181
12907
13526
12752
12740
13213
13297
13213
13289
13201
12936
13187
13137
13027
13021
13848
12765
12641
12858
13022
12926
13186
13165
12581
12891
12963
13075
13065
12787
12937
12817
13915
12636
12841
13176
12848
12847
12970
13029
12999
13362
13998
13235
12985
12796
13158
13136
13183
13350
12976
13191
13536
13586
13304
13176
13312
12967
13013
13091
12894
12963
12945
12704
12734
12782
12546
12653
12416
12549
12535
12587
12841
12373
12296
12227
12633
12342
12791
12543
12497
12104
12264
12387
12548
12640
12772
12878
12624
13134
13658
13333
13235
13243
13348
13136
13171
13500
13435
13663
13476
13455
13685
13396
13382
13459
13424
13734
13557
13746
13710
13218
13596
13311
13563
13404
13394
13400
13030
13051
13170
13304
12950
13003
12976
12720
12845
12865
13001
13169
12985
12838
12684
12696
13009
13414
13043
12542
12912
13108
13074
13036
13103
13072
13016
13360
13363
13440
13267
13432
13184
13142
13367
13165
13073
13255
13340
13459
13033
13416
13255
13047
13178
13630
13711
13490
13808
13365
14535
14593
13120
12908
13943
12715
12605
12623
12777
12778
12963
13074
12605
12874
12817
12946
12941
12523
12814
12628
12650
12604
12783
12852
12671
12559
12911
12915
13058
13172
13226
13154
13301
13163
13267
13555
13720
14074
13755
13829
13400
13664
13509
13654
13897
13861
13960
14254
13883
13778
13923
13942
13420
14046
13721
13090
13123
13687
13463
13636
13850
13323
13318
13591
13447
13271
13270
12604
12704
12447
12638
12502
12725
12998
12540
12719
12828
12507
12463
12506
12726
12798
13072
13153
12929
13066
12832
13128
12923
13075
12856
12897
12870
13298
12783
13212
13386
12972
12908
13082
13282
12994
13159
13379
13838
13317
13314
13040
13170
13098
14072
13051
12944
13088
12845
13074
13266
13473
13174
13390
13183
13074
13131
12920
13053
12699
12645
12967
13272
13058
13297
13271
13290
13044
13276
13840
13130
12978
13444
13166
13135
13188
13248
13169
13016
13622
13155
13630
13770
14051
14104
14074
14064
13939
14069
14606
14681
13720
13899
13851
14186
13987
14081
14011
13711
14047
14018
13896
13903
14023
13846
13781
13787
13814
13857
14512
14575
14643
14409
14328
14462
14287
14431
14405
14059
14303
14204
15160
15552
15300
15805
15603
15298
15512
15722
15386
15525
15908
15459
15859
15784
16032
15901
16234
15574
15499
15694
15676
16157
15857
15424
14633
14366
14296
14454
14246
14822
14605
14561
14699
14308
14103
14044
14314
14237
14338
14215
14413
14329
14248
14298
14061
14241
14138
14342
14971
14485
14356
14316
14420
14514
14270
14556
14554
14598
14448
14473
14884
14629
14470
14762
14378
14410
14453
14581
14603
14537
14658
14961
14836
14381
13914
14438
14105
13993
13981
13755
14261
14000
14237
15165
14109
14249
14069
14047
14172
14021
13682
18229
17944
18270
17614
14822
14231
14405
14346
14254
14691
14030
13646
13888
13751
13587
13701
13665
13557
13482
13399
13361
13181
13397
13077
13183
13435
13580
13412
13743
13428
13965
13527
13957
13526
13756
13581
14158
13821
13773
13831
13435
13257
13307
13208
13262
13136
13092
13356
13368
13397
13328
13225
13347
13276
13368
13591
13348
13398
13241
13472
13512
13339
13736
13708
13441
13458
13448
13438
13320
13114
13155
13096
13202
13190
13082
13334
13269
13782
13224
13068
13304
13319
13147
13486
13486
13584
13557
14215
13494
13599
13392
13207
13060
12880
13100
12892
12959
13217
13133
12868
13167
12898
13109
12745
12828
13114
13233
13590
12632
12911
12928
12810
12863
12678
12695
13117
12735
12586
12701
13259
13129
13127
13070
13031
13550
16725
16878
17303
13547
12951
13215
13325
13510
13388
13198
13400
13456
13533
13023
13214
13320
13755
13588
12989
13167
12973
13079
13090
13077
14062
14415
14606
14257
14287
14255
14155
13678
13014
12694
12773
12918
12761
13148
13113
12850
12933
12972
13178
13048
14037
13163
13013
13080
12962
12641
12811
12953
12993
13634
13215
13487
13647
13708
13906
13688
14256
14037
13719
13776
13640
13787
13667
13436
13450
13359
13420
12999
13206
13676
13338
14239
13538
13799
13728
13830
13897
13648
13647
13799
13872
14015
13854
13754
13984
14121
14441
14769
13763
13715
13562
13158
14174
13722
13547
13388
13859
13768
14022
14447
14080
14752
14230
13996
13971
13987
14408
14008
13998
13993
14085
14278
13907
13820
13488
13681
13620
13817
13715
13837
13606
13738
13666
13651
13365
13763
13434
13288
13368
13522
13636
13892
14214
13782
13718
13848
13854
13879
13600
13986
13540
13780
13697
13541
13370
13579
13599
13502
13754
13705
13635
13769
13533
13980
14080
13775
14144
125
13794
13904
13751
13915
13288
13288
13740
13423
13331
13269
13297
13284
13430
13757
13267
14050
13373
13359
13737
12595
12721
12566
13223
13032
13158
13293
13137
13050
12950
13018
12972
13080
12846
12898
12627
12905
12495
12734
12723
12829
13196
12912
12666
12877
12692
13200
12754
12651
12581
12631
12580
12317
12278
12291
12390
12172
12541
12277
12608
12485
12382
12770
12812
12429
12364
12398
12900
12832
13155
12908
13125
13092
13031
13046
13269
13391
12928
13208
13575
13452
13288
13550
13336
13249
13098
13173
13419
13543
13087
13135
13148
12909
13003
13415
13205
12949
13021
12718
12931
13026
12939
13076
13050
13213
13006
13628
13301
13318
13134
13281
13856
13408
12831
13051
13334
13165
13259
13402
13478
13428
13400
13630
14062
13506
13301
14383
13637
13469
13348
13741
13195
14101
13657
13138
13251
13271
13198
13199
13148
13099
13126
12876
12704
14733
12968
12874
12915
13472
12752
12994
13025
13007
13099
13002
13196
13264
13298
13242
13408
13400
13625
14264
12959
13248
13438
12908
12947
13149
13149
13263
13638
13424
13250
13527
13803
13288
13308
13289
13353
13367
13183
13559
13307
13176
13055
13003
13407
13429
13369
12848
13263
13311
13001
13180
13026
13276
13486
13485
13274
13538
13147
13366
13650
13319
13192
13657
13585
13624
13605
13408
13305
13853
14513
14213
13749
13740
13575
13384
13258
13592
13373
13394
13432
13475
13426
13621
13774
13753
13806
14054
13959
13232
12979
13062
13262
12769
13246
12977
12896
13240
12977
13158
12766
13233
13339
13231
12986
13042
12931
13059
12770
13087
12831
12860
13332
13206
13340
13453
13277
13007
13385
13565
13406
13533
13447
13207
13453
13659
13618
13632
13602
13725
13917
13637
13461
13580
13706
13759
13713
13660
13541
13749
13529
13232
13687
13564
13630
13678
13624
13490
13450
13611
13151
13458
13252
13730
13005
13276
13125
12953
12956
12661
12833
12946
12962
13464
13131
12866
13190
12942
13105
13147
12856
13704
12980
13175
12820
13307
13638
13014
13003
12692
12839
12844
12841
13435
13282
13789
14034
13024
12975
12992
12940
12872
12865
12864
12979
12827
13389
13389
13082
13105
13961
13401
13347
14036
13819
13518
13565
13841
13675
13398
13709
13942
13735
13595
13844
14207
13765
13951
13771
13590
13659
13463
13947
13571
13722
13451
13609
14018
13667
13288
13359
13008
13329
13325
13412
13493
13386
13469
13685
13307
13448
13610
13654
13507
13609
13986
13314
13410
13608
13266
13071
13601
13277
13505
12983
13455
13179
13459
13300
13055
13507
13026
12989
13508
13117
17304
17554
13479
13418
13476
13762
13420
13258
13744
14046
13800
14079
13976
13923
14114
14018
13898
13821
14405
14235
13981
14244
14411
14123
14219
14236
14407
14085
14698
14045
14150
14246
13810
13603
13227
13387
13717
13354
13313
13272
13299
13270
13447
13524
13233
13169
13142
13224
13292
13644
13315
13255
13047
13283
13441
13294
13445
15048
14032
13911
13890
13646
13776
13932
13750
13867
13637
13705
13913
13783
13908
14002
13821
13768
13665
13771
13628
13883
14054
14000
13691
13750
14223
13996
13791
13932
13806
13953
14002
13878
14004
13471
14069
14121
13603
13902
13937
13928
13967
13576
13908
14061
13939
14704
14354
14277
14731
14348
14284
14650
14321
14173
14367
14730
14601
14305
14178
14336
14432
14114
14088
14279
13866
13687
13965
14153
13925
14221
13893
13713
13725
13626
13215
13055
13186
13072
13036
13013
13097
13322
13119
12762
13225
12591
12891
12789
13072
12903
14053
13330
13169
13489
13346
13067
13173
13365
13282
13364
13939
13625
13473
13574
13535
13816
13822
13719
13808
13718
13526
13902
13705
13343
13905
13574
14069
13450
13541
13383
13301
13367
13338
13320
13402
13541
15465
13791
13535
13464
12872
13282
12975
13363
13203
13819
13718
13531
13597
13921
13812
13434
13665
13494
13259
13136
13445
13264
13207
12926
13931
13110
12973
13114
13541
13304
13286
13517
13451
13346
13537
13303
13390
13344
13526
13695
13457
13645
13411
13451
13214
13261
13573
13513
13917
13593
13687
13941
13547
13261
13288
13764
13776
13396
13706
13494
13664
14288
13604
13622
13726
13621
13712
13687
13713
14154
14453
14666
14221
14119
14179
14457
14370
16169
14425
14403
14483
14031
13929
14322
14627
14185
14193
14101
14292
14275
14229
14148
14631
14433
14448
16278
18645
18681
18293
16465
13940
14078
14188
14093
14081
14228
14135
14398
14442
14007
14215
14166
14371
14343
14203
14282
13968
14124
14067
14161
14005
13997
13918
13824
14076
14256
14159
14078
14236
14195
13900
13963
14017
13807
14163
14056
13953
14012
14057
14252
14155
14186
14700
14191
14440
14622
14340
14400
14520
14505
14500
14210
14138
14655
13743
13983
13814
13502
13302
13686
13492
15924
16236
15737
15217
15120
15562
15922
15811
14358
13334
13619
13616
13531
13709
13512
13625
13571
13428
13261
13307
13417
13330
13287
13447
13989
13243
13162
13686
13457
13324
13324
13306
13156
13551
13251
13571
13493
13497
13204
13274
13349
13362
13576
13043
13280
13506
13194
13234
13037
13318
13084
13174
13571
13382
13153
13592
13695
14356
13134
13157
12772
12927
13041
13211
12822
13246
13086
12966
12976
13056
13157
13245
13212
13240
13174
13375
13692
13217
13404
13494
14932
13514
13569
13333
13145
12868
12856
12805
13001
12903
13140
12738
12560
12714
12993
12751
13500
13141
12941
13014
12723
13199
12949
15631
15502
15206
15071
14932
15541
15055
15264
14926
15284
15021
15593
15118
15214
15461
15510
15168
15358
15274
15460
15312
15385
13648
13037
13092
13330
13400
13192
13067
14056
13167
13249
13891
13911
14608
14287
13799
13643
13792
13895
13942
13522
13514
13594
12958
13931
13527
13782
13391
13201
13987
13513
13540
13639
13978
13883
14164
14392
14394
13928
14351
14177
14566
14088
14012
14344
14150
14126
14178
14137
14024
14648
14171
14278
14751
14411
14301
13854
14389
14070
13798
13767
13592
13608
13581
13722
13890
14053
13919
14584
14258
13887
14134
14019
14056
13984
14081
14098
13635
13800
13905
13851
14233
14076
14034
14146
13850
13945
13789
13977
14031
14436
14107
14501
14424
14035
14492
14745
14880
14744
14546
14617
14265
14414
13999
13915
14275
14334
14158
14209
14152
14160
13948
14094
13363
13042
12839
13029
15865
15109
17926
18507
12619
12606
12650
12843
12772
12802
12933
12523
12662
12781
12664
12741
12690
12748
12669
12600
13053
13125
12935
13267
13068
13389
12916
13309
13617
13334
13235
13476
13405
13457
13761
13525
13604
13279
13374
12986
13129
13177
13259
13352
13350
13332
13006
12989
13241
13115
12785
13247
13025
13006
12943
12857
12985
12894
12542
12774
12631
12673
12986
13133
12875
12903
14552
15371
15197
15310
15529
15455
15459
15520
15045
15340
15214
15589
15250
15386
15176
15364
14340
13363
13429
13282
13205
13340
13538
13426
13474
13811
13363
13486
13558
13383
13225
12835
12891
12748
12829
12686
13097
12526
12740
12654
12610
12497
12516
11980
12354
12339
12602
12574
14537
16427
16409
16459
15906
12761
12878
12820
12843
12850
13041
12978
13089
12956
13190
13203
13338
13198
13495
13449
13333
13311
13338
13398
13115
13573
13526
13529
13355
13165
13115
13572
13373
13522
13332
13516
13096
13369
13492
13276
13281
12992
13387
13956
13085
12899
13398
13409
13248
13071
13210
13239
13291
12949
13053
12907
13298
13276
13274
13024
12888
13045
13308
13147
13313
12982
12894
13056
13131
13058
13734
13427
13229
13477
13673
13592
13329
13693
13672
13652
13421
13472
14577
13749
13918
13911
13604
13940
13691
13941
13737
15810
14122
14133
13951
13734
13861
13836
13812
14196
13675
13796
13814
13983
13758
14029
13863
13883
13754
14022
13811
13557
13600
13865
13477
13461
13509
13502
13597
13344
13396
13584
13498
13475
13502
13801
13425
13977
14439
13618
13590
13710
14556
13937
13783
13492
13951
13722
13771
13449
13776
14103
14176
14211
14203
14221
14408
14036
14162
14589
14344
14362
15125
14352
13751
14844
14235
15025
14465
13944
13586
13574
13687
13762
13724
13920
14072
13838
14019
14281
14186
14099
14704
14531
14939
15482
14508
14362
14439
14691
14889
14595
14527
14546
14802
14970
14531
14884
14551
14356
14394
14319
13958
14217
13938
14017
14206
14600
14276
14137
14556
14393
14237
14617
14455
14221
14242
14206
14241
14658
14591
14678
15158
14550
14603
14446
14571
13965
14136
13852
13748
13793
13721
13699
13756
14344
14133
14370
14311
14269
14257
14236
14533
14365
14497
14360
14704
14396
14517
14481
14193
14483
14045
14630
14252
14000
14254
14062
14610
13870
13769
13715
13790
13841
13784
13368
13676
13522
13493
13377
13591
13248
13703
13694
13781
13735
13542
13940
13808
13761
13484
13890
13564
13609
13680
13830
13378
13839
13884
13646
13987
14015
14019
14129
14224
14432
13963
14284
14232
13993
14000
13931
14039
13716
13386
13720
13268
13565
13762
13635
13544
13419
13293
13339
13099
13515
14102
13414
13295
13477
13301
13137
13388
13453
13462
13463
13771
13655
13546
13621
13964
13520
13379
13518
13485
13668
13377
13660
13666
13651
13564
13776
13506
12883
12801
13120
12880
13082
12814
12856
12593
13525
12808
13240
12909
12546
12879
12862
12654
12599
12978
12510
12167
12384
12415
12266
14427
12663
12746
12735
12453
12636
12772
12738
13030
13355
12732
12508
12742
12511
13869
13123
13309
12968
12814
13103
13153
12986
13502
13084
13151
12997
13121
13089
13180
13091
13013
12955
12711
12952
13015
13196
13007
12820
13198
12735
12728
12942
13367
12924
13185
13088
13094
11957
12700
13348
13328
13269
13441
13016
13159
12887
13174
12992
13082
13403
12940
13038
12787
12630
13023
13103
12662
12597
12730
12526
12624
12584
12743
12137
12344
12134
12657
12208
12867
12763
12483
12777
13337
12932
12583
12884
13095
12546
13052
12936
12713
12673
13145
13299
13001
12887
13079
13529
13089
12982
12812
12722
16997
16991
13029
12920
12983
13305
13344
12780
12853
12854
12573
12554
12733
12623
13773
13078
12409
12504
12419
12440
12020
12247
12241
12660
12424
12619
12143
12293
12600
12479
12239
11986
12455
12351
12348
12234
12466
12498
12544
12419
12547
12378
12214
12458
12940
12795
12627
13885
12516
12618
12806
12280
12481
12611
12836
12383
12661
12713
12501
12428
13057
12713
12733
12784
12579
12645
12362
12467
12524
12735
12623
12626
12755
12798
12769
12936
12703
12845
12788
13086
13634
13846
13101
13242
13079
12712
12970
12741
13067
12813
13083
13645
13282
13097
13429
13164
13628
13869
17607
16532
13615
13465
13552
14132
13544
13705
14031
13661
13629
13664
13761
13510
14265
13857
13615
13661
13584
13823
13326
13817
13677
13578
13666
13677
13770
13686
13444
13755
13684
13521
13394
13572
13260
13595
13824
13888
13560
13561
13669
13311
13636
13731
13344
13070
13493
13763
13369
13497
13904
13509
13710
13212
13105
13590
13684
13423
13571
13994
13525
13283
13169
13216
13259
13179
13205
13606
13214
13391
18202
18191
18298
18092
18163
18041
17552
13496
13486
14528
13783
13677
13586
13261
12856
12888
12772
13156
12892
13626
13848
13115
13259
13173
13220
13254
13310
12732
12635
12356
12682
12818
12654
12440
12627
12420
12346
13087
12613
12727
12699
12357
12181
12302
12633
12410
12406
12382
12367
12780
12527
12449
12558
12765
12633
12963
12853
12617
12186
12569
12566
12519
12235
12419
12485
12278
12275
2803
12728
12685
12658
12688
12941
12708
12554
12631
12559
12572
12643
12634
14001
12609
12701
12638
12653
12705
12515
12632
12387
12741
12900
12309
12510
12819
13019
12387
12290
12229
11951
11973
12353
12361
12117
12406
12422
12356
12606
12384
12183
16385
16580
12020
12027
11992
12366
11976
12115
12267
12370
12058
11991
11953
12296
11697
11856
11899
11836
12325
12093
11786
12034
12070
12198
12197
11915
11944
11931
11953
12148
11924
11826
11900
11946
11666
11736
12129
11968
12193
12496
12280
11806
12194
12321
12434
12421
12492
12251
12876
12718
12395
12628
12540
12252
12509
12220
12562
12012
12435
12213
12325
12356
12504
12512
12409
12337
12291
12373
12172
12256
12289
12424
12325
12693
12313
13420
12128
12211
12328
12387
12327
12026
12034
11941
12392
12487
12759
12259
12389
12162
12079
12384
12271
12387
12316
12201
12213
12110
12294
12621
12301
12335
12324
12597
12242
12241
12508
12445
12274
12590
12510
12569
12196
13154
12685
12409
12404
12510
12527
12312
13051
12294
12537
12472
12508
12630
12289
12778
12882
12623
12764
12630
12287
12456
12611
12305
12472
12363
12590
12605
12370
12226
12580
16278
13055
12503
12299
12027
12370
11837
12177
12534
12115
12185
12162
12105
11876
11845
12120
11559
11819
11581
11556
11319
11500
11696
12264
11320
11465
12318
11551
11996
12108
11625
11786
12173
11686
12367
11727
12263
11821
12085
11921
11970
12417
12388
12421
12504
12366
12306
12378
12453
12252
12383
12101
12129
12083
11845
11930
12171
12278
12106
12111
12385
12497
12360
12519
12617
12600
13290
12797
12390
12640
12367
12522
12619
12548
12631
12544
12637
12498
12809
12629
12442
12282
12345
12193
11987
11737
12273
11836
11966
12132
11776
11734
12197
12242
12120
12406
12329
12200
11835
12356
12080
11870
11970
12032
12060
11876
12294
12642
12619
12637
12737
12518
12728
12634
12593
12309
12483
12450
12484
12292
12766
13003
12893
12901
13004
12861
13314
14238
13993
14208
14075
14195
14223
13972
14393
14439
14387
14195
14586
14144
13994
13158
13286
13010
13125
13156
13072
12606
13192
12742
12723
12426
12548
12376
12348
12434
12291
12369
12329
12352
12660
12793
12687
13270
12514
15343
16468
16446
16520
16692
16410
16237
16323
13932
11986
11986
12274
12182
11901
11844
12042
12275
11979
12096
12153
11683
12063
12161
11968
11740
11967
11889
12169
11865
11953
12674
11852
11928
12013
11875
11831
11782
11936
11812
11646
11654
11965
11977
11927
11926
11729
12423
12156
11762
12060
11981
11461
11695
11484
11752
11607
11811
11693
11650
11402
11626
11676
11685
11695
11729
11920
11810
12115
11723
11351
11629
11757
11628
11554
11271
11797
11889
11834
11737
11761
11705
11766
11450
11767
11494
11689
11732
11860
12034
14917
14876
15107
15527
14946
15120
15155
14933
15648
14586
14739
14816
14922
14250
14895
14891
15168
15246
14972
14497
15143
13708
12046
12413
11704
12025
11813
11935
12693
11973
12185
11957
11980
11763
11921
11844
12185
11801
12019
12166
11753
11866
12915
11858
11662
12088
11960
12042
12489
12817
13191
12630
12875
12716
12512
12428
12342
12084
11852
12188
12358
11850
12303
12348
13009
12347
12523
12253
12539
13290
12699
12618
13041
12593
12464
12980
12451
12924
12671
12802
12965
12674
12594
13120
12934
13021
12829
13018
12755
12553
12606
12576
12100
12282
12461
12494
12516
12401
12547
12485
12469
12815
13103
13143
12828
12947
12738
12501
12754
14976
16127
16335
16281
16187
16222
16590
16533
16258
16656
16207
16329
16618
16237
16253
16243
16371
16641
16297
15061
16403
16300
16171
16255
16298
16408
16722
16337
16008
15768
16308
16239
16251
16435
16598
15803
15190
15175
15174
14773
15032
13849
12666
12958
13150
13056
12837
13205
13097
13117
12914
12835
13359
13599
12802
13085
13062
12832
13065
13262
13104
13195
13281
13452
13713
13964
13952
14543
14102
15869
16015
16679
16020
14482
14699
14724
14492
14601
14613
14608
14819
14160
14579
14871
14381
14263
14525
14791
14570
14665
14756
14384
15086
14630
14243
14744
14626
14781
14288
14817
14755
14526
14354
14638
14451
15037
15109
14416
14793
14528
14564
14829
14227
14410
14549
14412
14373
14385
14565
14229
14088
14407
14188
14520
14856
14017
14019
14423
14132
14221
14152
14053
14534
14047
13698
14097
14420
14445
14177
14796
14272
14152
14475
14640
14094
14299
14458
14377
14317
14464
14305
14965
14885
15502
15044
15046
15014
14802
14757
14977
14857
14790
14833
14683
15235
14508
14670
14534
15362
14825
15299
15438
15288
14848
14960
15235
15058
15045
14708
15756
14863
14916
14730
14865
14988
14701
14861
14713
15248
15643
15329
15445
15257
15402
15076
15491
15373
15754
15319
15694
15594
15327
15053
15108
14985
15130
15407
15183
14983
15466
15767
15813
14976
15204
15062
15108
16125
15490
15243
14332
14067
14222
15624
15065
15535
15179
13935
14135
15550
17422
18354
17844
17263
16063
14372
13965
14238
14763
16221
18124
17847
18289
18189
14829
14162
14452
14384
14393
14465
14563
14916
14197
14305
14715
14910
14636
14862
14527
14634
14464
14343
15124
15312
15076
14920
14867
14976
14782
15011
14849
14817
15167
15025
14782
14665
14272
14623
14642
14432
14437
14701
14354
14630
14830
14815
14534
14915
14850
14699
15026
14384
14180
14645
14332
14924
14524
14196
14744
14431
14821
14567
14247
14622
14823
14883
14680
14425
14852
14550
14476
14657
14654
14286
14463
14500
14570
14555
14205
14510
14177
14591
14330
14547
14592
14324
14416
14375
14006
14114
14111
14168
13987
14281
14009
14658
14607
14178
14489
14000
14487
14430
14223
13828
13748
14408
14512
14759
14757
14546
14424
14302
13832
11154
14533
13900
13664
13908
13737
14084
14134
13893
14131
13867
13766
14215
14371
14458
14270
14141
13917
14116
14392
14664
14869
14394
13860
14052
14163
14082
14141
14233
14140
14751
14584
14172
14729
14482
15711
17343
16708
16491
16844
16392
15595
16000
16305
16545
16266
16264
16394
15850
16305
16852
16069
16204
15967
16007
16633
16543
15751
16061
16182
16319
16230
15476
15484
14680
13726
13586
14043
14128
14204
14825
14582
14207
14631
14599
14214
14511
14774
14475
14090
14002
14135
14357
14111
14459
14585
14601
14709
14692
14517
14391
14454
15064
14467
14187
14361
14443
14436
14180
14345
13935
14295
14293
14035
14417
14199
14039
14414
14125
14091
13838
14575
15096
14162
14011
13866
13793
13833
14088
14155
13967
13786
14182
13909
13861
13952
13996
13986
13494
13874
13617
13904
14236
13938
14355
13903
14339
13942
14218
13948
13848
13804
14051
14181
13965
14062
13927
13945
15496
14056
14014
14164
14937
14242
14326
13903
16003
15993
15727
15544
16199
15771
15640
15266
15676
15546
15275
15469
15333
15730
15591
15471
15756
15598
16009
15788
15590
15380
16190
16162
15224
15141
15545
15442
15184
15474
15191
15355
15511
16143
17039
15540
15162
15345
15878
15240
15509
15529
15448
15642
16495
15541
15444
16271
16176
15655
15208
15391
14930
15254
16110
15100
15067
14896
14515
14634
15493
15179
15343
15111
14975
15258
15352
15402
15321
15655
15256
15109
15843
16028
16011
15936
16019
15863
15849
16208
16069
16168
16704
16275
15554
16323
15971
15729
15984
15632
15441
15547
15569
16164
15954
15740
15276
15879
15394
16110
16645
16100
16079
16305
16432
16263
16640
16138
16200
15761
16272
16338
15673
16052
16053
16223
15955
16660
15659
16150
15341
15605
15376
14976
15410
15371
15358
15271
15458
15649
15342
15324
15200
15400
15344
15461
15442
15382
16252
15492
14963
15041
14886
15081
14853
15152
15336
15118
15117
15637
16038
15730
16076
16054
15581
15923
15768
16137
16130
16234
15492
16219
16083
15844
16129
16158
16352
16094
16079
16631
17325
17457
17996
18071
17257
16277
16412
16018
15578
15556
15698
15653
15358
15466
15745
15551
16227
16764
16248
16383
16607
16209
16679
16343
16049
15709
15856
16156
16087
16095
16313
16547
16454
16013
15934
15970
15640
16244
16008
17164
16190
16039
16234
16472
16275
15937
16445
16250
16066
16127
16192
15945
16022
15727
15816
15940
16046
15997
15835
15872
16396
16494
16372
16354
16363
16365
19023
20240
20021
20200
17075
15601
15678
16390
15896
15791
16380
16405
16221
16482
16715
16954
16823
17080
16848
16451
16728
16341
16436
17158
16887
17514
17007
16809
16850
17046
16420
16780
16657
16558
17058
16803
16347
15875
15943
16154
16681
17359
17264
16635
16870
16891
16103
15931
15766
15789
15842
15443
15527
15811
16381
16569
16999
16922
16305
16639
16528
16060
16170
16233
16418
16281
17588
16957
17195
17203
17239
17581
17529
17322
17177
16968
16707
17150
16963
17168
17503
16889
17008
16431
16522
16411
16990
17023
16968
16896
17451
17968
16692
14463
15360
14940
14745
15132
14943
14644
14724
14794
14708
15000
14641
14142
14114
13478
13357
13582
13143
13487
13307
13346
13342
13473
13963
13713
13566
13565
13439
13360
13302
13936
13819
13660
13976
14002
13394
13792
13740
13829
14020
13934
13947
13748
13869
13665
13801
13619
13708
13441
13631
13273
16130
13064
12908
13120
12955
12837
12610
12540
12447
12701
13094
13641
13279
13490
13509
13153
13265
13490
13614
13143
13427
13893
13751
13661
13265
13304
13480
13207
13338
13509
13498
13164
13148
13274
13166
13505
13517
13027
13383
13290
13538
13607
13779
13540
13387
13440
13520
14645
14059
14379
14711
14166
13914
14310
14742
14913
14456
14578
14924
14667
14303
14300
14657
14599
14345
14284
14384
14268
13967
14076
14626
14602
14643
14969
14825
14916
15005
15362
15067
15409
15565
15337
15237
14892
15085
15616
15104
15652
15178
15338
15184
14895
14877
14951
14967
14667
15811
15497
15043
15165
15017
15181
15209
15242
14913
15628
15431
15484
15405
15484
14870
14803
14988
15277
15383
15446
15165
14900
15287
14899
15081
15087
14454
14633
14513
14679
14791
14804
15374
15227
14926
15136
15139
14966
15541
15782
15544
15904
15221
15070
14881
15036
14829
14531
14894
14744
14784
15136
15142
14915
14638
14882
15177
14854
14909
15022
15300
14955
14583
14706
15282
15186
15170
15495
15378
15240
14764
15227
15155
14920
14767
15628
14909
14897
14953
15150
15078
14972
15076
15286
15006
15219
15388
15185
15331
14896
15037
14972
14968
15330
15069
15048
15078
15032
14934
15303
15055
14984
14963
15023
14852
15038
15076
14909
14779
16159
14688
14777
14984
15190
15381
15168
14811
14902
14679
14826
14897
14448
14664
14380
14773
14458
14977
15205
15314
15474
15255
15052
15254
15052
15352
14794
15102
15126
15298
15063
14864
14833
14805
14878
14814
14977
15408
15058
15219
15385
15183
15419
14883
15650
15645
15838
15728
15865
15943
16251
15631
15491
15915
15549
15237
15125
15302
14941
15640
15846
15391
15441
15369
15621
15628
15395
15387
15361
15578
15211
16000
15834
15710
16054
15710
15859
16578
16017
15572
15469
15299
15356
15562
15770
16330
16156
16682
17265
17134
17030
16401
16375
17041
16711
16719
16566
16680
16163
16398
16602
16748
15866
16114
15728
15843
15719
15879
15754
15691
15768
15109
15698
16067
16054
16167
16206
16505
16847
16462
16261
16579
16220
16340
15682
15935
16685
16670
15954
16484
17047
16712
16310
16747
16063
15755
15715
15479
15593
15940
16110
16319
16402
16479
16383
16769
16707
16547
16547
16291
16615
16524
16354
16321
16026
16086
15665
15914
16214
15624
498
15954
15783
15657
15700
15842
16346
16497
16401
16445
16166
16192
15688
15619
15630
15636
15841
15934
15519
15193
15412
15416
15569
15972
15775
15580
15336
14960
15331
15223
15498
15376
15071
15583
14876
14782
14789
14979
15091
15546
15872
15343
15021
15263
15368
15527
16002
15720
15612
15426
15009
14840
15420
15262
15293
15066
14562
14783
14951
14123
13882
14139
14396
14161
14171
13981
14178
14271
14146
14293
14036
14345
14450
14274
13874
13566
13307
13784
14048
13399
13466
13332
13320
13233
14184
13577
13118
12857
13248
13236
13193
13156
13434
13184
13341
13087
13249
13411
13217
13474
13649
13544
13306
13481
13762
13580
13259
13379
13487
13621
13891
13604
13826
13916
14010
13806
13879
13794
13962
14658
14011
13923
13933
13668
13768
14088
13992
13605
13983
14101
13746
13960
13969
13813
13809
13762
14572
13652
13631
13798
13759
13145
12985
13109
12843
12945
12990
13139
13049
13135
12999
12833
13199
13847
12828
13092
12925
13220
12790
12852
13139
12871
13287
13863
12973
12775
12649
12725
13040
12729
12842
13708
12985
12989
13061
13800
12905
13199
13121
13161
13302
12981
13133
12736
13023
13003
13148
13121
12926
13121
13158
13073
13110
12979
12916
12983
13139
12870
13209
12915
13706
13423
13533
13462
13586
13641
13326
13113
12823
13003
13172
12893
13093
13917
14113
14247
13835
13625
14153
13868
13828
13773
13525
13339
12977
12942
13266
12996
13402
13319
13375
13484
13839
13811
13734
13812
14175
14588
14148
14088
14103
14309
14282
14207
13257
13748
13006
12921
12736
12640
12962
13201
12874
13236
13155
13218
13107
13050
13285
13166
13140
13250
13006
12729
13070
12914
12851
13241
13312
13717
13268
13053
13101
13114
13320
13287
12914
12754
12960
12852
12967
12880
13021
12545
13097
12945
13067
13051
13168
13112
12825
12929
13197
13206
13113
17027
12969
12980
12719
13028
12957
13413
13238
13202
13367
13334
13100
13421
13661
13132
13358
13620
13164
13134
13556
13324
13753
13514
14409
13875
13566
13845
13601
13727
13690
14099
13879
14227
13994
14092
13384
13475
13430
13480
13576
13571
13564
14964
14872
13770
13548
13854
13744
13752
13556
13680
13691
13417
13594
15425
13323
13620
13549
13666
13395
13666
13805
13763
13460
13625
13472
13080
13120
13421
13329
13397
13067
13338
13232
13512
13142
13005
12894
13950
12998
13473
13087
13130
13391
13196
13220
12988
13325
13198
13055
13300
13163
13156
13488
13825
13401
13681
13497
13221
13381
13528
13134
13439
13406
13015
12833
12871
12932
12772
12826
12820
12804
12915
12891
13171
12959
12841
12772
12775
12616
13072
12981
13045
13102
12702
12703
12781
12796
12873
12853
12849
12849
13100
12846
12700
12631
12601
12612
12568
12511
12408
12475
12619
12344
12241
12624
12489
12547
12387
12637
12652
12790
13008
13753
12937
12927
12871
12307
12480
12666
12536
12608
12585
12231
12052
12381
12072
12192
12092
12148
12603
12577
13043
12803
12507
12597
12544
12571
12576
12307
12650
12381
12676
12519
12452
12872
12755
12894
12855
12693
12930
13194
13026
13516
13241
13141
13255
13215
13228
13431
17402
17024
16635
17419
14321
12931
13225
12843
13023
12981
13154
13256
12982
12968
13063
12755
12917
12777
13033
12882
12669
12890
12729
13428
12791
13007
13022
13051
13129
13187
13254
13314
14081
13504
13435
13426
13586
13268
13293
13271
13271
13263
13648
13373
13479
13386
13336
13216
13860
13747
13104
13614
13391
13679
13428
13334
13428
13513
13386
13423
13609
13792
13402
13689
13959
13502
13771
13400
13675
13653
13482
13484
13272
13201
13410
13455
15224
15157
15063
14082
14755
15127
15307
15332
15028
15264
15348
15274
15366
15354
14766
13861
13903
13901
13890
14123
14437
13834
13862
13892
13886
13544
13868
13722
13863
13703
13471
13270
12948
13304
13345
13640
13695
14083
13538
13808
14024
13810
13593
13869
13867
13816
13866
14060
14761
14271
13407
15184
13399
13695
14099
14078
13664
13777
13691
13528
13289
12981
13155
13121
13098
13064
13104
13136
13009
13279
12933
13112
13684
13536
13413
13939
13580
13704
13263
13730
13281
13592
13559
13637
13422
13491
13483
13718
13379
13437
13544
13123
13326
13449
13589
13748
13965
13699
13726
14358
14347
14308
14328
14514
14376
14246
14474
14019
14336
14290
14649
15037
15116
15062
14960
15122
15124
15239
15150
15104
15441
15414
15344
15017
15124
15804
15227
15217
16249
16196
15540
15983
15381
15896
15611
15888
15391
15823
15595
15513
15722
15731
15985
16556
15928
16204
15633
15886
15434
15512
15368
15344
15620
15313
15073
14951
15366
15256
14863
15097
14969
14817
15125
15232
15276
14807
15402
15138
15049
14936
15020
15102
15076
15102
14878
14920
15005
15280
14840
14787
15428
14953
15254
14990
14995
14688
15362
15554
15407
15234
15267
15689
15287
15560
15554
15735
15631
16025
15596
15166
15287
15392
14948
15365
14846
14755
14652
14218
14247
14403
14164
14247
14436
14171
14572
14750
14529
14440
13770
14228
13681
14158
13927
13699
13640
13397
12988
13002
12706
12932
12749
12627
12594
12688
12780
12537
13047
12891
12870
12725
12712
12667
12881
12909
12741
12845
12509
12629
12382
12302
12968
13013
12935
13117
12805
13092
12868
13798
13065
12889
13311
13344
13108
13061
13096
13885
13290
13486
13608
13748
13742
14164
14012
13918
14881
14208
13886
14066
14238
14362
13744
14212
14225
14455
14330
14314
13861
13840
14281
14025
14134
14240
14182
14442
14328
14437
14679
14443
14448
14648
14378
14754
15401
14652
14878
15102
14894
14978
14869
15061
14398
14774
15603
14662
14411
14517
14422
14640
15242
14160
14440
14402
14361
14441
14469
14002
14962
14928
14863
14560
15069
15398
15990
15588
15467
15833
15545
15772
16192
16176
16128
16810
16665
16436
16184
16250
16640
16591
15809
15620
15137
15407
15380
15873
16210
15740
15746
15695
15949
15802
15068
14338
14904
14675
14565
14920
14997
14808
14690
15136
15220
14882
15259
14779
14900
14930
15005
14550
14773
14829
18676
30456
28495
14509
15558
14830
14818
15143
14828
15188
14963
15186
15117
15022
14954
14720
15268
15315
15216
14752
14791
15246
14681
15413
15135
14884
14740
14934
14929
14706
14580
15217
15130
14823
14778
14934
14734
14705
14364
14522
14428
14711
14672
14616
14606
14949
14671
14715
14764
18781
14992
14987
14926
14989
14877
14925
14965
14923
14984
15444
15271
14521
14780
15013
14460
14042
14214
14177
13993
14030
14406
13907
14282
14371
13921
14243
14337
14368
14178
14548
14579
14264
14384
14508
14249
14356
13953
14053
15028
13774
13881
13908
13670
14097
14322
13497
13878
13704
13951
13889
14443
13871
13518
13288
13539
13524
13630
13378
13443
13508
13305
13635
13605
13579
13530
13377
13531
13308
13409
13327
13223
13686
13623
13791
13311
13450
13453
13282
13804
13602
13455
13209
13568
13086
13343
13796
13956
13907
13802
13560
13858
13847
13751
14052
13988
14256
13861
13676
13743
14006
13553
13543
13866
14277
14431
15690
15687
15679
15613
14900
14628
14355
13806
13888
14517
14301
13804
14209
13861
13854
14206
14164
13279
13366
13563
13533
13313
13345
13532
13604
13527
13243
13493
13390
13055
13203
13163
13221
13389
13030
13333
13732
13480
13461
13591
13699
13931
12963
13130
12997
13346
13003
13065
12967
13643
12982
13692
13139
13668
12766
12731
12626
12824
12584
12821
12363
12461
12753
12637
13606
12852
12518
12493
12879
12716
12475
12236
12143
12187
12404
12554
12641
12499
12399
12870
12477
12333
12427
12290
12440
12201
12554
12362
12059
12341
12727
12225
13585
16330
16193
16190
15960
16112
15952
16076
15587
11975
12020
11882
12065
12243
12078
12172
12010
11871
11972
11846
11893
11761
11961
12266
11967
12206
11709
11928
12049
12143
11723
12072
11892
12271
12202
12062
12082
12008
12237
12091
11990
12089
12048
12025
11997
12014
11973
12223
11784
11915
11810
12129
12052
11935
11757
12031
11723
11716
11853
11935
11772
12095
11769
12020
12164
11953
11709
11781
12021
12208
12588
13293
12656
13916
14193
14654
14291
14293
14468
14412
14572
14867
14558
15645
15005
14785
14711
14844
15020
14829
14671
14750
14964
14840
14796
14689
14692
14717
14513
14813
14838
14763
15016
16620
14827
14745
15322
14679
14422
14501
14806
14830
14646
14857
14847
15037
14727
16598
14957
15177
15227
15188
15085
15198
15208
15312
15134
15053
15654
15029
14819
14431
14105
13731
13457
13051
13138
13080
12878
12862
13023
13029
12513
12834
12749
12779
12565
12902
12717
12510
12794
12735
12715
12602
12666
12718
12910
12331
12611
12521
12289
12607
12654
12564
12206
12158
12145
12184
12572
12302
12299
12268
12528
12189
12456
12233
12187
12456
12382
12417
12683
12843
12928
13156
13158
13010
13330
13439
13370
13510
13481
13631
13543
13647
13837
13736
14257
13544
13841
13477
13908
13648
13558
14521
13448
13473
13353
13388
13436
13272
13577
13469
13634
13381
13752
13671
13579
13895
13948
14203
13926
14340
13881
14151
14312
14419
14441
14611
14461
14417
14904
14445
14506
14620
14251
14155
14393
14058
14217
14260
14139
14305
13717
13822
13330
13957
13614
13573
13824
13817
13472
13858
13382
13472
13573
13910
13927
14079
13917
13694
14034
13742
13787
13965
14770
13767
14097
14204
14340
14424
14351
14696
14022
15227
13973
14219
14099
14182
14708
13797
13717
14008
13518
13590
13628
13712
13820
13572
13610
13566
13832
13990
14002
13881
13651
13829
14144
13826
15035
15024
14042
14109
14305
13906
14148
13860
14285
14061
14060
14173
14140
14665
14349
14261
14219
14169
14025
13866
14090
14365
14044
14136
13958
13981
14081
13836
14046
13883
13534
13969
13733
13726
13941
14201
14506
13748
13934
13930
13774
14066
14085
13737
13768
13838
14292
13845
13986
14193
14384
13725
13966
13988
13996
14213
14187
15815
16181
15909
14603
15029
14189
14669
17832
16909
13960
13707
13542
13833
14094
14037
14178
14225
14409
14175
14287
14196
13994
14484
14099
14161
13852
14306
14283
14081
14115
14001
13972
13792
13986
13936
13919
13638
13877
14021
13532
13711
14043
13879
13683
13734
13757
13665
14015
13766
14434
14111
14348
14208
14103
13996
13875
13909
13957
13829
14492
13972
14079
13899
13891
14379
14073
16342
14135
14188
14274
13942
13912
14198
14135
13982
13867
13754
13897
13864
14125
15077
14059
13742
14323
14003
13700
13783
13888
14083
14313
13855
13930
13737
13856
14047
13830
14271
13970
14039
13813
13789
14041
13866
14101
13809
13935
13876
13847
13985
13686
13958
13910
13985
13796
14056
14084
13945
14175
14114
14599
14019
13954
14393
13918
14042
14088
14050
14153
14412
14174
14347
15059
14170
14183
14224
14395
14608
14479
14516
14341
14328
15500
14535
14717
14856
14850
15604
14334
14808
14925
14775
14360
14593
14636
14728
14480
14616
14555
14271
14728
14611
14256
14118
14239
14440
14514
14391
14176
14064
14218
14117
14012
15225
16502
16458
14048
13749
14072
14184
15018
14061
13972
14167
13902
13620
14056
13899
13973
13917
14266
14022
13934
13889
14457
13975
14040
13748
13599
14106
13941
13590
13601
14527
14263
13663
14296
13828
13956
13577
13931
14532
16003
15326
15279
15780
15593
16362
18935
20126
17778
17590
14519
14702
14630
13364
13540
13760
13857
13728
13971
13832
13467
13880
13786
13946
14091
14117
14182
14114
14434
15969
14087
14234
14108
14399
14543
14684
14301
14220
14367
14264
14268
14314
14221
14320
14156
14021
14054
14306
14353
14487
14436
14732
14155
14053
15094
14278
14758
13931
14059
14484
14553
15044
14171
14134
14455
14428
15192
14460
14204
14652
13669
14567
14268
14268
14749
14089
15135
13673
13925
14787
14266
13900
14290
14359
13993
14148
14255
14361
14280
14675
14180
13982
14063
14152
14015
14002
14229
13981
13740
14151
14141
13914
14093
14370
14099
13917
13899
13884
13624
13375
13604
13774
13906
14302
14174
13522
13875
13766
14014
13474
13766
13977
13564
13727
13987
13595
14170
13699
13606
13702
14619
13602
13606
13749
14002
13795
14023
13852
14326
14343
13968
13832
14215
13867
14121
14030
14346
14352
14460
15389
14247
14612
14116
14152
14154
14831
14284
14287
14260
13892
13947
13896
14285
14267
14091
14351
14292
14194
14166
14226
14408
14055
14366
14280
14308
14226
14404
14362
14164
14350
14299
14241
14012
14533
14255
14139
14569
14750
14194
14640
14629
14699
13983
14466
14578
14352
14183
14139
14230
14075
14235
14598
14367
13889
14296
13893
14316
14164
14130
14285
14010
14648
14369
14482
14462
14263
14488
14450
14388
14229
14127
14248
14534
14918
14684
14375
14794
15872
14362
14264
14790
14080
14456
14293
13857
14674
14650
14561
14647
14722
14801
14448
14541
14526
14695
14495
14488
14513
14658
14554
14391
14190
14534
14242
14473
14303
14129
14280
14552
14840
14654
14529
14336
14362
13973
13939
14282
14190
14094
13720
14293
14055
13932
14131
14230
14063
13707
14005
14064
14251
14083
14150
14378
14100
15017
14503
14601
14015
14176
14009
14541
14531
14371
14567
14715
14784
14504
14780
14846
14323
14386
14829
14311
14583
14146
14304
14296
14455
14078
14633
14419
14191
14377
14334
14216
14404
14560
14412
14358
14039
14269
14490
14127
14490
14372
14149
14346
14669
14167
14162
13969
14312
14475
13862
14535
14486
14284
14506
14536
14166
14669
14651
15057
14801
15093
14831
14895
14798
14875
16362
14276
14621
15012
14533
14757
14952
14586
14658
15017
14435
14787
14832
14942
15091
15099
14984
15004
15838
19010
19194
19215
18254
15247
14870
14911
15054
15571
15486
15080
15079
15395
14646
15318
14810
15300
14961
14997
15059
15017
14784
15196
16223
16933
17793
17001
16897
16034
16684
17481
15148
15160
16476
15617
14797
15055
14716
14739
15081
14828
14993
14846
15192
14903
15403
15242
14894
14929
15048
15101
14832
14790
15035
15082
14900
14787
15038
15098
15031
15062
14710
14923
14967
14697
14665
15005
14889
14798
14555
14584
14630
14738
14363
14070
14778
14555
14436
14313
14626
14376
14353
14822
14627
14506
14898
15101
14707
14406
14414
14615
14031
14294
14072
14498
14872
14864
14720
14071
14230
14584
14080
14452
14742
13335
13786
13739
13674
13442
13982
13781
13635
13691
13986
14081
13611
14119
13944
14199
13734
14165
13983
13728
13590
13653
14048
13728
13579
14164
13727
13598
13311
13745
13103
13344
13575
13982
13859
14139
14093
14905
14585
14052
15252
14057
13888
13810
14516
14012
13801
13741
13810
13717
13888
13969
14294
14333
14248
14401
13973
13385
13621
13829
13644
13183
13275
13681
13367
13581
14279
13674
13832
14060
13909
13877
13751
13848
13933
14096
14245
14406
13903
14278
14175
13967
13675
13844
13933
13980
14140
13718
13521
13749
13543
13289
13547
13491
13539
13548
13401
13502
13522
13420
13532
13567
13473
12986
13226
13462
13307
14010
14768
15481
15205
15350
15441
15409
15517
15560
14708
13346
13541
13111
13157
13195
13505
13493
13162
13737
13520
14420
13332
13732
13586
13486
13488
13654
13800
13696
14168
14013
13460
14049
13944
13641
13786
13718
13625
13363
13593
14165
13789
13729
13870
13527
13983
13829
13826
13923
13913
13900
13828
14351
14388
14257
14269
13805
14034
13967
13867
13903
13932
13929
13981
13928
14310
13839
13894
14590
14204
14250
14349
14348
13929
13902
14302
14057
14251
14217
14009
14229
14064
14415
13944
14219
14140
13743
14396
14534
14570
14172
14813
14459
14232
14285
14120
14279
13963
14309
13923
13995
14400
14230
14479
14061
14334
14782
14060
14299
14050
14317
13901
14392
14045
14235
14793
13851
14111
16499
17706
17109
16918
17620
17762
17605
17542
17853
18092
17491
18079
17334
16734
17882
17078
17444
17347
17220
17155
16473
15459
14132
14589
14306
14450
15495
15613
15377
15746
15704
15515
15156
15568
15410
15493
15303
15374
15484
15574
15492
15789
15386
15772
15407
15864
15973
15555
16139
15055
14175
14109
14275
14806
14069
14248
14321
14165
14518
14150
14389
14415
14146
14193
14178
14133
14200
13986
14479
13947
14178
13943
14309
14048
13823
14274
14239
14082
14132
14126
14856
14482
14197
14707
14638
14443
14510
14963
14545
14584
14722
14409
14282
14553
14589
14331
14170
13863
14129
14154
14144
14290
14177
14069
14247
15072
14067
14348
14154
13861
14092
14118
13821
13966
13789
13646
13618
13947
14113
13755
14125
13813
14051
13814
13986
14122
13929
14246
14343
14084
14323
14302
14094
14045
13699
13865
13638
13548
13739
13652
13768
13877
15329
17319
17534
17589
17557
17402
17611
17806
16739
13619
13502
13512
13602
14100
13997
13866
14172
13806
13580
13692
13741
13688
13763
13579
13833
13680
13263
13682
13918
14281
13537
13733
13584
13506
13544
13504
13281
13144
13487
13186
13330
13577
13301
13382
13581
13558
13437
13256
13510
21482
14733
14194
13461
13684
13645
13559
14082
13843
13184
13454
13425
14595
13658
13882
14018
14047
14059
13710
14061
13943
13982
14040
13932
13877
13857
13864
13652
13875
14037
13779
13979
14099
13981
14280
14443
13913
14791
14563
14564
14078
14661
14125
14133
14407
14320
14588
14121
14417
12659
14310
14710
14267
14160
14047
14058
14171
14243
13873
13863
13617
14067
14022
13808
13688
14075
13843
13954
13968
13994
13913
13715
13763
14045
13827
13752
14235
14201
13984
14500
13638
13539
13868
14200
13768
14078
13936
14010
13722
13639
13731
13943
13831
13781
13800
13849
13653
13547
13605
13969
13493
13614
13607
13620
14750
14819
13880
13781
13846
13814
13786
13404
13612
14058
13997
13562
14064
13647
13900
13633
13760
13924
13619
13718
13983
13608
13740
13791
13641
13574
13415
13766
13446
13413
13289
13417
13737
14346
13829
13793
14002
13701
13674
13490
13692
13628
13466
13348
13563
13366
13865
13865
13611
13748
14151
14278
14137
13803
14426
13553
13827
14478
14411
13980
14220
14106
14358
13969
14578
15085
14296
14083
14045
14046
13841
14038
13837
14220
14369
14194
13751
13683
14041
14073
14043
14381
14236
14272
14116
13907
13887
14042
13873
13683
13780
14074
14334
14255
14084
14255
14234
14411
14291
14543
14434
13962
14396
14365
14232
14377
14371
14290
14689
14253
15359
15016
14167
14133
14158
13802
14147
13697
13568
13673
13781
13142
13410
13509
13822
13888
13752
14273
13904
14033
13595
14115
13771
13618
13683
13552
13548
13870
13870
13612
13812
15754
14377
14052
14514
14433
14368
14300
14281
14036
14278
14026
14680
14100
14435
14435
14312
15166
14834
14985
14847
14728
14963
14629
14730
14386
14504
14735
14704
14630
14699
14754
15165
14926
14832
15408
15167
14920
14752
15184
15302
15218
15218
15224
15323
15138
14732
14830
15154
14643
14864
15203
15112
15298
15082
15187
14919
14637
14532
14503
14506
14349
14488
14452
14666
14699
15319
14909
14903
14940
15213
15507
15946
15572
15423
15249
15626
15623
15785
15934
15579
15503
15410
15222
15276
15749
14844
15106
15142
14534
14625
15067
15287
14589
14803
14422
14498
14906
15072
14700
15083
15422
16083
15102
15015
15332
14940
14974
14698
14587
15146
14775
14914
15965
14582
14564
14620
14787
14524
14643
15038
14829
14809
15121
14668
15208
14927
15100
14781
15100
14924
14805
14953
15141
15279
15196
15389
15111
15197
14894
14984
14983
15012
15131
15636
15240
15250
15419
15567
15243
15419
15390
15559
15805
16258
15748
15741
16063
15987
15925
15731
16821
15758
16301
15467
16006
15571
16189
15585
15880
15507
15730
15421
16340
15506
15649
15217
15328
15097
15427
14942
15591
15044
15570
14788
15288
15318
15481
15141
15128
15614
15209
15332
15367
15436
14889
15189
14889
14854
14885
14956
14923
15142
15098
15090
14810
14892
14717
14742
14885
15196
15254
15230
16025
15684
15393
15209
16490
15180
15612
15266
15507
15419
15448
15173
15389
16135
15464
15654
15760
15513
15232
15452
15668
15496
15926
15721
17328
19217
19247
18607
17515
15261
16129
16559
15913
16528
16469
16459
16545
16534
16352
16327
17242
16160
16005
16290
16119
15791
16403
16183
16002
16022
15941
15997
16089
15931
16116
15813
15621
15897
15872
16363
16096
15946
16257
16116
16441
16245
16280
16234
16257
16193
16405
16220
16307
16781
16445
16323
16063
16387
16237
16596
16610
16455
16940
17226
17043
16909
16590
16599
16860
16758
16450
16479
16705
16700
16734
16764
16730
16545
16838
17147
16551
16762
16727
16937
16725
16405
16705
17258
18860
17789
19195
16280
16076
16373
16447
16597
16477
16486
16957
16596
16979
16721
16645
16632
16341
15384
19873
19840
20178
19081
16886
15886
16196
15912
16454
16801
16706
16871
16814
16746
20034
20125
20718
21842
24497
23741
23951
23534
23545
23356
23662
22844
19204
18517
18945
18299
18822
18660
19500
18438
16993
15420
15627
15657
15606
16145
16401
15917
15741
15944
15291
15515
15655
15571
15620
15151
15660
15363
15412
15588
14761
14910
15184
15335
14868
14732
14982
14974
15502
14805
15487
14934
14840
14879
15269
14960
15200
15389
15305
15585
15255
15554
15301
17688
17988
17476
17538
17607
17305
17071
17118
16492
16785
15551
16362
15481
15771
15768
16675
17290
18419
18278
18028
17992
18299
18795
18112
17066
16165
16227
15853
15962
16048
15771
16321
16231
16174
15814
16039
15896
16018
15917
15590
16430
15740
15658
15751
16181
16246
16442
16565
16214
16457
16197
15525
15936
15764
15818
15570
15513
15310
14623
15175
14975
14712
14897
14834
14760
14980
14715
15462
14942
14780
14610
14532
14894
14671
14658
15110
15005
15009
14843
15113
15258
14996
15166
14759
14786
15048
14660
14757
14742
14700
14684
14737
14790
14554
14445
14525
14787
14351
14584
14799
14888
14500
14424
14216
14585
14416
14471
14160
14622
14661
14461
14826
15293
15678
15657
16114
16005
15712
15713
15876
15854
15960
15529
15839
15703
15933
16095
16140
15743
15727
16677
16242
16316
16888
16082
15854
15509
14634
14956
15175
14631
14641
14328
14922
14739
15047
14769
14777
14856
14777
14840
14887
14887
14737
14689
14609
14653
14491
14535
14547
14348
14834
14540
14442
14626
14420
14840
14606
14994
14893
15016
14646
14661
15343
14476
14983
15265
14589
14823
14444
14908
14380
14717
14612
14227
14435
14700
14442
14515
14566
14601
14387
14133
14026
14262
14028
14414
14372
14354
14442
14638
14592
13913
14316
14494
14061
14391
14226
14320
14371
14014
13882
13896
14003
14270
14074
14195
14135
13923
14103
14263
14078
14359
14024
14283
14538
14112
14002
14023
14302
13927
14013
14506
14091
14089
14171
14359
14208
14157
14521
14102
15201
14003
14084
13971
13992
14489
14027
14018
14290
13781
13905
13989
13968
13832
14043
13912
13846
13749
13821
13883
13636
13629
14021
13822
13487
14309
13971
13882
14004
13689
13822
14178
13511
13730
13582
13740
14032
14021
13622
13893
13936
13941
13885
13738
13795
13729
14189
13837
13638
13880
13999
15040
14900
13617
14002
14180
13939
13652
14003
13791
14359
14014
14023
13811
14113
13826
13911
13660
14341
13615
14556
13554
13951
13525
13858
13381
13570
13620
13820
13709
13419
13774
13346
13493
13445
13696
13561
13636
13777
13712
13565
13481
13601
13390
13638
13279
13729
13714
13683
13848
13728
13650
13848
13944
13910
14163
13891
13784
13689
13713
14029
14173
14044
14202
14163
13546
14219
14236
13692
14068
13978
14375
13745
13989
14178
15141
14150
14110
14123
13712
14140
14000
14944
14009
14350
14031
14061
13999
14204
13926
14059
14057
13905
13981
13795
13958
13472
13787
13632
13919
13802
14261
13860
13853
13888
14056
13853
13940
13696
13804
13750
14030
13866
13927
13825
14083
14044
14072
14043
14191
14131
14319
14123
14107
14001
14307
13893
14048
13850
14488
13879
13981
13846
13908
13996
13975
13788
14224
14007
14717
14185
14457
13776
14100
14054
14260
14357
14423
14250
13822
14101
14149
14088
14337
13817
13653
13976
13977
14134
13988
14346
14122
14070
13955
13832
14327
13777
14420
13973
13697
13473
13995
13668
13389
13545
14026
13619
13831
13743
13934
13464
14010
14688
14022
13412
14624
13806
14481
13642
13711
13703
13904
14006
13925
13981
13713
13789
13639
13691
14075
13499
13382
13588
13677
13507
13696
13635
13965
13505
13817
13963
13690
14137
13912
13428
13953
15056
13694
13655
13898
13656
13704
13533
13666
13445
13491
13530
13482
13501
13877
14035
14052
13934
14445
13650
13754
13931
16845
24276
17676
14158
13889
13630
13584
13925
14142
13969
14065
14158
13873
14044
13933
14122
14059
13827
14207
13734
13891
14101
14259
13896
13737
14006
13838
13977
13906
14212
14465
14063
14090
13895
13852
15458
14296
14650
14115
14428
14451
14354
14407
14519
14319
14174
14415
14425
14541
14272
14646
14125
14451
14086
14375
14285
14403
14294
14323
14295
14386
14353
14370
14478
14449
14624
14338
14604
14985
14390
14228
14876
14236
14155
14237
14048
14213
14278
14373
14131
13962
14009
14370
14239
14265
14205
14477
14103
14498
14184
14420
14167
14214
13871
13885
14458
14533
13971
13973
15202
13819
14392
14392
14521
14075
14251
14623
14296
14498
14249
14370
14337
14200
14146
14298
14324
14251
14022
14017
13986
14155
14204
14073
15203
14117
13951
14405
14102
14777
14310
14496
14653
14365
14474
14376
14526
14400
14651
14429
14211
14181
13911
13694
13837
13655
13630
14273
13825
13769
29673
32174
24563
28193
31939
25161
14076
13793
13802
25634
29396
26284
13601
13680
14012
13485
13282
13497
13714
13681
14945
13609
13331
14904
14036
13599
13490
13493
13737
13632
13260
13254
13085
12987
13242
13311
13601
13192
13609
13088
13573
13602
13534
13536
13152
13815
13157
13445
13381
13378
13853
14154
13945
13552
13758
13624
13415
13450
13439
13807
13855
13766
13950
13403
13257
13800
13999
13586
13666
13366
12926
13126
12971
13258
13767
13195
13643
13247
13201
13071
13453
13099
13418
13223
13043
13043
13636
13513
13213
13479
13498
13738
13405
13757
13127
13560
13671
13317
13322
13766
13597
13687
13368
13453
13578
13417
13421
13510
13572
14177
13272
13428
13266
13254
13375
13060
13185
13515
13251
13061
12885
13299
13275
13038
13926
14282
12898
13263
13125
13263
13620
13319
13597
13264
13355
13282
13280
14287
13158
13173
12865
13217
13188
13333
13429
13243
13503
13185
13591
13200
13131
13238
13195
13354
13143
12989
13385
13628
12938
13214
12918
12868
12913
13348
12880
12992
13315
12989
13233
13135
13154
13308
13197
13011
13372
13221
15128
17742
18448
17533
15309
13606
13433
13612
13641
14027
13639
13464
13429
13336
13185
13261
13304
13163
13399
13292
13531
13169
13618
13237
13434
13503
13330
13358
13229
13310
13503
13194
13608
13356
13348
13027
13096
13313
13148
12990
13230
13320
13040
15660
16894
17050
17131
17368
17871
17690
17342
15724
13310
13454
13401
13686
13307
13563
13416
13302
13091
13904
13388
13233
12887
13336
13088
13024
13072
13149
13122
13027
13310
13299
13805
13585
13609
13687
13786
13628
13749
13327
13607
13481
13725
13662
13582
13666
13782
13912
13897
14115
13924
13719
13686
13881
13805
14031
13876
13793
13741
13936
13927
14192
13821
13797
13876
13729
13670
14270
14294
14131
14202
14092
14149
14066
14131
14357
14159
13903
14051
13888
14200
13847
14443
13846
13962
13975
13964
13782
13891
13896
13702
13465
13603
14091
13924
13765
13625
13561
13579
13722
13612
13699
14020
13748
13827
13989
13885
13851
13622
13831
13841
13823
13962
13864
13931
14167
13839
13906
13957
14506
13999
14050
13919
14127
14155
14338
13995
14254
13914
14183
13798
14027
14166
14243
14496
14617
15973
14401
14676
14998
15541
15654
15621
16245
15298
15531
15238
15814
16034
15741
15333
15101
14766
14631
14617
14980
14815
14719
14977
15109
14792
15014
16095
15181
15132
15193
15615
14920
15198
15390
15411
15154
15454
15633
15283
15654
15619
15525
15395
15436
15151
15270
15089
15726
15145
15843
15282
15481
15451
15433
15807
15626
15211
15431
15651
15836
15618
15489
15813
15583
16285
15878
15589
15539
15803
15518
15824
15543
15351
14647
14955
14920
15243
15119
14993
15151
16392
15343
15425
15187
15727
15736
15712
15363
15548
15373
15490
15116
14947
15133
14994
15021
15002
15196
14343
14542
14722
14415
14494
14358
14504
14440
14131
14329
14417
14377
14766
14788
14772
14546
14871
15170
15109
15538
15042
14587
14173
14571
14628
14590
14448
14380
14111
14210
14549
14032
14327
14569
16977
13090
13387
13131
13056
13258
13514
13457
13610
13675
13968
13825
13687
14222
14207
14059
13729
13666
13850
13695
14073
13903
13693
13977
13820
13685
13612
571
14022
14449
13904
13519
13744
13934
13862
13874
13863
13981
13702
13903
14308
14066
14225
13978
13995
14112
14030
13852
14194
14276
13998
14177
15369
15737
15636
15666
16077
16089
15531
15522
15807
15447
15749
15589
15444
15513
15742
15791
15759
15630
15697
15501
15817
15309
17705
18978
17893
18178
17186
13894
13834
13749
13443
13768
14044
13488
13451
13478
13575
13670
14090
14143
13820
13605
13867
14157
14217
14460
13964
14377
14227
14088
14229
14183
14502
13938
14141
13879
13930
13910
13774
13652
13883
13783
13723
13697
13597
13735
13794
13873
13796
13778
13937
13881
13998
14333
14463
14439
14551
14252
14312
14247
14368
14807
14335
14292
14451
14395
14411
14225
14353
14460
14168
14431
14297
14331
14166
14362
14131
14441
14892
14697
14368
14401
14153
14235
14017
14010
14315
14229
14497
15027
13951
13815
14073
14060
13810
13982
13927
14438
14120
13974
14546
14205
14212
14228
14090
14222
14312
13931
14032
14064
14359
14543
14433
14532
14604
14246
14552
14429
14536
14412
14683
14846
14417
14406
14178
14676
14245
14519
14456
14164
14341
14547
14791
15168
15500
15398
14687
15313
14881
15209
15066
15099
15038
14724
14844
14753
14965
15129
15243
15097
14519
14662
14505
14518
14345
14532
14601
14220
14553
14490
14946
15172
15303
15423
15435
15349
15192
15073
15247
15124
15085
14954
15068
14822
14901
14893
14798
15060
14623
14990
15291
14947
15014
14919
15121
15229
15072
15504
15081
15155
15446
15541
15165
15440
15252
15443
15289
15354
15646
15714
15288
15570
15446
15362
15229
15580
15485
15469
15414
15707
15764
15613
15572
15321
15478
15465
15214
15553
15497
15554
15260
15538
15641
15480
15255
15450
15366
15090
15242
15882
15383
15333
15487
15598
15789
15666
15870
15723
15450
15552
15683
15339
15694
15709
15613
15437
15382
15807
15499
15614
15777
15460
15404
15293
15136
15061
15544
15393
15301
15581
15478
15542
15620
15295
15637
15316
15239
15203
15484
15708
15577
15747
15843
15514
15627
15671
15626
15959
15725
15689
15528
15137
15327
14992
15402
15087
14690
15081
14903
14753
14867
14555
14926
14435
14449
14353
14478
14405
14381
14556
14595
14345
14358
15085
14171
14332
14343
14310
14212
14407
14297
14436
14290
14528
14218
14291
14329
14363
14208
13938
13913
13869
13961
14061
14165
14186
14164
13924
14159
14074
15033
14201
13778
13922
13913
13956
13787
14063
13986
13634
14191
14115
14550
14501
14772
14348
14485
14556
14588
14811
14652
15142
15033
15107
18972
18992
18759
19213
19101
19123
18660
18768
15614
14694
14779
14625
14726
14787
14822
15251
14556
14615
15057
14745
15151
14688
14519
15023
14419
14697
14518
14703
14998
15207
15101
14695
14828
14703
14640
14747
15374
14814
14522
15430
14862
14909
14979
15043
14845
14440
14841
14975
14699
14527
14724
14623
14718
15115
14570
14551
14888
14911
15351
15393
15330
15154
15424
15594
15316
15100
15165
15260
15490
15164
15146
15091
16031
15317
15005
15384
15206
15544
15411
15560
15231
15463
15190
15224
15164
15745
15559
15407
15388
15152
15048
15402
15193
15377
15234
15079
15121
15281
15432
15117
15166
15226
15401
15367
15000
15303
14948
14929
15548
15247
15142
14870
15162
15233
15401
15176
15173
15283
15586
15350
15276
14797
15044
14979
14838
14988
15598
14870
14704
14936
15155
14593
14648
14682
14836
14899
14522
14843
16006
15123
15037
15346
15229
15127
15301
15207
15477
15227
14860
15109
15311
15534
15248
15317
15261
14976
15063
15569
15234
15438
15288
15258
15344
15819
15260
15798
16327
17899
18115
17429
17457
17808
17641
16601
15039
15128
15523
14913
15021
15964
16163
15408
16322
16798
15817
15348
14344
14899
14484
14712
14837
14514
14869
15235
15844
15240
15065
15268
15464
15399
15063
14989
15436
15469
16797
14605
15088
14967
14695
14660
14516
14482
14584
14874
14563
14766
14682
14537
14637
14503
14529
14934
14859
14503
14609
14710
14412
14565
14488
14694
14406
14649
14742
14949
15115
14870
15492
15398
14744
15311
14750
14617
14921
14864
14673
14586
14561
14462
14412
14705
14778
14734
14668
14630
14445
14363
13859
14023
14655
14029
14074
14228
14030
14132
14035
14081
14080
14166
14381
13915
14260
14675
14948
15084
14992
14558
14744
14874
15018
14869
15288
14887
14950
14875
14952
14692
14380
14607
14787
14991
14863
14744
14894
14694
14966
15310
15547
16054
15764
15594
15679
16086
16940
15920
15601
15845
15432
15417
15446
15526
15714
15349
15812
15742
15661
16175
15920
16066
16266
16031
16127
15750
16674
15611
15572
15559
15646
15739
15612
15344
15057
15246
15254
17332
18589
17961
17922
17964
18021
18373
17712
17508
17501
17370
17700
17880
17702
17620
18031
17396
18052
18038
18097
17662
16193
15012
14937
14978
14898
14918
15091
15227
15630
15443
15445
15468
15567
15090
15467
15076
15121
15264
15169
14934
15404
15986
15157
15199
15996
16240
15930
15558
16433
16288
16211
15766
16279
15892
15748
15371
15626
15746
15646
16728
15951
15741
16459
16034
16225
15928
15642
15206
15406
16111
15549
15970
16061
16442
16405
16300
16357
16596
17119
16797
16738
16340
16084
15867
15958
16054
15940
16052
15549
16386
16075
16093
16771
16321
16272
15949
16301
16484
16174
17975
16297
16730
16439
16409
16198
16729
16477
17432
16961
16909
16538
16288
16448
16324
16682
16763
16662
16026
16426
16017
16036
18403
20117
20118
20019
20106
20124
19883
19824
18483
15924
16441
15803
16164
15957
16973
16149
16088
16125
16122
16016
16101
16022
15911
15601
15517
15720
15744
15773
15585
16519
15462
15416
15581
15552
17589
15214
15579
15426
15359
15550
15039
15171
15424
15474
15217
15601
15333
15244
15349
15339
15337
15386
15212
15351
15476
15344
15520
15648
15701
15284
15010
15033
15071
15297
15018
15029
15011
14783
14920
14192
14494
14166
14434
14541
14233
14357
14316
14348
14407
14516
14748
15483
15136
15905
15809
15762
18490
16733
15701
17680
16613
15371
16104
16299
16430
17645
16116
16170
15667
15839
15757
14968
14851
15322
14949
14309
14520
14371
14563
14992
15019
14733
15416
15465
15481
15087
15304
15079
15131
15134
14754
14658
14459
14750
14493
14790
14601
14851
14700
14643
14853
14981
14755
15037
15134
15186
15047
15088
15066
14922
15161
15739
15293
15284
15162
15220
15567
15591
15510
16141
15192
15558
14914
15090
15911
15300
15241
15477
15425
15884
15597
15554
15842
15588
15366
15595
15458
15630
15053
15542
15032
15127
15474
15892
17873
19905
22002
23686
23676
26377
25414
19631
29386
25359
20139
33286
24229
19143
24951
20024
15037
22647
17598
14380
18776
14800
14423
14328
14601
14628
14913
15203
15090
15654
15419
15358
15157
15447
15438
15347
15318
14811
14284
14815
14625
14714
14402
14373
14486
14536
14198
14201
14512
13978
13753
13884
13480
13802
14040
13760
13879
13834
13856
13560
13697
13920
13665
13704
13792
13702
13807
13689
13809
13338
13821
13772
13390
13655
18311
22527
15499
13672
13129
13736
13815
13605
13759
13573
13540
13539
13717
13644
13649
13888
13927
13491
13612
13596
13918
13787
14157
14197
14063
14427
14205
14646
14391
14622
15264
15267
14965
15042
14545
14966
14730
14870
14606
15432
15808
14744
14693
15125
14534
14437
14342
14505
14284
14488
14774
14709
14539
14513
14587
14526
14514
14474
14761
14315
14737
14658
14616
14237
14495
14235
14460
14495
14069
13621
13882
13769
13999
13579
13671
14083
13856
13705
14026
13852
13940
13719
13824
13151
13392
13160
13666
13312
13716
13283
13357
12645
13704
13398
13114
13330
13491
13104
12952
13204
13189
13286
13220
13223
13165
13448
13189
12953
13394
13658
13490
13638
13501
13811
13682
13689
13536
13526
13688
13672
13877
13811
13747
13596
13706
13370
13999
13684
13535
13446
13425
13743
13436
13195
13693
13669
13379
13567
13715
13128
13815
13693
14085
13888
13921
13337
13483
13211
13561
13567
13616
13884
13668
14042
13691
13443
14575
13884
13717
13660
13934
14077
14275
14079
14081
14244
14187
13931
14056
14025
14870
13933
14201
14094
15549
15948
16255
16356
15724
15782
16269
16095
15921
16025
15841
16209
16065
16364
15909
15883
15180
13824
14400
13680
13879
13896
13865
14345
14098
13888
13957
14283
14415
15114
14306
14139
14190
14090
13981
14001
13876
14381
13907
13890
13767
14106
14058
14239
14034
13845
14024
14021
14082
14119
14151
14101
13801
13654
13599
14070
14025
14012
14431
14426
14458
14323
14137
13936
14066
14211
14861
15051
15589
15483
15649
15002
15109
15582
15073
15298
15042
14628
15453
15005
14874
14730
15100
15099
14539
14769
15333
15040
15221
14661
15135
14981
15261
14868
15392
15205
15291
15590
15874
15538
15781
16061
15897
16191
15864
16597
15937
15905
15558
16058
17488
15751
15434
15878
16044
16095
16438
15973
16023
16103
15707
15726
16172
16012
15269
15962
15864
15977
16245
15869
15801
16106
15907
16368
16371
16842
16559
16266
16436
16204
16422
16587
16111
15962
16606
16572
17468
18090
17584
17221
17240
17301
17276
16566
16852
16996
17225
16345
16291
16042
15799
15897
16728
15961
16062
16062
16213
16417
16108
15934
15893
16310
15952
16154
15962
16337
16165
16315
16214
17064
16884
16666
16761
16412
16459
16153
15995
16180
16416
16563
16371
16004
16567
16552
16345
16559
16295
16164
16328
16184
15927
16603
16564
18021
16609
16644
17385
16417
16141
16704
16416
16373
16314
16443
16132
24407
25304
16275
16448
15385
15473
15619
15454
15369
15386
15547
15470
15625
15321
15363
15904
16126
16184
15819
15642
16090
16187
15998
15415
15372
15153
15219
15205
15265
15159
15386
15459
15471
15680
15447
15679
15276
15565
15756
16178
16175
16773
17190
16740
17034
17519
16770
16757
16747
16864
16755
17211
17047
16351
16511
16392
16781
16509
16970
17311
17509
17167
17197
17130
16276
15571
15348
15742
15516
15608
15800
15618
15121
15278
15344
15077
15402
15339
15397
15341
15323
15033
14934
15012
14722
15259
15207
14951
14995
15092
14958
15004
15026
15225
15619
15375
15545
15370
16221
15417
15421
15433
15426
15476
15250
15035
15450
15478
15734
15648
16715
15796
15898
15538
15540
15703
15888
16029
16068
15507
15420
15590
15258
15283
15366
15295
15168
14627
15250
14984
15090
15187
14764
15270
15112
15261
15506
15646
15266
15020
15249
14990
14895
15217
14650
15023
15095
15217
15294
15015
15023
14967
14906
14782
15245
15375
15502
15240
15342
14755
15114
15267
15399
15287
15041
14864
14814
14991
15067
15116
14928
14907
14605
15051
15095
15468
15632
16087
15478
15507
15006
15387
15345
15932
15189
15192
14760
14996
14895
15089
15617
15294
15524
15338
15004
14894
15080
14996
15453
15083
15003
15023
14937
15491
15666
14749
22873
23719
15426
15629
15513
15455
15273
15574
15590
15239
15165
15233
15410
15210
15194
15633
15204
15608
15993
15644
15801
15296
15227
15422
15276
15868
15638
15547
15486
15165
15440
15058
15190
15109
15266
15359
15039
15135
15541
14865
15450
15183
15625
15416
15370
15478
15721
15532
15637
15807
15681
15143
15391
15087
15178
15267
15056
15327
15121
15567
16053
15815
37768
27063
15804
15412
15286
15367
15441
15510
15384
15299
15111
15697
15805
15928
15830
15652
15579
15538
15695
15622
15559
15596
15546
15317
15320
15653
16424
16007
16225
16372
16476
16106
16529
16719
16869
16345
15827
16357
16314
16075
15964
15899
16755
17368
16784
16546
16525
16878
16993
17600
17780
18754
18296
18776
18490
18270
17994
18294
18979
18307
18278
17547
18236
18279
18493
19175
18469
19290
18805
19017
19266
19930
19752
19779
19089
19493
19724
19126
19551
19572
19512
19773
19092
19283
19808
19747
19697
19738
19498
20195
20008
19399
20004
20037
19856
19583
19805
19615
18975
19288
19363
19326
19199
20220
18921
18929
19115
19535
19214
19710
19396
19209
18835
19886
19101
19351
19329
19769
19053
19378
19931
19565
19778
20149
20275
19955
19772
19485
19785
20087
19587
19444
18941
18996
19604
19799
19179
19336
19739
19080
19486
19385
19545
19234
18683
18641
18900
18972
19700
18740
18903
18397
18613
18632
18896
19472
19747
20126
20086
20195
20557
19915
19975
20965
20170
19302
19423
18679
18624
18345
18668
18544
18699
18479
18576
18603
18193
18119
17791
17581
19119
22070
22180
21896
22360
21928
21344
21752
22559
22201
21861
22217
24522
26073
26862
26351
25003
22868
22725
22895
22137
24525
22788
22407
22568
22205
22305
18999
17163
17579
17367
17002
17166
17601
17432
17739
17639
17322
17835
17251
17271
17187
17422
17513
17541
17256
17663
22051
31113
24396
21253
20200
16971
17257
17266
17137
17283
20351
21816
21302
23638
22448
22583
23500
26014
25688
22171
22070
19032
19541
18386
20829
18409
17733
20261
21863
21223
25625
24782
24086
25172
25060
21816
21831
21318
19361
19571
19557
17796
16661
16918
17208
16996
16915
17145
16882
17412
16941
16956
17077
16988
16911
16819
16990
17231
17041
17163
17260
17499
16964
16945
16884
16885
16507
16967
16591
17088
16805
17116
16934
17130
17140
16900
16768
16939
16417
16391
16491
16577
16511
16399
16217
16570
17294
16486
16500
16365
16405
15896
16380
16619
16152
16195
16025
16151
15841
15831
16393
16356
16350
16071
16165
16656
16317
16379
16265
16167
16128
16445
16001
16075
16926
16702
17131
17041
16996
16875
17434
17319
17690
18271
20811
22324
23205
23419
21670
19746
19785
19602
19381
19521
19750
19938
20272
20298
20333
19421
20820
25163
25108
24851
24797
25019
25079
20018
19987
20176
19922
20674
20299
19879
19814
19636
19705
20147
19948
20678
20229
19885
20006
19888
19948
19784
20191
20272
19988
19882
19930
19606
19844
19523
20134
20259
20127
20007
20324
20454
20416
20035
20480
20871
20045
20325
20794
19841
20515
20400
20463
20270
20231
20471
20147
20878
19560
20751
19562
19818
19387
19886
19884
19904
19779
19753
19576
19543
20607
20219
20181
20277
19622
20077
19997
19561
20222
19946
20085
19407
19590
19404
19766
19754
20274
20120
20148
19656
20016
20330
20030
20001
20060
20054
19772
20427
20466
19915
20451
20395
20656
20656
20974
21101
21175
20740
20814
21228
20606
20947
21104
21030
21244
21151
20615
19883
20371
20075
19415
19233
19011
19392
17854
17881
18314
18258
17809
17926
17744
17549
17829
17827
17580
17500
17653
18115
17885
17130
17778
17628
17130
17664
17422
17365
17351
17086
17517
17321
17531
17889
17991
17850
17929
18036
18024
17864
17929
17830
17821
17649
17870
17814
17799
17422
17448
18169
17751
17530
17390
17197
17345
17615
16979
16901
17298
17603
17229
17306
16945
17331
17165
17574
17577
17613
17481
17461
17393
17697
17568
17470
17568
17824
17624
17635
17202
17677
17406
17689
17536
17249
18957
17736
18181
17389
17533
17964
17744
17983
18633
17816
17765
17697
17518
18109
18107
18004
17845
17028
16834
16593
17210
16985
16454
16230
16074
15983
16372
16138
16236
15892
15881
15741
15931
15821
15455
15398
15400
22022
24539
16145
16521
16047
15967
16488
16324
16082
15903
16058
15543
15639
15725
15691
15874
15133
14978
14457
14574
15043
14748
14831
14634
14999
14206
14206
14077
14339
14304
14243
14313
15064
14237
14351
14056
14184
14386
15549
15156
14728
14879
14366
14925
15075
14905
15057
15158
14949
15258
15493
15003
15868
15764
15840
15431
15493
15623
15832
15947
15416
15137
15287
15590
15978
15964
15755
15576
15657
15859
15673
17275
16485
19691
16311
16239
16355
16024
16705
16421
16205
16635
16418
16518
16762
16618
16362
16643
16474
16448
16200
16426
16387
16559
16179
15696
16448
15809
15612
16139
16345
17536
16353
16327
16485
15498
16223
15865
16010
15821
16291
16008
15635
15352
15885
15485
15349
15656
15922
15109
15766
15717
16046
16219
16096
16009
16281
16594
16811
16402
16464
17453
16363
16527
16691
16635
17369
20831
20570
16710
16629
16671
16468
16751
16407
16084
16121
15996
16084
16269
15927
15879
16232
16007
15927
16157
16256
16117
16588
16225
16412
16696
16333
16090
15831
15738
15994
15789
15937
15852
15825
15807
16130
15476
15790
16010
17119
18180
18255
14892
15150
15438
15069
15351
15167
15370
15249
15517
15786
15156
15538
16381
15997
15421
15695
15312
15410
15400
15325
15643
15512
15291
15399
16134
15337
15307
15770
15433
15253
15288
15477
15604
15329
15694
15655
15487
15484
15566
15322
15304
15619
15355
15253
15738
15406
15470
15075
15664
15143
15838
15350
15170
15543
15010
15447
15186
15060
15066
15151
15424
15288
15561
15851
15294
15439
15146
15543
15475
15573
15719
16004
15710
15455
15929
15814
16249
15729
16787
15744
16149
16381
15881
16061
16268
15680
15668
15577
15620
16137
15555
15559
15663
16003
15350
15545
15367
15774
15689
15646
15986
15769
15600
15756
15357
15489
15570
15694
15552
15883
15580
15976
15197
15877
15654
15716
15662
15455
15900
15785
15388
15372
15518
16060
15829
16981
17238
16446
16513
16289
16058
15836
15765
16198
15661
16872
15706
17178
20638
20271
20917
19968
20149
19396
20551
19947
16286
15636
16744
16698
16866
17472
17485
16770
17477
17504
17624
17497
15684
16977
17237
17722
16875
17390
17507
17159
17649
17390
17036
17507
16940
17098
16612
16636
16559
16685
16548
16558
16930
16381
16756
16875
16546
16363
16976
16430
17498
16824
16737
16896
17192
16980
16455
16963
16661
16148
17092
16881
17184
17183
17577
17194
17524
17103
17108
17695
17475
17472
17606
17327
17332
17419
17433
17714
17347
17201
17559
17351
17451
17466
17594
17305
18265
17868
17281
17494
17815
17409
17103
17769
18311
17151
17823
17360
17177
17642
16792
17121
17129
17240
17046
17094
16954
16782
17132
16480
16017
16660
17089
16535
17094
16714
16707
16888
16929
16789
16791
17259
16685
16553
16707
16621
16478
16582
15865
16341
17392
16346
16205
16709
15906
16580
17116
16437
16489
16421
16054
16176
16312
16054
15920
16440
15728
16332
15680
15551
15634
15759
15428
15562
16126
15592
16171
16472
17962
17942
18165
17895
18230
18451
18168
18511
18921
18579
18762
18650
18095
18387
16794
16064
15897
15698
16289
16096
15969
16138
15520
15800
16225
16098
15870
15941
15828
16465
16745
16202
16085
16167
16090
15828
16248
15910
15582
15948
16145
16105
16097
15803
16073
16170
15237
16065
15837
15184
15630
15650
17783
18460
19390
19282
19105
19359
18797
16950
15506
15429
15342
17335
18196
17980
17507
16259
15546
15324
15026
15748
15846
15341
15694
15814
17578
15436
15633
15162
15347
15547
15457
15658
15872
16380
16050
15859
16368
16073
16393
15453
16057
15777
15302
15910
15939
15549
15489
16704
16713
16161
15989
15789
15828
15362
15843
15692
16068
15996
16317
16659
16231
16192
16388
16302
16737
19096
17602
15967
16935
16306
16642
16307
16650
16323
15895
16087
16211
16024
15743
16138
16257
15964
15413
15777
15838
16124
16069
15808
15943
15935
16069
16564
16644
17323
17088
16737
17210
17246
16809
17069
17279
17462
17126
17186
17292
17260
16645
17122
16524
17065
16661
16712
16241
16769
16772
16821
16555
16687
16752
16767
16105
16759
17034
16345
16247
16022
15947
16716
16393
16013
15693
16442
16221
16314
16339
16227
16303
16332
16285
16222
16769
17300
17627
17554
16931
16454
16729
16178
15911
16253
15770
16201
16060
16147
15477
16294
17181
17082
16525
16563
16594
16507
16579
16580
16798
16605
16810
16824
16588
17120
17468
16790
16695
17105
16889
18809
16374
16474
16349
16846
16137
16333
16972
16808
16656
16284
16156
16997
16885
16853
16480
16445
16390
16192
16547
16560
16449
16529
16873
16826
16764
16543
17049
17576
16934
16035
15678
15835
15630
15899
16018
15759
16174
15755
15801
16078
16255
15738
16048
16801
16450
15771
16402
16166
15815
15903
16246
16130
15879
15812
15882
16089
15451
15828
16988
19373
19494
20047
18765
15598
16192
15958
15545
15897
15672
16383
15182
15672
15741
15946
15242
15270
16181
16200
16357
16915
15982
16059
16532
16126
16247
16686
16338
16122
16320
16214
16500
16727
16702
16794
16913
16399
17369
17269
18018
17492
18313
17087
17475
17699
17670
17465
17561
17931
17815
17500
18019
17575
17410
18044
17458
17758
17866
17607
17147
17490
23656
25059
19872
17240
17470
17139
17335
17696
17907
17294
17119
17037
16581
16905
17337
16854
17230
16882
18273
16943
16796
16185
17872
17476
17547
17224
17158
17412
17157
17242
17325
17432
17362
17583
17217
17281
17522
17664
17608
17640
17973
18570
18381
18373
17951
17911
18090
17856
18178
18054
17808
18192
18207
17597
18903
18222
18175
18349
17963
18321
18095
18494
18362
18310
18513
18459
18870
18955
18808
18530
20250
17945
17775
17507
17867
17390
17554
17403
17414
17398
18217
18103
18189
18361
18292
18373
17168
17111
17317
17148
17373
17607
17811
17102
17733
17655
17525
17836
18131
18110
17666
17978
18156
18006
18137
18082
18495
17784
17947
17666
17590
16867
17209
17400
16758
16713
17040
16508
16383
17062
16691
16101
16869
17208
16262
16723
16551
16727
16770
16930
16744
16584
16782
16533
16830
17148
16927
17418
17089
16834
16793
16861
16753
16850
17205
17229
17379
17894
18186
17905
17429
17103
17232
16745
17736
16953
17263
17004
19769
20787
20698
20658
21109
20768
20475
20452
18075
16451
16670
16241
16370
16435
16337
16492
16220
16178
16257
15989
16378
16427
16335
16486
16549
16787
16720
16900
16832
16850
16493
16729
16762
16725
16981
17276
17488
17566
17332
17094
18047
17263
17098
16638
17052
17379
16500
16881
16628
16408
16152
16432
16600
16550
16343
16543
16438
16706
16574
16736
16865
16782
17322
16864
16954
16447
17696
16584
16580
16754
16656
16265
16581
16541
16583
16579
16727
16563
16690
16894
17066
16678
16552
17091
17140
17202
17028
17603
17664
17266
17635
17365
16708
17284
17914
18029
18419
17505
17718
17186
17702
17119
17255
17257
17129
18058
17522
17579
17258
17564
17384
17677
18032
18246
18393
18223
18385
18504
19561
19796
18752
18136
17844
18034
18504
18761
18291
17367
17524
17506
17861
17914
18456
17912
17796
17510
18418
17683
17818
17676
17925
17556
17947
17618
17910
17662
18236
17856
17918
18115
18022
17893
17861
17985
17949
18217
17760
18399
18264
18160
18443
18313
18593
18205
18082
18495
18432
18410
18184
17913
17953
18439
18002
17986
17998
18172
17704
17257
17097
17569
16797
17041
17259
16857
16949
17400
17715
17816
18187
18067
17876
17868
17854
17649
17426
17991
17596
18127
17840
17673
17620
17478
17003
16963
16512
16598
16603
16322
16556
16178
16820
16387
16250
16766
16612
16512
16700
16898
16487
16648
17201
16570
16728
16682
16200
16852
17257
16791
16811
16835
17062
17174
16971
16817
16448
17292
17027
16796
16652
16911
19588
20522
20875
21166
17724
16597
16682
16532
16562
16789
16585
16504
16308
15987
15170
15673
16213
16170
16625
254
16548
16197
15731
16434
16085
15759
15616
16000
15826
16025
15777
15819
15604
15755
16036
15328
16032
15771
15607
15374
16118
16800
15826
15340
15535
15155
15693
15260
15190
15208
15672
15663
15096
15306
15461
15391
15551
15533
15678
16202
16768
16984
17330
17027
17206
17522
17485
17408
18052
16776
17180
17699
17286
17066
17467
17467
17649
17380
16871
17247
17101
17308
16839
17163
16900
17348
17249
17229
17036
17353
17617
17554
17912
17524
17799
17715
17737
17692
17327
17429
17437
17441
16707
16836
19995
21250
21292
20747
17707
16731
16945
17027
16681
16983
17263
17046
16624
16907
16762
16731
16613
16690
16786
16795
17157
16960
17178
17242
16914
17309
17482
17425
17543
17329
17164
17400
17145
17661
17539
17239
17034
17231
17854
17869
17338
17426
17809
17866
17684
17769
17465
17661
17764
20785
22500
21789
21616
22286
21333
21777
21261
19082
17484
17890
17858
17752
17750
17836
17707
17902
17585
17974
17996
18050
17971
18112
18602
18563
18368
18167
18620
18213
18584
18117
18268
18073
18348
18137
18394
17964
17914
17981
18181
18319
17827
18511
18250
18745
18716
18855
18640
18710
19209
18432
18446
18624
18079
18229
18132
18964
18140
18592
18606
18538
18504
18743
18164
16939
20851
21412
21791
21567
18308
17490
17607
17580
17571
17413
18042
18986
19130
18791
18891
18629
18421
18316
18892
18773
18369
18715
18741
18570
18525
18433
18338
18647
18447
18592
18176
18524
17772
17704
17307
17399
17199
17472
17101
17323
17284
17550
17324
17590
17201
17401
17259
17629
17440
17179
17710
17133
16710
16879
17301
16878
17398
17372
17045
17350
17305
17521
17872
17484
17430
17911
17879
17978
17703
17954
18049
17803
18245
17821
17836
17915
17811
17700
17948
17729
17695
17867
17736
17693
17861
18340
17967
17939
17988
18566
18540
17699
17887
18009
17602
17995
17879
17360
17889
17666
17245
17110
16665
16832
16627
16917
16367
16099
16605
16364
16086
16437
16238
16499
16474
15933
16441
16413
16338
16118
16146
16617
15832
15938
15851
16150
16347
16203
16224
16403
16574
17641
18368
18271
18352
18457
18140
18094
18695
18404
18230
18276
18433
18444
18200
18483
18297
17524
16697
16669
16457
16950
16821
16566
16576
16380
16123
16374
16452
16430
16214
15402
15189
15456
15556
15417
15280
15111
15525
15372
15161
15265
15198
15053
15075
14994
15548
15482
14706
14891
14792
14673
14320
14675
14061
14403
14423
14609
14206
14407
14187
14443
14204
14545
14535
14463
14808
14721
13825
14427
13951
14173
13851
13957
14357
13930
13975
14447
14013
14015
14010
14014
13949
14026
14262
13992
13994
14246
13976
13928
14283
14185
14405
14173
14124
14277
14368
14037
14262
14369
14228
14590
14634
14431
14164
14719
14438
14200
14306
14544
14190
13968
14618
13974
14426
14497
14165
14527
14404
14406
14327
14342
14527
14815
14851
15518
15703
15715
15983
15218
15476
15236
15458
15638
15453
15014
15540
15668
15529
15919
15708
15951
15515
16809
16455
16169
15849
15871
15810
15963
16273
16180
15796
15563
15453
15720
14994
15653
16021
15793
16219
16395
15962
15954
16001
16185
16134
16376
16163
16177
16185
16434
16191
16147
16634
16128
16054
16302
16055
15933
15631
16080
16196
16110
15805
16262
16260
16067
16055
16241
16736
16583
16720
16919
16707
15850
15826
15805
16102
16886
16372
17075
16097
16169
16063
15867
16210
16657
16006
17131
16529
17861
15786
15641
16123
16137
16306
16670
16488
15980
16304
28285
37450
15813
16259
16472
16265
16632
17693
17668
16889
17337
17012
16955
16844
18808
17753
17080
16667
16706
16687
16690
17384
16977
16556
17047
17384
16971
17284
17083
16933
17258
17210
17175
17468
17637
20907
21009
21147
20925
21292
21350
20366
20699
16652
16935
16882
16896
16572
16915
16571
16465
16674
17222
16984
16838
16851
16748
16488
16598
16391
16862
16685
16658
16971
18129
16410
15989
16546
16625
16813
16941
16459
16610
17004
16798
16726
16275
16841
16471
16034
16411
16502
16109
16280
16451
16069
16392
16352
16645
16546
16917
16805
16575
16632
16848
16901
16991
16967
16959
16948
16138
16665
16612
16715
16966
16724
16487
16480
16588
16681
16465
16379
16715
16695
16835
16486
16654
16871
16616
16676
16740
16530
16435
16125
16756
16705
16334
16930
16043
16431
16611
16444
16129
16777
16958
16803
17351
17228
16909
16882
16473
15999
15880
15977
15700
15466
15513
15710
15995
15577
15449
15796
15882
15808
15545
15884
15394
14978
15937
15590
15518
15559
15629
15398
15409
15295
15184
15823
15372
15655
15497
15151
14729
14791
14699
14730
14570
14936
14638
14648
14729
14547
14857
14706
14636
14870
14814
14763
14644
14587
14734
14440
14677
14578
14604
14353
14669
14749
14597
14883
14418
14939
14270
14326
14286
14248
14482
14085
14393
14349
14418
14472
14365
14461
14638
14409
14511
14542
14316
14090
14129
13803
14127
14045
14350
14203
14081
14114
14192
14290
14461
14011
13973
14091
14164
14139
14309
14477
14610
14527
14550
14430
15211
14176
15107
14456
14593
14283
15199
13960
14209
14071
14517
14506
14444
16812
16767
16300
16287
16154
16260
16170
15932
14394
14147
15437
14320
13876
13805
14086
14000
14250
13989
14123
13879
13992
15143
13933
13993
13819
13894
14088
14147
14636
14210
14266
13873
14173
14255
13894
14359
13902
14045
14102
13921
13911
14165
14104
14298
13755
13886
14063
13932
13580
13830
13573
13639
13972
13760
13629
13517
13768
13941
13918
13985
14231
14189
13975
14058
13855
14231
14379
14018
13987
14207
14304
14171
14095
14217
13886
13747
13842
14242
14319
14203
14563
14435
14271
14637
14841
14551
14492
14753
14717
14144
14544
14536
14544
14684
14606
14396
14274
14532
14605
14659
14387
14480
14873
14223
14719
15783
14024
14801
14879
14821
15129
14699
15040
15104
15028
15033
15008
14700
14689
15076
14652
14761
14634
14790
14669
14713
14935
14705
14827
14881
14941
14957
15201
15195
15334
15305
15346
15336
15165
15159
15613
15170
15183
15344
15163
15103
15608
15203
15763
15394
15116
15422
15199
14926
14936
15129
15050
15056
15456
14959
15387
14925
15160
15935
15809
15844
15974
15517
15631
15835
15849
15716
15906
15456
15878
16084
15608
16114
15677
15801
15549
15495
15885
16881
15661
15638
15880
15565
15740
15366
15915
17964
16179
15239
15743
16134
15930
15707
15863
15321
15630
15682
15886
15544
16008
15877
15550
15887
15851
15866
16095
15482
15692
15964
15804
15968
16318
15767
17206
16032
16130
15889
15693
16233
15774
15936
16159
16054
15545
15576
15808
16129
16429
16015
16627
16895
16743
16750
16900
16789
16273
16863
16400
16934
16614
16885
16815
16688
16618
16968
16860
16890
16879
16844
16477
16966
16558
16679
16361
16686
18104
16549
16698
16659
16276
16853
16706
17087
17146
16761
16945
16853
16826
16877
17078
16440
15922
16123
16155
16177
16196
15989
16167
15977
16417
15909
16149
16139
16232
15849
16077
15896
16291
15897
15662
15756
15807
15770
16069
16274
15986
16094
16166
15845
16461
16020
16337
16445
16129
15926
15820
16107
16330
16042
15753
16250
16503
17129
16973
16034
15942
15169
17202
15781
16170
15205
14683
17103
16536
16047
15582
15058
17316
17055
15787
16054
14703
17040
16148
16145
15682
15236
16330
17049
15271
15937
15858
16256
16782
15646
15917
15671
16573
16995
16032
16126
15780
16846
16599
16065
16004
16063
16976
16612
15509
15990
15658
16396
16273
14504
14350
14478
14160
14324
14386
14649
14436
15876
18577
18664
18747
17735
14970
14607
14667
14703
14743
14590
14869
14852
15047
14843
14678
14883
14596
15230
15154
14368
14848
14853
14707
14981
15086
14689
14712
14896
15200
14678
14563
14964
15112
14828
14962
15149
14917
14918
14440
15143
14815
14457
14806
14725
14470
14748
14936
14700
14863
14913
14650
14996
14837
14572
14711
14837
14950
14957
15277
15432
15318
15047
15374
15102
15422
15799
15562
15504
15350
15535
15844
15227
15738
15260
15451
15544
15727
15466
15739
15372
15586
16072
15864
16116
16168
15823
16156
16437
16115
15737
15719
15718
16086
16294
16286
16497
16127
16775
16457
16293
16637
16469
16423
16326
16460
16486
16005
16659
16504
16712
16834
16487
17003
16421
16819
16384
16596
17099
16429
16850
16382
16272
16637
16274
16608
16641
16684
16145
16217
16627
16280
16140
16465
16446
16308
16087
16704
16701
16509
16602
16640
16278
16688
16625
16908
16667
16527
16562
16635
15640
15731
15837
15565
15681
16397
16208
17495
17138
17468
16820
17281
15390
15107
14930
15674
15168
15035
15229
15155
15265
15165
15219
15756
15935
15730
15773
15793
15507
15650
15567
16121
15395
15843
15417
15483
15985
15511
15033
15265
15371
15106
15220
15491
15228
15314
15380
15085
15153
15499
15391
15351
15524
15258
15806
15557
15024
15276
15423
15363
15470
15374
15129
15250
14777
15106
15359
18872
19518
18601
15441
15661
15208
15635
15474
15387
15460
15360
15412
15600
15507
15176
15344
15009
15303
15304
15219
15446
15402
14996
15541
15238
15319
15532
15627
15455
15425
15292
15283
15310
14947
14982
15160
14984
15221
14923
15278
15403
15257
15386
15151
15221
15414
15633
18825
19347
19457
19549
19257
19520
19497
19673
16433
15068
15711
15249
15164
15272
15539
15482
15167
15223
15387
15298
15147
15312
15112
15575
15246
15248
15922
15053
15207
15391
15849
15378
14966
14909
15384
15148
15213
15406
15481
14459
14566
14322
14477
14668
14386
14635
14499
16169
14955
14569
14574
14931
14936
14789
14864
14744
15089
14451
14534
14889
14801
14535
15086
14756
15071
14692
14910
14801
14744
14496
15226
14448
14956
14392
14541
14960
15233
14583
14770
15234
15084
14720
15298
15099
15032
14881
15047
15016
14882
14896
15106
14767
15118
14988
15105
14685
15187
14735
14986
14808
14726
14710
14515
14682
14657
14335
14831
15048
14885
14760
14577
14765
14291
14115
14183
14182
13468
14225
13801
13370
13841
14102
14386
14380
14015
14171
14322
14160
15089
14710
14776
14707
14595
14620
14880
15041
14677
14741
14393
15044
14991
14414
14440
14367
14722
14785
14766
14772
14530
14891
15279
15153
14837
14735
14529
14429
14910
14533
14064
14648
14399
14473
14250
13875
14277
14018
13751
13753
13898
13807
14067
14229
13674
14018
13782
14101
13959
14058
13925
13952
14163
13865
13839
14082
14322
13997
14324
14793
13909
14596
14860
14713
15276
14645
14584
15042
14929
15067
14879
14824
14803
14446
14799
14961
14908
14804
14776
14483
14862
14718
14560
14989
14840
14652
15036
14780
15158
14761
14500
14537
15132
14512
14880
14815
14755
14527
14941
14710
14704
14777
14550
14582
14461
14598
15466
15293
15430
15348
15200
14892
15151
15140
15274
15380
15219
14998
14935
14918
15136
15042
15197
15765
15558
15749
16114
15862
15626
15744
15887
15663
15611
15829
15855
15833
15956
16179
15528
16022
15601
15739
16038
15714
15547
15884
15550
15930
15715
15713
15941
16288
15836
15863
15832
15755
16533
16535
16288
16632
16507
16526
16571
16296
16331
16406
16273
16657
16679
20875
17372
16899
16640
16686
16629
16783
16656
16569
16893
16886
16750
17022
16632
17161
16540
16566
16642
16854
16996
17080
17092
17097
17322
17242
17173
17259
17335
18058
18139
18620
17931
18490
19148
19291
19886
20148
20288
19886
19596
19878
20045
19770
19473
19656
19575
19809
19855
19588
19940
19732
19654
19671
19723
19895
19602
19805
19211
19884
19562
19116
19548
20163
20047
19966
19826
19929
19837
20144
19992
19833
18855
20365
19747
20057
19536
20010
19322
18475
18359
18856
18453
18495
18926
18973
19094
19241
19525
19536
19394
19739
19495
19591
20647
20462
19793
19716
19443
19632
19237
19531
19372
18853
19423
19350
19248
18943
19103
18860
18980
18807
19324
19150
18942
18996
18975
19896
20588
20664
20497
20220
20290
20426
20589
20701
20619
20664
21263
21815
21178
21629
21586
21319
21686
21601
21409
21595
21260
21394
21285
20777
20578
20547
20406
20364
20415
19455
19944
19835
19760
19422
19835
19395
19746
19688
19182
19613
19621
19772
19473
19464
19728
19234
19468
19370
19547
19391
19499
19009
19556
19671
19088
19397
19772
19595
19726
19887
20040
19496
19379
19666
19967
19882
19801
19739
20027
20040
19654
19663
19573
19441
19367
19904
19427
19746
19574
19856
19651
19973
19646
18933
18926
19164
19036
18543
18191
18208
17790
17857
17720
17736
17580
17738
18157
17658
17817
20878
21517
21606
21554
18945
17534
17740
17683
17672
16949
17117
16781
16991
16544
15319
15431
14945
14815
15429
14722
15404
15048
15080
15101
14808
14939
14517
14026
14917
14470
14478
14302
14449
14730
14216
14234
14240
14268
14210
14275
14308
14291
14187
14038
14057
13942
13979
14295
14067
13779
13708
14037
14244
14328
14665
14996
15002
15095
14694
14969
14934
15008
14729
14932
15234
15018
15362
15939
14739
15017
14890
15050
15037
15232
14966
14919
15054
15002
15072
15374
15303
15151
14776
14920
14448
14702
14767
14813
15087
14583
14971
15158
14999
14814
15085
15054
15157
15238
15009
14997
15146
15207
15204
14905
15015
15344
14941
15061
14847
15329
15433
15131
15218
15473
14952
15072
14923
14708
15082
14792
14884
14844
15060
15100
16083
18891
19516
19293
18309
15423
15510
15559
15169
15665
15125
14909
15631
15386
15143
15236
15582
15380
15128
15575
16008
16613
16450
16302
15351
14761
14657
14327
14142
14327
14359
14609
14514
14648
14185
14421
14215
14305
14063
13947
14077
14127
14308
14141
14227
14267
14022
14091
14233
14255
14549
14572
15004
14579
15011
15054
15362
15748
14422
14891
14819
15158
15051
15243
14998
15401
15340
14451
14799
14400
14511
14445
14465
14419
14498
14746
14753
14869
14856
14895
16423
14792
14862
14941
14888
14745
14612
14769
14124
14134
14458
14480
13975
14710
14667
14747
14517
14930
14364
14699
14742
14578
14613
14429
14507
14379
14576
14801
14472
14514
14724
14443
14182
14344
14316
14475
14540
14465
14636
14588
14662
14536
14275
14259
14387
14394
14292
14450
14249
14382
14414
14482
14687
14273
14476
14492
14684
14497
14630
14583
15006
14628
14646
15809
16129
14527
14505
14647
14274
14362
14581
14342
16585
14455
14195
14594
14460
14576
14607
14480
16043
15851
16212
15782
16223
15875
15595
16334
16506
16609
17877
17748
17474
18051
17808
17293
17036
17480
16805
16668
16966
16577
16612
16344
17751
16213
16584
16354
16905
16964
16578
17312
17052
17444
17985
18013
18100
18017
18411
18401
18647
18419
18619
18840
18813
18618
17761
17805
18222
18472
18812
18457
18076
18160
18184
18215
18314
18817
18783
18065
17832
18063
18346
18231
18269
18250
18695
18440
18145
17719
17901
18580
18406
18195
18343
18487
18170
18465
18609
18706
18362
18891
18905
18574
18476
17998
18042
18093
18363
18185
18359
18590
18411
18309
18636
18546
18430
18705
18947
18498
18832
18931
18786
18283
18868
19289
18946
18830
19001
18742
18819
18493
17673
17973
18566
18454
18537
18194
17835
17740
18035
18154
18274
17750
17235
17611
17342
17798
17158
17254
17025
17097
17332
16533
17328
17366
17668
17628
17878
17628
17277
17980
17318
17751
17094
17342
18021
18334
14285
13923
14354
14209
13788
14078
14291
13972
13838
14166
14143
14124
14265
14171
13956
13989
14420
14241
14028
14174
14200
13893
13819
13774
13514
13498
13938
13841
13808
13906
13943
13666
13738
13699
14243
13637
13759
14100
14152
13811
13978
14068
13933
13917
14065
13914
13933
14085
13963
13866
14012
14054
13852
14210
14197
14001
13979
14032
14237
13920
14249
14357
14188
14118
14192
14126
13746
13859
13865
14063
13800
13891
13918
13419
13338
13861
13842
13779
13790
13487
13523
13773
13784
14346
14417
14157
14031
14058
14203
14157
14289
14256
14418
14554
14423
14480
14925
14590
15054
14461
14693
14641
14708
14577
14604
15484
14945
14992
15210
15007
15208
15203
15263
15218
15833
15790
15615
15454
15718
15454
15502
15839
15646
15954
18366
18136
17591
17576
17429
17845
17951
17563
17665
17858
18306
18004
17979
18227
18110
18188
17989
18304
17762
17676
17991
18033
17643
17624
17205
17687
17882
17738
17891
17879
17595
17593
16388
15756
15397
15383
16115
16068
15900
16288
15973
15760
16088
16157
16058
16611
16188
16202
16412
16302
16126
16008
16262
16036
15836
15654
15407
15405
15198
15104
15402
15519
15321
15393
15752
15050
15490
15842
15321
15102
15276
15633
15616
15594
15480
15352
15370
15307
15266
15408
15187
14841
15339
15204
15038
15323
14814
15002
14906
14638
14880
14776
14641
14610
14735
15048
14878
14974
15072
15096
14740
15198
14861
14985
14825
14906
15384
14990
16650
15046
16528
15194
15339
15196
15112
15297
15035
15336
15415
15360
15711
15967
17675
17906
18054
17968
15485
14607
14617
14882
14891
14664
14838
14637
14778
14632
14596
14834
14450
14620
14492
14748
14458
14368
14531
14527
14293
14384
15398
14199
14178
14333
14228
14514
14079
14038
13880
13808
13812
13654
13784
13937
13822
14090
13658
14073
13497
13703
13879
14051
13598
13850
13846
13550
13555
13560
13527
13280
13375
13696
13707
13431
13952
13667
13488
13638
584
13656
13780
13505
13681
13828
13784
13842
13833
13719
13934
13936
14259
14061
13983
14290
14133
14159
14326
14345
14598
14379
14445
14408
14164
14196
14336
14316
14470
14544
14274
14219
14290
14284
13751
13966
14763
13995
14126
14059
14189
13987
13966
13850
13726
13999
14395
14320
14168
14830
14588
14461
14395
14239
14361
14169
14184
14196
14390
14358
14054
14297
14635
14322
14523
14402
14469
14777
14370
14332
13936
13946
14085
13750
13866
13634
13746
14171
13964
14364
14671
14505
14558
14471
14292
14539
14883
14515
14345
14473
14363
14217
14271
14188
14631
15194
14968
15403
16310
16255
17616
18683
19769
20233
22544
23490
24233
22063
21466
21919
19614
20734
20305
22508
21160
20985
16763
16247
16283
17159
16244
16777
16792
16888
16460
18139
17779
17878
17910
17646
17970
17600
17686
17879
17170
17239
17229
16435
15848
16265
16180
16251
17089
15779
18289
18995
18662
19054
18869
18969
19029
18764
16263
14576
14576
14457
14582
14579
14570
14619
14260
14357
14640
14546
14352
14662
15058
14934
15049
15320
15016
15101
15244
15139
15322
15079
15434
14980
14483
14588
14635
15277
15582
16154
15757
15138
15090
15270
14977
14880
14991
15186
15013
15081
14908
15164
15380
15518
15837
15699
15677
15301
15589
15676
15725
15716
15391
15614
15759
15245
15526
15712
15498
15202
15611
17065
19308
19422
19464
19091
19388
19508
19442
18840
15862
16129
15539
16030
15854
15771
16103
15769
15882
15427
15455
15676
15684
15604
15588
15872
15869
15754
15669
15941
15793
16530
16815
17171
17372
16936
17191
16996
17242
17299
16850
16947
16922
17331
16136
16616
17252
17018
16743
17226
17449
17241
17059
17328
16757
17441
17590
17258
17126
16909
17125
16605
16901
17346
17058
17116
17359
16977
17367
16941
17286
16889
16963
17167
17273
16622
16846
16873
16743
16611
16844
17142
17000
16738
17039
16945
16758
16629
16814
16424
16635
16749
16345
17313
17237
17126
17150
17333
17060
17058
17146
17150
17110
16875
16681
16755
16717
16564
16519
16809
16397
16358
16538
16694
16332
17201
16228
16928
16844
15820
16463
16170
16092
17217
17139
16394
15995
16328
16417
16700
16620
16711
16718
17078
16809
16388
16869
16674
16573
16692
17045
16917
16620
16751
16977
16755
16751
16996
17057
17058
16963
17149
16819
17357
16724
17027
17005
16816
16667
16572
16595
17190
16936
17117
17168
16491
16024
16568
16682
16270
16114
16437
16232
16468
16009
16326
16275
16417
16490
16233
16456
16835
16442
17027
16759
16340
16449
16211
16113
16528
15969
15750
15832
15958
15841
16028
16403
16184
15666
16337
16197
16388
15822
16173
15939
16258
15971
15988
16316
16297
16265
16947
17008
16681
16850
16147
16593
16416
16108
16306
16557
16727
16345
16586
16333
16264
15999
15678
16199
16270
16218
16084
16177
15909
15986
16272
16301
16347
16376
16265
16098
16686
16394
16272
16450
16277
16666
16332
21007
25786
18739
16202
16561
16626
16432
16291
16240
16383
16597
16874
17629
17465
17351
17055
17215
17027
17316
16880
17045
16931
17215
17301
16946
18203
17255
17412
17589
17350
17214
17429
17072
17178
17741
17506
17602
17332
17479
16960
17329
16908
17251
17325
17224
16683
16844
16707
16589
16538
16380
16590
16135
17153
17478
18041
18995
18619
18151
19029
18760
18568
18688
19320
19076
18620
19271
19197
19312
19466
19703
19401
19119
16691
16264
16725
16728
16621
17164
16617
16779
16614
16523
16767
16736
16860
19320
18227
21778
17409
16864
17064
17148
16850
16836
17383
16816
17353
17507
17314
17192
17153
17154
16955
16940
17012
17648
17897
17745
17935
17868
17270
17532
17791
17467
17457
17400
17369
17647
17505
17049
17065
16711
16549
16763
16908
16781
16952
17217
17302
16907
18114
18213
17881
17439
17911
17805
17978
17527
16706
17577
17310
17491
18084
18105
18359
18064
18324
18406
18007
17705
18267
17880
17831
17831
17754
17745
17661
17536
17045
17434
17414
17188
16771
16391
16437
16397
16196
16142
16563
19448
20323
21063
20399
16655
16079
15662
14908
14958
15340
15587
15260
14901
15208
15270
14949
15015
15438
14891
15026
16208
15386
15455
15286
15271
15532
15697
15291
15750
16051
15461
15309
15333
16178
15377
16060
15552
15596
16194
15499
15525
15906
15345
15395
15259
15443
15095
15038
15422
15551
15543
15620
15932
15937
16297
16226
16156
15842
16454
15715
15862
16116
15501
15788
16027
16160
15579
15288
15874
15936
15467
15486
15727
15849
15482
15740
15381
15112
14980
15305
15736
15748
15466
15238
15438
15166
15532
15608
16078
15474
16229
15886
15367
15553
15735
15681
15649
15550
15746
15703
15856
16022
15700
15763
15699
16099
16191
16267
16058
16477
15917
16325
16437
16481
16170
16326
16603
16444
16493
16511
18555
16482
16609
15975
16042
15762
15991
15873
15903
16761
16424
16387
17558
20190
20597
20445
20214
20391
20118
19948
18614
15882
16038
16361
16987
16837
16853
17145
17032
17322
17097
16907
17061
16510
16975
16843
16853
16235
16443
16450
16236
16180
16110
16279
15907
15565
16255
15374
15830
15161
15478
14725
15647
15032
15248
15577
15379
15788
15235
15366
15239
16636
16497
15869
15463
15580
15557
14945
15525
15478
15357
15878
15526
15478
15406
15834
15703
15944
15821
15407
15360
15114
14527
14806
15510
15671
15271
14803
15184
14435
14930
15848
15580
15581
15279
15755
15593
15201
15798
16283
16264
15864
16172
15813
15761
15812
15931
16040
15989
15496
15498
15874
15440
15697
15621
15365
15549
15332
15499
15794
16038
15747
15370
15151
15308
15867
15536
15202
15622
15406
15662
15202
17572
17717
17520
17440
18023
18165
17517
17574
16026
16033
15846
15781
15513
15850
15310
15372
17668
279
17535
17261
17365
17599
17570
18134
17886
16233
15472
15593
15997
16544
17189
19092
20218
20466
20414
20024
18628
16957
17210
16916
16965
17334
17586
16969
17240
17272
15295
15190
15188
15181
15318
15526
15168
15206
15691
15456
15862
15910
16019
15737
15771
15904
15847
15832
16464
16125
16237
16010
15975
16130
15571
16000
15999
16273
16484
16154
16473
16711
16054
16500
16223
16316
16242
16488
16565
16751
16417
16962
16598
16434
16838
17958
18061
18450
17809
18117
17514
18411
20795
20411
20654
20385
20828
20450
19232
19726
19423
19325
19542
19304
17782
16154
16435
16426
16539
16902
16816
15757
16825
16800
17556
16882
16761
16996
17000
16934
17397
18065
18475
17460
17167
17301
17718
17364
18022
18388
17859
17351
17057
17656
17701
17867
17800
18107
17783
17943
17923
18028
17968
18656
18830
18612
18114
18938
18518
18602
18427
18313
18102
18392
18626
18586
18230
18449
18106
17637
18007
18003
17590
17817
17670
17785
17793
18333
18118
20212
18346
17984
17849
17444
17133
17150
17344
17314
17880
17452
17645
17808
19993
21031
21024
20612
17694
17187
16741
16472
16763
16514
16334
16625
16518
16710
16396
16756
16673
16554
16236
16213
16719
16810
16430
16281
16343
16272
16720
16622
16968
16318
16559
16461
16463
16236
16509
16921
16630
16819
16930
17022
16935
17215
17344
17171
16944
16590
17332
17160
17151
16873
16751
16493
16880
17258
17236
17044
17084
17330
16972
21062
21215
16770
16720
16798
16768
16479
16706
16503
16513
16895
16581
16639
16421
16371
16662
16170
16070
15978
15963
15888
16178
16325
15857
16336
16296
16058
16388
15931
16137
16362
16192
15900
15567
15931
15802
16110
15972
15985
16088
15891
15847
15741
16115
15702
15929
15898
15827
15884
16268
16238
16043
16347
16155
16089
16051
16366
16742
16247
16142
16373
16293
16456
16335
17018
16377
16119
16243
15956
16033
16314
16485
16348
16935
16740
16615
16663
16579
16320
17296
16972
16718
17122
16436
16554
16749
16748
17211
17044
17056
16806
16914
17165
16407
16780
16773
16271
16029
16151
16141
15935
16173
16398
16447
16569
16764
16641
16209
18297
16619
16377
16337
16502
16744
20611
16430
15822
15496
15319
15449
15278
15434
15516
15057
15119
15973
15709
15568
15835
16053
15719
15559
15691
15360
15554
15512
15747
15685
15603
15545
15632
15750
15299
15418
15583
15448
15619
15088
15495
15071
15425
15194
15477
15398
15413
15577
14749
15145
15388
15260
15078
15263
15090
15083
15316
15501
15197
15203
15274
15489
15096
15264
15521
15338
14922
15158
16044
15495
17031
15669
15140
15575
15280
15483
15652
15485
15638
15493
15251
15366
15498
15381
15188
15433
15736
15172
15726
15300
15378
15474
15468
15142
15463
15289
15404
15258
15429
14996
15690
15345
15710
15331
15478
15622
15608
15258
15317
15169
15308
15561
15707
15119
15269
14818
15530
15409
15141
15220
15435
15041
15557
15345
15870
14894
15144
15123
15062
14971
15140
14980
15172
14998
14782
14901
14818
14994
14976
14973
15092
14906
15098
15014
15143
15310
15461
15306
19598
15542
15288
15481
15647
15748
15377
15389
15657
15717
15504
15012
15148
15206
15249
15189
14922
15053
15146
14688
14955
15020
15169
14917
15386
15350
15113
14981
15807
16012
15466
15516
15270
15289
15054
15158
14825
14971
15418
15130
15350
15231
15386
15118
15451
15574
15193
15464
15691
15495
17557
15490
15441
15438
15388
15403
15490
15293
15409
15197
15489
15329
15505
15551
15422
15377
15643
15467
15384
15384
15807
15462
15559
15556
15652
15602
15223
15790
15469
15591
15881
15676
15708
15461
15469
15593
15562
16186
15127
14776
14769
14815
14936
14984
14727
14609
14809
14632
14802
14893
14928
15320
14824
14999
14831
15260
15133
15057
15392
15423
15396
15090
15516
15194
15102
15782
15441
15456
15512
15177
15161
15479
15197
15059
14906
15094
15233
15493
15155
15173
15176
15185
14554
14529
14248
14370
14412
14436
13958
14557
14500
14464
14291
14559
14353
14316
14783
14745
14251
14618
14409
14209
14271
14097
14373
14356
14442
14745
14699
14394
14380
14509
14397
14316
14303
14021
14475
14414
14400
14138
14068
13801
14010
14048
14081
14287
14032
14617
14218
14341
14427
14436
14434
14385
14301
14539
14339
14484
13868
14624
14108
14432
14960
14704
14279
14560
14796
14489
14717
14581
14520
14492
14408
14247
14246
14286
14298
14282
14368
14223
14347
14133
14446
14215
14249
14226
14159
14704
14157
14524
14557
14407
14302
14393
14309
14318
14627
14263
14309
14243
14260
14023
14199
14246
14441
14526
13898
14177
14353
14482
14386
14337
14420
14581
14923
14291
14448
14815
14990
14708
14676
14793
14673
14812
14970
14766
14669
14527
14682
14560
14328
14738
14570
14688
14636
14314
14803
14620
14786
14816
14622
14862
15342
15084
14853
15030
19981
19176
19866
19215
19442
19205
19173
19426
18952
19192
19026
19966
19487
19040
19312
19821
15790
15576
15927
15679
15810
15925
15168
15394
15586
15483
15183
15203
15488
15235
15577
15340
15454
16386
15546
15379
15488
15611
15535
15387
15505
15355
15578
15472
15085
15261
15357
15281
15150
15160
15347
15358
15624
15373
15318
15178
15215
15140
15282
15269
14995
15106
15345
15370
15452
15122
15509
15349
15310
15437
15069
15207
15256
15395
15550
15211
15096
15413
15106
15113
15396
15248
15043
15161
15550
15252
14941
15274
15787
15550
16024
16160
15839
16099
16330
16184
15926
15999
16282
16170
16216
16059
16203
16430
16006
16079
16238
16305
16438
16157
16185
16268
16065
16107
15602
15556
16040
15478
16016
15759
15918
15572
15686
15627
15467
15746
15304
15304
15127
15104
15146
15049
14955
15017
14999
14854
14702
14738
14498
14874
15249
14817
15068
14526
14817
14788
14838
14565
14532
14060
14198
13838
14073
13747
13983
13896
14056
13899
14117
14348
14552
14063
14513
14296
14742
14518
14431
14198
14869
14386
14632
14731
14588
14057
14735
14549
14960
14864
14691
14878
14714
14509
14849
15005
15163
14809
14824
14683
14826
14416
14861
14532
14563
14456
14382
14438
14398
14523
14271
14413
14326
14154
14173
14410
13524
13970
13926
13591
13828
13587
13725
13547
13847
13834
14372
14561
14396
14645
14714
14944
15177
15176
15218
15261
15350
15086
15193
15273
15405
15017
14923
14904
15055
15001
15070
15305
14793
14868
14301
14066
13920
14087
14057
13676
13945
13977
13779
13873
14115
14135
13880
13877
14034
13858
13942
13857
14023
13900
13904
14012
14522
14534
14505
14632
14370
14654
14740
14287
14360
14368
14327
14048
14548
14341
14462
14657
14453
14908
14582
14205
14537
14336
14310
14467
14633
14646
14126
14156
14472
14609
14895
14703
14684
14621
14860
14522
14538
14641
14702
14374
14458
14658
14252
14460
13998
14554
15041
14546
14690
14338
14209
14277
14158
14136
14168
14539
14387
14555
14427
14748
14471
14581
14709
14744
14446
15090
14434
14526
14507
14791
14639
14633
14456
14628
14282
14570
14531
14520
14505
14574
14772
14759
14708
14840
14873
14338
15300
14769
14921
15056
14996
14835
15420
14751
15118
14934
14787
14748
14927
15006
14585
14876
14828
14918
14846
14799
14804
15095
15272
14979
15123
15723
16153
16583
16375
16705
16328
15931
16503
15942
16109
15888
15891
16246
16279
16030
16305
16324
16030
16422
16603
16610
15938
16161
16162
16177
16118
16245
15918
16117
15841
15729
15663
16376
16256
16763
16707
16369
16560
16531
16369
16639
16493
16717
16172
16448
16422
16821
16712
16822
16820
17348
17740
17266
17107
17243
16551
17698
17251
17513
17247
17179
17025
16971
17321
17670
17733
17297
17114
17192
16697
16877
17125
16946
17173
17319
17208
17509
17520
17478
17923
18187
17650
17875
17788
17543
17238
17202
17344
17344
17188
17616
17070
17009
16732
16840
16848
17492
17403
17172
16653
16611
16920
17281
17577
17399
17277
17321
17357
17334
16943
16702
16918
17098
17095
16717
17025
16813
16561
16752
16267
16340
17059
17085
16714
16599
16579
16279
16467
16406
16527
16399
15780
16003
16213
16187
16338
16681
16366
16198
15981
16118
16139
16304
16316
16347
16134
16133
16376
16523
16352
16786
16724
16793
16896
16717
16871
16552
16536
16737
16946
17112
17077
16932
16297
16633
16512
15810
16076
16391
15992
15952
16053
16434
15989
15742
16896
16498
16373
15958
16110
16370
16268
16406
16070
16224
16066
16621
15878
16321
16710
16416
16167
16429
15778
16071
16035
15845
15448
15844
15525
15772
15446
15917
15953
16264
15701
16148
16114
16014
15432
16289
16075
16851
16438
17187
16301
17072
16971
16703
16262
16720
16193
15948
16263
15535
15534
16399
15891
16247
16479
15854
16116
16564
16938
16536
16418
16628
16180
16528
16184
16335
16404
15966
15632
15791
16373
15838
16111
15722
15980
15662
16042
15898
16185
15969
16478
16316
16617
16786
15834
16171
16044
16168
16242
16850
16507
16634
16548
16528
16700
16599
16054
16334
16098
16204
15980
16349
16320
16377
18534
20959
20788
20964
20900
20537
20141
20404
19939
16459
16743
17120
16865
16852
17239
16987
16606
16883
16848
17134
16941
17704
17347
17459
17510
16970
16504
16903
16787
16775
16211
16403
16721
16870
17139
17436
17635
18026
17458
17385
16847
17338
17105
18266
17239
17284
17268
17585
17240
17622
17788
17102
17163
17194
17746
17141
17340
17814
18555
18268
18580
18475
19194
19289
18814
18922
18651
18972
19380
18323
18492
18611
17795
17646
18125
18288
18222
17973
17711
17681
18188
16805
16689
16916
16465
16212
17090
17199
17972
17916
17779
18083
17873
17764
18264
20806
20910
20845
20550
20999
20730
21320
21443
21434
21452
20059
20241
19253
18900
18120
18714
18364
17890
17612
17492
17362
17540
17013
17661
17392
17416
17231
17591
17704
17413
16689
17504
17062
17213
17279
16972
16891
16912
17569
17380
17600
17450
16983
17595
17113
17271
17069
16472
16937
17171
16972
17006
16506
16556
16822
16757
16832
16746
17377
17275
17444
17234
17121
17441
17101
17006
17482
17127
17219
17157
17170
17155
16963
17704
17465
17275
16907
17485
17356
16812
17196
17176
17414
17025
17262
17882
17212
18404
17322
17512
17271
17367
17189
16838
16726
16681
16574
16565
16773
16567
16660
17151
16883
16866
17345
17203
17558
17146
17279
17535
17351
17494
17771
17869
17710
18133
18348
17854
17678
18080
18219
18245
18186
18424
18474
18214
18124
18605
18241
17552
18045
21142
21216
21794
21806
18826
17744
18336
17752
18599
17737
17846
17734
18280
18464
18031
18844
18934
17837
17917
17934
18262
18634
18045
18245
18790
18057
18136
18316
17935
18282
17864
17614
17737
17573
17577
18017
17840
18213
17690
17868
18139
18192
18085
17949
17907
17631
17981
17899
18122
17907
17583
17441
17606
17293
17206
17034
16840
17004
16846
17028
17047
16760
17127
16622
16684
16183
16017
16438
16348
16828
16372
16505
16572
16874
16888
16810
17255
16927
17198
17193
17325
16827
17060
17403
17008
17142
17213
17442
17219
17111
17152
17256
16842
16712
16571
16692
16708
16473
16952
16927
16568
16743
17111
17276
17331
17064
16628
16439
16256
16286
16411
16087
15996
15941
15706
15999
15797
16434
16147
15684
15606
15833
15714
15107
14562
15056
14969
14566
15049
14859
15001
14870
14948
14912
14871
15540
15320
15320
15183
15127
15410
14901
14950
15202
14839
14892
15229
14968
14883
15422
15238
14703
15163
14909
15151
14700
15090
14921
15029
15130
15081
14917
13895
15253
14977
15090
15116
15476
15246
15107
15781
15416
15594
15038
19274
19563
14917
15427
15130
15083
15565
15368
15764
15153
15105
15653
14832
15853
15238
14845
15422
15115
15314
14886
14749
14894
14693
14614
14598
14611
14190
14573
14988
14729
15118
14909
14327
14459
14578
14965
14553
14569
14785
14780
15174
15545
15241
15232
15092
15508
14934
14837
14847
14932
15033
14099
14682
14481
14414
14775
14422
14279
14147
14100
14090
13909
14193
13981
14309
14348
14488
14446
14950
14677
14458
14522
14871
14832
14954
14595
15020
14842
15406
16268
15812
15010
15416
15452
15579
16131
16352
16756
16287
15453
14928
14976
15132
16135
16347
15875
15213
15651
15560
15617
15309
16064
16595
16207
16014
16252
15913
15565
16158
16066
16191
16345
16485
16972
17110
17133
16966
17465
16945
17042
17455
16784
17073
16724
16474
17103
17062
15856
16289
16235
16323
16593
16989
16923
16690
16716
17252
16253
16649
17073
16730
16755
16717
16320
17402
16135
16211
16302
16069
16124
16555
17157
16483
16520
16868
16791
16732
16203
15387
15829
15545
15636
15021
15247
15255
15465
15406
15381
15477
14981
15303
15221
15286
15413
15728
15945
15187
15095
19224
19781
19590
18717
18620
18810
18884
18530
15549
14775
14938
14734
14716
14959
14712
14818
14902
15172
15262
15004
15134
15348
15228
15067
15270
15113
15006
15623
15343
15330
15122
15159
15502
15604
15818
15842
15624
15422
15426
15749
15999
36018
28494
15682
15888
15514
15611
15471
15672
15803
16170
15584
15818
15981
15972
15815
15718
15605
15893
15797
16316
16448
16419
16498
16577
16679
16459
16515
16430
16470
16614
16443
16211
16218
16557
16366
16493
16562
16408
16856
16769
16832
15870
16382
16615
16238
16749
16987
16645
16543
16446
16839
15999
16465
16720
16480
16103
16635
16391
16167
15937
16524
16369
16509
16334
16732
16283
16272
16262
16535
15808
15888
15899
16083
16616
18855
19049
19403
19376
19515
19460
19027
19148
16068
15988
15673
15978
15885
16232
16469
16387
16657
16264
16768
16653
16465
16704
16655
15211
15516
15874
15859
15803
15920
15994
16283
15990
16026
15969
15912
16504
16863
16752
17992
17105
15375
15462
15537
15504
18940
18876
19137
19284
18727
18970
18674
19051
16131
15325
15479
15160
15224
15617
15148
15040
14995
14625
14777
14715
14898
14621
14480
14723
14661
14312
14815
14786
14591
14555
14500
14317
14347
14265
14171
14456
14174
14493
14555
14560
14341
14638
14452
14539
14404
14320
14634
14810
14802
14553
14838
14689
14771
14721
14599
14601
14699
14936
14620
14710
14588
14616
14768
15017
14425
14983
14664
14845
14885
14829
15018
15004
15151
14928
14571
14633
14369
14889
14809
14916
14745
14700
14756
14933
14573
14598
14874
14750
15011
15229
14875
14643
14767
15353
15106
14791
15250
14579
14836
14795
14825
14715
14325
14373
14078
14292
14177
13962
14159
13697
14751
15304
15218
15151
14660
14768
14897
14853
14759
14597
14412
14504
14521
14311
14354
14508
14343
14611
14539
14726
14694
14511
14699
14780
14422
14877
14549
14932
14829
14589
14214
14467
14464
14520
14510
14857
14915
14874
15004
15014
14814
14645
14532
15091
14582
14603
14737
14525
14549
14015
14667
14244
14495
14518
14107
14194
14304
14406
14373
14418
14545
14400
14552
14216
14346
14491
14428
14176
14302
14239
14157
15083
15460
15597
15760
15857
15706
15928
15694
15743
15402
15519
15401
15710
15750
15572
15226
15808
15917
15664
15920
15886
15647
15643
15588
14568
14313
14293
14291
14486
14404
14551
14629
14571
14210
15007
14523
14670
14676
14297
14639
14593
14639
14305
14308
14032
14061
13832
14018
13968
14022
14334
14323
14292
14426
14546
16644
16336
16274
16123
16396
16210
16183
16188
16690
16244
16611
16576
16385
16128
16468
16217
14633
14512
14434
14308
14613
14098
14662
13941
14464
14115
14305
13852
13964
13788
14011
13962
14111
13915
13987
13892
14426
14217
15330
14985
14875
14906
15021
14969
15170
15074
15233
14901
13946
14695
15246
15213
15562
15638
15777
15584
15504
15465
15168
15167
15513
15050
15256
15131
15378
14713
14316
13745
14318
14143
13928
14207
13944
13762
13919
13946
14116
14456
13909
13962
14246
14033
14208
13773
13905
13853
13707
13884
13806
13821
14084
13871
13734
14000
13976
14161
13898
14064
13841
13963
13537
13791
14087
13924
13810
13817
14075
13949
14456
14211
13573
14075
14131
13901
14042
13835
13860
13925
13947
13583
13865
14085
13954
13779
13985
13796
13922
14246
13970
14265
14068
13958
13850
13942
13750
13691
14215
14003
13838
13972
14087
14012
13788
14057
13935
13814
13717
14184
14042
13844
13395
13866
14183
13818
13592
13786
13724
13844
13769
14005
13710
14238
13852
13537
13949
13827
13797
13609
13974
13637
13863
13901
13958
13788
13890
14027
13604
13663
13633
13595
13651
13820
14006
13736
13687
13697
13725
13852
13850
13608
13740
13679
13844
13809
13693
13698
13863
14074
13741
14210
14686
14497
14726
14419
14963
14723
14960
14869
15000
15018
15022
14464
15018
15016
14794
14569
14098
14311
14111
14133
14222
14317
14049
13958
14081
14294
14323
14481
14200
14560
14632
14648
14654
14861
14354
14621
14416
14270
14598
14805
14725
14386
14735
14431
15338
15192
15036
15092
15313
15205
15310
15115
15140
15476
15438
15554
15864
15556
15722
15869
16040
15989
15834
16112
15891
15534
15926
16371
16056
15760
15776
16137
15581
15735
15663
15547
15587
15711
15261
15287
15093
15129
15582
15365
15648
15486
15714
15716
15621
15395
15572
15803
15542
15849
15999
15831
15553
15975
15960
15726
15969
15723
16060
15556
15450
15466
15513
15398
15771
15360
15395
15999
15595
15879
15580
15551
730
15871
15588
15797
15379
15250
15377
15517
15511
15250
15303
15679
15395
15497
15379
15551
15847
15577
15495
15572
15123
15831
15874
15759
15675
15763
15770
15815
15730
15534
15859
15703
15976
15666
15284
15451
15571
15150
15193
15497
15449
15741
15421
15572
15770
15750
15521
15163
15364
15648
15658
15473
15418
15457
15126
15239
15473
14779
14729
15060
14804
14581
15204
14579
14945
15007
14687
14832
14461
14609
14815
14691
14403
14551
14623
14740
14658
15010
14684
14906
14906
15319
14574
14853
15168
15293
15449
15360
15915
15490
15945
15701
15569
15758
15711
16006
15342
15545
15642
15750
15748
15586
15908
15729
15737
16197
15689
15895
16270
16151
15798
16195
16129
15691
16311
15835
15802
16228
16282
16240
16313
16336
16351
16318
15991
16052
16272
16241
16365
16996
16324
15941
16153
16076
15871
15463
15624
16245
15734
15548
15814
15907
15790
15481
15861
15853
15770
15803
15737
15778
15760
15585
15438
15038
15442
15479
15074
15395
15574
15243
15632
15607
15147
15496
15306
15198
14713
14807
15039
14848
14966
15061
15040
14847
14837
14827
14855
15109
15468
15273
14785
15020
14959
14813
14776
14959
15124
14866
15139
14860
15026
14443
14276
14504
14237
14303
14375
14648
14358
14517
14660
14573
13970
14042
14123
13922
13945
14306
14085
13937
14482
14093
13815
14293
14038
13958
14403
14466
13918
14023
14135
14197
14320
14004
14117
14125
14127
14053
14385
14397
14335
14397
14480
14295
14114
14644
14388
14277
14459
14344
14507
14679
14751
14351
14502
14483
14469
14656
14852
14538
14444
14517
14428
14385
14608
14405
14995
14978
14615
14816
15016
14749
14610
14636
14510
14717
14492
14415
14508
14293
14590
14445
14481
14278
15693
14722
14368
14540
14565
14509
14661
14831
14653
14665
14710
14310
14723
14883
14508
14855
14520
14633
14452
14714
14605
14458
14419
14506
14468
14388
14350
14617
14583
14365
14874
15187
14908
14771
15007
14934
14875
15219
15095
15213
15054
15269
14809
15121
15173
14924
15056
15062
15593
15444
15830
16309
15890
16025
15652
16188
16178
16251
16129
15739
15746
15779
15708
16369
16216
16112
15857
15422
15242
15275
15338
15383
15725
15555
15519
15289
15833
15399
15870
15610
15788
15781
15748
15882
15531
15582
15795
15787
15818
15765
15588
15816
15698
15820
15580
16092
15469
15398
15728
15673
15452
15418
15642
15428
15746
15943
15637
15617
15727
15862
15882
15529
15596
15642
15484
15731
15536
15941
15891
15620
15481
15715
15788
15819
16000
15686
15691
16023
15844
16468
16513
16570
16329
16179
16071
15929
16025
15962
16331
16196
15928
16128
16213
16201
15929
16444
16309
16563
16052
16240
16221
16066
15930
16334
16043
15939
15825
15873
15753
16005
16370
16450
16495
16219
16272
16082
15894
16118
16258
16041
16163
16124
16518
16175
16586
16316
16154
16641
16539
16212
15984
16590
16165
15830
15508
15947
15807
15419
15790
15511
15744
16016
15954
15674
15774
16156
15501
15948
16194
15685
15658
16248
16016
15951
16028
15800
15518
15532
15430
15221
14995
15059
15149
15366
15454
15290
15000
15652
15069
15275
15080
15050
14794
14999
15323
15396
15532
15385
14854
15276
14880
15486
15476
15633
15370
15460
15541
15172
15194
15487
15409
15077
15026
15292
15268
15042
15013
15118
15044
14820
15003
14725
14872
14732
14907
14684
14392
14788
14815
14484
14544
14390
14933
14527
14568
14540
14883
14522
14950
14886
14800
14456
14772
14657
14424
14361
14487
14354
14251
14330
14513
14228
14400
14513
14644
14909
15046
14909
14573
14837
14415
14575
14767
14745
14035
14283
14339
14066
14174
14015
14270
14233
14129
14011
14353
14173
14357
14382
14349
14171
13899
14357
14280
14099
14190
13898
14237
14277
14482
14128
14223
13973
13697
13882
14300
14255
13775
14165
14157
13888
14004
14372
14356
14136
14156
14189
13929
13887
13789
14195
14013
13867
14248
13859
14309
13960
14078
13906
13997
14182
13764
13948
14098
14040
14171
14003
13844
13820
13742
14059
13709
13891
14005
13926
14372
13912
14093
14175
14279
14254
14090
14358
14445
14505
14370
14387
14734
14664
14453
14423
14727
14696
14346
14346
14309
14410
14516
14384
14681
14501
14256
14469
14201
14348
14808
14751
14842
14649
15202
14949
15071
15571
15041
15055
15202
15063
15270
14884
14784
15112
15170
14979
15286
15509
15469
15117
15432
15179
15314
15417
15132
15111
15294
15277
15347
15327
15213
15223
14777
15102
15055
14948
15071
15571
14934
14670
14725
14930
14809
15005
14892
15052
15058
15308
15299
15439
15100
15207
15668
15502
15044
14821
14732
15132
15452
14983
14885
15045
14899
15049
14783
14977
14655
14702
14896
14885
14977
14814
15154
14874
14987
14905
14923
14707
15168
14642
14764
14873
14752
14989
14904
15081
14939
14883
15060
14888
15221
15230
15131
15136
14604
14884
15626
15524
15304
15687
15384
14755
14937
14939
14683
14573
14625
14927
15055
14694
15290
14593
14577
14624
14624
14143
13924
14121
13973
13850
13825
14024
13817
13988
13759
13725
13653
14015
14121
13839
13666
13743
13817
13373
13952
13688
13514
14281
13932
13768
13557
13627
13814
13583
13811
13790
13609
13513
13650
13765
13611
13736
13709
13843
13792
13931
14082
14067
14044
14138
14112
14674
14823
14480
14463
14351
14505
14603
14514
14185
14419
14106
14259
13785
14243
14273
14551
14365
13786
13951
14433
14170
14195
14264
14347
14023
14502
15033
14767
14681
14844
14565
15037
14658
14999
14605
14667
14676
14672
14231
14633
14802
14712
14288
14857
14543
14152
14152
14562
14477
14681
14235
14575
14613
14565
14455
14890
15006
15049
15040
14743
14265
14373
14314
14327
14366
14766
14373
14594
14603
14062
14143
14597
14606
14349
14361
14490
14327
14328
14336
14554
14259
14200
13687
13993
13968
14214
14156
14035
14099
14311
14132
13864
13991
13969
13676
13914
13906
13851
13901
14177
13898
13851
13647
13921
14016
13963
13981
14048
13973
14310
14290
14388
14045
14493
14422
13887
14557
14177
14061
14175
14156
13636
14038
13986
13962
13843
13509
13670
13665
13545
13929
13687
13504
13768
13846
13708
13587
14087
15093
14652
14738
14774
13630
13814
13703
13362
13733
13506
13475
13503
13776
13333
13751
14172
13534
13996
13844
13665
13963
14121
14171
14107
14320
14210
13961
13747
13726
13437
13502
13823
13808
13826
13695
13738
13891
14089
14217
14382
13966
14295
14285
14163
13846
13839
13762
13616
13555
13840
13525
13987
14233
14451
14265
14375
14664
14268
14506
14534
14773
14574
14710
15134
14562
15047
14707
15007
15298
15229
14850
14841
14454
15058
14745
14775
14507
14668
14739
14503
15082
14723
14695
15050
14633
14746
14710
14906
14824
14995
15570
15222
15123
15295
15350
15325
15381
15357
15321
15269
15467
15225
15503
15464
15636
15188
15503
15319
15345
15584
15678
15341
15493
15219
15165
15251
15274
15103
15173
15512
14874
14766
15145
15371
14891
15284
15322
15976
15337
15549
15178
15193
15703
15730
16097
15622
15364
15902
15605
15809
15934
15508
15873
15851
15560
15893
15312
15453
15907
15887
15873
15961
16067
16254
15957
16022
16639
15514
15312
15089
15410
15055
15520
15198
15357
15479
15656
15756
15886
15610
15679
15585
15722
15349
15804
15574
15659
15791
16898
16602
16022
16189
16941
16677
16042
15756
15670
15455
15511
15735
16000
15374
15493
15596
15161
14841
15245
15475
15051
15143
15235
15208
15228
15318
15440
15106
15810
15716
15329
15542
15562
15764
15409
15578
15499
15260
15355
15503
15238
14895
15108
15054
15418
15546
15254
15397
14934
15341
15384
15082
14953
15426
15003
14899
15338
14856
14892
15210
15887
16102
16342
17780
16858
16532
16149
16257
15955
16093
16071
15822
15841
15884
15901
15914
15800
15774
15795
15690
15549
15301
15046
15554
15588
15687
15315
15586
15849
15901
15634
16247
15996
16255
16378
16316
16116
16003
15987
16492
16182
15745
15690
15404
15261
15135
15455
15231
15059
14858
14932
14655
14937
14750
14751
15100
15123
15028
15320
15255
15388
15213
15187
15267
15364
15027
15325
15094
15015
15253
15360
15153
15059
15139
14985
15291
15069
15258
15321
15390
15330
15571
15689
15804
15722
15381
15798
15547
15684
15771
15848
15724
15841
15719
15782
15608
15814
15641
15898
15668
15404
15272
15605
15543
15694
15587
15568
15557
15353
15652
15591
15421
15411
15461
15103
14953
15162
15090
14824
14837
14842
14494
14683
14806
14612
14789
14591
14716
14634
14605
14297
14107
14150
14248
14312
14079
14028
14104
14017
14290
14440
14151
14511
14453
14607
14413
13824
14060
13843
13827
13582
14048
13922
14127
14060
14038
14052
14208
14158
13775
13672
13785
13782
13735
13828
14105
13511
13560
13482
13774
13680
13672
13884
13740
13919
14501
13640
13413
13717
13828
13378
13634
14102
13598
13653
13560
13098
13165
13024
13561
13424
13270
13351
13344
12801
13207
13120
13022
12986
13048
12836
13049
13029
13148
12812
12760
13037
13039
12713
13060
13351
12995
13175
13013
13273
13286
13381
13397
13299
12847
13425
13326
13660
13569
13481
13073
13013
13380
13208
13281
13307
13353
13358
13294
13337
13466
13423
13361
13114
13115
13515
13340
13533
13372
13833
13731
13414
13420
13955
13826
13523
13484
13697
13432
15553
13615
13233
13346
13568
13587
13585
13618
15053
14328
13666
13597
15798
13445
13668
13412
13396
13305
13514
13424
13341
13395
13527
13704
13359
13395
13734
13640
13474
13976
13792
13601
13815
14266
14384
14424
14374
14315
14168
14195
14490
14275
14343
14337
14152
14554
14573
14415
15061
14394
14841
14541
14283
14156
14451
14198
14109
14203
14232
13722
14422
14365
14016
14089
14355
14275
14278
14484
14386
14305
14488
14409
14524
14209
14597
14423
14387
14038
14337
14333
13828
14569
13943
14027
14286
14054
14400
14209
14174
14554
14467
14415
14902
15088
14501
14490
14929
14633
14712
14543
14592
14516
18620
18479
14398
14135
14093
14316
13961
14136
14136
14113
13761
14075
14152
14266
13979
14343
14080
14318
14271
14697
14451
14373
14408
14832
14518
14412
14722
14630
14624
14770
14217
14485
14548
14386
14286
14018
14121
14217
14257
14225
14379
14276
14154
14210
13928
14171
14524
14649
13907
14103
14595
13930
14055
14333
14120
13792
13734
13984
13353
13550
14219
13775
13298
13820
14184
14268
13817
13960
13981
14236
14636
14138
14178
14297
13991
13759
13915
13754
13783
13640
13484
13550
13416
13337
13545
13270
13346
13392
13421
13403
13552
13862
13859
13822
13577
13749
13586
13370
13372
13559
13474
13374
13478
13358
13425
13544
13570
13464
13478
13699
13670
13568
13602
13775
13478
13181
13872
13659
13360
13654
13646
13339
13588
13821
13441
13732
13528
13269
13693
13814
13527
13650
13758
13773
13995
13843
13516
14105
13934
13424
13804
13958
13361
13716
13447
13501
13910
13747
13491
13524
13525
13529
13951
13579
13328
13771
13930
13583
13716
13923
13471
13754
13715
13431
13341
13593
13489
13598
13866
13147
13603
13662
13613
13542
13496
13280
13826
13598
14153
14089
13877
13718
13518
13709
14058
14035
14052
13812
13732
14013
13589
13731
13489
13627
13563
13384
13832
13575
13297
13284
13238
13511
12991
13211
13699
13039
13023
13712
13453
13269
13243
13537
13409
13643
13342
13279
13824
13635
13640
13471
13540
13553
13585
13357
13465
13190
13413
13509
13757
13428
13036
13314
13302
13253
13254
13106
13512
12966
12876
12902
12876
12639
12797
13241
12836
12680
12966
13049
13211
13575
13186
13090
13346
13041
12731
12681
12667
13080
13257
13244
13221
12982
12923
13403
13164
13235
13332
13322
12993
13319
13315
13054
13083
13342
13215
13384
13312
13174
13384
12853
13468
13426
13016
13371
13634
13048
12909
13117
13779
13366
13330
13397
13332
12902
13101
13624
13165
13222
13362
13124
13233
13415
13052
13702
13138
13458
13638
14056
14135
13463
13230
13636
13422
13319
13321
13612
13450
12900
13556
13721
13380
13397
13733
13673
13625
13431
13624
13939
13544
13791
13720
13517
13462
13632
13468
13611
13897
13813
13900
13880
14509
14236
14183
14400
14388
13906
14240
13656
13599
13831
13795
13566
13768
13697
13807
14284
13645
14123
14029
13831
14228
14055
13765
13837
13958
13876
14037
13642
13630
13874
13632
13656
13646
13798
13387
13713
13824
13546
13679
13770
13691
13574
13581
13469
13497
13465
13472
13838
13499
13862
13365
13761
13471
13581
13593
13490
13378
13427
13431
13574
13927
13398
14016
13875
13379
13466
13720
13634
13509
13457
13593
13640
13697
13462
13487
13333
13559
13255
13736
13380
13733
13736
13345
13689
13571
13399
13490
13552
13640
13294
13343
13198
13408
13488
13225
13491
13299
13307
13304
13117
13258
13149
13539
13239
15971
16402
16711
16317
14176
13541
13662
13442
13647
13724
13449
13776
13450
13444
13558
13437
13539
13550
13416
13365
13035
13102
13414
13540
13392
13266
13479
13098
13284
13349
13071
13237
13434
12987
13360
13171
13670
13562
13183
13436
13549
13677
13254
13725
13660
13677
13570
13701
13429
13547
13814
13700
13692
13954
13212
13456
13256
13297
13415
13463
13147
13572
13335
13096
13315
13190
13262
13097
13396
13035
13337
13253
13273
13256
13381
13552
13531
13628
13477
13664
13883
16429
17634
18129
18008
15757
13867
14099
14129
13918
13852
13708
13711
13553
13686
13924
14169
13957
13638
14704
14308
14086
13612
14068
13676
13802
13944
13712
13640
13758
13865
14133
14366
14509
14429
14311
14579
14688
14379
14303
14467
14371
14359
14403
14719
14094
14292
14361
14144
14141
14258
14354
14010
14499
14478
14307
14249
14747
14392
14001
14423
14452
13404
13989
13845
14125
13831
14202
14118
13690
13708
13702
14136
13555
13726
13809
13650
13187
13163
13512
13394
13379
13534
13492
13646
13504
13412
13773
13741
13560
13657
13806
13854
13612
13474
13185
13136
13317
13348
13755
13446
13350
13714
13642
13588
14119
14166
14162
14151
14188
14394
14188
14082
14141
14179
13932
14201
13921
14176
13592
13833
14213
13856
13961
13873
14041
13920
14260
14134
14040
14362
13809
13812
13563
14107
13737
13697
13536
13834
13657
13804
13978
13556
13647
13436
13492
13662
13530
13723
13499
13821
14430
14579
14770
14372
13997
14186
14124
14485
14413
14023
14121
14280
13857
14204
14327
21601
22455
14133
13868
13570
13670
13714
13909
14104
14171
14218
14545
14324
14213
14670
14855
14676
14644
14908
14181
14537
14531
14378
14426
14607
14649
14730
14420
14399
14734
14584
14639
14719
14107
14499
14682
14287
14699
14509
14782
14440
14566
14765
14454
14581
14296
14487
14211
14253
14439
14198
13985
14196
14261
14153
14066
14319
14590
14240
14045
14537
14523
14358
14422
14545
14264
14307
14397
14262
14049
14601
14468
14842
14465
14568
14396
14367
14724
14420
14454
14829
14289
14413
14517
14046
14124
14196
14431
14125
14689
14390
14808
14585
14795
14920
15007
14823
15249
14949
15021
14956
15215
15095
15096
14840
14857
14762
14603
14619
15161
14915
14751
14548
14653
14361
14744
14844
14577
14642
14704
14345
14194
14134
13964
14185
14679
14262
14570
14328
14481
14422
14144
14298
14647
14389
14692
14590
13887
14295
14612
14541
14246
14481
14689
14189
14433
14300
14109
14430
14475
14306
14375
14315
14683
14718
14766
14262
14592
14926
14699
14900
14540
14636
14564
14710
14380
14583
14573
14612
14232
14332
14170
14706
14466
14781
14802
14560
14729
14736
14563
14330
14666
14913
14661
14432
14908
14565
14171
16335
14574
13909
14203
14323
14236
14370
14246
14473
14124
14019
14184
14026
13880
13559
13720
13860
13768
13644
13700
13891
13908
14047
13640
13625
13830
13831
17994
13946
14137
13818
14127
14165
13932
14387
14291
14437
14416
14473
14303
14762
14763
14644
15096
14876
14554
14635
14470
14654
15335
15393
14708
15027
15133
14592
14722
15019
14550
14487
14101
13893
14128
13955
14613
14428
14887
14026
14271
14603
14285
14657
15073
14778
14596
14899
14285
14271
14195
14379
14581
14445
14475
14510
14597
14511
14411
14379
14554
14612
14519
14486
14485
14306
14526
16719
16804
16771
16747
17446
17123
17268
17333
15361
14854
15066
15246
15375
15526
15316
15413
15136
14786
15249
15462
15521
15007
15226
15070
15001
14871
15200
15196
14969
14772
14721
15213
15107
14966
15100
15072
14885
15405
14691
14918
14791
14814
14972
14886
14913
15641
14903
15105
14637
14948
14379
14580
14554
14675
14631
14536
14749
14492
14536
15005
14889
14902
14971
15190
15205
15013
14883
14617
14859
14245
14126
13942
14060
13749
14224
14373
14226
14134
14021
14147
14227
14164
14143
13974
14165
14396
14351
14060
14104
14046
14016
14220
14093
14204
14194
14340
13872
13738
13580
14036
13952
13922
13931
14154
13444
13484
14589
13799
13888
13793
13876
13785
13679
13732
13881
14002
13987
13662
13144
13568
13516
13595
13372
13221
13291
13550
14296
13710
13658
13562
13596
13733
13542
13641
13546
13535
13761
13710
13745
13552
13341
13797
13507
13543
13463
13516
13412
13640
13142
13279
13314
13446
13342
13826
13468
13581
14006
13966
14171
14361
14526
14478
14056
14092
15207
14151
14486
14008
14253
14538
14140
14516
14493
14103
14038
14505
14229
13869
14257
13932
14259
14018
14408
14164
14702
14542
14350
14700
14627
14421
14572
13991
14269
14580
14370
14223
14759
14731
14706
14649
14626
15023
15072
14832
14931
14951
14662
20227
21135
19545
14978
14519
14811
14671
14496
14587
14466
14437
14574
15976
13653
13944
13719
13858
13876
14019
13582
13810
13740
13664
13585
13864
13694
13937
13855
13997
14143
14013
14115
14021
14285
14312
14109
14305
14265
14437
14457
14328
14085
14245
14204
15088
16608
16673
17331
16936
13906
14122
14927
14060
14046
14621
13944
15138
15083
14319
14785
14332
14486
14306
14128
13908
14190
14007
14174
13941
13846
14398
14294
14103
14013
14007
13866
13936
13812
13719
13590
13585
13840
13559
13645
13833
13920
13803
13495
13441
13462
13677
13393
13798
13635
13501
13635
13385
13808
13787
13647
13690
13739
13799
13917
14252
14407
14088
13845
14230
14075
13888
13703
14024
13967
13925
13956
13849
13623
14172
14282
14029
14480
14559
14874
14337
14008
14305
14267
14540
14857
14726
14307
14722
14676
14773
14816
14703
14851
14918
14370
15166
14828
15709
15582
15304
16029
16293
16270
16627
17366
18097
18578
17021
17874
17793
19513
18940
18717
20759
21265
20043
20119
18969
18881
20132
19938
19346
19885
21201
20059
18694
18381
17135
17055
18339
19029
18412
19012
17848
18625
17109
17706
16651
17681
17099
16312
16427
16079
15590
16580
16872
15847
16194
15769
15310
14841
15350
15552
15918
15389
15644
15767
15197
16215
15686
15424
15941
15757
16087
15972
15906
16030
15674
15666
15669
15573
15636
15605
15833
15685
15665
15657
15428
16508
15708
15500
15818
15668
15824
15684
15243
15765
15994
15506
15299
15350
15208
15537
15502
15592
15300
15742
15777
15698
15320
15546
15397
15442
15208
15467
15513
15224
15472
15244
15318
15043
14914
14946
14822
14913
14804
14912
15349
15196
14839
15039
14936
15435
14797
15229
14993
14816
14821
14757
14888
14579
14346
14811
14608
14357
14507
14451
14405
14413
14438
14543
14447
14295
14522
14467
14421
14255
14369
13910
14143
14119
14096
13944
14348
14249
14195
14493
14041
14088
13978
14345
13648
14260
13931
14573
14063
14138
14112
13986
13867
13796
13643
13764
14511
14023
13742
14065
13815
14173
13633
13943
13994
14270
13822
14260
13924
13679
13801
13866
14011
14037
13910
13915
13815
13966
14542
13914
13766
13947
13772
13920
14310
14229
13756
13941
13769
13570
13337
13389
13834
13748
13679
13769
13741
13493
13624
14087
14262
14282
14403
14344
14664
14293
15102
14829
15400
14833
15248
14826
14984
15112
15119
15091
15535
14719
14996
14977
15047
15431
15414
15342
15147
15782
15945
15996
16073
16273
16593
16989
17285
17758
17544
17378
17927
17136
17127
17312
17836
17362
16962
17296
16817
16594
16713
16640
16857
16500
16325
16808
17098
17638
17224
17099
17361
17488
17530
17385
17263
17450
17124
17387
17356
17064
17101
17018
17034
17301
16934
16939
17092
16760
16821
16972
16803
17063
17222
17284
17305
17302
17190
17385
17492
17830
17497
17135
17044
17376
16939
16849
16450
16487
16473
16954
17214
17280
16979
17241
17351
17171
16890
17108
16985
16824
17121
17222
17025
17702
17011
17468
17427
17344
17529
17850
17178
17163
16679
16391
16919
16614
16906
16511
17010
16574
16542
16584
16432
17865
17086
16538
16289
16446
16249
15592
14964
15164
15001
15684
15158
14964
14982
15082
14902
16168
16148
16225
16188
16121
14305
14077
14143
14472
14274
14141
14581
14021
14990
14330
14457
14389
13966
14649
14214
14236
14107
14398
14159
14214
14249
14417
14466
14203
14409
14418
14224
14879
14025
14411
14584
14265
14132
14214
14182
14372
14273
13628
13666
13845
13695
14377
14394
13744
13652
13719
13630
13705
13833
13471
13879
13970
14675
13939
13746
13818
13881
13758
13950
13660
13439
13588
13986
13788
13944
14314
14168
13692
14231
13959
14143
14010
13714
13774
13744
13778
13635
13901
13481
13629
13443
13837
13301
13520
13324
13464
13561
13649
13244
13814
13691
13698
13888
13604
13931
13553
13798
13933
13960
14182
14293
14277
14326
14118
14452
14326
14381
14273
14262
13947
14648
14343
14474
14355
14116
14304
14434
15182
14919
14765
15098
14686
15322
14976
14839
14828
14923
15031
14828
14732
15231
15127
15293
14983
14996
15198
15246
15256
14999
15081
15292
15200
14870
14954
14461
14752
15043
15374
14915
15071
16434
15358
15054
15265
15369
14790
15074
15210
15297
15137
15512
15827
15101
15207
14826
15023
14818
15490
15116
15284
15130
15518
15857
15715
15495
15518
15604
16050
15593
15821
16155
16194
17125
15430
15359
15881
15345
15052
15951
15600
15494
15764
15623
19397
19626
15659
15533
15686
15238
15383
15640
15632
16783
15804
15693
15931
15537
16197
15976
15650
15769
15966
16023
16134
15889
15718
15820
15027
15258
14487
14752
15692
14729
15419
14559
14575
15750
16907
15922
15880
15972
16637
15819
15669
16405
16100
16412
16274
16329
15976
15961
16495
15963
15867
19901
19638
18345
18333
14500
14628
14500
15357
15026
15446
15955
14649
14614
14692
16192
15161
15222
15885
15312
15082
15352
15311
14860
15604
15304
14823
14883
15405
15225
14850
14886
14717
14901
14725
14606
14367
14464
14325
14381
14519
14749
14878
15439
14538
14578
14506
14523
14708
14483
14899
14721
14657
14497
14630
14162
14425
14713
14301
14676
14550
14099
14260
14399
14547
14327
14171
14667
14385
14165
14411
14638
14720
14500
14755
14622
14363
14290
14369
14377
14240
14541
14406
14356
14696
14725
14374
14100
13677
14190
14272
14632
14367
14581
14380
14205
14234
14245
13997
14208
14253
14132
14777
14410
3300
14604
14195
14532
14523
14554
14449
14781
15018
15262
15318
15677
15681
15334
15550
16131
15731
16156
15879
15615
15933
15509
15607
15814
15825
15707
15550
15410
15364
14996
15256
15466
15568
15667
15538
15250
15494
15731
16131
16142
16035
15646
15882
15639
15765
15675
15653
15678
15618
15654
15679
15643
15660
15201
15376
15549
15106
15620
15557
15312
15406
15567
15597
15801
16290
16186
15733
16281
16184
16290
15947
16045
16178
15825
15767
16130
15891
16684
15845
15489
16392
15855
15593
15543
15819
16205
15942
16170
16427
16695
16498
16804
16865
16665
16786
16839
16973
17118
17080
17098
17019
17171
17094
17245
17295
17275
17172
17285
17326
16990
17328
17328
17226
17127
16974
17183
16974
16791
17485
17329
17218
17330
17840
17677
17938
17707
17211
17359
16936
17460
16534
16603
16805
16416
16788
16835
16326
16324
16417
16286
15497
15620
15580
15514
15876
15689
17615
15822
15346
15343
15551
15462
15671
15733
15319
15700
15557
15477
16406
15441
15498
15551
15273
15564
15130
15358
15520
15760
15560
15407
15252
15297
15398
15586
15490
15450
15900
16008
15517
15896
15902
15987
15780
15621
15725
15760
15701
15691
15396
15566
16404
18786
18954
19454
19219
15309
15541
15253
15200
15340
15522
15444
15971
15608
15583
15622
15470
15778
14757
14782
14760
14718
14943
14335
14688
14234
14326
14477
14195
14256
14165
14134
13847
13811
13797
13910
14177
13992
13836
13917
13935
13900
13708
13955
13472
13907
13603
13936
13449
13540
13920
13882
14226
13688
13649
13489
14000
13929
13756
14049
13830
13797
13975
13689
13779
14092
13703
13871
13997
13896
14152
14582
14292
14388
14044
14479
14289
14629
14568
14676
14716
14869
15040
14808
14819
14782
14700
15464
14768
14965
15132
15486
15037
15136
15179
15426
15789
15148
15234
15339
15166
15215
15711
15477
15211
15313
15055
14993
14981
15174
15571
14993
15062
15111
15294
15598
15476
15638
15606
15555
15630
15614
15270
15234
15259
15616
15793
15828
15699
15542
16083
15976
16242
19898
19784
15479
15141
15250
15603
15152
15859
14800
15300
15011
15241
15157
15499
15026
15499
15260
15710
15445
15395
15679
16032
16103
16183
16317
17066
16355
16951
16757
16691
16509
16516
16982
16496
17396
17038
16813
17163
16923
16812
16478
16562
16395
17270
23639
25161
16340
16249
16484
16106
16154
16322
16127
16254
16432
16257
15894
16411
16452
16287
16319
16806
16612
16488
16729
16817
16932
16616
16591
16733
16481
16668
16456
16636
16463
16440
16621
16629
16643
16498
16381
16431
16685
16406
17001
17876
17901
18418
17883
18507
18161
18537
18401
18196
18333
18269
18918
18210
18357
18411
18533
18651
19072
18773
18907
18612
17758
17410
17829
17744
17863
18258
18140
17336
17115
17049
17173
17523
17103
17687
17344
17537
17661
17623
17656
17713
17559
17625
17339
16803
16621
17188
16869
17239
16855
16919
17148
18088
17857
18162
17717
16645
16492
16574
16731
17051
16428
17209
17332
17632
15581
15739
15179
16007
15860
15977
16272
15850
16215
15916
15868
16100
16082
16070
16428
16575
16581
16353
16208
16195
16250
15916
16395
16147
15947
15489
15657
15256
15409
14815
15384
16177
15966
15103
15130
15004
15079
15555
15271
15623
15170
15561
15777
16700
15744
15308
15615
15644
15139
15026
15520
14823
15023
14897
14666
14679
15015
14781
16765
14741
15058
14563
14704
15437
14908
15356
15024
15117
14863
14821
15018
15141
14932
14778
14826
14986
14683
14688
14892
14655
14642
14368
14880
14497
14873
15135
14361
23143
21422
15035
14812
14942
14570
14499
14386
14518
15135
14581
14889
15420
14574
15050
14889
14916
14682
14975
14839
14995
14518
15163
15733
16097
16728
15551
14739
14562
14336
14531
14608
14511
14466
14924
14531
14405
14498
15520
14829
14481
14674
14590
14585
14670
14550
14861
14730
14553
14513
14707
14729
15375
15075
14778
14600
15132
15829
14765
14712
14863
15165
18790
14637
15077
15026
14780
14745
14621
15055
15485
14976
14786
15132
14916
15161
15071
14793
14836
14937
15466
16204
15124
17230
15899
16612
16839
16458
15935
15589
16018
16976
16370
16231
15943
15959
15704
15670
15875
16227
16277
15910
15355
16161
16396
15999
15224
15574
15437
15205
15426
15903
15604
15756
15692
16087
16896
16944
15679
15764
15255
15644
15566
15586
15626
15895
15364
15522
15594
15285
15680
17490
14987
14661
14850
15128
14518
15259
15155
15823
15568
15765
16685
17082
16157
16103
15647
15653
15932
15753
15563
15578
15673
15297
16261
19201
18734
19098
18084
16216
14267
14414
14574
14626
14623
14652
15584
15137
14549
14571
15029
15407
14897
15098
15021
14842
14939
14782
15741
15923
14816
14986
15229
15072
15311
15363
15505
15295
15394
15414
15143
15305
16090
16085
15461
15141
15412
14942
15365
15365
15320
15748
15425
15353
15093
14794
15800
15077
15329
15218
15060
14598
15122
15100
14714
14987
15043
15078
14880
14831
14639
14552
15182
15236
14918
14967
15196
15362
15119
15466
15603
15438
15263
14982
15302
14987
15089
15067
14771
15210
14846
14901
15009
14689
14845
14619
14879
15339
14916
15004
14835
14523
14918
14649
14958
14778
14026
14360
14381
14526
14360
14514
14683
14638
14355
14485
14453
14349
14515
14437
14344
14437
14363
15122
14508
14366
14070
14105
14319
14351
14339
33664
53843
56965
60415
61963
59532
63269
81905
60548
79132
122042
139776
132908
124486
103074
103641
131317
106369
108738
148756
174758
136259
127566
122018
104897
99864
105469
100175
101114
102233
111912
102298
95605
116615
137576
138132
138727
141430
149703
144712
139720
139009
146621
136320
142594
150726
142631
150124
142329
143980
153516
183853
192659
208306
209456
156193
134618
129461
95663
88309
101837
97556
95126
99856
99303
94361
97304
101401
102545
104851
100536
93188
59204
61977
57920
58062
61321
61020
61717
56178
56650
56390
58989
55037
57481
53352
16901
16859
16919
17081
16556
21826
58643
54247
58521
60248
55125
55042
58230
55152
55274
55810
58648
56958
58633
19502
18006
17824
17439
17328
17525
17233
17219
17436
17285
17354
17259
17184
17032
17396
17348
17112
17298
17179
17392
17451
17393
17507
17272
17372
17235
17136
17603
16932
16996
17681
17021
16727
16911
16660
16955
16888
16161
15939
16346
15948
15987
16319
15821
16303
16889
16034
16269
16214
15904
15692
15835
15685
15883
15867
15745
15539
15368
15686
15160
15450
15558
15056
15401
15163
15394
15713
15509
15472
15572
15769
15460
15539
15935
16031
15941
17004
15293
15061
15945
15087
15512
15326
15702
15123
15137
15122
15970
14805
15172
15290
15180
15247
15164
15186
15644
15429
15212
14892
15191
15037
14790
15361
15303
15065
15138
15258
15002
15305
15129
25521
25706
24778
24501
24346
24795
25352
26090
24176
24262
24216
24535
24521
24675
24794
24902
24882
25438
26266
26442
25758
25128
24896
25117
25324
26726
27074
25986
29428
29544
29348
40568
67060
68520
69095
68572
64492
65361
68938
66276
65576
64958
69230
64800
70283
72506
65506
66930
68975
68787
66650
64393
56213
54057
54299
58447
60052
53899
53313
53689
53348
53937
54601
56194
54154
53334
52746
53651
52994
53215
53177
53588
56195
55051
54061
52605
52730
52942
52177
53130
53429
85164
92926
96435
95750
97179
63173
62569
58035
56377
56043
56369
55789
57265
60560
58608
56831
56244
55461
56198
58664
56796
56042
56657
59628
57530
56319
56290
56195
57015
60472
56593
60383
57528
55884
55842
55803
55778
56254
56428
56322
56912
56958
56205
56400
56607
55937
55683
55725
55850
56606
59709
34904
15510
15696
15703
15559
15854
15667
15784
15926
15927
15753
15932
16023
15523
15835
15414
15350
15470
16207
15893
16001
15865
15832
15736
15726
15703
15243
15774
15010
15097
14746
15079
15145
15120
15402
15043
14888
14962
15038
15273
15389
15358
17309
15241
14725
15459
15485
15473
15713
15015
15385
15967
16018
15828
16142
16077
16054
16029
15982
16206
16356
16200
16090
15928
15914
15917
16102
16471
16088
16558
15956
16479
16261
16040
16124
16266
16171
16342
16036
16941
16354
15680
15624
15798
16573
15986
16109
16040
16136
16217
16077
16568
16258
16122
16447
16458
16560
16620
16972
16917
18111
16620
16695
16350
16504
16824
16944
16386
16545
16922
16484
16316
17195
16543
16431
16422
16930
16710
16658
16630
16379
16532
16612
18374
16849
16430
16628
16606
16455
17956
16511
16535
16502
16421
16331
16596
16162
16318
16063
16485
16411
16082
15952
16191
16268
16411
16048
16056
16214
16120
15863
16037
16203
15926
16288
16368
15906
16128
16221
16188
16344
16378
16584
15995
16010
16456
16294
15982
15900
15914
15446
15795
15797
15478
15481
16021
15962
16107
15762
16101
16181
15633
15793
15804
15867
16016
16094
16499
15699
15317
15641
15602
15808
15669
15912
16052
15584
16194
15407
15357
15407
15170
15427
15300
15472
16858
16167
16141
15739
15080
15461
15646
15155
15288
15601
15598
15303
15408
15587
15493
15587
15318
16261
15761
15288
15552
15338
15451
15514
15651
15948
15775
15818
15464
15490
15370
15625
15327
15587
15544
16129
15816
15933
15549
15953
15786
15729
15466
15550
15929
15600
16062
15392
15721
14879
15732
15909
15682
15552
15457
15550
15171
15439
15129
15342
14901
15136
15072
14885
15101
15217
15042
15070
15195
15297
14787
16162
15241
15448
15011
15715
14729
14375
14790
14590
14112
14708
14395
14489
14244
14432
14450
14469
14198
14541
14701
14529
14782
14414
14395
14050
14150
14404
14081
14496
14431
14316
13947
14434
14011
14089
14224
13721
14205
14295
14086
14243
14222
14811
14526
14404
14139
14400
14364
14297
14381
14376
14378
14550
14538
14509
14426
14574
15014
14855
14891
14828
15009
15193
15351
15584
15436
15297
15422
15437
15461
15420
15606
15820
16079
15722
16441
16044
15997
16228
15617
15740
16174
15979
15755
15677
16478
17595
16746
16760
16633
16767
16772
16667
16437
16464
16884
16765
16682
17254
16609
16588
16822
16519
16936
16544
16619
16838
16653
16961
16945
16924
16740
16565
16470
16423
16501
16558
16636
16435
16395
16625
16398
16828
16691
16807
16332
16756
17177
17410
17053
17472
17636
17557
17551
21602
27010
27189
26804
25150
25242
25856
25653
25615
25259
24994
25019
26350
25327
25273
26515
26554
26461
27209
26588
27008
26641
27163
26596
27062
26464
27028
26822
26974
27278
26881
25407
25598
26543
25599
24344
24283
24126
24481
24337
24040
24120
24579
24203
24936
24970
25153
24921
24375
25276
25619
24255
17579
17441
17316
17402
17317
17006
17317
17450
15771
15545
15769
16181
16925
16577
15720
15903
15871
15254
15196
15069
15578
15029
14849
15131
15011
15505
14862
16070
14840
15516
15434
15546
15300
15170
15367
15211
15576
15637
15772
15838
15993
15855
15898
16509
15412
15507
15452
15455
15380
15844
15855
15612
15427
15464
15907
15826
15557
15656
15621
15709
15855
15980
15786
15806
15570
15810
15277
15783
16131
16521
16156
16611
16315
16462
16993
16395
15998
16430
16990
16419
16398
16213
16566
16433
16652
16504
16452
16504
20852
20698
16065
16585
16787
16364
16748
16725
16423
16539
16200
16487
16585
16033
16384
16347
16334
18963
18567
17005
15969
16367
16235
16399
16433
16214
16271
16082
20568
34689
35105
35240
19079
15472
15251
15173
15271
15155
15184
15294
15524
15323
15065
15118
15077
15202
14965
15176
15236
15409
15442
15716
15635
15697
15505
15249
15875
15410
15330
15417
15088
15016
12667
15114
14857
15207
14929
15095
14640
14757
15339
15125
14904
15114
15256
14911
15126
15649
15159
15431
15012
15539
15101
15290
15454
15297
15323
15232
15511
15796
15250
15211
15255
15313
15557
15283
15289
15511
15457
15748
15802
16268
16096
15438
15608
15805
15552
15597
15666
15572
15677
15807
16010
15848
15643
15995
16893
17242
16857
16718
16487
16498
16502
16429
16170
16417
16298
17523
16913
16760
17096
17156
16513
16656
16754
16588
16647
16526
16467
16362
16504
15738
15587
15833
15655
15464
15599
15695
14779
14748
14518
14412
14689
14805
14737
14580
14421
14736
15213
14663
14441
14577
14628
14671
15079
14886
14884
14774
14993
14687
14951
15021
14521
15054
15115
14829
14779
14768
14702
14769
15004
15500
15011
15319
15387
14966
14918
14259
14786
15207
15056
16100
15382
15122
14894
14556
14783
14827
14642
14448
14621
14016
14019
14411
14339
14283
13996
14253
14151
14120
14069
14442
14321
14780
14406
14029
14229
13934
14427
14149
13812
14120
13838
14107
14012
13939
13939
13879
14468
14206
14061
14135
14066
14093
14286
14163
13889
14086
14265
14299
14132
14498
14073
14039
14407
14360
14051
14516
14629
14702
14194
14457
14540
14195
14667
14134
14457
14304
14131
14210
14508
14439
15246
15409
14451
15452
15588
14869
14505
14972
14707
14669
14512
15602
14599
14946
14874
14819
14733
15033
14930
15066
15528
15183
15306
15160
15405
15351
15456
15786
15724
15768
15701
15744
14593
14487
14704
15274
14777
14703
16072
15376
15376
15449
15245
15692
15853
15174
15294
15506
15506
15376
15324
15388
15328
15242
15002
15086
17211
17173
16651
17336
17355
17307
17299
17514
16551
15295
15145
15490
15111
15556
15500
15662
16109
17614
17242
17218
17405
17920
16918
17055
17281
15347
15206
14972
15217
15249
15164
15289
15203
15009
15256
15141
15179
14930
15306
14767
15420
15305
15219
15538
15321
15191
15677
15797
19705
19760
19779
19821
15771
16113
15507
15414
15524
15758
15213
15403
15400
15617
15393
15716
15537
15409
16353
15510
15428
15444
15678
16347
15272
15459
15335
15035
15274
15469
15387
15467
15273
15319
15741
15308
15961
15412
15099
15164
14901
14986
15076
14956
14985
15415
15348
15186
14363
14588
14766
15061
14592
15979
15282
15364
15451
15377
15147
14899
15141
14885
14943
14956
14709
14658
14474
14529
14703
14668
14665
14702
15639
14525
14831
14778
14717
14640
14750
14669
14360
14544
14474
14600
14676
14649
14614
14694
14423
14621
14338
14809
14846
14881
14572
14842
14836
14898
15014
15031
14929
17146
17493
14762
14697
14521
15581
14663
14444
15464
14582
14647
15177
14584
14696
14746
15074
14884
14874
14764
14648
14680
14565
14756
14971
15300
14583
14879
14629
15656
15403
14860
14788
15051
15239
15079
14949
15472
15158
14995
15104
16054
15095
14979
14402
14560
14503
14732
14553
14445
14244
14270
14280
14362
14112
14762
14359
14167
14237
14588
13881
14287
14442
14272
14449
14112
14772
14386
14053
14737
14827
14377
14106
15587
14476
14811
14363
14274
14375
14397
14336
14500
14203
14551
14292
14463
14350
14564
14179
14080
14206
14419
14114
14467
14290
14300
14127
13943
14426
14133
14081
14214
14465
14055
14453
14279
13971
14172
14185
14529
14470
14664
14304
14197
14186
14255
14140
14323
14085
15223
13890
14282
14368
14005
13977
13781
14485
14357
14073
14289
14259
14771
14552
14353
14274
14459
14263
14428
14377
14284
14439
14086
14282
14374
14118
14325
14448
14129
14155
14047
14149
14213
14422
14047
14345
14376
14069
14599
14419
14442
13853
14572
14955
14946
15048
15050
15075
15545
15110
15200
15503
15350
15276
15613
15318
15294
15660
15829
15337
15266
15564
15365
15802
16547
15494
17040
15918
15795
15829
15615
15670
15875
15733
15622
15556
15520
15711
15328
15453
16004
15538
15162
15473
15537
15403
16124
15602
15356
15975
15228
15501
15014
15400
16151
16025
16515
16626
16217
16303
16077
16639
16325
17703
16687
15991
16053
16300
16144
16316
16519
16424
16355
15620
15890
15864
15666
16308
15626
16125
16147
15837
16376
16217
16419
16609
16583
16866
16822
16901
16569
16891
16663
16540
17110
16903
18027
16679
16454
16413
16049
15758
16336
17090
16199
16261
16295
16272
16235
16548
16704
16592
16722
16813
16922
16812
16665
16856
16485
16918
16483
16280
15689
15672
15402
15610
15401
15507
15250
15461
15131
15379
15436
15452
15215
15299
15488
15101
15264
15181
15024
15318
15382
15514
15532
15146
15216
15156
15075
15032
15195
15111
15021
14863
15104
15383
15784
15180
15171
15528
15361
15400
15392
15833
15646
15897
15357
15488
15507
15274
15235
15312
15717
15114
15268
15324
15252
15522
15529
14867
14768
14669
14691
14669
14496
14539
14311
14268
14481
14152
14523
14274
14159
14306
14564
14399
14330
14268
14355
14074
14479
14311
14465
14129
14300
14772
14339
14148
14329
14297
14007
13928
14439
13764
13838
13632
14409
14525
14011
13929
13781
13854
15233
13987
13986
13940
13698
13292
13970
13975
13888
15870
13970
22893
21486
14453
14215
14075
14276
14077
14125
14019
14275
14017
14200
14683
14399
14604
14249
14764
14360
14437
14503
14537
14746
14443
14862
14435
14474
14211
14391
14403
13992
14520
14537
14584
14260
14441
14317
14274
14420
14415
14475
14494
14530
14472
14422
14188
14382
13905
14040
14381
14252
14749
14324
14284
14381
14322
14756
14586
14358
14338
14176
14052
13960
14207
14357
14322
15056
14085
14453
18283
18553
14288
14257
14377
14477
13927
14210
14714
14304
14184
14597
14501
13861
13719
13821
13955
14689
14181
14007
14253
14037
13906
14121
14201
14107
14776
13885
14131
14141
14103
13959
13979
13902
13692
14226
14090
942
14296
13954
14366
14037
14001
14027
14861
14274
13717
13793
13914
13894
13794
14032
14108
14129
14107
13925
14281
13840
14381
14053
14099
13849
14147
13859
13939
13886
13813
13649
13892
14105
13748
13616
14089
13678
13600
13901
14326
13994
13941
14340
13700
14011
14111
14060
14145
14264
14427
14263
13996
14610
14565
14300
14275
14367
14309
14170
14414
14449
14201
14382
14167
13887
13953
14270
14644
13977
14397
14353
14522
14344
14337
14169
13898
14524
14211
13550
13588
13823
13856
14005
14162
14097
13768
14115
14597
14523
14367
13867
14217
13839
13828
13871
13662
14106
13836
14047
13731
13789
13746
13856
14018
13788
13880
14171
13690
13853
13952
13763
13958
13837
14222
13960
13859
13895
13548
13861
13794
13461
13573
13688
14232
13932
14142
13787
14095
14083
14185
13975
13743
14045
13855
14097
13522
13836
13710
14223
13704
14017
14118
13702
13896
13875
13783
14095
13770
14661
14276
13997
13940
14075
14099
14074
13614
13817
14468
13762
13974
14690
13803
14266
13930
14094
13797
13848
13882
13826
14285
14082
14228
14225
14184
14235
14325
14338
14268
14127
14572
14075
14181
14362
14160
14152
14201
14403
14283
14464
14340
14391
14652
14044
14098
14223
14504
14709
14110
14049
14084
14327
14199
13985
14575
14156
14276
14119
14360
14354
14214
14133
14295
14417
14169
14254
14129
14762
14393
14137
14542
14213
14352
14390
14657
14644
14363
14210
14230
14494
14315
14412
14412
14149
14393
14365
14189
14019
14387
14068
14186
14372
14578
15739
14305
13973
14468
14318
14349
14528
14469
14315
14160
14158
14372
14087
14413
14334
14344
14233
14156
14328
14349
14168
14141
14055
14263
14245
13937
14082
14440
14301
14603
14556
14275
13883
14306
14385
14349
14174
14569
14451
14162
14343
14369
14380
14419
14532
14516
14493
14413
14399
14337
14361
14120
14439
14201
14098
14405
14280
14164
14427
14849
14555
14197
14126
14040
14400
14479
14142
15601
15254
15738
15531
15457
15442
15474
15551
15389
15406
15674
15304
15406
15287
15606
15284
15417
15281
15173
15509
15604
15508
15284
14773
14401
14274
14494
15325
14191
14509
14090
13982
14260
14261
14553
14137
14379
14173
14109
14920
14340
14502
14206
14755
14327
14547
14227
14555
14381
14246
14333
14209
14190
14185
14033
14627
14135
14527
14274
14523
13906
14349
14198
14472
14385
14479
14416
14729
14280
14328
14558
14897
14598
14683
14419
14766
14429
14791
14507
14458
14300
14544
14403
14359
14528
14510
15051
14678
14921
14728
15076
14629
15011
14935
15433
15588
14871
15062
14932
14894
14943
15011
14674
15159
14640
15163
15936
14615
15071
16685
15548
15166
15233
15246
15423
15772
15131
14882
15383
15124
15396
15372
15298
15671
15438
15266
15213
15393
15566
15491
15499
15645
15421
14898
15602
14987
15382
15317
15457
15644
15744
15665
15273
15548
15416
16354
16007
15832
15664
15759
15702
15554
15885
15916
15752
16035
15835
15507
15837
15688
15973
15800
15411
15533
15419
15719
15548
15867
15630
16036
17393
16113
15735
15395
16131
15821
15661
16013
15803
15639
15857
15927
15578
15804
15783
15566
15652
15821
15663
15368
15259
15674
15700
15510
15921
16001
16098
16119
16571
15852
15634
15898
15921
15852
15895
15817
15561
15596
15717
15748
15555
15715
15936
15696
15606
15758
16314
16063
15939
16008
15741
15920
16547
16301
16778
16060
16229
15769
15663
16342
16523
15860
16451
16379
16427
16287
16089
15662
15398
15763
15741
15505
15876
15833
16054
15624
15922
15714
15726
15797
15866
15688
15871
15821
15830
15539
15733
15997
16006
15725
15565
15764
16278
16415
15941
15796
15617
15643
16278
16086
16257
16024
16110
16248
15684
20322
15870
15851
16002
15585
16104
15842
15819
15823
15795
15961
15739
15633
15489
16056
15527
15458
15916
15557
15441
15451
15641
15613
15729
15650
15665
15557
16398
16025
15460
15512
15818
15693
15778
15983
16082
16103
15658
16322
15885
15962
16315
16041
16121
15990
16109
15599
15853
15461
15952
15819
15585
16021
16147
15537
15941
15919
16043
15741
16104
15712
15893
15952
16318
16068
16135
16820
16335
16090
16469
16331
16637
16846
16578
16393
16864
16482
16555
16283
16298
16119
16333
16274
16372
17151
17013
16687
16795
16526
16710
16548
16860
17149
18044
17568
17108
17044
16390
15651
16311
15771
16128
15743
16686
15999
16150
15857
15343
16235
16263
15864
16144
15914
16117
15510
16017
16117
16019
15478
15270
15601
15728
15941
15237
15927
15670
15957
15306
15713
15869
15740
15398
15603
15382
15174
15091
15412
15822
15495
15298
15474
15351
15538
16063
16972
16774
17007
17663
18279
18375
18210
15527
15265
14951
15470
15086
15224
15523
15224
15070
15149
15225
15226
15142
15291
15186
15152
14962
14833
14837
14787
14745
14731
14754
14919
15152
15408
15077
15206
15042
14878
15094
15242
15083
14606
15053
15224
14778
14935
15157
15065
14918
15148
15176
14646
15209
15549
15153
15091
15563
15626
15090
15117
15164
15394
15625
15400
15319
15364
15388
15345
15328
15563
15349
15601
15150
15351
14735
14691
14570
14815
14791
14868
15033
14875
18418
18602
15014
14584
14537
14482
14817
15493
14868
14896
14956
14487
15361
15939
15425
15502
15878
15714
15618
15406
15799
16143
16002
15915
16026
16139
15636
16079
15432
16295
15876
16187
16176
16023
16035
15671
15909
16103
16076
16022
15943
15451
15505
15837
15972
15898
15651
15783
15924
15718
15856
15975
15892
15775
15931
15878
15759
16069
16472
16137
16043
16428
15878
15914
16850
15891
15889
16017
16062
15887
15815
15943
16298
16269
15803
15937
16065
16026
16826
17148
17411
16830
16701
17224
17067
17021
16809
16667
16821
16978
17141
16120
17014
16923
17272
16937
17563
17038
17653
17808
17573
17093
17052
17186
17054
16824
17375
18240
16858
17093
16987
17176
17396
17115
17424
17891
17584
17444
17326
17731
17424
18431
18385
17559
17811
17484
18084
17475
17526
17626
17170
17362
17592
17012
17291
17660
17383
17465
17057
17265
17357
17717
18354
17947
17110
17995
17781
18159
17260
17744
18335
18544
18847
19238
18706
18778
18448
19042
18850
19309
19749
18512
19240
19101
18647
19082
19795
18904
18448
19162
19528
19746
20322
20143
19798
20044
20426
20702
20766
20047
19381
19252
18553
18668
19278
18277
17988
18004
17870
17878
17593
18080
17936
17121
17768
18265
17723
17715
18110
18401
18034
17946
17919
17867
17615
17953
18219
17757
17972
17815
17961
18063
18229
18017
17765
17751
17494
18297
26996
23633
17551
17601
17648
17630
18643
18086
17781
17558
17688
18155
18061
17676
17184
17315
17471
17219
17451
17617
17487
17166
17472
17373
17257
17346
17581
17563
17264
17388
17661
17795
17776
17687
17713
17668
17437
17274
17226
16911
17123
16652
16713
16974
16191
16659
17378
16600
16058
16214
16681
16714
17001
17553
16274
16079
16092
16131
16308
16347
15918
16193
16066
16280
16206
15924
16278
16244
16037
15893
16201
16044
16171
16345
16469
16340
16134
16239
16367
15769
15756
15740
15895
15302
15180
15062
16408
19995
23806
24036
23600
23485
23782
23410
23078
19123
15621
15315
15430
15429
15339
15578
15382
15144
15395
15409
15608
15337
16018
15548
15194
15081
15360
15225
14999
14884
14737
14960
15090
14830
15089
14820
14929
15422
15454
15456
15358
19133
18992
19185
18471
16172
15108
14960
14935
14844
15075
15289
15060
15392
15001
14615
14991
14784
15753
15138
15494
15139
15922
15095
15346
15218
15780
15200
15371
15874
15385
15563
15433
15609
15394
15582
15527
15425
15714
15385
15378
15614
15584
16200
15630
15685
15870
16000
16394
16923
15619
15989
15743
15917
16067
15934
16058
16488
15837
20217
15972
15966
15848
16238
15923
15972
15368
16039
15939
15570
15790
15498
15701
15456
16022
16003
15837
15521
15980
16264
16080
15649
15392
15413
15664
15772
15679
15302
15794
15586
15460
15434
15308
15322
15510
15360
15348
15351
15062
15233
15875
15172
15468
15348
16014
15057
15642
15497
15416
15607
15252
15463
15271
16309
15691
15256
15358
15956
15755
15533
15487
15146
15552
15917
16523
15818
15395
15576
15717
15807
16046
15600
15646
15025
15535
14847
14655
15151
15279
14865
14636
14862
15650
14654
14912
15277
16539
20669
16579
16864
16260
16556
16972
16555
16052
15514
15838
15728
15720
15585
15323
15410
15559
15605
15883
16230
16021
15749
16127
16156
15668
16949
15870
15232
15108
15073
15126
15079
14862
15174
15193
14801
14640
14446
14845
14509
15425
14173
14571
14372
14288
14450
14517
14136
14625
14479
15084
14653
15097
15516
19122
18852
15106
15182
15307
15110
15026
15246
15052
15727
15061
15823
15543
15413
15562
15176
14705
14824
15018
14922
15371
15406
15099
14858
15141
15697
15700
15786
15956
15761
15671
15414
16018
16209
15983
15644
15887
16243
16305
16085
15392
15502
15484
15719
16172
15143
15247
15292
15174
15582
15583
15594
15643
15391
15315
15876
15659
15386
17383
17331
17032
17181
17334
17455
17914
17265
16930
16980
16557
17795
17155
15757
14990
14851
15293
15166
15090
15071
15351
15542
15229
15458
15133
14988
15285
15115
14988
15131
15004
15179
15076
15115
14819
15085
15087
15383
14868
14758
15357
15582
16106
15322
15471
15843
15473
15352
15648
15569
15692
16171
15498
15671
16046
15776
15777
15764
15567
15599
15323
15398
15094
15035
15667
15436
14831
14724
15176
15007
15791
14972
15094
14857
14948
15177
15307
15259
15699
15683
16321
20449
21141
21155
21730
21677
20973
20482
20468
20731
20979
21006
17683
15323
15543
16336
15561
15386
15259
14671
14827
14529
14950
15458
14761
14938
14574
14715
15115
14807
14980
14469
14743
15124
15016
15016
15099
15458
15647
15012
15149
15440
15932
15717
15485
15426
15168
15321
16581
15237
14902
15519
16066
16502
15982
16111
15994
16244
16514
16280
16298
16592
16531
16223
16893
16763
16548
16395
16654
16522
16370
16424
16770
16278
16100
16468
16821
16496
16218
16649
16303
16057
16336
16405
16240
16174
16205
16615
15961
16213
16920
17942
16031
15902
15739
15736
15973
15426
15275
15144
15451
15812
15401
15631
15302
15915
15444
15447
15259
15186
15130
15260
14848
15040
15080
14905
14888
14716
15255
16029
15144
14916
14953
14584
15355
15372
15110
15138
15198
15241
15478
15448
15079
15080
15285
15240
15597
15379
15839
15927
15958
16013
16418
15523
15536
15824
15718
15605
16012
15628
15568
15338
15492
15994
16440
15954
16440
21944
20871
20796
18086
16211
16119
16239
16172
15130
15813
15491
15990
15667
16111
16249
15514
15676
15432
15771
15512
15903
15624
15477
16206
16039
16038
16206
16158
16575
16215
16611
16448
16584
16319
16414
16318
16439
16159
16577
16414
16268
16420
16391
15593
16132
16256
17735
18337
18072
17903
17430
17248
18290
17579
17678
17825
17801
17941
18043
17869
17507
17428
16005
15977
15646
15335
16063
15384
15316
15518
15396
15221
15235
15212
15588
15422
15664
15601
15528
15736
15391
15432
15999
15880
16082
16157
15762
15827
15749
15910
16004
16009
15587
15562
15839
15810
15327
15611
15768
15619
15617
15681
15536
15893
15826
15864
15851
15505
15534
16009
15641
15802
15742
15511
15989
16116
15982
15525
15432
15297
15198
15479
15387
15743
15566
15279
15016
15050
14872
15043
14959
15091
15296
14992
14813
15071
14680
14566
14358
17619
17965
17041
18154
15898
14647
14951
14915
15144
15239
15674
14987
15162
14555
14788
15449
15522
15089
15401
15380
14790
15017
14820
15737
14606
14450
14104
13903
13822
14318
14284
14170
14662
13820
13817
14297
14408
14434
14894
14822
15055
14838
14734
14573
15126
14955
15272
15483
15249
15286
15380
15464
15441
15934
15112
15503
15615
15394
15052
15429
15478
15257
15191
15582
15477
15727
16005
15983
17167
16429
16642
16092
16030
16106
16426
16423
16347
16807
16553
16932
16925
16791
16880
16679
16771
16835
16993
16208
16583
16920
16725
17056
16981
17480
18387
17256
17028
16856
17025
17037
17300
16999
17067
17689
17143
17252
17256
17324
17679
17171
17039
16752
17414
17199
17310
20017
19891
19598
21951
18899
18561
18351
18653
18936
17710
17821
18002
19634
18102
18061
17925
18362
19022
18010
17591
17919
17551
18526
18424
16992
16698
16907
17129
16894
17071
17586
18555
18253
18057
18952
18335
18156
18449
18471
18348
17949
17852
17898
17747
18101
17880
18230
18356
18587
18187
18362
18167
18087
18190
18950
18224
18378
17671
17566
18354
18481
18529
18401
18336
18332
17922
17622
18037
17828
18076
17801
17529
17745
17718
17892
18485
18471
18847
18156
18263
18279
17941
17680
17961
18542
18238
18801
18832
18334
18174
18133
18634
18442
18221
18404
18581
18466
18639
18811
18778
18151
17695
18662
17648
17693
22048
24262
25529
19161
19154
19749
19319
19253
19254
18989
19015
19560
19794
19517
19133
19335
19026
19306
20072
19309
19858
19185
19390
18697
19135
19098
18363
18824
20015
19362
18715
19227
19246
19170
19203
19776
19332
19417
19608
19758
19098
19413
20561
20161
20407
20580
20323
20289
19569
20309
20010
20116
19945
19858
20073
20527
20216
20554
20440
20378
20225
20560
20651
20967
20422
20178
20558
20663
19863
20767
21048
20488
20179
19961
20000
19465
19331
19074
19551
18965
19269
19144
19304
19643
19456
20187
19768
20341
19882
19751
19998
19749
19234
19422
19366
19884
19966
20131
21919
23859
23803
23581
21563
20071
19453
19203
19932
19956
19986
19812
19898
19627
20313
20721
19796
19090
18827
18843
19475
19470
19132
18755
19039
18847
19238
19103
19730
20454
19668
19293
19699
19014
18654
19696
19381
19010
18734
19555
19273
19033
19769
19623
19616
19382
19420
18711
18893
18815
19007
19008
18433
18487
18520
18886
19487
19029
19170
18698
18746
18814
18183
18048
18098
18780
18909
18506
17753
17996
18850
18402
18397
18682
18345
19158
18608
18969
18599
18540
18030
18729
18738
18835
18852
19322
19731
18984
17572
18301
18432
18443
18471
19115
18459
18885
18744
18767
18687
18418
18727
18532
18438
18249
18279
20100
18495
17910
17913
18065
18131
17667
17215
18569
18637
17785
18348
17772
17434
17431
17693
17466
18040
18030
18130
19097
18433
18073
18659
18767
18315
18430
18214
18049
18102
18238
18325
18450
18268
18518
18410
17937
17695
17598
17901
18194
17830
17805
18012
17489
17334
17432
18184
17632
17943
17628
17658
18162
18165
17582
17440
18080
18064
17425
17747
17601
17621
17979
18558
18232
18547
18204
18464
18472
18889
19185
19057
19069
18954
19078
18216
18998
18622
18556
18110
18131
18324
19120
18410
20574
18747
18421
18590
18712
18652
19448
19449
20213
19788
19032
18975
19171
18939
18766
18973
19193
19211
19968
18956
18759
18663
19096
18951
19393
19665
19288
18713
18934
18266
18845
19131
19095
20174
18870
18719
18132
17933
18346
18358
18602
18829
18740
18604
18658
18868
19355
19263
18185
19080
18085
18011
18838
18554
18331
18759
18210
18154
19081
18611
18228
18553
17768
18219
18042
18176
18275
18387
18253
18105
18145
18191
18005
18322
18120
18778
19592
19682
18889
18404
18833
18173
18285
18242
18294
18637
19029
18322
18640
18672
18763
19044
18669
18930
18777
20031
19960
18208
18407
18620
18501
18971
18633
18796
18638
18927
18690
18147
18990
18956
18416
18758
19239
18570
18199
18048
18438
18169
18434
17813
18646
18186
18005
17473
17495
17669
17505
17475
17428
17689
17288
17335
17554
17010
17093
17395
17877
17081
17987
16702
17169
17623
17185
17010
16776
17044
17029
17398
17371
19284
17885
17614
17920
17770
17497
17703
19012
17497
17697
16986
17616
17454
17630
18039
18201
18010
17963
18351
18096
17840
18369
18348
18112
18165
17870
17422
17618
17921
18256
19055
18771
18017
18486
18350
17835
18315
18702
17771
18073
17972
18497
18260
17426
17622
17861
17650
18109
18915
17395
17288
17520
17192
17511
17458
16848
17043
17260
17159
17271
16995
17114
17969
17723
17796
17793
17473
17096
17122
17568
17204
17356
17259
16927
17553
17387
17727
18041
17460
18126
17206
17265
16975
17212
17140
16879
17447
16811
16685
16705
16919
17314
17109
17386
17372
17454
17806
19022
17611
17817
18126
17695
17424
17841
17748
17223
17485
17389
18095
18275
17080
18368
17459
17398
17817
17539
17953
17516
18520
17877
18298
17483
17482
17745
17740
17716
17417
17656
18226
17355
17561
18817
18392
17778
17761
17485
17916
17339
17734
18143
18064
17839
17623
18081
18720
18480
18453
18558
18234
19047
17802
18469
18867
18582
18627
18887
18369
18436
18433
18332
17986
17964
17816
17951
17960
17752
18109
17781
18543
17621
17864
18590
18548
18885
18938
18947
18717
18574
18420
18386
18430
18400
18414
18470
18252
18628
19006
18910
18782
18574
18527
18556
20605
22666
23601
22827
21135
18387
18809
19103
18496
19552
19886
19722
19463
19455
19204
19312
19260
20149
19712
19935
19935
19291
19370
19994
20314
19746
19552
19883
19645
19869
19703
19333
19714
19531
19654
19397
19566
19947
19471
19263
19487
19435
19207
18535
19241
18555
18590
18831
19423
18705
19462
19380
19318
19052
19587
19627
19054
19762
19322
19377
19725
19595
19368
19830
20083
20013
19658
19820
19467
19829
19644
19701
19474
18926
19522
20157
20199
19873
19600
19050
19307
19229
19815
19577
19457
19648
20184
19759
19111
19303
19710
19056
18730
18878
18967
18875
19052
19021
19615
18831
18932
18708
19254
19379
18389
18851
19216
19996
18907
18542
18441
18864
19091
18393
18430
18209
18859
18471
18039
18154
18079
18175
17838
17700
17688
17238
17896
18305
17932
18633
17878
18094
17772
17890
18190
18279
18295
18218
18427
18277
18688
18791
18170
18312
18903
18922
18741
18768
18614
19067
19687
19405
18952
18453
18721
18666
19630
18966
18537
19475
19252
19295
18898
18705
19047
18996
19017
18966
18293
18350
18525
18620
18434
18787
18699
18953
19291
18614
19480
19041
18855
19324
20161
19901
19895
19351
19346
19280
19498
19366
19987
20206
20417
20023
20490
19876
19991
20289
19907
19684
19687
19143
19861
19894
19818
20309
20309
19290
20054
19748
19324
19079
19231
19303
18802
19027
18928
19020
18947
18988
18852
19117
19068
19099
19186
19347
19456
19223
19790
19329
18827
19382
19190
19047
18967
19306
19861
18874
19098
19189
19849
19689
19888
19778
19627
20276
20453
20377
20400
20244
20272
20062
20462
19953
20094
20204
20580
21001
20830
20786
20571
20983
20638
20392
20419
21118
20362
20057
19773
19739
19455
20048
20193
20148
20482
20395
20912
21508
20847
20479
20877
21065
20755
21239
20416
21171
20952
20935
20630
20941
21219
20714
20275
20249
20145
20243
20685
20452
20212
20320
20544
20289
20117
20496
20305
20470
20369
20445
19585
19469
18855
18906
19000
18887
18908
18483
18427
18618
18616
18055
18444
18678
18922
18806
18092
18059
17825
18247
18042
18547
18310
18467
18947
18339
19626
18652
19077
18522
18676
18734
18388
18941
18896
18822
19236
18619
18924
18359
19236
19190
18167
18953
19332
18729
18970
18774
18576
18321
18601
18286
18408
18897
18780
19439
18825
18382
18820
18587
18300
18350
18426
17633
18012
18344
18359
18106
18421
18187
18121
16660
16589
16219
16471
16116
16438
16499
16546
17331
16594
16078
16822
16472
16375
16362
17525
17472
17958
17069
17855
16797
17448
17695
16974
17899
17005
17085
17577
17015
17076
17732
16741
16974
16740
16751
16626
17564
17471
17167
17221
17086
16855
16853
17436
16981
17426
17374
17645
17717
17251
17900
17359
17452
17574
17202
18442
17546
17991
17690
17718
17845
17892
17877
18075
17512
17785
17964
18184
17640
17310
17467
17157
17579
17213
17217
17748
17304
17587
17176
17239
17356
17256
18885
18206
20105
17541
17203
17474
17285
17509
16930
16756
16769
16870
16564
17209
17064
17129
16975
17335
17308
17491
17356
17501
17001
17413
17194
17190
17137
17125
17442
17777
18029
17573
17838
17416
18058
17374
17728
17860
18224
18086
17560
17440
17174
17259
17042
16736
16234
16645
16324
16391
16508
16251
16350
16249
16198
16446
16721
16605
16715
17896
17554
17809
16530
16499
16391
16950
17259
16850
16206
16361
16262
16155
16404
16776
16077
16439
16955
16579
16264
16896
17152
16504
16129
16189
16639
16268
16162
15545
15948
16225
15977
15776
15946
15728
16300
17467
16214
16735
17042
15906
16349
16076
16516
15979
16197
16335
16032
15983
16269
15825
15557
15806
15781
15562
15433
15664
15597
15268
16185
15550
15371
16490
16023
15430
15658
33226
30499
15888
16040
15856
15654
15466
15426
15593
16217
15681
15839
15498
15811
16085
15783
15712
15573
15344
14719
15140
15525
15467
15924
16084
17191
17429
16908
16446
16153
16048
16864
17645
16840
17008
16731
16333
16290
16295
17137
16596
16438
16259
16194
15493
15420
16332
15620
15895
15926
16290
15982
16052
16618
16332
16112
16001
16397
16163
15993
16900
15851
15767
16413
16530
16716
16511
16744
16182
17614
16382
16678
16685
16408
16566
16026
16347
21668
65274
60584
59816
59231
53189
53253
54062
62388
64199
62073
62550
61884
61558
60940
61272
61706
62430
63049
63309
62993
62922
61732
62188
62315
62463
63141
66996
63609
63791
63685
63190
63200
63783
63825
64161
97521
108841
102865
104171
113623
117183
115505
119472
125427
132614
143590
154623
181459
188447
191379
204424
191391
181594
186132
216591
223413
237775
242762
262516
2640
16934
17813
17605
17091
17267
17396
17065
17034
17608
17427
16486
17066
16990
17131
16924
17256
16750
16719
16902
16792
17350
17287
16812
16791
16792
17110
17295
16389
16878
16602
17505
16875
17137
17341
16701
16928
17304
17058
16756
17707
16606
16596
17163
18475
16903
17181
17465
16651
16426
15924
16360
16115
16235
16278
16536
16854
16878
16782
16797
16192
16398
16389
16378
16051
16143
16600
17197
17165
16710
16690
16838
16724
16765
16360
16468
16728
16762
17081
16572
16608
16736
17094
16690
16709
16999
17335
17158
16721
16963
16731
16842
16853
16745
16724
16791
16711
16311
16508
16536
16093
15811
15894
15777
16051
15583
15563
15813
15560
15438
15646
15438
15684
15734
15725
15527
15527
15354
15515
15313
15313
15497
15243
15647
16063
16320
16263
16015
15929
15789
15684
16203
16068
16082
16107
15971
16184
15748
15988
15788
15966
15686
16091
15817
16022
15679
16567
16370
16184
16668
16244
16097
15799
16072
15789
16194
15974
16132
15998
15518
15957
16039
16156
15870
16158
15907
15917
16131
16074
16275
16683
16204
16337
16353
15842
16551
16145
16176
16222
16630
15621
15885
15822
15968
16566
16066
15692
16639
16371
16774
16667
16404
16219
16090
16399
16233
16514
16258
15465
16600
15796
15631
16035
15969
16058
16019
15808
15956
16198
15682
15345
15973
15528
15146
15154
15640
15398
15554
15401
15169
15332
15025
15363
15246
15072
15157
15682
15439
15659
16021
16371
16304
16264
16467
16096
16395
16507
16274
16524
16577
16324
16229
16373
16234
15970
15764
16000
16315
15557
15965
15858
15998
15791
15768
15930
15994
15515
16034
17123
15794
15593
15117
14745
15027
14837
14760
14807
15012
15021
15330
16223
15395
15638
15184
15762
15441
15376
15306
16422
15564
15904
15589
16042
16924
16794
16864
16795
16738
17030
16951
16985
16808
16692
16648
16770
16700
16701
16878
16804
16879
16777
16829
16340
16485
16789
16381
16684
16656
16235
17180
16271
16823
16656
16407
16625
15374
15537
15322
15571
15797
15637
15735
15619
16425
16173
16110
16970
16398
16282
16113
16305
16132
15919
15887
16075
16249
16104
16191
15903
16026
15984
16328
16397
16274
16270
16239
16275
16102
16535
16643
16643
16249
16736
16609
16406
16715
16946
16704
16701
16719
17011
17152
17096
17131
17164
17242
17301
17828
17123
17553
17137
18371
17390
16949
17220
16714
16897
16949
16904
17268
16980
16972
17042
16838
16910
16939
17223
17057
16859
16723
16693
16265
16436
16119
16290
16576
16107
16236
16244
16028
16462
16595
16682
16498
16177
16089
16171
16184
15997
16191
16248
16029
15794
15541
15939
15901
15903
16050
16051
16177
16161
16016
16154
15869
15959
15864
15945
15846
16023
15612
15871
15778
16199
15795
15426
15960
15679
15417
15051
15200
15531
15312
15078
15300
15326
14924
15195
15186
14965
15112
15118
15374
15023
15382
15489
15103
15256
14877
15239
14898
15186
15066
15075
15496
15057
15066
15432
15808
15372
15381
15160
15234
15119
15679
15764
15661
15602
16236
15705
15854
15463
15404
15688
15608
15937
16797
16089
15507
15648
15143
15168
14814
15554
14975
15015
15476
16358
16706
15957
15836
15669
15925
15763
15595
15671
15417
15706
15979
15659
15958
15751
15665
16004
15902
16130
15892
16030
16056
15814
15994
16088
16268
15914
16030
16035
15997
15793
16368
16196
15922
16020
16266
15687
15974
15744
16460
15948
15811
16531
15782
16156
15671
15676
15831
16004
15876
15879
15682
15937
15891
15801
15835
15847
15930
16276
16382
16200
16396
16605
17045
16633
16676
16861
16725
17166
17295
18078
17952
17724
18016
17633
17748
17828
17837
17369
17406
17509
17603
17198
17659
17258
17732
18011
18027
17738
17869
17657
17351
17707
17531
17352
17479
17875
17427
17617
17478
18232
18002
17605
17815
18281
17498
17414
17473
17266
16814
17351
17884
17618
17260
17403
17815
17758
17456
17245
17178
16853
17095
17081
17400
17219
17483
16995
17350
17128
17567
17751
17384
17886
17747
17463
18001
18236
18304
18236
18785
17978
17736
18287
18283
18141
18464
19806
18407
16979
17000
17141
16797
16771
16799
16638
16731
16979
17183
16636
16540
16995
16347
16389
17061
17428
16505
17224
16033
16677
17232
20731
20898
20817
20436
20437
21122
20541
20445
16304
15906
16144
15936
15676
17666
15752
16008
15719
15552
15615
15398
15325
15346
15630
15102
15466
15855
15712
15751
15530
15675
15713
15828
15932
15364
15726
15221
15648
15379
15794
15610
15351
15484
16015
15533
15793
15317
15730
15748
15377
15281
15236
15529
15796
15938
15814
15703
16337
15809
15873
16251
15742
15883
15865
16256
16142
15896
16028
15863
16186
16032
15764
15728
15859
15870
16106
15935
15921
15833
16005
15669
15221
15589
15516
15399
15482
15609
16089
16015
15092
15881
15612
15650
15523
15236
15482
15582
16174
15873
15318
15385
15106
15253
15632
15297
15472
16021
15584
15568
15281
15515
15722
15710
15429
15208
15459
15102
15168
15176
15001
15322
15440
15230
15425
15376
15249
15468
15730
15347
15263
15147
15374
15331
15245
15454
15785
15209
15203
15101
15079
14849
15730
15327
15803
15497
15725
16286
16433
16023
16685
16148
15884
15425
15875
16197
15826
16525
15919
15620
16281
15874
15716
16106
15680
15954
15472
15626
15791
15662
15621
16536
15916
15299
15911
15698
15689
15027
16013
15930
15691
15566
15762
16005
16080
15718
15418
15416
15403
15566
15663
15762
15877
15200
15407
15636
16048
15857
15562
15491
15861
15828
16093
15883
15750
15668
15984
15889
15968
15893
15835
16470
16380
15997
15567
15663
15690
16019
15982
15843
16031
15706
15694
16352
16117
15770
15960
15886
15598
16213
15811
15994
16365
15948
15856
16053
16246
1682
16248
15680
15761
15792
15532
16062
16030
15863
16108
15634
15594
16330
15823
15813
16041
16107
15877
15805
15538
15897
16242
16284
16306
16475
16166
16355
15913
16306
16119
16515
16586
16271
16277
16258
15949
16757
16539
18360
18199
19061
20189
19741
19740
20367
19785
20189
19957
21206
20662
20838
20016
20487
19841
20231
20469
20042
19566
19738
20545
20574
20888
21208
20537
21012
21587
20971
21815
21391
21176
19461
19386
19078
19307
19046
19619
18720
19024
18912
19101
19343
19576
19302
20051
18947
19899
20665
20953
21820
24645
24604
21452
22041
21492
20550
20653
20822
20981
22518
20921
21163
20841
21789
21611
21039
21253
21207
20720
21205
21182
20357
20697
19959
20264
20856
20109
20315
19849
20317
20285
20686
20547
20460
20396
21184
20016
20745
21569
20307
20609
20106
19660
20486
20348
20171
20104
19014
19491
20437
20361
20270
20570
20654
19688
19635
19907
19906
20162
20319
20765
19985
19724
19879
19031
19347
18849
19658
19227
18869
18819
19487
18476
19065
18597
18564
19309
18964
18986
19398
19362
18739
18641
18605
17523
17417
17427
17456
17487
17567
17254
17426
17018
17308
17497
17910
17608
17344
17662
17470
17050
17333
17055
17251
17247
18485
17200
17642
18105
18033
18566
17523
17512
16970
16860
17424
17756
17209
16515
16907
17036
16730
17149
17027
16835
17324
17415
17245
17355
17372
17069
17231
16764
16642
16471
16478
16661
16416
17140
16812
16256
16364
16584
16606
16685
16428
16624
16915
16286
16781
16742
16821
17076
18022
17788
17124
18067
17142
17104
16681
16977
17215
16739
17252
16823
16952
16484
17921
17632
17388
17202
17343
17043
16910
17726
17875
17490
18008
17705
17778
18199
18502
18624
18487
18466
18718
18890
18542
18546
18258
18476
17973
18697
18321
17998
18658
18442
18653
19326
19003
18183
17719
17877
19393
18280
17944
18316
18397
18435
18666
18546
18287
19331
19145
19336
18537
19178
18827
19508
18478
18340
18456
18282
19074
18435
17796
18311
18276
17419
18370
17911
18202
17937
18249
17701
18049
17874
17811
17904
17956
18595
17972
18400
18313
18262
18426
18198
18059
18368
18637
18528
18029
18542
18440
18422
18556
17987
18309
18125
18083
18322
18028
17938
18481
18192
18415
18694
17898
17754
17928
18319
18003
18340
18786
18159
17981
18065
18651
18002
17807
17953
17108
19534
17479
17458
17474
17465
16861
17006
16660
17325
16975
16252
16870
16435
16389
17019
16729
16772
16486
16242
17099
17223
17097
17049
17100
16789
17011
17133
16830
16529
16757
16845
17017
17013
16619
16914
16906
17747
16579
16739
16283
16983
16929
16814
17182
17113
16514
16860
17082
16945
17060
17017
17112
16918
17289
16666
16984
17006
17251
17298
17303
17999
17561
17507
18151
17695
17292
18154
17781
18391
18328
17452
18160
18169
17869
17920
18889
18848
17758
17511
17648
17966
18426
18472
18306
18274
18421
18445
18394
19100
18575
18501
18746
18467
18601
18313
19192
19790
19112
23492
28397
20477
18043
18298
18126
18921
18596
18279
18442
18102
18322
18267
18344
18466
18830
18676
18389
18458
18460
18427
18155
17840
18653
18015
18473
18177
19167
18587
18668
18865
18675
18736
19005
18733
19082
18768
18290
18714
19058
18627
18772
18349
18229
17899
18703
18995
17810
18360
17874
18648
18475
18531
18966
19104
18339
18412
18200
17858
17804
17882
17346
17844
17356
17473
18033
17714
18164
18246
17546
17525
17302
18304
17847
17764
17947
21877
22570
23511
22910
22630
22249
21953
17453
17691
17952
18056
17325
17643
16604
17036
16809
16575
18004
18214
18376
18441
18220
18225
18295
18673
18522
18475
18285
18033
18820
18591
18737
18864
18201
18407
18280
18594
18747
18398
18730
19161
19294
18612
18481
19105
18562
18590
19036
18775
19988
19237
19249
20175
19668
19223
19691
20527
19371
19037
18562
19044
19308
19299
18902
18594
19560
18968
19134
18359
18259
18325
18315
18588
18780
18407
19037
18809
19205
20034
19303
19975
20034
19619
19052
19775
19446
18621
19456
18901
19246
18824
18558
18971
18958
19331
18809
19138
22616
23054
22666
23516
22677
22037
23156
23301
21364
19149
19805
19266
18989
19321
19224
19344
19687
22859
22475
22609
22081
19078
18836
18829
18405
18064
18129
17632
18161
17975
17992
17829
17770
17224
17426
17695
17576
17742
17139
16970
17160
17430
17394
17610
17606
17762
17552
17325
17637
18132
18236
18115
17836
17424
17645
17981
17869
17796
17691
18010
17767
17617
17874
17826
17769
17720
17886
17388
17187
17549
17618
17854
18006
18168
18308
18443
18824
18350
18620
17938
18080
17497
17517
17964
17434
17656
17585
17084
16827
16841
16994
16730
17162
16994
17321
17382
17159
17127
16734
17047
17102
16724
16438
16406
16384
17924
17455
17539
17072
17550
17477
17051
17241
17250
17589
17631
17380
16942
16745
16702
17022
16240
16770
17194
17282
17560
17047
17574
17778
17310
17462
17412
18119
17642
17844
17700
18347
17696
18427
18583
18719
18379
18038
18286
18845
18895
18673
18978
19012
18650
18369
18228
18696
18030
18814
18735
18897
18981
19009
18559
18254
17941
18524
18555
18240
18255
18446
19145
17917
17955
18516
17936
18432
18010
17722
18298
17672
17752
17773
17337
17043
17055
17613
17571
17536
17914
17111
17751
17497
17799
17701
17608
17727
17644
17233
17649
17478
17551
17451
17852
17340
17408
18315
17975
17808
17729
17555
17377
17481
17557
17882
17390
17385
17487
17656
17825
18183
17866
19371
19472
17985
17749
18186
18372
18305
17761
17737
17595
17756
17870
17975
17242
17255
17610
17535
17607
17802
17837
18294
18010
18156
17814
18025
17811
17934
18049
17981
18068
17951
17992
18253
18162
17562
17755
17984
17441
17545
17799
15737
18389
18240
18283
19170
17516
17691
18050
18207
17767
17270
17916
17736
18153
17821
17607
18082
18400
17672
18134
17990
18686
18044
17460
17392
17811
17817
18152
17741
18091
18378
18056
18260
18550
18161
18221
17899
17340
17613
17870
17339
17714
17646
17320
17396
17538
17612
18230
17773
17591
18145
17953
18147
18028
17949
17940
18539
17580
18217
17962
18343
18553
17757
17931
18288
17740
18187
18116
18343
18274
18787
18721
17502
17931
18957
19407
19017
19117
18608
18298
18924
18972
18887
19722
19388
19083
19369
19448
19145
19081
18134
17938
17454
17048
16703
16720
17236
16723
17346
17205
17106
17735
17615
17889
18750
18869
18508
18289
19029
18529
20638
17900
18581
19082
18681
18662
18551
18069
18729
18226
18574
18798
18090
18097
18463
18161
18650
18668
18499
18600
18764
19067
18632
18777
18590
18876
19005
19599
19940
19741
20446
20188
19675
20118
19568
19026
19485
19584
18312
18224
18548
18626
17810
17906
18497
18823
18569
18026
18584
18207
18266
18625
18450
18261
18545
18231
18202
18229
17738
17810
17479
17224
17123
17104
17112
16724
16497
16670
16480
16466
16261
16051
16267
16070
16000
16836
16945
17376
17028
16530
16464
16664
16415
16080
15893
16077
16447
15953
16535
16550
16606
15816
16723
16552
16373
16454
16598
16396
16584
15421
15826
15782
15893
15263
16396
15903
15802
16269
15793
15883
15777
16435
15797
16157
16260
15995
16943
16382
16540
16590
16706
17494
16766
16236
17669
16959
16432
16848
17098
17023
17109
16443
17173
16745
17117
17135
17531
17420
17755
17323
17247
16686
17201
16597
16745
16862
16470
16702
16785
16851
16722
16394
16624
16537
16278
16778
16227
16482
16369
16510
16431
16929
16392
16327
16148
16349
16761
16884
16160
16312
16212
16658
15683
16241
16267
16505
16004
16557
16253
16437
16943
16316
16879
16347
16201
16834
16562
16434
16588
17012
17002
16857
17006
17442
17402
17109
16973
17564
17700
17009
16852
16981
17264
17186
17058
16700
16461
16811
16872
17089
17219
20279
21081
20810
21031
19046
17140
17409
17248
17700
17425
17450
17286
17582
17423
17678
17585
17822
17132
17545
17117
16645
17014
16595
16602
16612
16700
16600
16268
16795
16801
16693
16691
16208
16900
16861
16223
16542
16223
15957
16133
16166
16168
17097
16160
16151
15634
16449
16952
15865
16179
15791
16276
15833
15980
15884
16054
15751
16158
14921
14784
15271
15645
15520
15563
15328
15374
15155
15696
15398
15935
15124
15405
15409
15141
15304
15318
15561
15127
15018
15535
14892
16704
15164
14764
16683
14879
14870
14528
14723
15232
15014
14850
14926
14777
15625
15080
14966
14894
14802
14819
14703
14854
14908
15312
15102
15734
16219
15347
15068
15477
14788
14866
14938
15040
14556
18102
18756
18609
18473
16625
15263
15222
14930
14567
15038
15200
14761
15205
14994
14699
15008
14702
14827
14901
15395
15365
15101
15257
15170
15172
15522
15217
15783
15566
17439
20152
19839
19336
19688
19363
18896
19018
18784
15135
15053
15336
15171
14956
15371
15837
15731
16229
15987
15688
15840
15904
16153
15909
15996
15765
15764
15493
16573
16206
16257
16202
16856
15914
15669
15769
16094
16110
16026
15967
16052
16021
16047
16658
16227
16155
16575
16544
16098
16021
16441
16543
17125
16325
16775
16246
16761
16569
16687
16519
16824
16461
16463
16626
16760
16257
16210
16684
16308
16450
16274
16297
16665
16706
16925
16894
16596
16589
16297
16422
16508
16672
16920
16980
16788
17128
16655
16529
16427
16500
16315
16295
16415
16506
16703
16430
16678
16524
16495
16915
17080
17114
16664
16695
16863
17106
17239
16759
17485
17510
17073
17352
18101
17706
17389
17504
17787
17742
17402
17154
17081
17956
17347
17777
17542
17155
17429
18205
17891
17807
18732
17947
17557
18250
18468
17905
17794
18069
18343
18547
18464
18373
18819
17528
17496
17775
17989
17373
16846
16884
17559
17465
17443
17632
17569
17341
17027
17018
17374
17283
17139
17321
17004
17638
17243
17463
17437
17472
17525
17578
17322
17417
18017
17281
17030
17240
17078
16518
17063
17221
16994
16903
16830
17600
17210
17287
17697
17239
17354
17291
17771
18626
17422
17816
17568
17256
17553
17979
17756
17136
17093
18308
21529
21285
21450
20592
16862
16890
17359
17200
17060
17459
16840
17134
17734
17289
17514
17654
17310
16998
17185
17289
17610
16968
16215
16566
16525
16614
16859
16934
16305
18006
16843
16101
16264
16389
16460
16305
16932
16701
16531
16464
16372
15956
16164
16093
16576
16183
16186
16284
16229
15979
16400
15868
16052
15979
16750
15527
16008
16090
16580
16640
16303
17163
16404
16819
16656
16422
16586
16290
17035
16825
16929
17247
17043
17280
17229
17412
16633
16843
16759
16591
16816
16975
20573
55248
55066
68903
66840
61945
55968
56656
60515
61523
59902
65059
68239
62498
64597
69900
65145
63362
63772
63097
62599
62604
62373
62268
63627
63316
64075
64397
63814
65181
68227
63005
68407
62861
63962
64031
67936
62384
63448
63109
61906
62466
61522
61726
63094
33813
16849
16622
17764
16488
16247
16279
16978
16776
17164
16610
16998
17069
16542
17101
16343
17285
16677
16562
17288
16643
16847
17551
41885
99056
102033
99487
95208
96636
96145
98273
144376
142308
145668
136496
134689
134697
135357
134478
134395
135176
142821
141242
134428
135102
135987
133943
136215
132756
128706
129517
130577
133453
143788
141952
144135
136449
137941
130007
126539
129553
135229
140891
143913
148856
149990
154653
142207
151005
142726
145222
160196
102624
86903
53389
54740
54694
61105
54614
54136
59293
61622
55685
54456
53659
24842
17569
17395
17583
17295
17374
17686
17775
17158
17427
18144
17735
17353
17499
16898
16969
17800
17329
17303
17146
17256
16963
126
16871
16719
16829
16556
16828
17059
17153
16354
16052
16257
16433
16402
16013
16042
15982
15622
16032
15891
16292
16155
15934
15890
16041
15792
16433
15672
15824
16026
15744
15953
16371
16119
16112
16013
16516
16087
16125
16593
16449
16523
16396
16031
16238
16579
16463
16469
16270
15973
16598
15988
16363
16239
15686
15528
15713
15372
15561
15364
15396
16677
15514
15332
15393
15493
15331
15475
15480
15431
15247
15639
15325
15548
15173
15557
15043
15686
15169
15151
15393
15587
15338
15165
15617
15379
15518
15341
16272
15667
15708
15522
16222
16355
16398
16675
16624
16819
17518
17234
17224
16997
17544
17483
17830
19033
17794
17759
17665
15369
15214
15516
15808
15558
14844
15443
15996
15575
15335
15286
14919
14934
15336
14878
14738
15188
15637
15552
17423
16442
15526
16019
15572
16428
16009
16490
16331
16103
15903
16083
16379
16551
16160
16064
16053
16020
16147
16090
16248
16015
16065
16499
16427
16040
15518
16780
16429
15857
15564
15161
15160
15142
15227
15097
14835
15095
15160
15965
15012
15230
15472
15363
15230
15163
15252
15325
15037
15324
15024
15186
14954
15479
15188
15858
15460
15451
15049
15363
15040
15491
15210
14798
15041
15650
14857
15155
14924
15371
15083
14966
15471
15039
15379
15388
15430
15009
15295
15189
15359
15157
15201
15174
14837
14668
14786
15375
14699
14376
14933
14399
14699
14901
14788
15562
14819
14795
15038
15068
16458
16183
15196
15728
15262
14618
14675
15563
15457
15091
14862
15232
14672
15308
15693
15503
15605
15430
15529
15706
16275
16146
15823
16031
15684
16074
15276
15720
15750
15887
15543
15787
15742
15876
15983
16112
15279
15668
15926
15719
15267
15394
15666
15391
15599
15971
15364
16107
15769
15233
15780
15619
15735
15460
16128
15603
15446
15659
16154
16059
15865
15739
16093
17974
22553
19359
15763
15574
15600
15685
15707
15565
15888
15947
15768
15280
15815
15944
15184
15832
15425
15881
15786
16150
15666
15647
15789
16197
16392
16179
16150
16439
16275
15935
16146
16472
16362
16645
15964
16101
15984
16026
16106
16112
16307
16339
16456
15984
16437
16089
16386
16788
17000
16874
17279
16404
16742
16173
16355
15950
15881
15921
16256
16059
15653
15675
15753
15459
15160
15191
15464
14941
14815
14836
14780
15044
15131
15104
14480
14666
14811
14703
14490
14681
14530
14328
14279
14581
14115
14240
13941
14798
14495
14221
14761
14542
14115
14496
14604
14397
14351
14294
14698
14830
14582
14986
14830
14916
14772
14929
14549
14587
14772
15026
15093
15070
14756
14497
14514
14464
14680
14368
14228
14746
14218
14936
14688
14522
14571
14457
14366
14104
15063
14730
14237
15106
14691
15156
14883
14819
15395
15400
15319
14616
14208
15387
14718
15082
14181
15128
14823
14909
14913
15053
15245
15138
15042
15022
14824
14495
14558
14819
14654
15295
14792
14920
14940
14565
15075
14746
15089
15091
14885
15001
15298
15180
15410
15532
15163
14931
15055
15029
14949
14633
15100
15052
14966
15276
15253
16119
15056
14965
15382
14855
15006
15113
14948
15074
15263
15033
14934
14666
16481
19255
19043
19820
19665
14853
14807
14610
15163
14909
15686
15340
15532
15038
15203
15299
15174
15161
15230
15062
15242
15254
15177
15147
15274
15215
15034
15087
15579
16120
15207
16506
16381
15488
15880
15499
15264
15526
15454
15817
15543
15657
15281
15336
15472
15507
15185
15724
15737
15536
15502
15559
15638
15504
15750
14972
15081
15284
14877
15230
15367
15199
15856
17459
17408
17352
17678
17438
17619
17647
16781
15430
15813
16114
16302
15993
16136
16382
15893
15979
16293
16024
16224
15882
15778
16798
16265
15854
15725
16017
16190
15756
16579
16153
15752
15628
16033
15951
16235
15597
15798
15718
15401
15523
15355
15502
15567
15689
15795
16034
15566
15430
16123
15946
15789
15454
15103
15619
15444
15772
15381
15203
16490
15833
15297
15921
15780
15277
16110
15553
15850
15391
15955
15632
15540
15612
16185
16512
16081
15871
16653
16915
16914
17585
17241
16899
16762
16914
16755
17258
16635
14921
14845
15225
15191
15210
15072
15465
15508
15431
15081
15219
15152
15136
14995
15362
15158
15223
15264
14930
14963
15026
14897
15193
14837
14654
14909
15167
15245
15486
15866
15477
15191
15520
14949
15829
15919
15694
15670
16020
15632
15529
15613
15552
15531
15762
15838
15387
15737
15764
16253
16281
16469
15884
15582
16014
15526
15308
15582
15380
15742
15808
15517
15796
16684
16304
15989
16181
16199
16133
15994
16381
16473
16664
16293
15880
16264
16468
16636
16832
16863
16995
16689
16503
16457
16474
16569
16110
16373
16137
16117
15788
16107
15928
15749
15834
15518
15828
16028
16619
15762
16152
17432
16175
16270
16372
16776
16341
16493
16501
16515
16338
16657
16472
16508
16569
16479
16163
16247
16102
16398
17104
16452
16470
16962
16938
16953
16813
16569
16901
16728
16697
16405
16893
16712
16430
16363
16547
16651
16719
17086
17265
17572
16746
17228
17092
16883
17135
16876
16455
16758
16627
16218
15787
16866
16258
16383
16040
16376
16716
16251
16913
16435
16692
16634
16750
16703
16856
17010
17362
16829
17115
18120
17282
17352
17667
17377
17363
17493
17094
17495
16616
16852
18363
17264
16768
18176
17823
17636
18271
17941
17620
18557
17320
17114
18032
17144
16958
17584
16863
16965
17940
17354
16940
17399
16396
16739
18137
16915
16930
17273
17568
16980
17471
16688
17412
17438
16833
17000
17509
17154
16873
17062
16954
16238
17148
16043
16598
16835
16385
16514
17432
17087
16728
16813
16752
16612
17463
16320
17086
17194
16415
16593
17091
16288
16740
17614
16746
16473
17364
17053
16498
17378
16716
15671
16054
16138
15568
16515
15556
15475
15219
1556
15825
15355
15459
15242
14855
15331
14827
14789
15363
16014
14843
16236
14939
14744
16360
15450
15251
16140
15408
15401
15753
15075
15472
51306
46184
15111
16068
15275
15483
15942
15361
15598
15975
15468
15312
15527
15251
14994
16233
15917
15520
15825
14805
15294
15834
15155
15796
16180
15791
15432
16965
16391
16654
16467
16240
15894
16341
15911
16105
16572
16235
15649
16572
16241
15913
16607
15995
15862
16120
14890
15873
15524
14817
15172
15607
15909
15628
16212
15713
15773
16501
15239
15695
15876
15322
15532
15787
14867
15620
15601
15213
15609
17066
16176
15833
15987
15709
15379
16075
15918
15673
16093
15530
15872
16040
15694
16767
16130
16429
16313
16169
15988
16694
16377
15918
15960
16382
15837
15811
16350
16306
16170
16338
16131
15891
16579
15827
15856
16590
15279
15681
15998
14968
15049
15411
14849
15019
15513
15860
15516
15719
15323
15728
15492
15244
15610
15799
15787
15574
15681
15469
15061
15737
15685
14970
15821
15319
15329
15599
15095
15304
16041
15222
14999
15765
15602
16284
16520
15545
16202
16673
15991
15870
16614
15969
15891
17066
16426
16696
16684
15908
16743
16587
16643
17202
17511
16618
16961
17781
16556
16765
17107
16287
16227
16649
16519
16715
17232
17361
17183
17335
16760
16914
17128
16848
16640
17240
16782
16626
16965
16573
16372
16788
16205
16182
16978
16571
16076
16716
16345
16129
16588
16348
16442
17262
17059
16344
16880
16243
16318
17130
16604
16933
17178
16167
16214
16694
16064
16085
16483
16065
16056
16648
16333
16033
18324
16839
16503
16391
15563
15622
15931
15610
15666
24360
23163
16379
16770
16290
16181
16844
15636
15701
16086
15980
15834
16536
16097
15634
16014
16289
15890
16345
15947
15836
15698
15169
15365
16021
15337
15339
16665
15982
15935
16061
15027
14947
15936
15530
15613
15849
14840
14375
14928
15044
14533
14919
14132
14551
15771
14549
14479
15211
13808
14384
14858
15048
15021
18828
19302
14562
15013
14632
15441
15106
14344
14150
14513
14251
14188
15350
14902
15226
14989
14403
14503
15140
14380
14420
14861
14320
14264
14626
14153
13933
14560
14218
13932
14660
14007
13695
14467
13744
13798
14169
14018
14001
14434
14106
14120
14653
14284
14228
14650
14840
14488
15345
14313
14875
14912
14658
14940
15142
14759
14784
15427
14222
14501
15086
14302
14142
14785
13754
13879
14560
14475
18408
18723
14694
14806
14825
14556
14811
15289
14513
14238
14697
13867
14346
14824
14020
14122
14623
14115
14399
14977
14289
14674
15375
14727
14835
15057
14489
14161
14381
14269
14332
14630
14149
14376
15146
14324
14673
14768
14706
14802
14763
14917
14712
14691
14894
14835
14637
14738
15464
15115
14842
14759
14486
14656
14356
15147
14925
14454
15029
15744
14974
15410
14697
14843
15438
15157
14881
14881
14730
15005
15109
14803
14792
15446
14801
15042
15343
15739
15981
15156
15034
14797
15004
14932
15012
14987
15676
15306
14883
14990
15155
15767
15211
14865
15298
15034
15713
15087
14684
14922
14535
15103
14910
15234
15065
15430
15218
14812
15241
15238
15292
15853
15300
15170
15831
14938
14891
15368
15360
18469
24268
18088
15350
15967
15652
15596
15157
15021
15055
15444
14895
14925
15077
15055
15029
14957
15340
15152
15085
15115
15015
15160
14965
14796
14527
14731
15489
15066
14579
14426
14248
14163
13977
14218
15040
16858
16441
16394
16410
16293
16431
16480
15091
14419
14618
14330
14617
14237
14358
14147
14695
16314
16264
16845
16745
16238
16135
17901
16139
14149
14165
15138
14332
15044
14727
14746
14527
14534
14568
14350
14631
14578
14521
14390
14442
14222
16343
14136
14239
15049
14312
14279
14600
14075
14050
14365
14222
14369
14723
14662
14522
14652
14554
14593
14628
14290
14271
14744
14095
14343
14911
16342
15164
14526
14694
14740
14699
14650
14467
14805
14867
14457
14027
14369
14018
14207
14179
13768
14246
14573
14781
14189
14834
14799
14496
15469
15366
15540
15157
15359
16126
16470
16366
16585
16513
16921
16309
16523
16606
16278
16720
16174
16567
16466
17097
16137
16388
16366
16780
16645
16552
16671
16640
16665
16529
16979
16969
17110
17012
16429
16969
17066
17753
17102
17239
17360
16385
15400
15331
15509
16037
14871
16556
15349
15023
15250
16629
15223
15214
15389
15371
15131
15005
15908
16244
15859
15773
15800
16545
16485
16481
16661
16288
16361
16378
17158
16356
16337
16486
16278
16286
16497
17309
16336
17005
17166
17088
17148
17722
17488
17675
17113
17417
17474
17371
17486
17570
17749
17678
17450
17499
18231
17498
17343
17418
17601
17504
17420
17684
17300
17377
17319
17187
17103
16864
17251
17448
17362
17635
17680
17539
17596
17857
17423
17417
17187
17379
17865
17668
17465
17380
17307
17048
17399
17449
17419
17639
17745
17459
17806
17519
17485
17428
17370
17605
17811
17169
17983
17581
17492
17673
17421
17429
17659
17650
17808
16708
17968
17837
17990
18679
18472
18437
17977
18809
19076
18583
18259
18199
18603
20094
19673
19733
19966
19501
20188
19209
19181
16911
15821
16065
16111
15863
15736
15564
15795
15488
15281
15797
15780
16095
15747
15856
16154
16047
16181
15887
15520
15747
15726
15987
15717
15663
16074
16220
15758
16023
15768
16175
15956
16281
15937
15781
15943
16494
16026
15926
16255
16300
15870
16072
15832
16309
16174
16845
17087
16171
16802
16150
16172
16393
17280
16619
16159
16421
16267
16660
16142
16611
18518
18247
18268
18369
18453
19214
18899
18675
17199
17003
16756
17322
17010
17418
18040
17429
17435
17464
16782
17115
17104
17259
17052
17335
16790
17653
16851
17386
17618
17654
16838
17226
16816
16903
16929
17027
16930
17243
17198
17178
21342
17469
17246
17211
14981
17351
16982
16381
16910
17115
16928
17253
17198
16894
17102
17193
16997
17209
17274
17126
17404
18920
19140
19126
18779
18274
18725
18616
17651
16395
16642
16927
16357
16728
16537
16411
16729
16306
16290
16059
16184
15870
16815
16812
16757
16447
16587
16196
15728
16484
16411
16687
17162
17113
17937
17069
17735
17217
16994
16573
16530
17137
17176
17353
16493
16308
16887
17650
17666
17363
18383
18159
18850
20022
19708
19889
19002
18542
19021
19109
19046
19284
18883
18671
18413
18820
18560
18574
19410
22995
22263
22515
22356
22405
22462
22794
23016
18637
19306
19416
19009
18331
18377
18691
18385
18919
18902
19082
19407
19101
18594
19083
18674
19060
18644
18170
18800
18877
18390
19062
19122
19191
19055
19258
19270
18780
18940
19557
19505
19135
18994
19170
19456
19227
19448
19791
19054
18796
18899
18692
18462
18850
18754
18523
19319
18600
18893
18479
16835
17003
17210
17023
17192
16858
17452
17396
17498
17754
17756
17308
17577
17410
17560
17413
18125
17478
17146
17272
17464
17276
17407
17025
16860
17069
17203
17083
16824
16726
18252
17240
17401
17424
17299
18310
17647
17020
16740
16808
16428
16890
17218
16854
17027
16557
16684
16464
16491
15729
16423
16547
16305
15980
16690
16523
16447
16958
17436
16719
17059
16685
16611
16339
16363
16533
17093
16908
17249
17005
16139
16886
16966
16181
16812
16905
16677
16366
15928
16129
16374
16314
16514
16052
16404
16176
16855
16717
16506
16665
16352
16582
16657
16144
16326
16780
16843
17062
17805
16957
16560
18239
17168
17821
19247
18676
17992
18772
19505
17989
19045
19959
18681
18683
18953
18371
19040
21306
18972
18917
18435
18308
18477
19095
18460
18328
18591
18460
18658
18573
18394
18487
18545
18306
18504
18279
19604
18333
17982
18050
18266
18201
18293
18863
18071
18939
18117
18387
17888
18143
18257
18144
18327
18216
17767
18544
18380
18282
18304
17604
18471
17714
17747
18156
18533
18802
18290
18773
18620
18327
18487
18280
19457
18028
18379
18017
17543
17956
18205
17472
17587
17200
17083
17388
18002
17392
17312
17437
17020
17040
17348
17935
17792
17916
17951
17918
19080
18793
18992
19418
19559
19232
19345
20364
16981
16606
17440
16536
16343
16560
16693
17482
17189
17392
17305
17395
17613
17974
17870
17632
17561
18074
18008
18132
18584
18209
18569
17337
17343
17851
17894
17984
17823
17905
17708
17374
17477
17877
17748
19020
17928
17320
18006
17950
18268
17696
17659
17971
17706
17732
17899
18192
17930
17570
18623
17519
17548
17596
17655
17223
17252
19629
17885
17915
17139
17303
17983
17707
17543
17639
17382
17077
16920
17240
16611
16640
17761
17146
16686
16561
16862
17105
16740
17229
17661
16693
17564
18165
17023
18016
17626
17823
18004
17931
17810
17727
18180
18020
18323
17933
18394
17787
17873
17777
18152
18651
17879
18462
18016
18222
17868
17323
17600
17460
17632
17142
17211
17945
16852
16908
16925
16717
17349
16826
16668
16252
16615
16640
16780
16367
15934
15553
15670
17048
18257
17700
18925
18610
18176
18527
19230
17293
15968
16273
16663
15899
16296
15681
15173
14890
15154
15368
15693
15892
15533
15995
16889
16208
16293
16186
16646
16178
16307
16233
16369
15765
16396
16019
16230
15818
15333
15576
17555
15092
15593
16003
15587
15358
15349
15498
15382
15604
15632
15474
15643
16198
15566
15884
15880
15664
15336
15379
14701
15148
15811
15499
15501
15190
15582
15067
15532
15203
15303
16518
15304
15443
15389
15135
15108
15952
15348
15396
15458
15615
15419
15844
16068
16069
15982
15322
15804
15811
15777
15865
15743
15814
15780
16179
15683
15701
15224
15265
15301
15376
15349
15613
15456
15340
15461
15534
15502
15335
15412
15302
15442
15692
15594
15890
15933
16184
16104
16587
16595
15988
15996
16076
16058
15950
16440
16475
16352
16376
17274
16342
15907
15901
15291
15146
15151
14969
15224
15936
15660
16679
16373
16125
17273
16603
16696
16919
16352
16842
16786
16897
16689
16491
16440
16937
16371
16845
16521
16481
16471
16704
17262
16724
17034
16574
16670
16630
16679
16575
16386
16781
16992
16831
16399
16563
16429
17209
16653
15799
15941
16012
16320
16181
16502
16724
16423
16327
16649
16526
16817
16136
16225
16017
16065
16138
15548
16120
15804
15500
16281
16533
16535
16073
16515
16126
16612
16805
16726
16303
16877
17194
16902
16764
16830
17132
17343
17279
17067
16921
16989
17031
17235
17114
16963
16963
16934
17059
17220
17145
17170
17458
16983
16911
16878
16957
16852
16999
17873
17281
17757
17616
17719
17638
17693
17596
17299
17093
17643
17803
17448
17390
18585
17401
18320
19718
18796
18459
17830
17683
18061
17951
17782
17954
18122
18079
17929
18027
17885
17803
18458
18276
19114
18538
18414
18560
17980
18774
18178
18449
19098
19071
19000
18692
18845
18402
18581
18949
18559
18886
18768
20747
19025
18811
18822
18741
19242
18743
19008
19212
18831
18651
18819
18617
18935
19049
18719
19501
19302
19266
18658
19088
19264
20121
19976
19711
19110
18995
19106
19252
18841
19598
19205
18737
19108
19520
19539
35072
33293
17982
18519
18467
18300
18144
18765
18403
18560
17537
17333
17190
17379
17375
17892
17728
17782
17808
18124
17710
17739
18099
17832
17744
17560
17547
17410
17555
17698
17739
17038
17751
17657
17696
17383
17786
17931
18191
17883
17776
17742
16971
17237
17689
17738
17294
17243
17407
17164
17463
17343
17677
17760
17643
18098
18342
17836
17113
16635
16868
16520
16939
16509
17094
16505
16060
15751
15853
15957
15823
16227
16224
15760
15980
16262
16165
16552
15856
16182
16285
16610
15866
16170
16325
16095
16075
16603
16551
17029
16821
17051
16667
16926
16819
16783
16846
16784
16658
17198
17171
17048
17872
16485
15825
17198
16672
16694
17226
16974
16223
16473
15667
15272
16781
16901
17157
17403
17741
17922
17932
18143
18157
18139
18614
18362
18578
18143
18117
18351
18062
17913
18258
18255
17956
18201
17950
18021
18113
18613
18237
18941
19091
19193
18501
18912
19882
19840
19169
19410
19911
19145
23251
23333
23264
23083
19557
20200
19826
19567
19584
19160
19408
18573
18058
18279
18502
19182
18699
18847
18509
18820
19155
19160
19380
19293
18389
19357
19475
19076
18637
18725
18812
17752
18797
18948
18816
19374
18297
17772
17313
17026
17575
16973
16997
16839
16687
17207
17210
16958
17237
16920
16954
17095
21619
17291
17384
17484
17533
17627
17397
17259
17267
17275
17271
17413
17453
17793
17440
17372
16977
17588
18153
18470
19400
18061
18544
18209
18736
18521
18526
18052
18289
18240
18401
17703
18314
18124
17819
18854
18930
18459
18259
18394
18295
18523
19929
18388
18514
18591
18714
18585
18220
17929
18049
18950
18215
18732
18305
34733
18603
18819
18539
18490
18727
17784
17810
17864
18337
17914
18030
18662
17880
17948
18392
17723
18289
18259
18137
17792
17725
17895
18556
18360
17841
18297
18216
17989
18508
18450
17740
17992
18454
17508
18203
17701
17665
17356
17471
16815
17036
16717
17041
17579
17133
17280
17481
16920
16758
17225
17074
17203
17934
17376
17305
17896
17263
17010
17671
17471
17658
18644
17696
17482
18188
17639
17700
18215
17505
17762
17937
17925
17639
18305
17654
17546
19711
21692
21777
21828
21790
22911
23668
20831
19690
16487
15787
15714
16293
16827
14859
15930
15605
15861
16069
16060
16085
16343
15767
15829
16951
16242
16169
16694
16673
16192
16522
15924
15795
16465
16220
16110
17568
17424
17419
18565
18026
18194
18559
18681
18516
19337
18602
18035
18705
19081
18745
19051
21922
22432
23569
22842
20078
19590
18566
18443
18810
18243
18461
19116
18658
18165
18675
17997
18319
18919
18361
18700
18754
17995
18100
18698
18235
18466
18922
18462
19195
18600
18333
18184
18580
18332
17778
18303
18436
18664
19335
18328
18682
19022
18592
18198
18727
18483
18296
19067
18295
18571
18861
18830
18709
18542
18334
18531
19203
18783
18608
18899
17760
18381
18589
18095
17552
18212
18486
18109
18401
18239
17754
18523
18345
18173
18437
18384
18839
18738
18031
18966
18811
18060
18437
18832
18178
18763
19296
18681
18494
19148
18982
19109
19392
18936
19042
18572
18639
18794
18590
18104
18265
18542
17835
17361
17563
17070
17009
17865
18004
18993
19858
19396
20419
20619
19099
18400
19466
18503
19289
19949
18709
19395
19505
18928
18915
19570
20143
19067
19570
19498
18754
18789
17904
18400
18328
18352
19483
19147
18710
18997
18603
18708
18059
18283
18919
19089
17759
18442
18601
19409
19250
19703
19647
19117
19439
19581
19008
18065
18930
18857
19101
18417
18965
18889
18816
17894
19097
18481
18074
18858
18360
18422
18700
18469
18873
18741
19040
19316
18681
19064
18473
19432
18635
18418
19109
19104
18880
18981
18429
18827
18566
19655
19042
18986
18794
19499
19449
19509
19188
18666
18275
18969
18986
19080
18934
18727
18767
19037
18776
19416
18805
19238
19403
19331
18723
18617
18774
19829
19540
19049
19620
19308
19742
19907
20218
19601
19919
19854
19161
19701
19574
19767
20087
20134
19774
19098
19196
20148
20377
20112
20116
20389
20334
19523
20543
20213
20283
20141
20640
19692
19702
20061
19535
19601
19394
19430
19820
19415
19435
19343
19381
18659
18534
18340
18560
18685
18005
18907
18487
18839
18190
18631
19026
18730
18145
18702
18231
18456
18917
19174
19156
19374
18909
19106
19080
19508
19027
19183
19057
18787
18711
18728
19048
19716
18988
19622
18951
18321
18730
18958
18944
18718
18510
18902
18245
18585
18992
18764
18974
18989
18782
19282
19697
18401
18729
18395
19039
19601
19125
18560
19202
19684
19328
19641
18866
19702
19491
19430
19683
19362
19625
20013
19825
19928
20299
20249
19727
19296
18921
18451
18756
18531
19018
18471
18419
18575
18627
18653
18829
18967
19470
18950
18563
18573
19247
18826
19623
18779
19211
18936
31420
38764
18703
19264
18721
18381
18755
18547
18208
17934
17962
18401
18351
18099
18037
17615
17795
18575
17767
18492
17810
16851
17212
17018
17182
16983
16960
17741
17680
17125
16991
16977
17450
17447
18317
18253
18407
17722
17083
18185
17967
18121
18344
17826
18029
17753
18621
18501
19389
19081
18288
18471
18340
18333
18638
19311
18456
18407
18840
18845
18227
17967
18228
18684
18226
18171
18158
18227
18664
18016
17988
18431
18310
17734
17854
18469
17848
17684
17477
17484
18046
17933
18096
18294
18000
17953
18495
18922
19830
18854
18731
18674
18740
18613
18638
18438
18396
18282
18268
18379
19042
18964
18613
18794
18999
18341
18433
18520
19256
18255
18565
18606
18207
17971
18036
18406
18714
18289
18199
18248
18224
18421
18155
17833
17678
18414
17989
18097
18170
17997
17891
18361
18135
17576
18076
18329
17992
17871
17986
17962
18112
17913
17772
17817
17079
17304
17477
18760
17540
17997
18024
17417
17666
17857
18607
17698
18068
17860
17950
17491
17345
16892
17225
17331
17399
16452
17140
17380
16895
17382
17469
17524
17873
17471
17645
17380
17189
17423
17443
17553
17815
17652
17432
16941
17673
17502
17232
17085
17398
17044
17828
17574
17727
17498
17887
17504
17616
17903
18144
17680
18283
18086
18271
17936
18090
18539
19912
18225
19072
18915
18366
18620
18369
18194
17437
18736
18951
18420
18264
18271
18354
18529
18804
18606
18141
18324
18359
17916
17821
18252
19302
17503
17963
18015
17972
17790
17938
17748
18077
18222
17927
17245
17714
17442
18039
17566
17716
17434
17147
17010
259
17284
17403
16835
17282
17327
17007
17224
16859
17339
17978
17735
17458
17758
17392
17446
26355
24336
18718
18352
18527
18488
18279
18162
18972
18874
18705
18429
18298
18193
18315
18201
18092
18431
18874
18470
18266
18430
18047
18178
18400
18635
19513
18933
22866
23211
22929
22572
18676
18782
18738
18789
19199
18781
18524
18776
18627
18731
18739
19240
18445
18015
18021
17919
18429
18387
18790
18072
18464
18385
19377
18317
19065
18850
18590
18752
19236
18395
18294
18971
19504
18858
18976
19124
19685
18846
19280
19721
19151
19581
19213
18966
18395
18608
18622
18550
18393
19439
19034
19016
19682
18685
18401
18576
18422
18710
19461
18534
17573
18377
18314
19509
20626
20419
20604
20651
20688
21081
20964
20702
21133
21226
20838
22964
24535
24559
24601
24610
22357
22966
22172
22170
18321
18485
18270
18692
18130
18110
18247
18141
18618
18585
17970
18428
18338
18262
17735
17582
17750
17881
18019
17679
19085
24943
20779
29984
36919
26626
47269
40406
26667
47975
39118
34485
42089
35943
35519
37298
29165
24100
29546
27376
32314
18851
19169
18269
18325
18286
18087
18150
18096
18347
18193
18824
18854
18341
18243
19166
19309
18907
18673
19068
18660
18528
18996
19328
19318
19152
19518
19243
18925
18534
18893
18940
18903
18952
18317
18503
19148
18548
18943
18733
18967
18477
18419
18055
18064
18088
18143
18660
17819
17538
18183
18054
18584
18469
18612
17940
18035
18030
17395
17019
17433
17392
17951
18056
17805
18317
17297
17806
17766
17394
18128
18234
17792
17775
17910
17902
19051
18379
20268
18621
18145
17705
18568
18273
18225
18041
18548
18375
18645
18354
18770
18257
18394
18470
18515
18379
18470
17884
17754
17851
18029
17816
18149
18396
18444
18971
18994
18471
18555
18599
18576
19099
19030
18583
18589
18796
18607
18909
18624
18525
18691
18487
18638
17970
18149
18241
18161
18709
18823
18826
18950
18561
18875
18382
18720
18973
18802
18076
17858
17214
17112
17273
17297
17217
17496
17626
17616
17948
18215
17738
17485
17664
17794
18456
17358
17362
17814
17825
17995
18541
18143
18146
17707
18011
18123
18162
18290
17960
18207
18451
18935
18379
18350
18355
19783
22307
22768
22190
20190
18392
17620
17394
17504
19065
17713
17564
17055
17649
17326
17565
17459
17297
17239
17009
17181
17281
17082
17118
16804
17323
16643
16845
16790
17443
17079
17078
17396
17180
16890
17531
17619
17088
16987
17330
17525
17551
17585
17428
16989
17227
17324
17593
16997
17416
17643
17867
17764
17067
17348
17462
16809
16843
17181
17446
17339
16940
17503
17643
17486
17334
17182
16937
17105
16951
16524
16600
17242
17342
17101
17115
17168
16691
16949
16888
17264
17207
16606
17080
16783
16786
17060
16968
17292
17208
17555
16878
18072
17432
17461
17213
18031
17820
17995
17638
17366
17638
17578
17004
17317
17261
17474
17424
17934
17987
17677
17734
17244
17110
17546
17032
17401
20306
20668
20287
20191
20785
21380
21835
21284
16802
16774
17367
17456
16784
17070
17034
17627
17273
17116
16586
16615
16922
17493
17135
17373
17118
17089
16997
16433
17018
17674
17143
17495
17557
17879
17781
17573
18267
17656
17651
17458
17395
16761
17230
17389
17347
17233
17378
17624
17527
17728
17494
17766
17239
17243
17533
17722
17764
18649
18176
17582
18540
18207
17914
17654
17548
17401
17734
17260
17211
17001
17219
17436
17182
17547
17552
17668
18130
17803
17687
17773
17773
17195
17613
17154
17601
17742
17481
16831
17349
16717
17162
17271
17380
17309
16849
17200
17402
17153
16461
17396
17240
17140
16685
16789
16623
17157
17494
17471
17294
17046
17163
16657
17111
16767
16740
16911
17199
17612
17317
17314
17369
17666
17002
17847
17291
17542
17571
17649
17115
16899
16999
17263
17229
17130
17208
16965
16596
17031
16774
17308
16674
16942
16794
16577
17439
17454
17097
17746
17485
17021
16591
17007
17464
17669
16875
16954
16857
16186
16912
16105
16389
16582
17060
16127
16816
16651
16980
17014
16796
16412
16005
15821
16648
15615
16701
16483
16065
16125
16214
16494
17030
16994
16744
16490
16887
16651
17068
16950
17209
17177
19770
21155
20770
21055
17793
17144
17309
17726
17552
17171
18189
17806
18051
18147
18657
18397
18140
18886
18783
18160
18268
18793
18962
19870
18348
18378
18592
18816
18325
18555
18216
19059
18387
18405
18308
18237
18302
18639
18821
18188
17759
17398
17513
17362
17270
17811
17339
17042
16900
17027
17524
17228
17175
16596
16707
16957
16745
16707
16377
17416
17797
18123
18478
19195
18225
18384
19575
19457
18965
19114
19518
19089
19083
19149
19045
19266
19524
20074
19379
20008
19604
19721
19677
19444
19590
19097
19341
19533
19567
18894
19089
18764
18286
17477
17962
18078
18346
18152
18283
18028
18192
17890
17982
18017
18782
18304
18432
19035
18802
18764
18572
18724
18859
18964
18801
18816
17905
18120
18105
19003
18700
18388
18670
19304
18392
18487
18467
18578
18254
18444
18673
18499
18697
18130
18329
18560
18398
18879
18292
18613
18495
18009
18312
18437
18402
18673
18136
18108
18285
18256
18183
17919
18256
17988
18280
18410
18358
18285
17708
18263
18027
18292
18693
18736
18940
18956
18525
19477
19533
18908
19204
18858
18370
18852
18434
18875
18244
19017
18665
17931
18346
18997
18158
18923
18504
18476
18932
18281
18133
18300
18400
17849
17907
18226
18312
18239
18745
18460
17672
18018
17936
17947
18250
18672
17922
18453
18015
18183
18083
19143
18941
18425
18800
18255
18146
18315
18070
18654
18869
18794
19879
19393
18718
18736
18424
18333
18106
19036
19167
18801
18330
18195
18142
18715
18336
17959
18064
18034
18117
18358
18134
18466
18219
17624
18393
18413
17356
17581
19591
18941
18056
18098
17534
17772
18136
17891
17448
17372
17343
17907
17999
19604
18312
17823
17745
17700
17515
17741
17658
17374
18856
17878
17884
17554
17328
17306
17814
17419
17165
16867
17563
17116
16785
17327
16831
16851
17174
17127
16949
17096
17444
17380
17394
17534
18279
17747
17644
16868
17144
17175
17020
16794
17073
17146
17826
18788
17498
17342
18069
17178
16679
17415
16774
16406
16487
16840
16571
17057
17666
16622
17299
17874
17145
16537
16878
17132
16931
17024
16437
16872
16566
16232
16460
16714
16771
17186
16386
16180
16146
16536
16600
16526
16563
16775
16391
16564
16831
16444
17559
16857
17820
16494
16538
17826
16481
16496
16136
16560
16376
15959
16035
15745
15567
15645
15791
15123
16147
15345
15264
15473
15520
14943
15030
15370
15761
15186
15172
15136
15553
15346
15187
15354
15852
15688
15380
15818
15606
15653
15590
15643
15762
15146
15647
15996
15297
15426
15398
15516
16092
15337
15455
15561
15406
15651
15566
15939
15711
15575
15974
15928
15838
15962
15977
15918
16346
15818
16236
16626
16110
16106
16143
16104
16058
16413
16077
16099
16380
16175
16746
16505
16560
16526
16957
16146
16628
16727
16479
16618
16737
16301
16695
16957
16543
16122
16547
16510
16744
16704
16834
16798
16452
16625
16796
16857
16651
16889
17069
16744
16612
16584
16420
16149
16255
16354
17236
17610
17013
16984
17360
17678
17479
17379
17771
17357
17048
17071
17020
17133
16730
17195
16772
17172
16658
17098
16701
15950
16066
16038
15827
15659
16049
15733
15888
16473
15974
16019
16585
16120
16534
16216
16972
16080
16914
16436
15762
16055
16560
16374
16517
16232
16276
16169
16446
16657
16258
16359
16498
16583
16547
16278
16467
16726
16182
16195
16110
15932
15972
16417
16171
16243
16829
16900
16795
17009
16558
16353
16797
16706
16234
16526
16172
16242
16525
17117
16394
17233
17027
16573
16692
16565
16667
16375
17156
16308
16480
16233
16334
16354
16667
16689
16847
16403
16642
16711
16154
16229
16175
16111
16329
16265
15635
16100
16102
16294
16488
16553
16457
16487
16541
16087
16957
17186
16315
16651
16440
16201
16420
16966
16575
16660
17140
16866
20536
16633
17005
20284
20123
19563
19923
19933
19787
19197
19700
17234
17799
17425
17137
17361
17665
18002
17915
17594
17417
16500
17390
17877
16726
16625
16950
17409
17027
17038
17007
16908
16710
17032
17231
16417
16849
16628
16899
16903
16879
17600
17324
17118
17317
16652
16800
17409
17236
17326
16661
16936
17019
17357
17092
17553
18990
16901
17213
17015
17516
17449
17366
17241
17028
16671
16925
16781
17227
17251
16821
17220
16891
17247
17395
16955
17425
17370
18049
17662
18024
17641
17525
17565
18085
17732
18652
18493
18405
18179
18340
17872
18017
17607
17783
17918
17803
17622
17737
18137
19454
18096
17831
18194
17735
17720
17770
17985
17337
17612
17323
17447
17444
17378
17647
17952
17460
17375
17341
17366
17891
17825
18393
18571
17887
18027
17571
18502
17621
18668
17945
18118
17938
17701
18396
17660
17821
17257
17790
17210
17789
17525
18456
17455
17673
17179
17147
17435
17364
17236
17226
16918
17210
17592
17699
17419
17732
17542
16992
17331
17420
17511
17375
17326
16802
17137
17433
17059
17686
17352
17359
16980
16911
16819
16662
16511
16739
16866
16882
16817
16945
17477
16951
17122
17391
17310
16679
16979
17473
16719
16872
17075
16708
16873
16817
16763
16521
16583
16503
17164
16612
17293
16478
16272
17466
17340
17023
17119
15876
15998
16105
16983
16004
16760
16265
15917
16638
16261
16187
16555
16665
16541
16658
16061
16243
16316
15837
16522
15753
16410
15904
15798
16389
16680
16750
16013
18132
16469
16657
16500
16371
16177
16088
16300
16933
16079
16607
17234
16107
16874
16432
16100
16301
16176
16593
16608
16668
16245
15888
16336
16052
16702
17188
16740
16811
16847
17251
16949
16264
15935
16714
16167
16863
16838
16375
16319
16418
16146
16418
16587
16706
16242
16754
16493
16252
16649
16588
17533
16916
16494
17124
16522
16796
16944
17124
17647
17004
17254
16954
17246
17133
17273
16747
17056
17032
17054
16903
16844
16605
16342
16479
16250
16734
16784
17247
16757
17000
16818
17036
16427
16918
17018
16785
17080
17108
17712
17290
17493
17399
16554
17006
16806
17096
16652
16455
16414
16513
16269
16823
17086
17026
17722
17504
16995
17943
17172
17276
17637
16849
16667
17587
16723
16515
16771
16334
16523
17298
16848
16475
17471
16625
16575
16866
16982
16314
16821
16402
16026
16671
16145
16468
16136
16268
16644
17090
17324
16600
17099
16613
16718
17058
16239
16789
17483
16905
16549
17465
17021
17155
17838
17317
17069
17603
17337
17261
17696
16868
17101
18424
17643
17560
18234
17687
16915
17928
17418
16936
17692
17475
17729
18839
17245
17634
18299
17671
17001
18173
17727
17127
17860
17231
17435
18103
17328
17132
17799
17206
17312
18142
17291
17045
17317
17592
17384
17913
17539
17893
17645
17236
17136
17317
16530
17338
17480
17008
17601
17426
17150
16165
17116
17438
16518
17051
16691
16847
16795
18699
16076
17210
15721
16158
16923
16862
16579
16493
17326
15851
16770
15922
16099
16288
16398
16526
16284
16223
16285
16777
16297
16327
17449
16195
16148
17099
16271
16137
17009
16296
16253
16783
15928
16233
16347
16460
16163
16650
17038
16235
16845
16463
16752
16866
16809
16945
17891
17284
17488
17827
16742
16931
17646
17186
19051
18677
17063
17360
17744
16821
17533
17934
17107
17728
18045
21427
21581
22094
21905
18162
18391
17381
17752
18222
17403
17811
18457
18439
17399
17997
17811
17671
18704
18200
18808
18829
18016
17705
17938
17098
17297
17382
17461
17066
17488
17419
16731
17476
16803
19
16913
17513
17025
17296
17296
17168
17038
17340
17250
17665
18107
17769
18451
19223
17813
18040
18412
17908
18631
18859
18810
18012
18984
18465
18489
19000
18947
18395
19027
18359
17939
18749
18201
20001
18680
17860
17544
18870
18646
18946
19324
18993
18887
19450
19745
19176
19932
18702
19469
19638
19188
19330
19204
18717
18585
19619
18879
19063
19043
18166
18072
18290
17831
17811
18220
17856
18232
18677
18080
18199
18710
17673
17757
18570
17558
17476
18693
17816
17830
17998
18047
17795
18115
18152
18651
18378
18211
18071
19292
19003
18526
19402
18989
18889
19231
18154
18977
18935
18247
18997
18740
17985
17923
18416
18294
17965
18169
17987
18281
19065
17912
18097
18471
17995
17947
19153
18446
18240
18872
18179
17941
19021
18599
18098
18612
18589
18834
19208
19522
18797
19731
19135
18738
19982
18806
19796
20458
18986
18415
20228
18781
18835
19314
19781
18637
19862
19741
19370
20372
19078
19606
19953
20041
19260
19637
19248
19365
19880
18824
19749
20129
19025
18465
19440
19099
18598
19144
18731
18807
19694
19316
19314
20084
19205
19485
19357
19148
19442
19965
19374
19550
20012
19324
19109
19747
19328
19682
19230
19277
19251
19066
19509
18907
19254
19167
19314
19742
19721
19503
18824
18423
18482
18338
17977
17643
18559
18060
17620
18455
18092
17726
18612
17950
17741
18419
17894
17834
18259
17516
18597
18936
17809
17988
17901
17280
17288
18094
18042
17437
18773
18170
17992
18195
17787
17881
18264
17872
17771
18527
17707
17673
19059
17816
17493
18954
17731
18050
19685
18844
18873
19503
18877
18475
17722
17467
17577
18426
18272
18093
18186
17804
18541
19176
17329
18375
18504
17945
17326
17663
17455
17556
18116
17898
17580
17636
17616
17678
17328
17556
17778
17540
18560
18244
17844
17916
17766
18019
18167
17962
18397
18219
17821
17708
17924
17867
18049
17765
17817
17426
17654
17727
17632
17264
18279
17544
16870
17286
17275
16986
16684
16979
17195
16719
16178
16609
16688
16414
16817
16745
16612
16346
17131
16746
16689
16765
16880
16197
16188
16740
16638
16810
16542
16481
16572
16608
16668
16578
15703
16739
17075
16291
17048
16821
17315
16590
16704
17104
16204
16561
16449
16787
16663
17583
18415
18926
19187
18409
19159
18885
17844
15592
16100
15839
16020
16333
19122
19325
19593
19268
19144
17691
16312
15540
15760
15743
15337
15565
15716
15389
15389
15422
15837
14835
15193
15533
15385
15308
16415
15536
14726
14589
14776
14805
15841
15088
15084
14905
14970
14776
15049
15011
15323
14947
14736
18202
21507
21924
22294
18573
14960
14869
15229
15041
15048
15220
15179
15249
15297
15518
15182
15362
15496
15456
15594
15417
15498
15610
15545
15374
15492
15504
15223
15928
15675
15574
15997
15923
15934
15870
15779
15961
15725
15767
15804
15445
15368
15676
16021
16193
15448
16355
15808
15841
15800
15794
15835
16121
15974
15173
15637
15923
15995
15542
15611
15852
15648
15549
16093
16693
20438
20012
20303
19025
15694
16407
15896
15615
16037
16641
17274
16231
15921
16186
16192
15999
16374
17311
16697
17221
16756
16642
16315
16593
16435
16679
16557
16899
16578
16830
17188
17106
16902
16916
16642
16570
16848
16713
16736
16181
17093
17331
17361
17560
17203
17810
17242
17317
17168
16756
17599
17177
17383
16889
17215
17269
16493
16647
16726
16569
16508
17015
17032
16697
16953
16662
17244
16946
17083
17456
16543
17056
17486
17292
16880
17333
17560
17530
16799
17174
17538
17796
17588
17807
17190
17526
17366
17437
17680
17751
18161
17467
18773
18185
18548
17897
17739
18139
17746
17597
18113
18282
17859
18767
20466
19437
19794
20533
21062
20222
20566
20933
20886
20524
20940
21001
21147
20469
18649
18250
17392
17112
17829
17106
17003
17265
16893
16652
17143
17143
16575
18009
17191
17448
17314
17648
17727
17776
17598
17684
18203
17877
17446
17304
17567
17645
17755
17782
17545
17374
17778
17804
18333
17431
17259
17337
17832
18549
17783
17729
19599
18902
20358
18883
18990
18735
18723
18910
18297
18047
18385
18416
18858
18632
18752
18980
18681
19006
18701
19122
19122
18778
19020
18160
17498
17144
17633
17266
17266
16945
16813
17449
16902
16592
16670
17051
16530
16704
16857
16425
16477
16308
16728
16694
16422
16657
16620
16675
16597
17140
16807
17196
16987
16770
16485
16826
16890
16554
16618
16712
16915
16738
16694
17003
17388
16942
16950
16985
16847
17213
17434
17591
17737
17666
17960
18390
17687
18334
17677
18954
18547
18486
18303
17987
18244
18377
17926
18152
18177
18448
18488
18337
18096
18965
18274
18354
18663
18805
18658
20396
19330
18471
18603
18195
18316
18615
18569
18116
18135
17925
17953
18088
18309
17779
17553
17674
17573
17496
16970
17523
17275
17277
16874
17004
17058
17064
17250
16811
16414
16371
16899
17039
17379
17019
16540
16698
16769
17334
16647
17034
17517
17089
16451
16468
16828
16366
16678
16474
16600
16419
16645
16358
16186
16364
16500
16548
16122
16277
16750
16339
16189
17403
16672
16070
17301
16392
16663
16838
16270
15954
16389
16795
16966
17492
16924
16780
16892
16824
16987
17054
17388
17219
18665
17095
17228
17324
17856
17562
17394
16624
16640
16701
16949
17143
16851
17355
17098
16820
17145
17458
16892
16841
16811
16726
16975
17058
17600
17286
16936
17448
16720
17276
16634
16540
16646
16614
16864
16991
17061
16505
17364
16902
17420
17143
16443
16567
17114
16137
16470
16309
16607
16716
16721
17207
17112
16965
17046
17093
17088
17524
16958
17264
17665
16662
17098
17050
17062
17322
16985
16818
17692
17749
16959
17120
17540
17890
18344
17746
17840
18029
17173
17066
17005
17116
17260
17001
17030
17238
17238
17747
17101
17101
17464
17177
17376
17714
17846
17989
17805
18101
18049
18098
18193
19141
17972
18285
18797
18265
18501
18398
18038
18572
17707
17376
17821
17123
17513
17673
18105
17379
17792
17467
17837
17678
17578
17830
17890
18366
18727
18168
18399
18014
17258
17776
17484
17635
17355
17340
17502
17891
16959
16551
16814
16804
16984
16947
16917
18654
16851
17112
17073
16997
17201
17516
17290
17358
17749
17624
17724
17623
17965
17321
17607
18051
17098
17862
17628
17334
16900
16955
17321
17034
17509
17316
17271
17563
17590
17547
17317
17606
17655
17939
18295
18148
17893
17449
17819
17760
17501
17562
17457
16892
16612
17271
16803
17213
16857
17419
16731
16607
17415
17639
17255
17160
17052
17642
17325
17451
17424
17741
17379
18009
17887
17312
17392
16922
16925
16728
16738
17210
16867
16825
16712
17333
16426
16790
16356
16237
16194
16708
16422
15981
15760
16056
15919
15407
15820
15960
15858
15699
15081
15596
15687
15494
15599
15459
15092
15176
15509
16358
15886
15955
15426
15658
15626
15905
15807
16191
15964
16138
15764
16165
15593
15734
16772
16262
16094
16908
16312
15858
16237
16418
16462
16528
16266
15873
16073
16020
16204
16460
15752
16353
16210
16536
16559
16666
16829
16831
16734
16416
16564
16605
17036
16257
16874
16743
16624
16641
16488
16260
16743
16580
16544
16643
16714
16500
16363
16306
16268
16222
16713
16414
16749
16170
15993
16438
16186
16038
15915
16319
16003
15952
15795
16232
16026
15988
16972
18919
19364
19563
20340
17019
15623
16610
16183
15944
16244
16357
16173
15679
15871
16075
15932
15635
15991
15977
15712
16085
16182
16238
16153
16269
15840
16162
16140
18102
19093
20068
20047
20161
21129
20432
20809
19669
17032
17374
16679
17483
17099
16990
17574
17178
17458
17058
17555
17068
17539
16834
16761
17353
17585
17108
16971
16935
17096
17122
17225
17039
17179
17046
17174
16819
16865
17189
17109
16629
16683
17529
16520
16560
16775
16992
16669
16932
17010
16609
16092
16222
16154
16144
16720
16468
16690
16259
15894
16148
16672
16968
15917
16167
16156
16560
16526
16544
16339
16679
16049
16233
17059
16753
16592
16632
16078
15642
15832
15727
16371
15716
15744
15937
15860
16162
15972
16091
15935
16156
16194
16146
15822
16602
16886
16790
16768
17673
16968
17039
16516
16814
16541
17155
16711
16741
16468
16911
17135
16792
17378
16475
16771
17601
17919
17406
17272
17638
17256
17466
17655
17436
17372
17295
17680
17312
17390
17349
17700
17722
17635
17619
17174
16892
17282
17416
17012
17048
16889
17388
16952
17268
17026
16761
17067
17029
17221
16552
17036
17145
17352
16896
17124
17887
17312
17613
17595
17447
16948
16946
17283
17217
16508
16885
17033
17345
16948
17071
17014
16665
16920
17106
17467
17320
17360
17598
17197
17578
17769
17103
17146
17413
17498
16890
17697
17512
17399
17450
17066
17483
16929
16786
16898
17022
16444
16984
17377
16867
16941
16438
16919
17249
17264
17221
16614
17617
16975
17304
17768
17959
19004
19732
19298
17863
16374
17135
17231
17398
17087
17643
17454
17515
18020
17449
17684
18605
17691
16778
16962
17596
16673
17181
17037
16712
17195
16984
17363
17240
17038
17056
17559
17624
17257
17373
18419
17696
17674
18329
17634
18018
17797
18508
17542
17793
17953
18077
17783
18242
18038
17845
17591
17956
17701
17634
17283
17017
17282
17109
17212
17420
17465
17395
17189
17013
17107
17199
17380
16864
16962
17464
16817
16714
16983
16855
16757
16675
17215
16374
16697
17047
16886
17080
16997
16945
17341
17077
17216
17118
17418
17554
17710
17563
17411
17286
17420
17067
17677
16834
16490
17698
18079
17276
17632
17484
17575
18115
17420
17301
17504
17357
17506
17163
16642
16529
16702
17123
16706
17321
16929
17206
17139
16894
16830
16938
16278
16518
16347
16704
16261
16549
16355
17408
16751
16330
16520
16547
16238
16252
16460
16830
17298
17028
17222
16980
16124
17144
16792
17362
17102
17323
18448
17226
17534
18739
17213
17050
17505
16956
16742
17009
17736
17318
17726
17201
17347
17327
17756
17265
17329
17675
17993
17397
17188
17721
17531
17568
17036
17237
17341
17142
17062
18386
16936
16666
16907
16661
16803
16677
16693
17001
17231
17253
16912
17093
17889
17731
17872
17870
17291
17531
17504
17412
17385
17943
18437
18047
17855
18681
18233
18866
17884
18778
18219
18425
18475
18583
18464
19174
18767
18565
19011
18421
18606
18362
18518
18712
18919
17999
18737
19107
19994
20843
20468
20410
19949
19530
20371
19755
19871
19647
19880
19994
19683
19872
20225
20238
19720
19987
20545
20225
19400
20391
19564
19896
19541
19676
19610
20120
19911
19979
19599
19947
18852
19326
19457
19186
19066
19564
20217
19999
20001
19507
22056
19870
20130
19690
19959
19828
20286
20868
20767
20384
20955
20464
20397
20788
20863
20429
21741
21324
21763
21619
22127
22143
22393
22434
21905
22581
21724
22825
22310
22683
22571
22436
22627
22675
22214
22750
22722
21592
21728
21685
21322
20570
20835
21655
21523
21153
21555
20795
20790
20959
21078
20957
20551
20698
20586
20983
20935
20915
20890
20573
20698
20273
20135
19950
20367
20193
20256
20304
20613
19707
19955
21119
20335
19444
19311
18911
19592
19551
19055
19565
19071
19184
19086
18701
18668
18616
19051
18765
18791
18804
19169
19583
18937
19400
19817
19530
20179
20156
19572
20606
20315
20347
21364
20850
20358
20618
20298
20368
20407
19983
19652
19720
18997
18865
18448
17560
17377
17246
16894
16612
16310
16123
16371
16554
16597
16428
16614
17797
16494
16558
16912
16722
16432
16786
16584
15967
16220
16176
16187
16456
15991
15871
15466
15856
15688
15402
15495
15508
15337
15270
15426
15387
15393
5627
15599
15029
15155
16094
15561
15956
15656
15848
16015
15509
16617
16332
16117
15972
16088
16499
17204
17859
17554
16280
16048
15933
16198
16437
16101
16724
16682
16849
18226
17186
16831
16987
16551
16492
16078
15947
15974
16338
16428
16457
16169
15985
16817
15992
16033
16180
16095
16562
16168
16345
16840
17548
16220
16121
16914
16606
16594
17196
17030
17357
17684
17755
18233
17471
17195
17214
17162
16963
16864
17148
17138
17320
17619
17587
16843
16790
16942
16742
16743
16278
16584
16775
16726
17216
17361
16839
16986
16984
16780
17145
16850
17116
17547
17983
17698
17744
18163
17915
18315
17852
18022
18015
18227
17874
17724
19017
18207
17248
17889
17088
17570
17448
17379
17605
17377
18237
17631
17297
17650
18276
18060
17929
17631
18149
18490
17920
17950
17555
17623
17950
17918
18351
18240
17982
17822
17351
17672
17204
16912
16983
17448
17163
17738
17627
17652
17728
18228
17803
17490
19166
18336
18275
18800
18389
18569
18814
18808
19291
19393
19072
18272
18208
17830
17836
18223
18128
18587
18097
18485
18437
17308
17066
17028
17218
17373
17293
17726
17381
17297
17534
17141
17335
16912
16765
16401
16707
16867
16999
16914
17108
16946
17085
16528
17275
16451
16776
17559
16922
16635
17113
17045
16468
16654
16940
16654
16562
17487
17152
16916
16778
16969
16565
16123
15941
15915
16430
16186
16084
16501
16259
18102
16114
15632
15878
16662
16352
16336
16589
16653
17231
17230
16781
16687
16787
16870
16730
16932
16725
16670
16686
16658
17107
16238
16991
16550
16310
16336
16133
16911
16803
16480
16651
16744
17253
16668
16481
17211
16875
17006
17477
18356
17599
17562
16712
16589
16952
16420
16947
17085
17530
17338
17161
16848
17385
17173
16346
16079
16725
16811
17173
17424
17750
17149
17394
17611
17383
17375
17986
18169
17693
17867
17988
17608
18485
17914
17588
17744
17953
17924
17990
17736
17934
18628
17783
18075
18293
17685
18410
17821
17718
18092
18554
18389
18072
18026
18543
18490
18251
17600
17426
17556
17430
17628
17387
17331
17822
17979
17563
17431
17272
17597
17706
17570
17959
17876
18605
18316
17718
17494
17793
17366
17853
17625
17324
17046
18397
17821
17756
17756
17824
17995
17962
17255
17294
17255
17650
17934
17842
17941
18070
22586
22597
21982
22315
22957
22809
23099
22793
20025
18993
18891
20187
18047
18313
18666
18784
18647
18753
18613
18185
17995
18165
18336
17892
17997
18198
18419
18362
19225
19621
19285
19530
19536
18886
18955
19476
19319
19141
19414
18875
18622
19031
19353
19072
19359
19868
19389
18798
18990
19266
18417
18081
17933
18108
17886
18052
17918
17743
17733
17919
17659
17907
18035
20094
20075
17985
18153
18119
17897
18344
18399
18009
17907
18008
17967
17882
17992
18091
17809
18366
18135
16789
17979
17643
17657
17909
17943
18392
18398
18104
18501
18273
18147
18322
18505
18264
17680
17772
18451
18676
17891
18813
18146
18326
18015
17992
17770
17877
17688
17347
18521
18383
17707
18008
16837
17296
17601
17468
18013
17839
17675
17457
17492
17420
16867
16851
17374
17291
17202
17423
18765
18368
17837
18874
19368
19334
19318
18797
18739
18455
19834
18917
18843
19166
19189
18567
18023
18076
17801
16714
17031
16838
16524
17000
16540
17742
18067
17936
18386
18383
18280
19004
19106
18324
17260
17412
17514
17405
17216
17618
18551
17902
17886
18311
17998
17987
17785
17855
17568
17496
17223
17436
16919
17476
17467
17926
17726
17356
17659
17756
18315
18346
18128
18327
18277
18789
18612
18376
18318
18034
17941
17545
17493
18025
17621
17432
17184
17386
17399
17405
17054
17317
17565
17669
18123
18576
18590
18720
19059
19047
19194
18699
18952
18816
18645
18784
18738
18404
18733
18885
18787
18688
18738
18775
18864
19332
19227
18657
18246
18242
18175
18351
18144
18245
18134
18433
18593
18327
18882
18871
18631
18811
18635
18950
18334
19056
19112
19194
19103
18762
18795
18459
18780
18142
17873
17897
17563
17801
18194
17855
18557
18212
18061
18117
17967
18235
17932
17897
17337
17581
17413
16962
16865
16833
16551
16627
16552
16198
17381
16538
16440
16924
16667
16697
16842
16564
16381
16731
16846
16727
16579
17611
16828
17085
17450
16956
16802
16540
16594
17023
16787
16514
16918
16456
16488
16435
17058
16390
16762
16770
16553
16232
16398
16653
16531
16133
16202
17125
17034
17082
16550
16340
16445
16201
16132
16271
15981
16664
16752
16910
16531
17101
16331
16819
16339
16513
16381
17567
16412
16226
16581
16467
16525
16707
16778
16658
16359
16495
16906
16848
16946
16891
17145
17124
16451
16637
16553
16321
16914
16600
16667
16902
16378
17173
17272
17276
17326
17030
17678
17394
17361
17713
17705
17249
17122
17479
17847
17363
17517
17303
17562
17166
16961
16585
16796
17369
17210
17540
17851
18458
18423
18393
19034
18887
18928
19425
19234
19658
19441
19828
20451
19861
20004
19566
19266
20219
20145
19736
19919
20259
20461
19645
19759
20220
20582
20170
19992
20106
20303
19807
20111
20002
19660
19532
19942
19522
19515
19954
19806
19847
19713
20038
19810
19520
20080
19836
19484
19255
19975
19649
19472
19427
19887
20205
19557
19895
19896
19802
20248
20131
19597
19749
20282
20997
20113
20065
19861
20100
19984
20164
19621
20397
20678
20798
20281
20785
21262
20453
20936
20740
21430
20919
21013
21019
20783
20782
20712
20131
19726
20020
20124
20489
20253
20663
20113
20710
20365
20283
20425
19926
20771
20485
20710
20664
20360
19947
19562
19317
19314
19665
20192
20104
20183
20130
20055
20718
21038
21064
20866
20886
20448
20198
19828
19972
20605
19589
19302
18729
18257
18388
18069
18325
18206
18306
18823
18170
18287
18545
17246
10578
17108
17310
17376
16988
17132
17865
17991
17958
17862
17711
17943
17775
17576
17279
17662
18037
17780
17976
17409
17900
17435
17003
17266
17530
17145
17774
17352
17478
17884
16946
17094
16568
16758
17226
18011
17497
17109
17381
17187
16967
17102
16501
17249
16719
17003
17027
16709
16871
16786
16724
16202
16539
17192
16871
16200
17263
17061
16570
16888
17306
17067
16900
16705
16787
16963
17137
17614
18249
17844
17821
17593
17179
18023
17283
17447
17545
17355
17856
17669
17779
17672
17221
16921
16419
16817
15911
16705
16115
15983
16085
17027
16402
16150
16306
16059
16581
16381
17149
16854
17222
17350
17188
17113
16657
16725
16573
16587
16398
16623
17079
16849
16778
16524
16825
16419
17220
17325
17176
17439
16808
17867
16956
17164
16987
17418
17291
17555
17364
17049
17204
17047
17134
17635
17307
17229
17149
17125
17064
17141
17244
17316
16861
17476
17111
17081
17351
17646
17066
17212
17471
17222
16969
16997
17053
17123
17459
18530
17267
17242
18503
17769
18278
17995
18499
19893
19659
19861
20392
20076
20865
20539
20667
20830
20488
20934
20493
20865
21132
20733
20620
20310
20436
20893
20687
20571
20810
20773
19304
19235
19369
19013
18554
18297
17395
17299
17365
16938
17480
17571
17358
17176
16856
17427
16987
17182
16996
16877
17197
16610
16941
17023
17000
16538
16460
16729
17246
16915
16998
16796
16767
16029
16134
16329
16573
16331
16581
16348
16258
16219
15979
16258
15860
15784
15579
15847
15690
15786
15896
15707
15728
15678
15625
15481
15258
15533
16056
15598
15019
14993
15288
15085
15412
14863
15370
14893
14937
14930
15164
15294
16029
15637
15697
15683
16121
16180
16247
16832
16623
16769
16405
16745
16982
16534
17467
16889
16619
16593
16391
16945
17377
17286
16925
16735
16808
16814
17098
16886
16554
16342
15988
16559
16783
16676
16854
17245
16632
16949
16922
16774
16584
16764
17012
16619
17022
16757
16577
16825
16965
16937
16823
16526
16739
16976
17144
16754
16843
16420
16307
16629
16848
16581
16263
16487
16384
16678
16396
16148
16294
15933
16290
16695
16466
17158
16558
16531
16628
16397
16369
16236
16411
16257
16478
16467
16667
16337
16540
16212
16402
16371
16936
17632
17793
17565
18376
18541
18234
17809
17495
18385
17828
18330
18075
18117
17862
17732
18131
17824
17821
17792
18249
18331
18016
18400
17199
16359
16366
16226
16254
16138
16067
15500
15500
15250
15261
15021
15193
14648
14949
14650
14987
14567
14734
14873
14388
14769
14691
14922
14830
14613
15172
15206
15112
15480
15614
15955
16158
15614
15503
15203
15774
15730
16424
15705
15781
15602
15880
15646
16078
15650
16613
15779
15778
15831
15758
15908
16025
16012
15979
15632
16081
15892
16548
16753
16595
16452
16986
16675
16760
16250
17015
16998
16853
16529
16848
16746
16952
17510
16718
16876
17186
17006
16840
16805
16405
16508
16627
16590
16445
16326
16749
16734
16597
16724
17039
16960
16519
16267
16269
16361
16537
16374
16830
16904
16686
16661
16631
16551
16549
17000
16602
16584
16640
16878
16691
16516
16578
16549
16524
16671
17057
16644
16886
16694
16272
16801
16490
16529
16719
16389
16564
16407
16559
17435
17026
17165
16837
16775
20057
20765
20481
21083
20383
20637
20287
20123
17591
15993
16298
16352
16281
16483
17223
16982
16803
16299
16873
17279
16602
16265
16274
15504
16054
15691
15140
16091
15627
15839
16325
16626
16486
16715
17007
16505
16970
16800
16876
16598
16907
16264
16972
16851
16053
15450
15982
15536
15574
15707
15268
15508
15451
15015
15376
15321
15222
15407
15362
15502
15556
15063
15025
15505
15148
15291
15085
15396
15126
15436
15110
14939
15523
15639
15311
15994
16203
15721
16128
15923
15574
16597
15904
15778
16306
15867
15869
15963
16244
15918
15986
16710
16143
16060
16782
16107
16317
16189
16377
16370
16275
16354
16081
17133
16483
16271
15816
15988
16266
16396
15880
16270
16117
16091
16593
15833
16919
16960
16422
16597
16326
16513
17105
16996
16847
16791
17478
16651
16797
16090
16692
16551
17155
17234
16243
17000
16529
16566
16305
16853
16401
16224
16165
16123
16090
16470
15957
16375
16396
16628
16606
16640
16823
16860
17006
17260
16921
17033
16558
17175
16745
17015
17347
17636
17218
17478
17303
17085
16809
17784
16719
17080
16862
16916
17113
17186
17395
17474
17289
17076
17632
17070
17266
17432
17696
17062
17372
16341
16935
16483
16556
16561
16678
16567
16643
16960
17806
16855
16532
16906
16248
15816
15625
15762
16348
16207
16101
16011
15653
15738
16141
15640
15670
16353
15813
15597
16253
16411
16743
16477
16531
16655
16923
16983
16999
17670
17644
17560
17293
17312
16954
17096
17111
16963
16876
17105
17298
17662
16962
17454
17605
17842
17562
17335
16750
17216
17091
17352
17140
16669
17458
17265
17464
17151
17092
16687
16719
17637
17212
17431
16917
17433
17047
17140
17258
17776
17406
17580
17750
17882
17298
17875
17545
17531
17621
17742
19588
21302
20953
20868
20165
17247
17302
17042
17073
17166
16893
17681
17374
17352
17612
17573
17569
17917
17129
17228
16992
17004
17298
17053
17374
17265
17560
17128
16829
17188
16705
16863
16868
17133
17162
17260
17214
16574
16918
16837
16717
17216
17661
17285
16962
16850
17413
17083
17520
17571
17389
17401
17247
17204
17906
17833
17842
17556
17460
16950
16708
16170
16647
17262
16686
16396
16382
17202
15864
15955
15960
16361
16038
15775
15664
16230
15955
15574
15697
15722
15974
16049
15735
15819
15604
15593
15687
15980
15760
15601
15952
16102
16098
16325
16669
16499
15986
16461
16572
16328
16576
16375
16272
16364
16346
16191
16132
16214
16301
16426
16242
17158
16409
16091
16389
16466
16266
2692
16576
16534
16352
16256
16794
16708
16352
16084
16207
16547
16427
16346
16281
16155
16345
16669
16301
16307
16304
16792
16541
17116
16757
16245
16522
16668
16719
16547
16225
16516
16572
16381
16857
16414
16853
17023
16905
16799
16656
17270
16926
16327
16897
16261
16283
16569
16665
16416
16559
16346
16741
16620
16556
16740
16839
16225
16523
16328
16326
16291
16556
16504
16763
16635
16532
17268
17254
17386
17306
17213
16921
17242
16851
16468
16129
16357
16229
16509
16705
16931
16765
16937
20098
20521
19981
20012
19910
19867
19736
20164
16397
16107
16379
15867
16497
15856
16295
16308
16541
16591
17590
16982
16968
17178
16140
17369
18894
19760
20372
22511
16210
16470
16766
17110
16863
16317
16499
16295
16447
16232
16228
16235
16221
16066
15930
16068
16129
16204
16329
16199
16281
15998
15856
15980
16070
15932
15896
15856
15845
15855
15689
16117
15762
15857
15602
15971
15486
16230
15823
15965
16117
16413
16344
16337
16196
16085
16075
16411
16259
16530
16092
16194
16378
16409
16461
16101
17115
16394
16388
16453
16439
16713
16827
16330
16436
16494
16274
16182
16160
16242
16289
15953
16662
16528
16263
16332
16771
16467
16456
16658
16628
16427
16320
15964
16175
16491
16104
16022
16260
15957
15749
15900
15680
15861
15926
15697
16167
15973
17014
15875
16065
15752
15821
15276
15341
16342
16168
15923
16076
16420
16330
17080
16403
16220
16151
16335
16664
16113
16753
16336
16488
16397
16886
17144
17020
16959
16846
17082
16179
16716
17000
16413
16462
16339
16377
16449
17120
16599
16639
16404
16916
16466
16369
16323
16128
15415
16386
16107
16436
16263
16454
16226
16208
16202
16810
16416
16187
16715
16427
16095
16529
16486
16290
16713
16379
16516
16504
16549
16590
16856
16759
17049
16920
16760
16460
17023
16746
16891
16946
16877
16411
16571
16712
16513
16298
16120
16223
16068
16061
16461
15692
15912
15955
16143
15768
16194
16688
16040
15996
16128
15834
15705
15750
16228
15628
16130
15843
16048
18872
19920
19273
19635
16686
15919
16069
15634
15862
15814
16447
15698
15956
16033
15608
15631
15148
15340
15539
15883
15844
16269
15055
15510
15602
15804
15745
15910
16002
15722
16082
16220
15632
15894
15827
15717
15961
15870
16282
15915
16068
15976
15672
16397
15916
15805
15584
15995
16088
15860
16219
16170
15960
18631
16216
18740
15883
15991
16185
16233
15821
17614
16150
15955
16334
16182
15700
15498
15894
16158
16071
16414
16399
16063
16445
16052
16161
15754
16420
16162
16795
16380
15756
16967
15816
15725
15822
15363
15435
15734
15229
15339
15802
15726
15159
15692
15536
15775
15265
15682
15431
15473
15574
15461
15500
15339
15607
15645
16049
16139
16114
16425
16262
16885
16932
17115
16547
16622
16378
16247
16497
16814
16261
16124
16477
16556
18761
16061
16695
16706
16271
16473
16283
16542
15961
16537
16678
16321
16085
16480
16389
16539
16203
16646
16285
16316
16474
16663
16220
16072
16221
15990
16327
16530
15919
16216
16050
16015
16267
16144
16052
16159
16211
16525
16175
16209
16265
16419
16546
16438
16584
16362
16845
16474
16515
15963
15726
15613
16032
16145
16303
16592
16198
16232
16758
16507
16599
16461
16738
16556
16679
16184
16026
16248
15940
15935
16188
16166
16148
16161
16045
16217
15770
16312
16003
15983
16101
16310
16060
15899
15841
15884
16180
15960
15825
16114
15990
16199
16312
16107
15751
15896
16177
16019
15694
15838
16108
16296
16498
16424
16488
15794
15438
15951
15679
15128
15439
15383
15266
15578
15622
15393
15476
16355
15532
15536
15568
16066
15570
15580
15712
15612
15253
15850
15704
15593
16133
16046
16179
16006
16614
16313
15951
16280
16312
15829
15835
16252
16054
15780
16018
16295
15921
16172
16050
15928
16170
15658
15621
14685
15761
14879
15395
15333
15470
15135
15605
15315
15323
15618
15674
15676
15339
15630
15492
15810
15475
15598
15586
15475
15614
15914
15608
15893
15592
15792
15568
15785
16028
16317
15894
15872
15492
15970
15979
15775
16116
15766
16074
15896
15862
15588
15913
16095
15819
15825
16141
15614
15899
15525
15538
15414
15761
15603
15697
15394
15373
15575
15304
15106
15291
15490
15427
15340
15589
15619
15565
15648
16062
15488
15701
15993
15859
15778
15577
15718
15765
15829
16065
16320
16116
16146
16069
15667
15814
15833
16008
15235
15902
15320
15945
15887
16374
16172
16091
15754
16090
15977
15805
15640
16032
15905
15906
16378
16347
16089
15879
16106
16379
16221
16518
15655
16314
15883
16331
16188
16143
16810
16504
16300
16705
16350
16259
16111
15923
16025
16123
16140
16086
15711
15652
16042
16263
16460
16293
15837
15555
16344
16591
15965
15869
16413
16567
16463
16492
16283
16325
16247
16686
16411
16107
16209
16491
16463
16439
16400
16778
16115
17036
16421
16317
16113
16210
16238
16924
16345
16805
16657
16319
16345
16722
16864
16695
16484
16872
16466
16507
17006
17905
17038
17334
17187
17059
17160
17790
17021
17726
16912
17560
16976
17247
17605
16977
17484
17144
17021
17153
16775
16752
16906
16564
16452
16400
17284
17233
16343
18648
18674
19021
18448
18036
18707
18736
18880
16818
16336
17096
16826
16913
17001
16540
16868
18780
19495
19304
19432
19472
18928
19125
19288
18503
17003
17765
17388
16944
17232
17322
17211
17289
17157
17388
16744
17185
17421
16883
17764
17458
16884
17185
16750
16630
17118
16472
17061
17802
18909
20701
19849
19794
17316
16157
15977
16173
16154
16407
16035
16231
15978
16398
15785
16154
16021
16015
15913
15701
16241
15834
15476
15751
16056
15821
16098
15779
16214
16069
16186
16575
16019
16050
16303
16039
15942
16089
15863
15803
16086
16342
15922
16096
17019
16224
13554
16577
16493
16359
16219
15986
16370
16243
16596
16829
15863
16441
16361
16392
17638
15868
16233
15698
15217
15179
16049
16016
15279
15538
15964
15562
15734
15503
15584
15855
16447
15669
15961
15973
15813
15373
15686
16279
16481
16310
15874
16497
16183
17069
17188
17007
16779
16999
17187
16941
16932
16765
16972
17024
17482
19358
17254
17752
17536
17102
17782
18669
18373
18294
17943
18315
18552
18682
18623
18853
18366
18757
18570
18564
18541
18899
18866
18613
18543
18487
18557
18509
19052
18248
17590
18103
17901
17504
17679
17707
17715
17321
17426
17818
18143
18038
17828
17645
17691
17350
17610
17634
18033
18110
18153
18118
18612
18531
22194
19550
19176
18684
18509
18519
18436
18612
18189
18450
18485
18515
18245
18849
18330
18185
18458
18883
18579
18387
19304
18548
18427
18711
19093
18769
18347
19316
18932
19054
19130
18769
18881
18712
19123
18809
18005
19156
19080
18716
18689
18773
18338
18744
18555
18951
18696
19151
19120
18646
18839
18940
19112
19072
19417
18729
19898
18435
19001
18829
18924
19060
19122
18601
18681
18873
18410
17979
18044
18084
17622
18128
18850
18380
18122
17837
17982
18150
18005
18412
18623
18527
18529
18623
18838
18567
19077
18533
19587
18885
19325
18843
20073
18845
18755
18853
19217
19514
18791
19001
19062
18862
19473
19778
19770
20217
20779
20162
20716
19933
20096
19826
20047
19626
20239
19701
19190
19730
19611
19396
19407
20080
19302
20094
19580
19271
19614
19869
19635
19072
19343
19338
19778
19335
19203
19438
19651
19193
19446
19737
19583
19627
19220
19551
19476
19586
19798
19390
19538
19397
19816
19897
20187
19737
19810
19602
19797
23082
23347
25030
26638
27476
29725
23301
36155
40047
36348
44010
48358
49951
43001
45319
46802
52988
60457
48627
44267
45355
52317
38964
41015
49845
32493
30259
24963
27621
27680
34320
24009
19678
21219
20629
19760
19140
18886
18989
19079
18970
19301
19113
18906
19130
19059
19263
19414
19314
18903
18314
18730
18973
18869
19277
19439
19398
19333
19398
19276
19236
19357
19096
19600
19571
19264
19301
19573
19549
19612
19698
19170
18926
19831
19497
19588
20230
20044
19405
19821
19993
20345
21052
20897
21665
21136
20330
20549
20397
19760
19530
19437
18627
18855
19080
18825
18736
18991
19729
19597
18742
19214
19019
18984
18918
18970
18774
19216
18929
18683
18992
18814
19150
18702
18927
18990
19069
18994
19335
19182
19166
19360
19598
19601
20142
20368
20249
20500
20476
20554
21181
20762
20106
20175
20389
20776
20609
20176
20007
20223
20248
20511
20587
20373
19325
18726
18350
18974
18735
19275
19137
18742
19003
19533
19474
19847
19955
19860
19641
19708
19713
19571
19013
19145
19633
19179
18992
18948
19093
18727
19167
19170
19170
18645
18486
19109
18688
18650
19032
18476
18635
19127
18399
18690
18667
18445
18560
18543
18476
18551
18814
18594
18418
18074
17889
17978
17785
17511
17700
18006
17741
18043
19171
18262
17402
18011
17134
17421
17526
17443
17787
17347
17478
17441
17129
16874
16841
16736
16659
16289
16579
16106
16250
16356
16309
16193
16301
16551
16633
16074
16699
16305
16412
16454
16649
16778
16084
17119
16778
17475
17932
17308
17799
18029
17406
17475
17719
18078
18329
17943
17654
17847
18182
17423
17394
17977
17495
17810
17803
17658
17650
17852
18057
18009
17653
17612
17946
18444
18262
18031
17810
17606
18597
17469
18074
18387
18384
17900
17689
17687
17532
17475
17734
17435
17684
17410
17480
17439
17967
17782
17915
17967
18180
18298
18003
17609
17983
17815
18197
17884
17879
18032
17951
18617
18290
18300
18884
18805
18718
18631
18542
18769
18557
18621
19005
18748
18707
19113
19001
18823
19155
18671
19141
18770
19065
19467
19234
19284
19496
19583
19451
18926
20018
19640
19136
19248
19312
18601
19720
19221
19847
19378
19238
19162
19024
18417
18996
18434
18409
19125
19319
19564
18900
18909
17851
17826
17252
16971
17107
18015
17161
17467
17803
17778
17728
18697
18355
17374
17738
17500
18046
17994
17699
18189
17878
17807
18138
17569
18108
18110
18440
19129
18544
18601
18586
18776
18630
18603
18305
18156
18631
18170
18314
18628
18430
17756
17342
17472
17575
17389
17388
18082
17451
17440
17854
16985
18024
19622
19607
19530
18683
17417
17518
17458
17766
17538
17570
17466
17848
17780
17920
17751
18180
17525
17800
17889
18149
17782
17690
17840
17513
17784
18217
18315
18493
17878
18215
18274
18473
18525
18457
18329
18866
18623
18874
17407
17212
17380
17604
17506
17468
17482
17343
17328
17570
17495
17397
18405
17288
17036
17256
17251
17210
17189
17115
17521
18238
17583
17960
17787
18228
18264
18255
17909
17411
17813
18379
18457
18234
17764
17811
17322
17466
17552
17153
17791
17722
17402
18572
17657
17554
17433
17294
16943
16953
16651
17100
17415
17042
17464
17776
17421
17530
17157
17319
17346
17477
17471
16944
17229
18251
17312
16794
16961
17211
17141
17345
17487
17139
17930
17340
17340
17499
17971
17811
17966
17780
17882
18327
18101
18018
18255
17966
18042
17940
17767
17964
17620
17727
17599
17819
17946
17802
17907
17877
17543
17828
17715
17235
17529
17335
17507
17408
17057
17715
17629
17397
17270
17289
17330
17594
17386
17409
17410
17089
17342
17332
17658
17056
17010
17354
17605
17305
17776
17883
18823
17449
17094
16889
17085
17337
17282
17540
17269
17257
17462
17062
17544
17504
17509
18403
17702
18195
17639
17861
18655
17626
18053
18011
17449
17514
18199
17710
17129
17522
17422
18043
17475
17723
17732
17428
17467
17410
17171
17970
17543
17906
17561
18438
17574
17963
17304
17810
18179
18014
17987
18013
17991
17983
17206
18165
16883
17803
18387
17903
17969
809
17811
18264
17711
18290
18161
17939
18395
17996
17620
17899
17765
17969
18283
18128
17775
19075
18090
18163
18650
18650
17863
18336
17981
17922
18677
18049
17970
18409
18044
18131
18318
18194
17939
18867
18429
18330
18687
18588
18307
19190
18290
18575
18594
18455
18236
18490
17917
17735
18180
17949
17928
18500
17839
17457
17978
17470
17130
17581
17189
17678
17991
17442
17775
17681
16934
17268
18093
17720
17183
18304
17407
17578
18107
17196
17439
17183
17099
17432
17989
17075
17027
16847
16544
16855
17488
16691
16908
16937
16549
17029
17419
17051
17090
17728
17234
17097
16766
16471
16509
18036
19665
20767
19860
17255
16602
16631
16727
16075
16831
16910
16412
17560
16579
17146
17165
16707
16464
16799
17243
16505
17132
16899
16579
16612
16681
16911
16823
16467
16636
16940
16555
16663
17050
16691
16810
16460
16808
17164
16824
16562
16396
17048
16498
16522
17216
16448
15896
16697
16441
17032
17530
17011
17057
17308
17512
17080
17317
17406
17269
17451
17454
17724
17488
17165
17942
17690
17997
18125
17737
17376
18147
18074
17689
17211
18456
17989
17758
18172
17460
17513
17694
17646
17088
18122
17609
17946
18070
17734
17873
17575
17679
17537
17630
17738
17337
18251
17633
17520
18000
17943
17331
17901
17539
17343
17651
17577
17025
17657
17201
17088
17499
18777
18312
18051
17489
16969
17107
17539
16524
17401
17456
17353
17133
16875
16878
17067
17044
17094
17468
17325
16825
16955
17334
16769
17682
17275
16640
17378
17757
17654
17396
17212
16431
17136
17896
18031
18314
18259
17031
17009
18219
18003
18320
19028
17299
17794
17827
17045
17343
17785
17099
17494
17885
17345
17731
17527
17351
17629
18566
17787
18705
17978
17817
18090
17968
18100
17802
18155
18322
17819
17978
17522
17253
17602
17295
18165
18319
17352
17680
17697
17581
17780
17714
17620
17686
17492
17213
17465
17382
17148
16962
18584
17113
17675
17911
17634
17514
17274
18119
17395
17259
17427
17876
17425
17535
17672
17956
18036
17335
17294
16793
16994
16886
16640
16532
17045
17023
17342
18109
17537
17235
17440
17160
17490
17691
17359
17467
17506
17038
17689
17081
16583
16661
16988
16362
16822
16938
16730
16305
17144
16262
16688
16636
16137
16830
16629
16502
16423
16598
16216
16669
17126
16686
16961
17262
16410
16671
17439
16675
16761
16804
16494
16691
16580
16502
16426
16153
16494
16505
16629
16276
15913
16209
15396
15930
16268
15628
15512
15988
15653
15631
16282
15749
15455
15636
15178
15729
15531
15372
15835
16035
15415
15708
15977
15137
15828
15825
15271
15656
15849
15881
15223
15526
16377
15504
15934
15775
15527
15717
15838
16176
15554
15389
15526
16018
16287
15593
15864
15559
15989
15881
15625
15784
16082
15667
16187
15901
15709
15477
16326
15637
15920
15821
15657
15684
20000
19773
15410
15737
15423
15560
16267
15542
15608
15918
15789
15941
16114
15875
16315
16495
15895
16051
15900
15457
16460
16527
16011
16727
16620
16505
15875
16725
16135
16303
17921
17505
17783
18609
18063
17976
18010
18341
17153
17117
16783
17202
16818
17009
16934
17118
16767
16363
16704
16890
17663
17073
16820
17026
16631
17035
16700
17011
16914
17229
17575
18063
17292
17377
17067
17025
17043
16619
16423
16894
16281
16375
15806
15730
15918
15695
15783
15737
15686
15999
16784
15637
15797
15934
15951
15909
15723
15847
16240
16208
16591
16279
15767
16046
15929
15778
15772
15956
16268
16429
16359
16800
16506
16573
16588
16451
16440
16640
16702
16521
16777
16725
16673
16336
16414
16380
16695
16933
16963
16646
16841
16897
17058
16729
17157
17274
16972
17021
17225
17346
17347
17352
17463
17376
17723
17269
16988
17018
17379
17605
17759
17099
17384
17448
17338
17818
17667
17495
17282
16835
17367
16777
16744
16773
16949
16936
17184
17157
17285
17682
17878
17920
17971
18036
18051
18143
17942
17873
18024
17384
17627
17424
17385
17303
16902
16923
16755
16925
17035
16636
16761
16374
16779
16624
16807
16890
16630
16737
16667
17055
16770
16794
16953
16618
16473
16730
17156
17036
16712
16535
17534
16675
16536
16966
16536
16325
16360
16363
16510
16763
16719
18720
16913
17009
16827
16365
16697
16636
16562
16739
16872
16977
16985
16562
16519
17408
16234
16635
17023
17202
17469
17000
16373
16719
17147
17133
16562
16598
17205
16870
16895
17049
16718
16543
17140
16563
17347
16928
17260
16879
17079
16638
16850
16886
16619
16443
16603
17350
17075
16305
16366
16807
16589
16385
16810
16903
16898
16808
16670
16530
16572
16324
17026
17123
17664
16541
17121
16108
16192
16877
16026
16327
16360
16165
16061
16833
16343
15923
16728
16097
16272
16774
16179
15959
16545
16023
16123
16548
15921
15626
16419
15787
15597
15977
15384
15653
16308
15820
15583
16954
16803
16528
17405
16740
16778
17303
16769
17040
17485
17579
17262
17635
16593
16126
17715
16653
16640
17744
17108
17175
17191
17085
16195
17206
16468
16901
16944
16829
17158
17673
17196
17056
17511
16802
17617
18066
17251
16934
17547
17283
16985
16804
16616
16797
17295
16742
16780
17168
17352
17043
17487
16861
16930
17158
17525
16637
17796
17023
16868
18733
17290
17091
17494
16716
16674
17594
17304
17146
17677
16725
17636
18103
18386
17357
18156
17005
17033
17982
16943
17580
18080
17544
17357
17663
17166
17487
17918
17030
17201
17517
17253
16857
17968
17164
17290
17833
16270
16162
17073
16221
16329
16882
16091
16247
16888
16401
15827
16583
15798
16056
16719
16236
15779
16773
16136
15788
16678
16278
16834
16404
15795
15538
16017
15710
15613
16235
15680
15663
16817
15770
15785
16679
16471
16249
16679
15450
15893
16016
15945
15800
16702
18240
19023
19078
17492
16727
16168
15825
16117
15920
16090
15975
16073
15697
16654
16227
16145
16323
16785
17021
16329
16572
16043
16112
16439
16239
16367
16427
16461
16381
16424
16410
16520
16708
16571
16320
16169
16833
16334
16410
16466
16243
16510
15818
16080
15665
15872
15621
15892
16081
15947
16040
16157
16311
16190
15991
15833
15734
15764
16259
16732
16355
16246
16091
16114
16069
16171
15791
15603
15995
16177
16193
15885
16081
15984
16108
15890
15674
15595
15739
16313
15603
16528
16001
16545
15817
16743
16553
16276
17048
16624
16473
16464
16688
16820
16861
16629
16775
16962
16787
16747
16750
16439
17107
16497
16703
17030
16551
16974
16958
16437
16578
17034
16685
16685
17098
17317
16568
16827
16878
16687
16662
16663
16687
16720
16384
17059
16753
16534
16218
15993
15946
15951
16279
15951
15747
15834
15730
15906
15769
16132
16134
16875
16379
16015
16087
16044
16193
16564
16009
15538
15688
15656
15959
16018
15951
15342
15710
15590
15613
16068
15718
15775
16029
16216
17165
16491
16142
17427
16605
16481
16656
16740
16741
16897
16606
16392
16219
16426
16637
16144
15988
16618
16226
16255
16371
16297
16504
16347
16622
16753
16784
16544
17060
16733
16433
16924
16624
16273
16667
17036
16673
16928
16769
16731
16427
16329
16940
16506
16919
17244
16815
16382
17404
17149
17382
16859
17071
16753
16950
16757
16942
16887
16914
17093
17248
17331
16981
17049
17049
17710
17242
17202
16617
16750
16838
16685
17604
17052
17062
17050
17123
16787
17179
17426
17069
16660
16861
16929
17088
17163
17188
17380
16963
17309
16899
17394
17459
16662
17137
17049
16759
17053
17369
16875
17130
16910
16741
16890
17035
16941
16689
16741
17446
17410
16522
16893
16579
16445
16581
16493
16425
16087
16615
17091
16778
17327
17001
16249
16599
16610
16327
16340
16558
16307
16339
16123
16406
16717
16564
16485
16476
16207
16807
16778
17228
16688
16917
17218
17156
17157
17489
17360
17414
17467
17459
17019
18979
17171
17188
17145
17104
17431
17299
17807
18091
17327
17635
17750
17705
17255
17620
17491
17683
17803
17511
17532
17602
17369
17449
17371
17555
17617
17629
17640
17554
17804
18430
18342
18118
18278
17871
17891
17475
17057
17329
17139
17274
17214
17349
17292
17428
17814
17902
18257
18298
18025
18113
22749
22675
18889
18964
18920
18323
18824
19437
19072
18805
19109
19035
18845
19145
19432
19484
19379
19182
19071
21506
23259
22755
22482
22501
21769
21959
21795
20466
18402
18505
18351
18497
18894
18577
18708
18387
18730
18468
18535
18545
18913
18730
19203
18539
18965
18580
18449
18650
18272
18282
18599
18695
18635
18301
17604
17505
18360
18567
18303
17485
17147
16513
16920
17067
16866
17037
17213
16999
16614
16753
16667
17357
17659
16855
17395
16552
17097
16897
16267
15857
16577
15723
15506
16238
15966
15468
15653
15923
16015
15866
15517
15649
15283
15601
15981
15627
15500
15577
15568
15486
15425
15614
15639
15693
15719
15670
15795
16033
16141
16293
15816
16212
16269
15903
17771
19383
19072
19507
18274
16710
16317
16241
16492
16920
16278
16295
16591
15749
16494
16615
16473
18443
18670
18976
18660
18948
18587
18691
19132
18619
18478
18289
18282
18552
18783
17749
16129
15972
15716
16383
15985
16198
16144
16310
17040
15792
15932
16506
16204
16147
15877
16158
16191
16419
16528
16261
16268
16269
16495
16168
16573
16347
16254
16462
16142
16432
16109
16442
16021
15959
16037
16256
16479
16500
16180
17124
16199
16320
15909
16017
16120
16262
16729
16287
16761
16394
16570
16488
16628
16991
16399
16623
17096
16649
16807
16487
16634
16659
16537
16532
17276
17145
17341
17315
17444
17175
17397
17276
17237
17086
17648
17083
17596
17795
17594
17855
17034
17821
17454
17250
17147
17134
17069
17141
17522
17489
17739
18128
17970
17434
17542
17629
17560
17546
17608
17210
17410
17127
17520
17579
17483
17036
17629
17483
17281
17300
17377
17470
17390
17634
17495
17810
17809
18053
17678
18047
17721
17626
18092
18028
17894
17739
18383
18093
18055
18059
18128
18219
18068
18023
18031
17939
18117
18182
18382
18398
17914
18132
18114
18004
17986
17686
17649
17614
17060
16626
17005
16803
16897
16561
16619
16721
17252
17066
17372
16884
17122
17058
17147
16703
17199
17105
18202
17548
17767
17059
16608
16889
17100
16497
16873
16742
16663
16262
17326
17106
16936
16600
16945
16072
16362
16391
16818
16557
16771
16209
16444
16492
16761
16893
17157
16394
17415
16746
16515
17181
16901
17287
16826
16867
17177
17218
17174
17427
16889
18025
17531
17140
17249
16755
16526
17342
17057
17234
17407
17252
18382
17707
16945
17378
17824
17765
17776
17737
16960
16380
17192
16808
16648
16889
17005
16976
16414
15970
16532
16221
15886
16030
16509
16256
15991
15846
16570
15850
16362
16150
16424
16585
16748
16136
16717
17087
17118
16396
16338
16820
16799
16277
16465
16395
16237
16414
16340
16475
16641
16591
17043
17055
16723
16916
17169
17586
17234
17387
16721
16258
16952
16278
16392
16571
16435
16924
16580
16400
16162
16472
16045
16224
15895
15964
16617
16315
15658
15867
15933
15959
16409
16284
16275
15862
15449
15891
16118
15975
15785
15293
15346
15570
15620
15529
15728
16012
16282
15892
16073
16055
15992
16072
17075
15818
15162
16382
19788
19916
19351
18384
15768
15066
15369
15393
15079
15685
15333
15697
15100
15937
16291
15918
15973
15890
15775
16278
16426
16278
16134
15786
15888
15910
15827
15886
15641
15685
15993
15691
15754
15999
16259
15978
15724
15999
16189
15995
15790
16138
16039
15871
15421
15277
15893
16237
16361
16631
16118
16573
16278
16459
16570
16187
16290
16054
16773
16321
16267
16124
16428
16528
16038
16229
16887
16144
16118
15872
16469
16593
15843
15944
16036
16036
16122
16171
15782
15906
15831
15570
15751
15533
15279
15423
15552
15606
16388
15938
16285
16162
15526
15649
15655
16091
15282
15254
15270
15370
15699
16009
15724
15568
15972
16480
16726
16940
16800
17261
16627
16508
16454
16594
16525
16175
16665
16592
16697
16426
16400
16541
16759
17058
16796
16750
17472
18739
17331
17456
17280
17166
17220
17418
17343
16908
16933
17086
17123
17427
17230
17777
17170
17125
17262
17285
18106
17293
17508
18035
17757
17677
17325
17951
17165
18133
17858
17143
17429
17060
17891
18514
17390
17240
17446
17169
17124
17272
17163
16939
16792
16915
16992
16901
16874
17183
17243
16930
17063
16747
17015
17295
16616
15988
15721
16123
17028
16277
16408
16391
16471
16716
16798
17203
16752
16073
15979
16282
16270
16032
16255
16903
16498
16419
16269
16518
16567
16599
16624
16452
16517
16975
16509
16730
16957
16415
16788
16682
16731
17055
16805
17348
16395
16323
16600
16208
16709
16584
16055
16300
16065
16401
16302
16858
16706
16411
16429
16081
16388
16661
15887
15638
16569
15363
15573
15871
15815
15333
15951
15082
14598
14935
14552
14209
14466
15145
14804
14848
15001
14968
14730
14717
14547
14845
14704
14729
15070
14887
14550
14686
14813
14482
14860
15120
14989
14854
14701
14874
14714
15355
15110
15655
15266
15493
15634
16182
15537
15994
16095
15673
15769
15629
15387
15910
15756
15752
15653
15479
15764
15484
15591
15649
15966
15764
16453
16390
16516
16795
16545
16211
16473
16111
16299
16227
16563
16356
16394
16396
16596
16172
16944
17180
16174
15919
16510
16142
16529
15857
16359
16560
16448
16278
16628
16325
16167
16940
16282
16092
16137
15974
16019
15962
16164
16480
16176
15726
15740
15521
16331
16073
15531
15492
15832
15583
15657
15617
15670
15414
15663
15934
15747
15822
15662
16061
16297
15680
15855
15616
15499
15619
15859
15979
15632
16018
16434
16040
15865
15870
15319
15456
15241
15476
17649
15604
15958
15915
15899
15713
15348
15612
15368
15885
16053
15784
16140
15547
24323
22106
15931
15535
15919
16027
16929
20010
19434
21198
17017
15389
15481
15957
15632
15982
15795
16025
15674
15974
16174
15786
15184
15286
15019
15463
15971
15450
15503
15786
15836
15537
15086
15634
16057
15266
14895
14931
15215
15234
15644
15205
16024
15316
15688
15479
15582
15192
15108
15596
14981
15206
15933
15439
14834
15340
15357
15202
15143
15469
15473
15533
15530
15294
14946
15013
15151
15188
16155
15928
16060
15429
15165
15631
15620
15804
16569
16041
15674
15589
15772
15654
16149
15957
15802
15592
16175
15866
15714
15882
15828
15826
16634
16003
16147
16330
16204
16242
15524
15829
15612
15572
16061
15789
15876
16461
16497
15542
15941
16111
16433
16263
16161
15717
16130
16347
16010
16362
16295
16247
15870
16041
16603
16781
16365
16320
16243
16387
15751
15870
15783
15502
15618
15802
15736
15792
15915
15680
15194
15117
15524
15105
15678
15377
15105
15326
15214
15065
15086
15178
15469
15416
15558
15697
15369
15450
15973
15089
15472
15510
15870
15691
15633
14959
15519
15015
15601
16077
15353
15253
14855
15090
15250
15159
15296
15334
15341
15498
15411
15406
15679
15439
15404
15560
15439
15734
15829
15440
15950
15774
15407
15469
16846
17615
19204
20101
19261
18798
19735
19517
20464
18358
15557
15467
15276
15251
15274
15382
15500
15361
15166
15649
15230
15238
15616
15483
15179
15966
15476
15462
15617
15166
15059
15063
15347
15340
15317
14729
15142
15926
15433
15157
15422
15944
16424
16548
17041
16007
15988
15820
15590
15173
14863
15310
15075
15353
14979
15274
15156
15259
15324
15271
14850
15014
14759
14932
14844
15276
15289
15046
14857
15198
14935
14857
15288
15131
15168
15302
15234
15281
41500
19790
15115
15132
15030
15621
15241
15347
15327
15443
15817
16362
15528
15640
15218
15380
15292
15109
15139
15591
15365
15203
15242
15708
15057
14997
16088
15087
15378
15261
15782
15410
15001
15006
15302
15320
15516
15733
15428
15460
15346
15186
15120
15028
15629
15225
15189
15919
15482
15310
15248
15242
15531
15426
15236
15289
15731
15722
15721
15696
15624
16038
15713
15926
16054
15675
15312
15798
16021
15795
15759
15500
15490
15610
15114
15589
15534
15511
14802
14933
14974
15076
15194
15388
15220
15508
15938
15887
15703
15429
15751
16467
15281
15025
15689
16257
15703
15546
16045
15608
15596
16060
15642
15905
15258
14848
15632
15397
16028
15636
15439
15399
15349
15526
15367
15582
16213
15796
15762
15441
15684
15622
15612
15144
15638
15621
15513
15494
15429
15386
16651
15963
15612
15316
15287
15755
15905
15786
15849
16282
15798
16060
15716
15676
16843
15491
15790
15837
15474
15814
15718
16494
15820
15856
15879
15770
16087
15840
15815
15571
16101
15815
16177
16299
15429
15910
16232
16014
15782
16548
15985
16358
15859
16467
16242
16113
16757
16335
16042
16138
16689
16555
16359
16420
16586
16201
16597
15946
16160
16013
15273
15601
16042
16204
15601
15964
15917
15794
15864
15922
15981
16466
15986
15595
16088
16319
16073
15800
16045
15445
15802
16875
16561
15965
16204
16524
16321
16311
16223
16171
16455
16260
15962
17542
16077
16616
16901
16451
16092
15929
15877
15803
15990
16817
16181
15843
15789
15902
15245
16153
15999
15816
15574
15299
16067
16043
15750
16718
16187
15577
15930
15932
16306
15600
15435
15121
15425
15453
16143
16331
16232
15384
15529
16005
14828
15043
15102
15193
15308
15476
14398
15422
15204
14548
14716
15011
15380
15085
15035
15082
15177
15188
15376
14902
15024
15388
15059
15096
14811
15080
14960
14935
15241
16163
15374
15250
15861
15710
15691
15519
15198
15351
15201
15362
15350
15496
16012
15495
15495
15916
15512
15896
15402
14975
15246
15381
15164
15359
15276
15841
15699
15478
13989
15878
15884
15833
15771
15854
15610
15444
15731
15226
15732
15217
15132
15432
16095
15628
16080
15550
15698
15734
15748
15733
15860
15833
15840
15838
15421
15172
15707
15682
15657
15599
15582
15918
15697
15214
14890
14985
15327
15107
15132
15478
14801
15694
14891
15502
15302
14914
15258
14630
15521
14584
15138
14581
14845
15002
14650
14562
14967
14781
15486
14643
14767
14842
15105
14571
14841
14730
15249
14843
14600
14548
14493
14985
14341
14713
14743
14832
14878
15093
15072
15474
15436
15677
15314
15806
15805
15335
15167
14966
15188
15594
15171
15580
15864
15138
15017
15143
15159
15403
14997
15566
14917
15538
15110
14641
16231
15197
15049
14593
14836
14661
14402
15209
16589
15065
15963
15696
15470
15034
16005
15730
16042
15558
15163
16190
15281
15471
15525
14743
14801
15441
14590
15954
15136
14809
15906
15421
16040
15620
15186
15687
16044
15313
15343
15715
15994
15200
16066
15552
16006
15963
16413
16579
15931
15735
15966
15499
15494
15116
15301
15943
15328
14717
14988
15039
14693
15023
14861
14652
14947
14852
14700
15128
14635
15058
15090
15084
15089
15642
15248
15339
14737
15337
14949
15445
15378
15256
15386
15443
15228
15526
16280
15627
15502
15779
15363
15373
15977
15958
15776
16173
18014
18822
19195
17748
16355
15277
15291
15761
16385
15601
15328
17270
15479
16299
15538
15875
16761
15558
17493
15194
15979
16162
16094
16550
15599
15274
16088
15527
15843
15417
16284
16496
15605
16320
16140
16092
16668
16231
16052
16105
16502
16048
16029
16891
16243
16025
16583
15679
16061
16128
16144
16161
16486
16282
16246
15920
16089
16125
15457
16218
15945
16471
15587
15794
15552
15928
15483
15482
15874
15903
15496
15561
15613
16469
16214
16079
16591
15619
15843
15655
16015
15462
15436
15284
15207
15291
15393
15464
15167
15654
15421
15205
15172
15432
15490
15448
15925
16228
15694
15468
15434
15727
15617
15570
15427
15296
14765
14664
14769
14670
14870
15379
15220
15053
14826
14910
14749
14941
15588
15671
15180
15144
15165
15149
14995
15176
15106
15593
14597
14608
15446
15070
14657
14929
13869
14366
14361
14829
14377
14404
14536
14499
14243
14326
14148
14690
14279
14673
14380
14372
14219
14568
14313
14713
14922
14406
14051
13806
14115
14702
15440
18197
17700
18059
17191
14102
14148
14469
14252
14227
14073
14222
14467
14330
14401
14332
14330
14325
14341
14550
14087
15291
14649
14276
14714
14098
14245
14617
14676
15246
14462
15156
14784
14485
14299
15344
14358
14278
15048
14645
14351
14180
14522
14461
15104
14452
14554
14589
14790
14767
14808
14761
16791
14660
14783
14890
15671
15747
15457
15599
16368
16482
17043
17424
17055
16655
16766
17035
17031
17106
17769
16992
17205
17038
16841
17873
16877
16868
16746
17180
17159
17101
17268
17093
16956
16989
17234
17753
17370
17057
17699
16768
16863
17389
18052
17223
17223
17328
17770
17215
17414
17520
17228
17109
17134
17473
17262
17222
17174
17740
17728
17067
19398
20893
20526
20352
20565
20423
20464
20637
18584
17391
16744
17087
17116
17218
17338
17493
17041
17429
16940
17727
16866
16777
16853
17140
17484
17273
17212
17197
17455
17385
17984
18624
18133
18237
17578
17644
17566
17724
18504
17597
17776
17665
17457
17804
17413
17778
17906
17483
17763
18051
17497
17804
17564
17596
17627
17653
17493
17570
17560
17426
17295
17259
17304
16842
17012
17058
17051
17075
16850
17061
17401
16815
16718
16405
16750
16489
16644
16778
16076
15770
15746
16328
16479
15770
16076
15896
15903
15759
16019
16622
16517
16518
16813
16431
16879
16827
17419
16743
17051
16697
16876
17029
16396
16597
17006
16989
17037
17301
17473
18116
17506
18204
18124
17922
17959
17630
17540
17343
16997
17353
17594
17590
17145
17074
16552
16169
16372
15917
15554
15700
15768
15289
15469
15277
15018
15140
15481
15057
15225
15160
15266
15954
15949
15423
15851
15399
15726
16167
16372
15821
16784
16461
15614
16670
16286
17441
17453
18084
17374
17535
16763
17277
17314
17496
17914
17108
16987
16900
16970
16872
16826
16580
16916
18135
17078
17016
17301
17088
17504
18612
18341
18365
17698
17899
17569
17649
17172
17414
17689
17501
17659
17005
17786
17563
17479
17316
17461
17357
17189
17532
17433
17537
17640
17476
18184
17634
18351
18014
17406
17526
17861
17413
17045
17102
17153
16982
17162
17097
17357
16758
16779
17178
17197
16955
16760
17123
16792
16654
16846
16831
16550
16828
16428
16946
16778
16882
16810
16960
17531
17757
17260
17632
16401
16758
17071
16922
16719
16173
16001
16164
15846
15864
15782
15169
14779
14921
14825
14877
14606
15227
14831
14896
14789
14704
15067
14472
14665
14686
14559
15043
15047
15644
14881
15791
15308
14885
15215
14963
14855
14655
15128
14977
15058
15843
15507
15405
15353
15131
15450
15375
15922
15524
15293
15493
15715
15536
15549
15063
15082
15183
14780
15087
14575
14890
14490
14962
14761
14568
14592
14643
14656
15066
14754
14457
14226
14344
14532
14310
14464
14176
14428
14561
14693
14149
14264
14467
14586
14954
14428
14724
14804
14783
15138
14565
14870
15021
14946
14799
14920
14918
14666
14798
14680
14639
14568
14844
14950
14454
14683
14492
14306
15041
14994
14824
14608
14486
14813
14801
15166
15278
15505
15112
15199
14757
14831
15020
15173
14585
15181
18071
18008
18264
18582
18263
18214
18712
18552
16551
15202
15481
15438
15686
15582
15069
15161
15485
15690
15456
15576
15771
15508
15060
15446
15129
15341
15195
15410
14939
15072
15446
15105
15597
15306
15150
15177
15137
15665
15335
15065
15643
15367
14983
15075
14984
16264
14947
15288
15275
15691
15965
16321
15765
15908
15988
15863
15922
15991
15898
15851
15650
15602
15216
15759
15662
15696
15976
16155
16607
16055
16610
15986
15880
16793
16202
16236
17136
15950
16068
16127
15688
16167
15980
16076
15698
15941
15707
16197
15888
16148
16065
16591
16085
16180
15702
15592
15800
15415
15675
15627
16077
16218
15935
15853
15715
16012
16001
15618
15852
15656
15576
15942
15814
15601
15720
15803
15852
16020
16225
16169
15895
15963
16771
15867
16078
15972
16391
16165
16388
16118
15945
16061
15930
16649
15817
16056
15657
16010
16176
15681
15932
16270
16376
15819
16007
15486
16070
15786
15860
15953
15581
16229
16447
15869
15851
16598
16129
15196
16602
15807
16190
16449
15743
15709
16047
15511
15631
16153
15487
15746
16205
15371
15843
16146
15386
15215
15470
15310
15153
15900
15411
15363
16765
15603
15920
16386
15549
15962
16135
15899
16145
16414
16020
15855
16547
16409
16164
16454
15764
15434
15952
16058
16157
17088
16696
16672
17688
16987
17395
17358
17041
17250
17543
16910
16893
17462
16812
16621
17570
16601
16812
17583
16815
16353
17410
16950
16534
16731
15932
16069
17022
16059
15550
16409
15961
16332
16844
15638
15820
17478
15724
15720
15963
15908
15841
15970
15935
15976
16256
15789
16277
16935
16747
16206
16898
16027
16251
16402
16402
16827
16262
16077
16284
15922
16107
16288
16390
16272
15956
16637
16283
16257
16057
16079
16657
16376
16486
15942
16147
16236
16210
16462
16070
16572
16121
16399
16527
16289
17258
22058
25705
17490
16869
16691
16407
16811
16464
16528
16649
17010
16649
17398
16990
16590
16830
16599
16981
16704
16240
16556
16240
15696
16053
16021
15979
16065
16191
15926
16192
15937
16205
15617
15900
16251
16106
15533
16103
16946
16760
15912
16907
16858
16081
15459
16144
15920
16138
15711
16144
15808
15906
16369
16323
16232
16039
16545
16484
16210
15963
15806
16083
16063
16001
18984
20458
20448
20269
20304
20487
20030
19805
18458
16735
16662
16347
16582
16073
16049
16310
16411
16263
16063
15714
16040
16223
15954
15582
15828
16027
15889
15964
16233
16025
16069
15545
15618
15598
15744
15202
15567
15459
15456
15338
15340
15265
15281
15256
15038
15320
15150
15296
15014
15051
15616
15853
16129
16586
15980
15907
16142
15995
15538
16124
15603
16011
15754
16184
15153
15537
15474
15446
15327
15594
15802
15904
15728
15329
15239
15480
15888
15991
15549
15515
15393
15532
15138
15269
14889
15213
15468
15577
15552
15508
15606
15438
15618
15476
15144
15307
15125
15141
16903
15270
15173
14978
15162
14906
15009
15093
15106
15424
15445
15753
15172
15386
15641
15274
15507
15278
15634
15608
15419
15502
15775
15838
15698
15634
15675
16063
16038
15671
16037
15586
15971
15463
16079
17025
15777
16522
15934
16128
16173
16424
17171
16379
16220
16269
16259
16366
16305
16692
16448
16402
16579
15910
16101
15598
15718
15758
15919
15808
15849
15977
16375
16178
16274
16235
15912
16430
15776
16260
16135
15630
15773
15576
15749
15971
16122
15757
15771
15810
15569
15183
15447
15521
15723
15344
15721
15628
14991
15107
15289
14940
15367
15046
15399
15784
15743
15919
15728
16580
16307
16432
15691
15656
16175
15686
16245
16613
15590
16375
16968
15995
15745
16109
16202
16288
15725
16611
16015
16548
16007
16302
16586
16235
16437
16273
16540
15952
15950
16381
15996
16247
16129
16326
15793
16018
16037
16248
16185
16486
16648
16352
16444
16218
16451
16250
16346
16108
16021
16946
16690
16941
17587
17135
17312
18001
18171
18003
18692
18380
18561
18928
17154
16317
16119
16304
17156
16191
15969
16916
16938
17272
17223
17143
16877
16801
18406
17438
17980
17308
16313
16822
16234
16721
16640
16230
16047
16273
15819
15910
15921
15901
15902
15447
16445
16354
16046
16758
17044
16662
15983
15800
15697
15766
15981
16729
16581
16943
16894
16833
17398
17128
17267
16965
16692
17520
17185
16925
17206
17008
17073
17766
17329
17122
18149
17554
17985
17408
18035
18643
17520
17561
17149
17663
17543
17167
17177
17255
16877
17257
18242
17568
17307
17561
16766
17306
17543
16860
17146
17219
17261
17533
16614
16903
16566
16758
16564
16681
16708
16618
16077
16487
15585
15913
15774
16251
16549
16173
16421
16099
16500
16429
16344
16811
17047
16943
16738
17509
17637
18005
18030
16965
17188
16938
16717
17055
16961
17161
17494
16795
16972
17268
17415
17554
18773
18013
17249
17220
16792
17259
16767
17244
16738
17255
17110
16925
16949
16943
17127
18458
18112
17820
18082
17695
17562
17813
17728
17172
16926
17487
16727
16878
16528
16073
16645
16399
16409
16678
17669
16002
16121
16580
16169
16279
16704
15260
15535
15519
15210
14978
15436
15441
15421
15645
15552
15540
15548
16031
16804
15878
15878
16371
16423
16323
17151
16848
16539
17139
17240
16804
17155
17247
18075
18127
17747
18418
18507
18357
17516
16747
16521
16695
17151
16730
16849
16851
16588
16766
16604
16919
16780
16568
16593
16677
16617
17003
16651
17463
17174
17262
16843
19000
18211
18021
17176
17060
17635
17201
17386
17496
18449
16953
17794
17858
17458
17695
16904
16847
16935
16523
16611
16784
16796
17350
17818
17697
17330
16769
16964
16968
17234
17173
17076
16848
17051
16486
16474
15803
16513
16551
15799
16097
16412
15815
15792
16295
15752
15623
16170
16580
15612
15647
15187
15442
15180
15082
15389
15341
15309
15254
15358
15305
14589
15048
14946
14714
15032
14772
14995
15076
15306
14924
15058
15290
15202
15235
15351
15209
15145
15200
16234
15145
15152
15217
15611
15491
15143
14686
15649
15105
15205
15306
14841
739
15221
15682
15666
15242
15187
15027
15289
15484
15415
15478
15023
15558
15611
15300
15705
15523
15187
15765
16277
15189
15412
15653
15362
15719
15935
15994
15309
15502
15496
15397
15368
15625
15808
15519
15648
16261
15308
15198
15725
15597
15486
15476
15812
15652
15886
15288
15631
15343
15509
15505
15596
15643
15454
15198
15505
15469
15348
15688
15289
15508
15687
15525
15738
15533
15451
16194
15709
15222
15833
16133
15254
15170
15857
15725
15606
15209
15319
15341
15336
15364
14935
15213
14962
15117
15034
15348
14737
14547
15035
15162
15015
14926
15446
15432
15390
14923
15143
15427
15037
15532
15460
15644
14967
15050
15427
15416
15230
15221
15114
15485
15174
15120
14773
14971
14819
14855
16220
14789
14726
14977
14975
14873
14535
14840
15135
14707
14927
16001
15425
14939
15188
15032
14430
14789
15393
14681
14704
15487
15453
15357
15497
15301
15381
15449
15277
15464
15591
15428
15130
15479
15203
15155
15665
15617
15556
15592
16060
15597
16030
15811
15654
15941
15312
15740
15607
15468
15869
16325
15561
15790
15377
15791
15754
15661
15583
15947
15696
15767
16383
16443
16201
16618
16570
16380
16866
16594
16808
16835
17247
16442
16611
16700
16393
16275
16463
16574
17139
17164
17106
16813
16982
16752
16721
16638
16933
16739
16372
16812
16773
16814
16946
16501
16778
16686
16585
16409
17200
17133
16945
17160
16498
16614
16684
16972
17363
16960
16755
17124
17386
16613
16701
16717
17462
17417
16802
17268
17267
17767
17545
17525
17432
17530
17620
17394
17392
17629
17511
17120
17213
17496
16486
16676
16450
17154
16874
16905
17418
17074
16856
18088
16955
16920
17229
16502
16356
17279
16839
16737
17270
16517
16655
16822
17161
17174
17281
16822
16834
17310
17598
16678
17548
16812
20222
21105
20900
21929
21354
21069
21436
21804
18090
16636
17232
16244
16381
17051
16329
16351
17001
16301
16297
17341
16506
16458
16678
16594
17096
17057
16773
16936
16367
16466
16276
16692
15774
16113
17072
16108
16256
17145
16095
16308
16342
16792
16197
16633
16000
16442
16184
16131
15805
16514
16229
16595
16980
16030
15971
16476
15957
16194
16959
16538
16806
17104
16699
16604
17175
16963
16790
16684
16057
16816
16575
15884
16514
17030
16151
16380
16847
16079
16356
16541
15814
15876
16401
16774
15953
16193
16547
16496
16548
16233
16755
16926
16765
16369
16551
16246
16383
16798
16270
16110
16864
16105
15987
16409
16099
16421
16631
16468
16210
16589
16429
16279
16720
16113
16179
16433
16334
16235
16796
16002
15675
15995
15558
15729
16812
16600
15929
16821
16081
16334
16427
15980
16372
16961
16622
16681
17045
16668
16240
17001
16410
16507
16689
15692
15807
15748
14949
15135
15796
15011
15287
15181
14731
14994
15185
14839
14777
15517
14910
15040
15235
14834
15066
15228
16026
15077
15642
15152
15626
15696
15138
15450
15651
15011
15381
15880
15318
15425
15960
15360
15516
16950
15292
14953
16146
15835
15422
15750
15110
15217
15748
15539
15633
15633
15471
15489
15868
15494
15441
15930
15149
15253
15171
15544
15974
15716
15072
15130
15916
15926
16115
16289
15824
15939
16149
15827
15584
15207
14926
15230
15412
16242
16144
15489
14996
14596
15604
15313
15201
15851
15727
15227
15541
15587
15755
16122
15141
15249
15647
15618
15288
16069
15519
14930
15609
15909
15184
15727
15145
15769
15442
14766
15318
16001
15557
15440
16044
15505
15321
16005
15292
15287
15890
15471
15396
15848
15793
15541
15979
15339
15389
15849
15738
15359
15725
16110
15386
15657
15279
16274
15951
14783
15059
15331
14972
14541
15413
15679
14686
15074
15012
14839
15844
15478
15872
14995
15122
15158
15876
15098
15442
15872
14812
15485
15570
14438
14769
15511
15088
15279
15949
15427
15192
15836
15150
15470
15588
15581
15348
15742
15020
15158
16353
15344
15294
16396
15901
15875
16316
15792
16637
16690
15881
16019
16325
16371
16174
16529
16169
16133
16834
15971
16138
16343
15717
15539
16434
15775
15994
16479
16103
15838
16936
16873
16122
16941
15862
16113
16075
15967
16569
16911
16027
16901
16277
15663
16535
15878
15386
15717
16363
16110
15626
16112
15780
15348
16389
15969
15915
16036
15172
15387
16193
15758
15828
16205
15695
15909
16427
15901
15557
15888
17984
17868
18632
18350
16999
18273
17139
17270
17360
18124
17935
17652
17705
17525
17631
17216
16888
18449
17943
17865
18210
17462
17754
18478
17719
17883
18016
18209
18092
18425
18171
17869
18081
15611
15770
16613
15952
16290
16704
16297
16098
17035
16344
16390
16648
16106
15932
16438
16146
16163
17020
16981
17204
17113
17410
16975
17270
17376
17299
17195
16979
18944
17607
17359
17048
17205
17403
17314
17519
17435
17584
17158
17163
17504
17957
17042
17180
17478
17338
17611
18168
17661
17389
17418
17704
17621
18655
18320
17880
17417
17834
19268
19462
18158
18624
18680
18537
18548
19201
18972
19078
19177
18708
18396
18649
17436
17787
17727
17936
17625
17956
17823
17656
17700
18139
18296
17768
18287
17855
17843
17793
18287
18237
18601
18756
18615
18574
18411
18424
18817
17799
17343
17373
17430
17251
17579
17708
17455
17398
17615
18294
18027
17742
18370
17865
17715
17819
17734
18049
18267
18336
18788
20473
20792
20073
20044
20003
20216
20070
20403
20567
20671
20363
20627
19207
19331
19231
28838
27759
28218
27531
28588
28773
19241
18159
18758
19408
18524
19637
18767
18304
18280
18582
18367
17855
17425
17742
17931
17690
17811
17005
16821
17057
16885
17308
17013
17206
17073
17047
17573
16036
15917
16653
16789
16468
16485
16391
16139
16296
16608
16471
16783
16593
16548
16385
16695
16477
16421
16429
16399
16462
16325
16910
17278
17426
16918
581
16991
16906
17321
17268
17526
17185
17665
17107
17436
17216
17771
18583
17068
16881
17544
17585
17268
17136
17149
17340
17742
17343
17288
17722
17326
17070
17142
17945
17159
17545
17419
17436
17995
18423
17201
17588
17187
17451
16984
17876
17577
17461
17669
17177
17534
17629
17751
18519
17673
17847
18311
17603
17095
17105
16829
17066
17120
17298
17491
16889
17025
17189
17178
17020
17048
17370
17947
17235
17226
17192
17354
17257
17448
17384
17548
17851
17307
17478
17740
17054
17833
17442
17586
17225
17481
17733
16955
17232
18010
17280
17088
17475
16905
16472
17917
18027
17681
17665
18953
17766
17463
17624
17649
17927
17897
18010
17854
17464
18296
18174
17637
18172
17541
16462
16709
16469
16662
16650
16443
16661
15963
16076
16832
16386
16185
16248
16611
16589
16493
16157
16328
16338
16430
16271
16485
16415
17024
17155
16917
16704
16368
16635
16835
18250
18776
18473
19038
19748
19608
19099
19362
19827
19185
19403
19239
19153
19022
19253
18899
17261
17026
17345
17373
16504
16664
16968
16269
16645
17177
16403
16309
16970
16569
17074
16772
16451
16443
16493
16515
16420
16917
16348
16728
16430
16220
17117
16885
16715
16953
16770
16796
16699
16706
16714
15444
15786
15586
16188
15759
16358
15869
16275
16530
16143
16380
16272
16420
16317
16288
16109
16179
16116
16288
16391
16656
16275
16576
16596
16730
16578
16453
16119
16473
16601
16376
16307
16580
16317
16436
16316
16045
16090
15866
16142
16049
15586
15713
15504
15827
15743
15727
15909
15754
15816
15601
15764
16240
15666
15803
15762
15318
15362
15892
15597
15404
15994
16529
15993
16057
16401
16219
16028
16024
16726
16478
16423
16315
17124
16562
16662
16546
16611
16924
16664
16398
16415
16691
16282
16601
16078
16556
16510
16058
16029
16600
16865
16328
16772
17158
16652
17016
17417
17085
17106
17017
16221
16464
16437
16303
16606
16124
16307
16224
16449
16424
17064
16536
16948
16888
17182
16625
17064
16694
16574
16824
16465
16825
16511
17155
16810
16539
16226
17113
17419
17220
17881
17566
17951
18168
17970
17996
17711
17790
18134
17406
18285
18589
18882
18467
18723
18608
18327
18794
19144
18731
18175
18280
18790
17350
17522
17167
17005
17086
17752
17314
17463
17338
17454
17693
17762
17456
17373
17652
17438
17108
17544
17612
17386
17671
17304
17517
17494
17350
17533
17077
18014
17844
17373
17786
18294
17690
17608
17732
18109
18104
18262
17906
18014
17963
18263
17827
18029
18380
17845
20088
21679
21075
21720
21169
21405
21666
21458
20669
17891
17745
17327
17812
17555
17607
18264
17531
17517
17496
17685
17685
17577
17437
17554
17507
17096
17242
16730
17115
17228
16862
17061
17675
17291
17522
17296
17528
17435
17844
17733
17795
17399
17253
17527
17293
17184
17462
17339
17542
17274
17436
17379
17213
17527
17415
16982
16968
16900
16796
16961
17218
16956
16482
16871
16985
16963
16419
17664
16707
16581
16531
16191
16468
16377
16561
16996
16353
16802
16560
16399
16720
16359
16352
16751
16791
17236
16987
17243
16872
16997
17049
16643
17321
17082
16783
17034
17675
17417
17954
18016
18261
17848
17916
17868
19974
17817
17895
17908
17351
17194
17281
17418
17763
18049
17760
18134
18227
18085
17825
17942
18392
18123
18794
17884
18082
18410
18297
18179
18323
18324
18853
18393
18410
18303
18284
18800
18396
18406
18872
18760
18261
18862
17581
17286
18085
17789
17872
18221
18028
17467
17666
17819
18225
18271
18058
19137
19118
18553
18724
18573
18030
17088
17083
17121
17221
17762
19432
17138
16807
17134
16853
16961
17025
16903
17280
16820
16956
17044
17149
17101
16842
16617
16665
16963
16687
16661
16207
16319
16667
16368
21991
24968
19576
17129
16448
16194
15933
16385
16535
16910
16991
16748
17048
16753
16866
17113
16626
16637
16626
16951
16713
16834
16950
17073
17115
17095
17076
17273
16769
17267
16930
17057
16925
17249
17584
17625
17246
16971
17071
17437
17231
17400
17926
17607
17154
17523
17381
17172
17352
17551
17385
17289
17636
17638
18017
17554
17104
17293
17261
17073
17730
16825
17027
17459
17179
17191
16901
17073
16725
17139
17405
16983
16815
16876
16650
16879
16757
16848
16548
17123
17162
17678
16430
16714
16581
16876
16740
16365
16616
16765
16392
17372
16953
17017
16349
16689
16033
16205
16282
16019
15747
15726
15668
15680
16288
16420
16323
16694
16212
16471
16750
17883
17201
16910
16561
17029
16719
16403
16467
16669
16794
16269
16833
16171
16271
16371
16869
16171
16323
16267
16376
16235
16272
15587
15868
15733
15634
15514
15678
15135
16191
16150
16040
15871
15651
15966
15618
15426
16314
15356
15503
15408
16040
15747
15329
15488
15022
14891
15151
14958
14930
14984
15092
14915
15090
15393
15225
15367
15740
15635
15254
15547
15015
15677
15405
15680
15499
15477
19397
20021
16141
15861
15571
15583
16209
15481
15711
15805
15717
15715
15666
15590
16079
15902
15924
15970
15859
15686
15348
15767
15656
15917
15661
15855
15693
15492
15143
15078
15163
15425
14926
15312
15166
14856
15343
15099
15611
15037
15047
15457
17185
15289
15391
15734
15879
15224
15648
15716
15666
15947
15831
15928
15779
15602
15532
15284
15042
16343
15433
15478
15894
16292
15266
15980
15628
15368
15416
15378
15472
15905
15596
14961
15367
15464
16110
17423
20712
22134
17690
14825
15294
15232
15166
15762
15500
15435
15988
15822
15364
16503
16776
17031
16704
16858
17129
16822
16214
16588
16992
17191
16533
16265
16467
17260
16965
16619
16798
16695
16509
16245
16458
16798
15827
14946
15073
15078
15156
15110
15153
15586
15939
15745
15548
16442
15531
16407
15668
15624
15316
16264
15337
15953
16807
15976
16134
15138
16266
16956
16083
16431
16646
16281
16847
16905
16275
16391
16504
16831
16183
16117
16251
16503
16100
16539
16556
15606
16142
16171
16027
16060
16177
15753
16130
16166
16669
16141
15876
16136
15797
15803
15973
16102
15938
16395
16528
16267
16236
15962
16288
16058
16572
16466
16654
16538
15839
16502
15999
16163
16371
16730
16117
16697
16470
16352
16663
16326
16376
16329
16644
16750
17257
16736
17466
16518
16414
17478
17335
17500
17400
17563
16945
17046
17480
17352
18133
17308
17387
17061
17113
17007
17158
17469
17256
17028
17764
17458
17476
17771
17339
18054
17287
17778
17361
18210
17590
17376
18027
18723
18706
17841
17767
18033
17759
18784
18354
18588
18465
17912
18167
18269
18189
18424
18132
17579
18018
17829
18057
17426
18924
17576
18348
17781
18201
17875
17230
17431
16772
16918
17075
17082
17435
16801
17485
16604
16704
16691
17658
17681
16521
16858
16405
16257
15827
16150
15920
15947
18297
19211
19856
19950
19115
16314
16274
16617
16427
16241
15952
15851
15920
16168
15955
16334
16367
16286
15944
16960
16508
17036
16125
15937
16290
16121
15937
16209
16157
16262
15757
15727
15822
15816
16052
15786
16214
15873
16132
15810
15907
16295
15869
15921
15971
16224
16218
15910
16251
15755
15941
15904
15714
15679
15998
16111
15978
15942
15658
15959
16283
16011
15919
15933
16655
16265
15832
16085
15805
16000
15653
15899
16192
16028
16031
16228
16276
15757
15718
15514
15868
15614
15777
15735
15793
15841
15858
16267
15904
16694
16151
16040
16763
16127
16379
15976
16623
17064
16262
15924
16267
15959
15999
15969
16252
15865
15490
16260
16143
16306
16102
16078
16579
15911
16595
15831
15751
15620
15725
15310
15943
15439
15665
15515
15686
15584
16067
15745
15617
16230
15930
15996
15913
15699
16000
16217
15818
16201
16078
15913
16147
16166
15910
15663
16135
15817
15445
15539
15595
15620
15915
15639
15822
15725
15684
16150
16280
16137
15663
16011
15877
15944
15726
15810
16326
15439
15734
15744
15387
15173
15717
15948
15959
16201
16008
16215
16084
16001
16056
15902
16329
16100
15961
16512
16407
15828
16020
15936
15720
15609
15434
15420
15276
15239
15282
15086
15147
15484
15576
15787
15645
14703
15012
15126
15220
15407
15448
15022
15601
14882
14997
15094
15210
15005
15593
15046
16794
15292
15624
15257
15754
15929
16066
15953
15915
15437
15588
15516
15570
15766
15470
15878
15639
15733
16129
15925
15799
16163
15671
16078
15853
16021
15609
15774
15464
15446
15526
15538
15462
15357
15677
15391
15839
16560
15457
16512
15616
15813
16176
15755
16411
15771
15221
15723
15763
15602
15828
15541
15899
15649
15660
15700
15518
15903
15272
15479
15732
15099
15788
15922
15656
15245
15444
15591
15446
15278
15166
15844
15689
16086
15985
15838
15602
16095
15838
16034
15778
15895
15752
15973
16077
15678
16002
15642
15727
15760
15617
15657
16039
15694
15949
15862
15760
16735
15837
16017
15777
15926
17293
17717
17258
17114
15385
15755
15220
15770
15744
15640
15714
15523
15047
15346
15441
15557
15569
15709
15811
15355
15522
15837
15651
16103
15667
15862
15489
15175
15229
15571
15458
15769
15863
15593
15744
15350
15653
15574
15593
15715
15945
15725
15931
16067
15694
15405
15802
15394
15548
15864
15895
16029
15595
15993
15465
16047
16069
16137
15604
15751
15410
15936
15612
15356
15486
15659
15618
15608
15512
15157
15502
15578
15560
15195
15862
14980
14795
14999
15535
14826
15103
15654
15241
15645
15320
15273
15547
15492
15212
15261
15227
15012
15178
15220
15106
15422
15382
15075
14881
14873
15047
15437
15710
15997
16265
16516
15805
15186
15801
15694
15361
15209
15114
15060
15547
15406
16169
16048
16065
16361
17096
16304
16179
16299
16194
16140
16251
15942
16069
15779
15796
16119
15982
16512
16246
15593
16019
15625
16412
15853
15762
16271
15904
16110
16198
16001
15626
15428
15533
15753
16248
15689
16019
16463
15745
15993
16134
15918
16281
15811
15826
15667
16030
15281
15913
15692
15780
16250
16451
16495
16057
16035
16126
15499
16450
16926
15898
15782
15848
16161
16225
15851
15814
15924
15277
15588
15522
15656
15722
15904
15878
15597
15788
16496
16084
16267
17213
16000
16198
16074
15871
16557
16976
17303
16883
17032
16704
17412
17260
16948
16811
16970
16874
17122
17088
17321
17436
16484
16978
16760
17018
17118
16336
15951
15698
16084
15964
16167
16318
15992
16030
16653
16267
16210
16399
16513
16968
16654
16789
17175
17346
17372
17295
17234
17287
17057
17266
17566
17643
18527
17669
18011
18022
18191
18508
18419
18008
18186
18285
18586
16294
16389
16475
16167
16547
16635
16308
16343
16664
16501
16360
16340
16595
16362
16456
15884
16048
16024
15958
16313
16638
16128
16520
15893
16385
16384
16199
16037
16406
16282
16325
16627
16258
16533
16093
16352
16356
16786
16771
17463
17748
17530
19001
18177
17487
17816
17039
17244
17825
16207
16209
16104
16044
15699
16041
15858
15532
15613
15759
15353
15453
15434
15103
15157
15021
15044
15083
14892
14740
15015
15084
15250
14994
15286
15198
15038
15317
15368
15636
15225
15180
15361
15501
15417
15166
15595
15197
14989
15522
16121
15486
15891
15360
15267
15411
15221
15498
15887
18375
18573
18338
17270
16847
17712
17307
16417
16624
15280
16669
15768
15508
15352
15231
15434
15572
15688
15554
15795
15786
15668
15814
15800
16151
15650
15639
15302
15849
19678
19743
20293
21267
16491
15370
15577
15705
15759
16281
16666
16363
16742
16621
17232
17061
16987
16927
18699
16446
16457
16169
16651
16146
16434
17158
16373
16355
16282
16806
16660
16581
16845
16202
16577
16758
16511
16653
16706
16790
16318
16713
16374
16739
16988
17387
16838
16448
16499
16166
16543
16589
16739
16323
16698
17418
17925
17821
17453
17459
17079
17162
17270
17151
17015
16971
16889
16512
16834
16282
20216
20401
20220
20560
16672
16713
16509
16343
15888
15749
16131
15969
15638
15721
15615
16000
15878
16217
15787
16297
16202
16250
16162
16279
16481
16173
16472
16029
16108
15809
16043
16038
15933
16039
15361
15344
15238
15136
15103
15087
15777
15231
15222
14990
15101
15486
15058
15288
15001
15292
15317
14912
14837
15311
14988
15435
14804
14798
15544
14843
15007
14744
14535
14622
14671
14722
14374
15077
15158
14884
14808
14937
15214
15127
15185
15694
15203
15397
15613
15630
15738
16060
15873
15702
15550
15563
16142
15784
15588
15475
15609
15269
15341
15608
15589
15286
15619
15676
16000
16808
15767
16013
15885
15846
15946
15874
15742
16485
18042
18603
15859
15914
15879
16061
15853
16021
15837
15697
15756
16100
15575
15766
15102
15602
15069
15706
15302
15471
15662
15969
15817
15439
16357
15873
15154
15622
14688
15222
15164
14985
15205
15017
14652
15117
14720
15033
15192
14846
15033
15168
15471
15492
16102
17453
17160
17148
16983
16932
17313
17338
17432
14969
15235
15338
15207
15437
15842
15689
15891
17813
17882
18124
17746
17659
17710
17568
17725
16844
15923
15981
15723
16343
16196
16038
16202
15396
15871
15354
15883
16037
15687
15920
15791
16087
16072
15599
16132
15619
16314
16179
16715
16220
16469
16765
16591
16340
15995
16286
16320
16649
16395
16005
16312
16515
16304
16120
16337
16296
16335
16220
16110
16731
16186
16243
16275
16794
17460
16690
20658
22777
22659
16336
16560
16203
16593
16332
16311
16218
16305
15939
16111
15928
16135
16365
15977
15668
16375
15575
15834
16118
16265
15768
15830
15620
15544
15971
15686
15797
16240
16100
16344
16392
16696
17844
16377
17134
16641
16536
16166
16357
15960
15815
15591
15735
15565
15560
15833
15900
15955
15828
16029
15565
16036
15970
15757
15960
15326
15776
15567
15338
15475
15590
15542
15647
15610
15817
15737
15437
15623
15504
15745
15737
15607
16157
16252
16201
16670
16046
16188
15787
16478
16020
16540
16411
16293
16353
16013
15902
16219
16274
16398
16246
16079
16069
15814
15614
15926
16373
16457
16553
16014
16382
16338
16390
16638
16502
16397
16484
16292
16518
16290
16987
16756
17055
16116
16659
16315
17183
16176
16458
16559
16229
15751
16277
15780
16049
16275
16504
16095
15978
16398
16647
16104
17030
16623
16699
16459
16495
16458
16201
16663
16508
16168
16300
16777
16915
16207
17181
16352
16404
16659
16395
16890
16537
16413
16211
16487
16454
16260
16380
16427
15854
16260
16070
16494
15902
16172
16051
16733
15904
15975
16442
16470
16145
15968
16089
16337
16359
16160
16446
16650
16546
16224
16399
16158
16174
16135
15853
16202
16240
16284
15951
16371
16194
16416
16368
16228
16168
16618
15841
16394
15892
16615
16715
16239
16629
16470
16358
16621
16435
16281
16140
16291
16889
16429
16473
16849
16623
16603
16699
16333
16370
16668
16271
16488
16913
16348
16354
16907
16335
16330
16916
16201
16258
16232
16561
16413
15877
16001
16039
15980
15756
15876
18188
16023
15969
16032
16075
16268
16004
15849
16185
16209
15486
16069
15984
15662
16632
18882
20180
20291
20360
16626
15631
15515
15809
15738
15562
15816
15796
15903
16575
16939
17218
18862
18313
17357
16946
17005
16275
16205
16286
16324
16228
15892
15869
16357
16163
17336
16504
16304
16318
16149
15979
15875
15892
15856
16458
15854
16075
15884
15826
15891
15916
16032
16198
15991
16100
15964
16088
15811
15776
15874
16210
16308
15830
15928
16287
16168
15550
15924
16403
16250
15634
15871
15792
15996
15742
15733
15637
16033
15811
16098
16259
15610
15559
15785
15406
15745
15830
15867
15945
15371
15614
15612
15307
15317
15647
15577
15760
15643
15246
15475
15626
15713
15855
15507
15816
16172
16084
16205
15740
15910
15886
16311
16039
15847
15944
15790
15360
16068
16050
16323
15715
15888
15986
16376
16361
16195
16226
16134
16205
15898
15555
15509
15597
15360
16182
15910
15678
15971
15822
15791
15812
15699
15950
15671
15369
15244
15503
15564
15340
15155
15171
15366
15302
15343
15606
15378
15417
15294
15587
15449
15332
15620
15563
16386
15544
15651
15034
15387
15203
15092
16115
15331
15795
15412
15412
15382
15643
15653
15759
15431
15474
15425
15427
15704
15331
15378
15041
15582
15165
15415
15711
15401
15354
15691
15523
15557
15344
15215
15482
15524
16563
16380
15932
16466
16500
15668
16294
16141
15790
16413
16492
15886
16219
15778
16221
15756
16353
16092
15857
15703
16096
15924
15711
15455
15751
16088
15565
15566
15855
15512
15617
15828
14992
15968
16467
16311
16081
25860
31982
36445
33164
17477
16077
16144
15621
15981
15908
15697
16030
16077
15151
15335
15520
15122
15364
15497
15169
15624
15667
15073
15984
15850
15944
15835
15542
15613
16085
15928
15352
15948
16028
15170
15714
15621
14944
15341
16110
15081
15439
15160
15076
15239
15068
14851
15501
15522
15099
15851
15301
14853
16094
15478
16145
15741
15020
14877
15474
14995
15264
15184
15300
14945
15351
14845
14835
14811
14977
15235
16197
15476
15815
15827
16060
15122
15694
15951
15299
16180
15834
15561
16312
16339
17120
17483
17212
17048
18117
17805
16817
17368
17733
17143
17458
17808
16701
17660
17795
17162
17650
17484
17251
17327
17807
17337
17897
17691
16632
16157
16869
16334
16593
16001
16146
16407
15811
15464
15678
15572
16019
15826
15729
15345
15847
15469
15008
15584
15587
15415
15684
15257
15861
16097
15433
15694
15848
16211
17612
18754
18894
19292
18953
17303
16605
16269
16307
16552
16310
16321
16228
16215
16022
16346
16500
16346
15799
16230
15720
16061
16097
15651
15653
15978
15875
16058
16074
15834
15848
15883
16165
15959
16223
15701
15937
15894
15524
15985
16142
16363
16363
16060
15732
15836
15863
16696
15689
15866
16046
16130
15882
15761
16012
15863
15828
15968
15798
15422
15623
15769
15601
15490
15920
15720
16133
16031
16105
15610
16344
16185
15870
17236
16200
16748
15936
15672
16374
15968
16489
15628
16503
16904
16030
16889
16407
16166
17004
16119
17064
16003
16520
18185
16270
16721
15933
16097
16732
16257
16523
18608
16335
15954
16140
16141
16293
16391
16352
16660
16948
16092
16409
17365
16628
16789
16863
17108
16641
16877
16885
17178
16724
16695
17081
16631
17024
17767
17249
16874
17491
16693
17011
17177
17064
18061
17124
17102
16242
16175
16173
16341
16621
15943
15757
15706
15556
16445
15519
15423
16073
15446
15692
15637
15803
16097
16260
15603
15448
15535
15383
16040
15554
15543
15305
15267
15859
15483
15334
15412
15264
16292
15678
15282
15251
16034
15510
15638
15157
14984
14956
14904
15313
15217
15531
15251
14876
15259
15473
15756
15320
15737
16190
15956
15862
15481
15731
15508
15612
15156
15211
15679
15584
15398
16231
16057
15799
16097
15744
15198
15526
15194
15497
15898
15245
15532
15210
15343
15552
15969
15873
16357
16199
16277
16372
15803
15657
16029
15612
15755
15897
15773
15863
15903
15852
15573
15094
14983
14955
14780
14813
15038
15208
14724
15116
15322
15254
15503
15095
14985
15251
15098
15090
15071
14706
14833
15090
14863
15029
14438
15059
14543
14777
14545
14825
14643
14105
13974
13537
14447
14033
14233
14347
14173
14676
14689
14629
14360
13887
14597
14140
14234
14502
14310
14460
14384
13830
14214
14755
14292
14340
14676
14922
14624
15023
14683
14634
14745
14314
14821
14429
14732
14130
14622
14532
14396
14293
14485
14937
15410
14447
14182
14186
14172
14399
15787
14588
14915
14644
14661
14745
14284
14477
14975
15129
15040
15253
15130
14851
14622
14874
15269
15369
15738
15761
14924
14767
14725
15064
14512
14699
14260
14427
14557
14472
14393
14361
14577
14091
14356
14029
14445
14955
14779
14511
14650
14733
14556
14747
15027
14771
14763
14838
14588
14709
15276
14301
14520
14998
15495
15096
15313
15141
15250
15191
15282
15402
15321
15103
15237
14922
15384
15125
15713
15431
14850
15484
15164
15097
14401
15087
14734
14518
15124
14988
14512
14175
14326
14751
14468
14527
14548
14532
14475
14908
15216
15172
15502
15411
16161
16820
16760
15630
15957
15591
15800
15775
15580
16131
15998
15842
16037
16426
15775
16620
17424
17515
17316
16799
16733
16465
16550
17071
16410
17352
17029
16924
16900
17231
17139
17124
16939
17439
17479
16871
17124
17263
16800
16257
16610
17051
16945
16995
17443
17497
17834
18535
17549
17885
18299
18166
18030
18588
18727
18599
17891
18071
18507
18278
18426
18578
18942
17640
17867
17948
17807
18095
19188
17698
18007
18565
17925
17859
16658
16553
15627
15260
15706
15728
15558
16173
15948
15727
15901
16168
15851
15887
15705
15723
15679
15798
15877
16190
16454
16227
16653
16661
17131
16801
16891
16805
17006
16582
16867
16943
17332
17116
16615
17100
16707
16407
16772
16178
16423
16646
16534
16072
15812
15877
15968
15923
16149
16082
16443
16787
16434
17361
16552
16613
16505
16399
16437
15962
16205
16353
15907
16106
15959
16267
16045
15145
15641
15324
15122
15304
15485
15594
15366
15229
14971
15203
15618
15599
15804
16259
15869
15484
15403
15820
15258
15527
15738
15352
15258
15548
15167
15358
15530
15171
15570
15489
15491
15425
15604
15373
15440
15032
15338
15360
15391
14997
15740
15022
15542
15261
15052
15243
14986
15336
15198
15731
15226
15797
15419
16247
16424
15709
15898
16067
15704
15537
15546
16118
15350
15454
15700
15111
15294
15361
16144
15910
15902
15658
15383
15445
15642
15594
15191
15534
15353
15569
15678
15718
15916
16126
15832
15666
15474
15114
15430
15019
15512
15455
14794
15776
15039
15430
15370
15497
15272
15870
15109
15557
14700
15261
15558
15839
15552
15363
15390
15406
14829
15919
15249
15898
18503
17725
17805
18081
15725
15348
15266
15731
15257
15499
15579
15234
15405
15319
14985
15611
14843
15033
14834
14526
14838
15017
15030
14907
16353
14319
15253
14921
14838
15607
15429
15488
16040
15403
15162
15470
15200
15147
15052
15500
15479
15273
14968
15346
15199
15013
15375
15082
15260
15223
16380
15981
16125
16906
15939
16557
15981
16268
16587
16036
16418
16739
16017
16493
16101
16675
17052
16121
16474
16270
16500
16522
16260
16253
16426
16696
16469
16350
16370
16301
16316
16617
16766
19412
20052
19217
19789
19615
19841
19900
18577
15763
15757
16450
16628
15612
16608
15914
15999
16078
16133
15839
16401
16530
16687
16838
16926
17396
17297
17129
16837
17073
17390
17053
17270
17333
17766
17259
17054
17110
16813
17036
17204
18057
17206
16443
16705
15953
16673
16658
16136
16655
16418
16265
16103
16053
16398
16737
16354
16250
15910
15980
16054
15692
15498
16257
15307
15542
15341
15373
15666
16034
15723
14970
15120
15028
15278
14857
15093
15225
14883
14972
14968
15061
14743
15170
15032
15519
15215
15245
15090
15281
15648
15661
15383
15588
15693
15742
15420
15483
15086
15616
14824
14526
15156
14709
14916
15209
14888
14618
14439
14857
14430
15928
14753
15118
15344
14905
15158
15460
15155
14795
14802
14722
15094
14985
15104
15273
14853
14855
14859
14743
14550
14965
15335
14731
14842
14854
14862
14729
14561
15020
14155
14653
14695
14855
15066
15024
15163
15291
15773
14958
14601
15120
14979
15219
15349
14949
14747
14954
15047
14648
14590
15068
14784
14624
14951
15106
14987
15135
15315
1184
14294
14611
14331
14545
14380
14688
15174
14907
16449
18027
18074
18141
16284
14324
14311
14348
14455
14092
14865
14595
14475
15062
14294
14565
13977
14172
14451
14421
14675
14355
14519
14163
14792
14886
14282
14728
15044
14871
14771
14693
14444
14639
15021
14859
14784
14546
15190
15022
15096
14979
15111
15433
15140
15182
15499
15617
15709
15179
15242
15321
15343
15421
15449
15434
15483
15452
16164
15601
15916
15762
15719
15749
15669
15528
15786
15752
16204
15567
15866
15739
15505
15526
15813
15983
15816
15185
15255
15180
16120
15566
15165
15319
15491
15329
15764
15986
15309
15491
15563
15565
15734
15549
15677
16031
15718
15105
15490
15524
15423
15739
15672
15760
15872
15931
15910
16861
18068
17644
17566
17080
16591
17067
16914
17347
17190
17330
16839
16246
16171
16624
16076
15934
16270
16218
16272
16280
15829
15286
14889
15167
14895
14724
14994
14716
14649
14958
14911
14938
14866
14712
14472
14619
14567
14821
14683
14711
14868
14804
14777
14746
14549
14901
14643
14437
15060
14915
14823
14764
14647
14715
14871
14733
14870
14758
14760
14511
14805
14410
14655
14636
14616
14349
14485
14447
14237
14525
14510
14737
15398
15996
15014
15588
14680
20040
17370
17845
18723
15299
14546
14907
15006
14642
19092
16599
18436
17125
18171
18075
15733
15088
14874
15783
15599
15413
15233
15743
15871
15682
15676
15282
15490
15657
15609
15061
15086
15282
15119
14976
15317
15292
14819
14805
14899
15106
15039
14917
15232
15261
14929
15849
14979
14849
15047
15670
15082
15474
15690
15669
15118
14986
15262
15205
15288
14953
15310
15074
15663
15289
15130
16245
15126
15064
14914
15256
14856
14668
14988
15159
15225
15031
15303
15314
15280
15131
15561
15574
15540
15629
15185
15945
15255
15518
15595
15317
16206
15517
15255
15664
16008
15936
16093
16327
15579
15782
15988
15691
15488
15476
15314
15445
15439
15691
15795
15563
15854
15983
16513
16032
15990
16159
15904
15606
15714
15676
15764
15561
15362
15644
16033
15451
16434
15561
15519
15864
15875
15637
16277
16009
16229
16367
16528
16080
16983
16260
16565
16389
16689
16358
16522
16650
16624
16594
16873
16151
16647
16389
16252
16997
16832
16551
16121
15996
16481
16460
16323
16228
16518
16525
15799
15726
15488
15903
16560
16546
15922
15791
16632
16398
15944
16052
16098
16201
16777
16346
16253
16449
16411
16219
16047
16657
16383
16329
16473
16402
16600
16393
16565
16374
16510
16424
16286
16587
16025
16425
16557
16571
16335
16060
15952
16467
16482
15957
16408
16274
15901
15940
15935
16507
17554
16170
15879
16101
16579
16246
16014
16171
16166
17065
16292
16392
15609
15652
15989
16152
15486
15500
15625
15977
15726
15763
15752
16286
16448
16302
16540
16623
16218
15839
17424
15973
15901
16099
16107
15573
16007
15368
15775
15662
16099
15657
15668
15360
15443
15538
15377
15893
15489
15697
15461
15807
16169
16178
17195
15861
16075
16389
16342
16135
16242
15850
15931
15938
16043
15572
15560
15698
15687
15893
15418
16104
15266
15596
15218
15427
15690
15411
15714
15216
15902
15163
15501
15466
15658
15240
15436
15586
15143
15883
15227
15628
15224
15052
14849
14527
14804
14945
15360
15203
15029
15032
15106
15123
14987
14939
14998
14967
14949
14847
14903
15047
14735
15005
15127
15125
15204
15165
14963
14962
15213
14854
14736
14871
14927
14950
15453
15927
15026
15695
15271
15251
15007
15101
15313
15423
15295
15635
16042
15401
15546
15742
15348
15606
15532
15329
15284
15256
15682
17541
17390
16669
16835
17073
17129
17214
17719
16169
15468
15198
15549
15329
15538
15419
15782
15657
16265
15402
15288
15406
15440
15500
15640
15384
15561
15484
15641
15667
15796
15586
15316
15703
15402
16498
15831
15387
15406
15582
15398
15762
15537
15692
15773
15396
15454
15593
15561
15615
15478
16248
16348
16256
16221
16142
16130
16412
16213
16656
16439
16584
16397
17028
16656
16982
16745
17652
16678
17444
17418
17021
16982
16943
17606
16848
17178
16910
17333
17007
17195
17608
16801
17088
17375
17230
17076
16656
16950
17233
16817
16954
16563
17365
16922
16560
16729
16568
16448
16489
16760
16247
16257
16915
16406
17131
16834
17339
19180
20675
20671
20449
21135
20532
20635
20289
19006
17634
17174
17431
17364
17283
17826
17239
17531
17485
17625
17479
18003
18751
17575
17996
17682
18138
17844
18305
17852
18094
18225
17806
17650
17823
17952
17752
17859
17845
17883
17778
18330
18413
17891
18204
18290
18324
17841
18075
18229
18475
18142
18634
18521
18030
17973
18960
18159
19788
18814
18946
18739
17888
18480
18042
17961
17575
17428
17194
17284
16731
16887
17191
16906
17190
16751
16912
16685
17056
16876
16858
17059
17243
17055
16990
17228
16850
16310
16975
16387
16432
16494
15978
16320
16108
16284
16343
16257
19831
19769
20001
20191
16787
17050
17439
16934
17569
17623
17301
17006
17537
17061
17469
16014
15488
15817
15787
15178
15724
15492
15465
15824
15614
17536
15669
15906
16647
16263
16661
16614
16110
16082
15739
15451
15638
15629
16189
16023
16558
16356
16307
16417
16314
16401
15987
15791
16337
16503
15932
16046
16026
16065
18319
20523
20239
20585
20545
20061
20498
19715
19214
16448
16781
16360
16102
16090
15799
15782
15791
15425
16133
15986
16411
16519
16393
15810
15713
15900
16168
15956
15573
15703
15866
16209
16043
15811
15973
15854
16162
15905
15941
16049
15828
16028
15897
15724
15805
15714
15669
15775
15964
16080
16246
16291
15950
15632
15792
15541
15626
16208
16213
16439
15567
16239
15742
16628
15699
15885
16039
16042
16653
17375
15968
15909
16026
15960
16007
15932
15972
15544
15590
15777
16002
16018
16233
16173
15362
16017
16898
16401
15772
15846
15430
16174
15749
15690
15767
15986
15861
15592
15586
15219
15331
15762
15050
15148
15579
15675
15373
14751
14631
15333
15048
14809
15141
15100
14735
15318
15220
14432
14740
14824
14590
15105
14665
15173
14713
15150
15355
14933
14796
15098
14780
14742
14721
14570
14819
15384
15428
15418
15281
14975
15128
15946
18889
18376
18634
17874
15144
14959
15204
14867
14637
15136
15173
14858
14633
14811
14790
14597
14834
14946
15101
14964
14130
14346
14921
14409
14443
14561
14744
14572
14687
13982
14508
14303
14020
14017
13873
13926
14167
13624
13766
14052
14004
14020
13983
14063
14088
14073
14293
14604
16439
13850
13810
14038
13994
14271
13880
13868
14570
13803
13648
15511
16250
16790
16342
16202
16565
16774
16819
17872
17662
17292
17171
17293
14166
14080
13936
13775
13753
14293
13705
14292
13793
13550
13911
13725
14026
13985
13869
14082
13872
13839
13824
13757
14162
14170
13640
13656
14333
13867
13781
14095
14761
14110
13864
14304
14375
14002
14200
13984
14413
14040
14173
14477
14152
13813
13845
13809
13786
13822
13678
14272
14173
14480
14114
14269
14311
14474
15065
15055
15233
15152
15187
14891
14916
15343
14943
15469
15917
15663
16022
16070
15718
15990
16197
16123
15969
15578
15407
15550
15741
16433
15628
15983
16044
16022
16172
15825
15860
15888
15557
16004
15856
15870
16598
16120
15907
16170
15890
15975
15938
15784
15908
15860
15572
15372
15839
16000
15596
15895
15884
15655
15834
15293
15401
14924
15289
15028
15147
15203
15390
15117
15332
15183
15282
15001
14668
15227
14996
14854
15015
15234
15179
15174
15205
14662
14862
14562
14948
14955
14729
15176
14814
14685
14890
14886
14583
14563
14664
14685
14536
14556
14647
15028
14540
14305
14811
14619
14716
14618
14556
14586
15007
14640
14734
14923
15147
14415
14567
14710
14853
14478
15144
15120
14791
14776
14753
14648
14670
14682
15024
14739
14594
14518
14591
14516
14679
14930
14590
14455
14522
14826
14630
14430
14866
14563
14283
14415
14420
14366
14212
14358
14439
14331
14640
14914
15330
14360
14682
15113
14619
14753
14359
14762
14521
14592
14611
14886
14553
14525
14778
15026
14620
14967
14226
14634
14933
14939
15651
14868
14637
14783
15052
14636
14299
14740
14809
14316
14715
15059
15043
15090
14866
15028
15006
14909
15536
15618
15502
15527
15158
15082
15072
15888
15512
15537
15878
15505
15513
15779
15884
15527
15827
15777
15659
15510
15680
15450
15893
15342
15341
15055
14774
15375
15332
15310
14823
15259
15043
14816
15033
14966
15008
15004
14571
14727
14588
14908
15091
14841
15083
15497
15696
15731
15487
15277
15831
15929
15931
16141
15942
16310
16152
16407
16620
16664
16517
16459
16421
16617
17071
16887
17496
17121
17135
17285
16974
17426
16929
16971
17024
17089
17176
17503
17184
16997
16686
17436
16981
17077
16879
17044
17269
17088
17162
17260
17014
17324
17529
17162
16484
16782
16271
16753
16659
16686
16541
16533
16973
16730
17220
16503
16349
16612
16466
16406
16799
16214
16371
16704
16879
16722
16720
16750
16794
16920
16713
16598
16723
16655
16100
16098
16174
16221
16223
15903
16494
16362
16330
16668
17006
16962
17091
17016
16984
17083
16792
16685
16512
16499
16650
16923
17094
17225
18462
17351
17756
17665
16949
18024
17526
17533
16988
16503
16826
16540
19151
16619
16932
16806
17291
17678
17302
17101
16969
16900
16688
16756
17032
16819
16224
16147
16698
16564
16263
15996
16143
16249
16066
15911
16358
16400
16570
16479
16631
17077
16529
16403
16405
16307
16271
16379
16003
16398
16161
16311
16259
17354
17041
16439
16360
16027
16048
16322
16140
16479
16514
15968
16419
17568
17797
17095
16604
16387
16232
16116
16269
16210
16285
16889
17309
17381
17771
16817
17200
17437
16617
16290
15903
15562
15767
15525
15497
15728
15793
16094
16358
15996
16398
16890
16521
16857
16472
16590
16015
16149
15951
16155
17558
16600
16407
17007
17235
17132
17062
16986
17000
17041
16294
16953
16637
16906
17033
17080
16877
16968
17556
17796
18067
17821
17715
17718
17280
17432
16895
17214
17008
17070
17022
16917
16684
16929
17047
17621
17171
16939
17178
17216
16969
17090
17262
17873
17059
17722
17709
17650
17759
17569
17613
17480
17311
18004
17472
18169
17937
17836
17630
17664
17704
17922
17767
18242
18153
18021
18429
17926
18365
18502
18702
18308
18375
19932
24436
24657
25312
25052
21773
18553
18072
18109
17995
18016
18234
17686
18702
17177
17477
17590
17476
17252
17348
17651
17952
17384
17342
17242
17401
17385
17191
16999
17077
17022
16747
16844
17031
17015
17089
17114
16985
17144
17605
16991
17325
17597
17081
16740
17159
16858
17373
17042
17033
17357
17327
17164
17773
17178
17485
17673
17456
17230
17827
17559
16987
17639
17514
17259
16917
17165
17054
17108
17188
17056
17043
18130
17126
17785
17009
17113
16347
16725
16969
17134
16765
17120
17083
17473
16760
17595
16545
17531
17435
17525
16920
17187
16757
17484
16697
16990
16684
17133
16822
16888
16736
17436
17008
17471
16920
16831
16798
17205
17001
17101
17183
17122
17094
17616
16876
17054
16584
17420
17245
17066
16866
17519
17531
17013
17023
17155
17023
16851
17059
17110
16992
16758
17792
16918
16593
16484
16631
16302
16379
16626
16372
15985
16282
15755
15969
15996
15983
15785
15794
15752
16367
16131
16188
15965
15988
15760
16049
15762
16033
16077
15883
15939
16731
16368
15939
15957
16448
16202
16097
16185
16329
16227
16436
16517
16425
16347
15890
16349
16148
16068
16456
16382
16591
16329
16406
16660
16739
17016
16513
16493
16076
16103
16152
16234
16979
16310
16221
16370
16217
16490
16211
16487
16513
844
16133
16801
16473
16383
21698
21641
16810
16655
16456
16210
16397
16724
16259
17444
17519
17425
17969
17728
17588
17664
17687
17557
17714
18233
17409
17361
17608
17001
16514
16725
17113
16055
15659
15253
14934
15408
15160
15138
15026
15461
14991
15600
15658
15636
15710
15494
15278
15545
15199
15691
15227
15411
16299
15950
15955
16346
15925
15125
15589
15019
15001
14938
15380
14994
15021
14890
14951
15182
15240
14661
15370
15407
14989
14974
15205
15068
15085
14964
15390
14602
15172
14871
14960
15035
15233
15079
15061
14800
14516
14559
14693
14636
14755
14637
14966
14754
15161
14520
15030
14672
14721
15262
15132
15313
15030
14544
15401
14759
14804
14592
14403
14630
14418
14031
14196
13806
13901
13687
14121
13975
14166
14412
14180
14031
14377
14486
14770
14586
14453
14424
14794
14582
15467
14568
14397
14115
14308
13905
14611
14248
14236
14351
14111
13875
14364
14056
14333
14265
14088
14263
14046
14217
14498
14393
14327
14249
14302
14139
14417
14309
14167
14106
14452
14420
14323
14075
14314
14599
14361
14517
15426
15413
14617
14732
14626
14427
15788
15473
15023
15674
15272
15618
16399
15705
15616
16013
15794
15680
15836
16007
15596
15561
15640
15780
15884
15750
15876
15917
15689
15928
16040
15666
15644
15779
15644
15481
16044
15803
15289
15445
16173
15201
16057
15822
15224
15610
15922
15646
16337
15915
15413
16067
15684
16093
15565
16230
15337
15501
16101
15914
16833
15939
15558
15620
15663
15575
15738
16614
16228
16285
16522
15832
16240
17390
15851
15822
16716
15921
15683
16133
15826
15846
16556
16410
16997
16477
15792
15393
16422
15989
16789
16861
16438
16596
17089
16998
16673
17392
16691
16341
16421
16091
16230
16650
15922
16373
16866
16014
16141
17065
16749
16895
17139
17054
17115
17169
16800
16570
17303
16748
16911
17048
17035
16789
16981
16465
16431
16771
15920
15388
16338
15889
15637
16099
15699
15921
16283
16062
15971
16554
16233
16357
16959
16019
15737
17194
16409
16246
17165
16183
16319
16870
16172
16039
16776
16032
15595
16010
15496
15892
16181
15742
15668
16520
16707
16128
16458
16672
16373
16846
16161
16376
16906
16164
16109
16738
16407
16071
16104
15886
15456
16114
15544
15542
15412
15552
15989
15834
15612
15907
15976
15299
15776
15910
15408
15123
15801
15550
15462
15890
15523
15333
15672
15722
15087
15328
15343
15168
15595
15426
15642
15146
15002
15151
15561
15261
15371
15411
14690
14947
15106
14564
14623
15222
14962
14673
15351
14987
15252
15443
14892
14789
15246
14967
14752
15651
14481
15200
15958
15421
15539
15880
15421
15615
15733
15423
15242
15761
15268
15174
15963
15067
14949
15964
15637
15775
16020
15169
15476
15686
15062
15050
15756
15183
15088
15532
15331
14847
15454
14724
14764
14947
14435
14638
15168
14724
14585
14898
14836
14580
14792
14964
14493
14649
14721
14522
15171
14737
14746
14747
14487
14687
14624
14721
14730
15017
14531
14490
15210
14526
14785
15084
14708
14818
15437
14856
15038
15700
18297
18830
19319
18963
18806
19301
19467
18978
16880
14726
14984
15608
14326
14884
15443
14688
14568
14833
14461
14288
14735
14273
14530
15131
14060
14569
14674
14414
14536
14736
14547
14336
14486
14149
14293
14696
14599
14113
14900
14252
14293
15146
14685
14319
14844
14086
14575
14580
14219
14170
14804
14450
14346
14642
14505
14642
14854
15128
14616
15019
14264
14503
14912
14435
14685
14710
14670
14305
15398
14643
14950
14975
14620
14583
14829
15186
14372
14926
14248
14469
14865
14488
14268
15016
14157
14203
14455
14386
14586
14450
14152
14449
14963
14405
14637
15612
15517
14690
15644
15630
14871
15589
15028
15267
15345
15692
14786
15404
14694
14546
15247
14678
14913
16169
15598
15664
15429
15330
15537
15862
16299
15721
15893
15776
15268
16064
15898
15572
16179
15400
15835
15746
15368
15621
15902
15389
15500
15577
15025
15322
15851
15424
15400
15514
15292
15419
16269
16000
15717
16125
15650
15146
15909
15631
15410
15731
15411
15880
16260
15869
15681
16447
16109
15853
16441
15670
15658
16229
16010
15977
16375
16486
16259
16864
16922
17077
17912
17119
16904
16633
16907
16529
16544
16778
16902
16614
16673
16843
16464
16355
16515
16666
16280
17164
16522
16752
16404
16549
16129
16366
16605
16258
16182
16309
16147
16507
16471
16416
16105
16097
15963
17055
16270
15937
16383
16123
16051
16224
16257
16144
16576
16233
16196
23932
27918
28042
16313
15373
15681
15495
15388
15324
15926
15485
15630
15600
15039
15422
16109
15340
15723
15649
15530
15708
15139
15915
15398
15592
15795
15370
15983
15513
15827
15931
15563
15770
16104
15979
15650
15707
15530
15253
15467
15311
14954
15702
15636
15288
15193
15159
15320
15378
15688
15271
15571
15611
15159
15329
15515
15327
15372
15382
16651
15133
15511
15576
14971
14890
15336
15454
15247
15333
15652
15577
15589
15251
15588
15424
15584
15673
15826
15665
16209
15547
15743
15315
15735
15659
16463
15725
16003
15967
16423
15873
15836
15756
15714
15645
15820
15403
15915
15148
15668
15426
15421
15199
15351
14850
14914
14824
14985
15016
14997
14782
14835
15134
14933
15659
15372
14872
15304
15081
15311
14881
14896
15228
15383
15207
14953
14697
14845
15053
15397
15126
15772
15172
15565
15754
15365
15877
15549
16114
15553
15437
15816
15350
15443
15005
15270
15577
15874
15136
15704
15385
15415
15688
15671
15801
16070
15134
15140
15492
15697
15576
16105
15325
15419
15480
15082
15960
16376
15814
15833
16022
15521
15252
15152
15201
15809
15196
15383
15109
15112
14809
14914
15696
15073
14767
14753
14911
14850
14896
15014
14649
14467
14958
14905
15060
14619
14778
14716
13732
15246
14927
15447
14778
15024
15248
15549
15028
15039
14950
15153
15223
15052
15168
14874
14371
14411
14371
14163
14263
14712
14170
14214
14287
14478
14025
13984
13897
14137
13901
13768
13770
13847
14694
14066
13792
14154
14524
14277
14770
14183
14199
14384
14166
14774
14242
14606
14630
14220
14771
14501
14503
14706
14840
14701
14628
14642
17564
17159
17946
17360
17201
17625
17772
17734
15660
14947
14603
14862
14829
14754
14797
14482
14725
15381
15088
15285
15088
15247
15765
14970
15432
15732
15231
15247
15640
15135
15187
15891
15302
15176
15335
15499
15545
15183
15220
15540
15268
15294
15164
15489
15229
15249
15229
14955
15183
15578
15619
15455
15459
16405
16244
15519
15357
14987
14990
15524
15370
16145
15068
15001
15642
15325
15609
15702
15228
15587
16082
15540
15323
14997
15103
15289
15253
15389
15197
15288
15468
14972
15157
15196
16061
15389
15203
15972
19370
19601
19249
19180
19253
19217
18662
18985
14896
15184
15502
14992
14934
15287
15545
15299
15497
15283
15029
15129
15228
15299
15386
15778
15242
15259
16476
15871
15324
15623
15711
15449
15470
15027
15509
15569
15278
15089
15129
15002
15220
15462
15205
15034
15082
15154
15312
15030
15051
15073
15240
15189
14690
14639
14478
14530
14816
14397
14286
14676
14573
14145
14566
14520
14538
14429
14454
14324
14239
14116
14629
14493
14928
14432
14321
14797
14923
15187
15279
14142
14894
14615
14521
14606
14868
14521
14331
14223
14479
14505
14730
14657
14754
14509
14551
14896
14406
14540
14793
14638
14859
14533
14695
15005
15133
14506
15075
15086
15271
14855
14893
14595
14911
14624
14865
14832
15011
15196
15053
15045
14829
15244
15393
15429
15295
15247
15180
15029
15953
15391
15191
14836
14819
14680
15178
14411
14883
14813
14560
15084
15043
14935
15038
14979
14548
15006
15156
15206
15043
15234
15204
15175
15234
15199
15635
15475
14992
15470
15146
14988
15493
15604
15482
15517
15772
15677
16137
15447
15426
15838
15395
15627
15504
16260
16442
15795
15782
15911
15518
15813
15810
15632
15357
15586
15516
15995
15318
15382
15311
15242
15736
14973
14771
15367
15270
15288
14945
15150
15251
15240
15503
15446
15241
15520
15369
15328
16820
15176
15010
14953
15130
15033
15179
15018
14782
14896
14732
15062
15306
15434
15162
15610
15532
15219
15245
15097
14928
17033
15417
15456
16281
15525
15562
15558
15533
15737
15785
15612
15788
15251
15573
15745
15125
15369
15458
15020
15253
15045
14976
15265
14970
15321
14973
14978
15824
15525
15358
15045
15360
15214
15053
15336
14737
15361
15012
15486
15109
15230
15147
15139
14866
14625
15124
15239
15158
14877
14954
15161
15196
15058
15204
14927
15303
15155
15035
15085
15017
15034
14887
15301
14762
15306
15422
15175
15809
14986
15506
15111
15247
14997
14978
15113
14920
14741
15058
15128
17634
15551
15636
15706
15598
15443
15336
15464
15492
15716
15657
16079
15812
15506
15517
15326
15618
15553
15596
17492
19506
19086
19348
19111
18561
18816
18357
17136
15314
15542
15281
15258
15641
15724
15822
15409
15718
16034
15734
15680
15684
15671
15582
15282
16030
15306
15817
15362
15488
15856
15591
15789
15615
15560
15473
15645
15542
15614
16645
17790
17879
18067
17793
17706
17780
17867
18179
17595
18141
17847
18178
17871
18294
17919
18500
18156
17813
17862
18100
18093
17906
18222
18030
17959
17905
15243
15477
15519
15359
15827
15645
15622
15627
15108
15160
15280
14997
15003
14938
15008
15109
14951
15171
14956
14940
15050
15100
15083
14874
15016
15160
15488
15404
15556
15159
15108
15255
14925
14968
14940
15023
15091
14705
14810
14767
14993
15046
14988
14908
15226
14808
15168
15268
15250
15554
15534
15738
15520
15907
15814
15726
16092
16400
16046
15742
15867
16333
16003
16239
16323
16273
16175
16102
16185
15825
17064
16025
16232
16121
16319
16115
15904
15986
15705
15923
15918
15647
15884
15700
15635
16434
15454
15994
16079
16239
16423
15480
16129
16002
16013
16296
15669
15501
15718
15745
15929
15762
15348
15296
15707
16023
15252
15147
15873
15629
15594
15647
15576
15312
15637
15923
15852
15967
16009
16075
15748
15698
15782
15585
15990
15877
16038
16049
15992
15723
16204
16444
16556
16121
16318
16280
15917
16588
16767
16530
16473
16830
16853
17312
17382
17425
16667
16404
16539
16614
17360
16698
16942
17179
16901
17012
16898
16847
16783
17087
16421
16170
16779
17209
16958
16807
16908
17118
16474
16926
16915
16597
16869
16661
16694
19084
16705
16969
16820
17196
16784
16959
17062
16748
16788
17223
16823
16778
16665
16696
16980
17139
17533
16956
19301
17102
17021
16583
16686
16893
16623
16825
16575
16695
16760
16168
16239
16140
16322
15778
15920
16091
16124
15767
16415
15824
17101
16633
16606
16319
16776
16486
16033
16652
16775
16816
16663
16008
16599
16109
15828
16012
15758
15918
16224
16239
16700
16284
16140
15921
16390
16346
16279
16528
16265
15798
16368
16236
16264
16188
17090
16662
15631
15969
15728
15672
15951
15728
15640
15778
17427
20314
21023
20855
16337
16127
16081
16126
15682
15811
16049
15417
15607
15606
15845
15271
16039
16070
15857
15250
15500
15329
15356
15443
15883
15409
14990
15295
15832
15307
15475
15399
15473
15468
15443
15425
15117
15239
15695
15885
15252
15269
15195
15026
15338
15241
15148
15171
15149
14914
14993
14759
14747
15122
14771
14782
14600
15224
14747
14777
15390
15455
15240
15199
15326
15185
15716
15480
14769
15306
15326
15183
15437
15254
15223
15452
15968
16313
16510
16070
16032
15864
16408
16139
16496
16043
16003
16273
16370
16308
15969
15991
15799
16045
15623
15714
15911
16115
16059
15870
15853
16288
16197
15829
1265
15855
16172
15837
15680
15566
15707
15801
15368
15786
15504
15397
15565
15768
15451
15338
15528
15823
15271
15403
15378
15732
15433
15366
15056
14908
14838
14856
15018
15398
14983
15506
15935
15385
15594
15987
15268
16201
16980
16938
17151
17598
17699
17235
16932
17564
17006
17367
17306
17156
17382
17761
17237
17911
17557
18158
17795
18069
17210
17755
18031
17231
16774
16050
15900
16273
15920
16018
16061
16170
15974
16872
15865
16193
16736
15837
15999
16248
16160
15975
15893
15849
16183
15867
16635
15988
15797
16274
15775
15918
16032
16063
16630
16094
15783
15918
16464
16154
15193
15993
15468
15677
15859
16078
15944
15880
15992
15812
15962
15806
15998
15682
16196
15615
16321
15556
16116
16018
15632
16341
15491
15941
16223
15893
16166
16078
16680
16156
16368
17158
16420
16465
17053
16211
16455
16298
16361
16546
16145
16452
16813
16476
16638
16119
16361
16026
16269
16230
16070
16349
16049
16366
16055
16033
16185
15612
15771
16070
15537
15517
15828
15844
15514
15491
15857
14991
15112
14968
14740
14782
15120
15606
15229
15209
15597
14800
15006
15120
14907
14906
14684
15184
15253
15276
15649
14976
15367
15059
15257
15621
17549
18508
17842
17777
18568
18381
18797
18197
18070
18691
17891
18391
18502
18120
18419
18551
18463
16294
16113
16201
16403
16300
15870
15678
16075
15915
16391
15992
15846
16088
15942
15943
15984
15311
15588
15488
15712
15757
15793
15936
15454
15812
15655
15917
16006
15560
15567
15335
14728
15325
14895
15383
15176
14953
15434
15078
15229
15368
14865
15137
14591
15064
15187
14619
15032
14797
14722
14816
14622
14975
14498
15288
15046
14753
15519
14769
15045
15171
15045
15131
15292
15589
15668
15048
15348
15263
15993
15627
15429
15627
15480
17007
18399
19161
18003
17137
18640
19153
17845
17715
18510
18439
19627
18724
18324
18590
18371
18534
15751
16130
16087
16467
16642
16694
16004
16220
16141
16382
16504
16615
16265
16864
16071
16036
16069
16259
16081
16550
15412
17030
16682
16912
16797
16042
16346
16352
16075
16038
15586
16695
15447
15731
15962
15618
15971
15530
15625
15498
15045
15430
15142
15464
15661
15602
15751
15635
15675
16199
15378
15789
15274
15108
15678
15994
16086
15802
15703
15738
16267
16460
16250
16316
16251
16388
16849
16487
16579
16977
16169
16406
16267
16526
16882
16461
16417
16132
16403
16155
15928
16310
16366
16351
15989
16010
16727
16179
16387
15864
15946
15976
15694
16281
15986
15675
15363
15202
16036
15374
15288
15343
15448
16020
16569
15845
15785
15631
15655
15306
15351
15577
15264
15864
15802
15649
15850
16124
16323
15833
15628
15828
15478
15588
15698
15709
16210
15801
16010
16103
16111
16042
15222
15588
15340
15310
15352
15380
15710
16039
15071
15297
15437
15475
15745
15103
15762
15217
15430
15297
14945
15297
14908
15488
15384
15184
15155
14775
15030
15091
14865
14787
14953
15341
15097
15018
16466
16409
14760
14940
15048
15400
15523
15217
15134
16368
15437
15515
15935
15376
15603
15366
15181
15277
15353
15407
15842
15700
15544
15627
15949
15994
15585
15174
15316
15462
15793
15921
15852
15528
15579
15638
15975
15528
15672
15383
15682
16047
15554
15565
15674
15702
15591
16278
16033
16042
15771
16122
16134
16082
16242
15798
15567
16147
15853
16238
16817
18456
17370
17180
16948
16764
17441
16885
17610
16850
16609
17372
16987
17038
17238
17427
17308
17337
18049
16246
15866
16196
16002
16228
15815
15510
16985
17218
17785
17442
17744
17914
18123
17471
15726
15977
16436
19916
19106
19346
19423
19604
19839
19948
19117
15660
15336
15697
16708
15466
15332
15343
15661
16515
15882
15476
15478
15637
15993
15794
15417
15520
15561
16055
15177
15764
15152
15204
15045
15038
15397
15585
15459
15843
15697
15476
16005
15787
15607
15620
15662
15470
15596
15521
15722
15618
15904
15241
16076
15826
15637
15859
15572
15179
15693
15573
15608
15540
15688
15413
15771
15702
15662
15625
15658
15696
15733
15694
15953
15632
15452
17095
15822
15770
15716
15404
15861
15627
15870
15839
15685
15378
15600
15546
16063
15574
15651
15742
15708
16058
15830
15954
16643
16257
15976
16331
16436
16654
16020
16243
16414
16714
16732
16158
16316
16484
15788
16155
16256
15953
15989
15615
15964
16414
16533
15876
16193
16059
16404
16468
15702
21961
23914
19766
16006
16278
16266
15942
16478
15951
16018
16355
16096
16437
16695
16237
16706
16327
16509
16991
16647
16123
16422
16767
16293
16152
16201
16137
16419
16645
16098
16431
16810
16319
15835
16028
16039
16216
16245
15767
15987
16114
15707
16042
16201
15920
15832
15891
15821
15608
15842
15864
15949
15713
18660
19782
19357
19914
16851
15991
16144
16384
15925
15939
16420
16135
16130
16569
16492
16184
16528
16023
15964
15782
15986
16310
16181
16297
16431
16224
16167
15905
16209
16025
15872
15931
16094
16687
16475
16787
16403
15777
15914
16423
16297
16220
16019
16623
16203
16446
16685
16505
16727
16811
16871
16435
16580
16381
15960
16244
15952
16214
16743
16206
16574
16073
15785
15954
15851
15979
15843
15837
15995
15458
15711
15839
15962
15989
15724
16167
15959
15903
16004
16377
17526
20236
19704
19833
19915
19509
19780
19555
19273
15880
15736
15934
15437
15580
15573
15526
15326
15636
15291
15044
15327
15697
15972
16076
16081
16082
15470
16116
15794
16043
16307
16028
15912
15330
15654
16079
15726
15555
15532
15697
15477
15677
15563
15774
16228
15822
15503
16023
15865
15689
15663
15647
15745
15688
15536
15361
15538
15447
15730
15672
15727
15582
15838
15884
15944
15794
15749
15906
15717
15524
15495
15566
15386
15656
15596
15885
15369
15417
15344
15430
15212
15129
14331
15669
15525
15490
15603
15302
15501
15715
15686
15703
15510
15640
15475
15941
15370
15298
15040
16245
14239
14675
14666
15672
15169
15493
15427
15632
15351
15586
15361
15211
14977
16156
15378
15412
15166
15439
16166
15329
15806
15161
16008
15421
15226
15379
15296
15493
15319
15177
15031
15211
15386
15484
15090
15210
14738
14462
15357
14912
14769
14693
14433
14659
14337
14696
14350
14915
14605
15209
14738
14691
14649
14445
14519
14941
15346
14536
14580
15901
16102
15037
15521
15072
15383
14770
14653
14829
14368
14591
14198
14934
15027
14760
14578
15012
14650
15082
14696
14321
14166
14587
14679
14585
14291
14781
14019
14139
14660
14620
14401
14041
14177
14168
14161
14461
14583
14706
14139
14158
14757
14602
15037
14469
15117
14792
14597
14408
14112
14544
14531
14207
13951
14142
14110
14232
14315
14199
14347
14626
14495
14774
14787
14788
15211
15368
14887
14586
14493
14478
14682
14465
14732
14399
14346
14624
14343
14580
14954
14839
14882
15071
14832
14979
14727
14823
14971
14526
15089
14952
14680
14311
14671
15533
14532
14569
14433
14732
15930
15314
14825
15220
14374
15091
14456
15075
14969
14652
14580
15231
14685
14643
14469
14787
14611
14649
14401
14614
14909
14597
14907
14706
15051
14907
14885
14774
14655
15075
14738
14715
14813
14882
14972
14691
14592
14646
14665
15035
14807
14696
14795
14593
14554
14766
14637
14752
15070
14674
14764
14539
14574
14251
14866
14392
14549
14300
14460
14680
14254
14562
14851
14915
14779
14828
14579
15088
15032
15463
15152
15479
15107
15190
15178
15105
15214
14968
14958
15100
14981
14940
15215
14997
15344
15076
15231
14878
15388
14965
15277
15049
15493
15282
14631
14930
14836
14832
14977
14891
14702
14585
14955
14581
14710
14734
14921
14702
14724
14604
14811
14855
14982
14900
14996
14840
15054
15544
14844
14662
14657
15081
15409
15412
15443
15982
15377
15505
16539
16113
16445
16249
16592
15973
16255
15925
16305
16375
15975
15522
15868
16144
16814
15984
15910
17367
17522
17657
17776
17220
16145
15943
16220
16255
16102
16098
16101
16008
16425
16091
16360
15689
15976
16048
16426
16220
16216
16237
16143
17041
16496
16256
15870
15617
15713
15348
15991
16002
15823
15444
15827
15822
15685
15987
16181
15713
15524
15616
15216
15682
15654
16773
16191
15645
15644
15583
15894
15589
15494
15457
15667
15670
15740
15336
15429
15458
15665
15359
15574
15627
16229
15676
15838
15899
16329
16051
18082
15867
16316
16162
16184
15863
16074
16351
15594
15489
15397
15758
15724
15686
15770
15512
15796
16005
15360
15402
15116
15178
15078
15162
15365
15003
14999
15120
15000
15038
14880
15007
14949
15261
15129
15055
14972
15506
15569
15457
15798
16092
16050
15833
15840
15677
16138
16245
15976
16062
15877
16046
15861
15959
16086
15788
16563
15975
16808
16433
16279
16253
16902
16973
17091
16363
15978
16073
18501
19509
19232
19840
19314
19379
19708
19616
18107
15885
16394
16044
16124
15671
16031
15777
15527
15706
15580
15359
15375
15449
15254
15582
15452
15408
15571
15731
15709
15562
15868
16136
15871
15933
15965
15849
16170
16131
16279
15828
15611
15419
15583
15493
15392
15631
15628
15738
15764
15843
16070
16476
16254
15839
16211
16416
16344
16271
16432
16155
16094
16641
16454
16169
16274
16203
16178
15894
16291
15623
15872
15720
15893
16106
15792
15870
16002
16140
16023
15597
15907
15706
15831
16022
16132
16152
16053
15998
15897
15673
16078
16172
15793
15600
15814
15605
15872
15910
16153
15918
15819
15793
15992
15691
16192
16350
15980
15861
15644
16076
15751
15718
15700
15559
15750
16121
15473
15652
16002
15943
16562
15701
16366
15997
15805
15912
15986
15660
15461
15935
15986
15774
15832
15933
16055
16038
16077
16162
16543
16490
16439
15815
15806
15824
16002
16309
16188
17093
15862
16834
16061
15873
16146
16022
16281
16176
16075
16712
17319
16054
16165
16376
15987
15984
16118
16060
15790
16342
16131
16421
16313
16197
16188
16139
16311
16184
16276
16391
16107
16313
16260
15770
16633
15779
15528
16109
15603
15590
15837
15377
16220
15466
16265
15710
16109
16099
15592
15746
16036
16284
15814
15861
16243
15950
16085
16390
16434
16333
15891
16142
15771
15620
16037
16002
15486
15877
16087
15939
15614
15738
15387
15342
15410
15463
15362
15008
22178
24579
15492
15938
15552
16008
16088
15408
15692
15442
15781
15901
15801
15419
16696
16166
15892
15371
15397
15481
15286
15839
15809
15560
15724
15298
14891
15498
15465
15430
15032
15027
15137
15020
14818
15331
15232
15342
15334
15010
15548
14963
15793
15296
15291
15582
15110
15356
15216
15090
15158
16309
15582
15286
15288
16003
15483
15209
15513
15251
14928
15380
15388
15427
15193
15209
15133
15447
15412
15700
15187
15183
15180
15558
15401
15865
15274
15016
15115
15484
14707
15277
15645
15062
15160
15511
14799
14653
14674
14492
14904
15151
14920
14739
14819
14880
14474
14470
14664
14934
14576
14622
14498
14763
14534
14809
14927
14982
14500
14589
14597
15211
14374
14831
14566
14668
14740
14842
14825
14627
14616
14757
14680
14835
18354
18758
18478
18487
18715
18749
18611
18678
15988
14522
14814
15266
14540
14823
14659
14936
15034
14905
15075
14643
14378
14767
14491
14291
14622
14643
14747
14457
14459
14536
14451
14472
14460
14560
14634
14708
14596
14795
14314
14486
14123
14332
14454
14310
15049
15574
14777
14597
14728
14413
14342
13984
14355
13763
14383
14090
13897
13812
13727
14073
13907
14472
14139
14252
14148
14623
14916
14471
14366
14573
14978
14577
14409
14964
14559
14342
14979
15048
15047
14648
14410
14599
14397
14190
14577
14310
14360
14404
14239
14326
14272
4116
14187
14408
14278
14320
14369
14383
14995
14792
14798
14298
14680
14785
14528
14670
14263
14519
14583
14658
14675
14625
14987
14662
14748
14598
14871
14926
14902
15148
14863
15208
15017
14879
14897
14866
15341
15236
15683
15280
15554
15241
15342
15239
15237
15474
15250
15111
14961
15079
15155
15253
15119
15213
14988
15098
15308
15357
15027
14907
15257
15043
14909
14634
15172
15051
15074
15117
14716
14769
14847
14746
14588
14678
14757
14667
14432
14627
14451
14270
14556
14724
14724
14446
14803
14520
14597
14759
15362
14819
15130
14981
15165
15076
15175
15255
15274
15432
15299
15246
15510
15789
15225
15271
15084
15170
15594
15215
15419
14935
15382
16206
15538
14872
15345
15225
15006
15267
15085
15295
14942
15225
15192
15230
14938
14797
15171
15067
14742
15150
15430
14874
14897
14808
15328
15306
14878
15735
14910
15193
14975
14935
14917
14902
15245
15216
15059
15085
15415
15077
15079
14958
15229
15164
14981
15157
14741
14931
14804
14993
14997
15036
14863
14762
14957
15384
15017
15323
15101
15306
15035
15294
15376
15403
15444
15263
15067
15036
14990
14873
14971
14903
14612
15029
15055
14904
15113
14909
15058
15090
15078
14800
15462
14577
15009
15210
14801
15165
15477
14879
14945
15569
14646
14588
14813
14770
14935
14953
15258
15248
14773
14973
15087
15097
14855
15035
14806
15785
15373
15663
15220
15655
15689
15569
15997
15805
19470
19548
19013
18912
16303
15406
15271
15711
15736
15736
15709
15404
15846
15791
15903
15935
15628
15732
15733
15734
15804
15753
15953
15870
18776
19358
19301
19460
16511
15977
15882
15576
15953
15594
15253
15646
15351
15093
15688
15586
15154
15659
15419
16323
16873
16314
16924
17064
16672
16862
16298
16557
16901
16451
16539
16664
16675
17192
17007
16493
16484
16947
16403
16546
16343
16322
16131
16561
16652
16440
15951
15616
15316
15087
15108
15055
15069
15336
15370
14864
15122
15267
15293
15368
15091
14967
15068
15020
15322
15118
15244
15337
14885
14994
15115
14925
15279
15569
15008
15054
14899
15175
15321
15752
15384
15018
15187
15256
15133
15203
15516
15097
15478
15647
15776
15761
15589
15653
15691
15896
15759
15694
15962
15856
15684
15860
15921
16091
16153
15981
16186
15433
15843
15720
15525
15777
15594
15297
15425
15566
15562
15370
15478
15795
15318
15445
15003
14780
15152
14732
15013
14869
14680
14818
14594
14990
14645
14924
14960
14434
14836
14662
15142
15774
14933
15831
15333
15230
15669
15348
15017
14950
15056
15091
15036
15300
15231
15379
15182
15880
15342
15104
15825
15475
15375
14843
15099
16472
15805
15844
16025
16216
16064
15985
16229
15881
15540
15350
15349
15839
15880
15681
15689
15717
15782
15875
15766
15893
15938
17338
15958
15865
16113
15717
16284
15748
15611
16396
16138
15754
15652
15710
15615
15747
15862
15691
15877
15691
15641
15469
15540
15324
15217
15446
15590
15780
15962
15859
15378
15770
15377
15979
15208
15551
15273
15377
14911
15490
15323
15172
15316
14891
15367
15019
15200
15191
15556
15649
15258
15482
15420
15358
16037
15635
15697
15598
15813
15299
15591
15604
16107
15498
15746
15576
15643
15630
15823
15907
16448
15967
15690
15742
15832
15939
16108
15878
15739
16015
15970
16430
15922
15810
16229
16026
16403
16438
17009
16569
16245
15965
16403
16111
16437
16471
15971
16192
16305
16098
16409
15889
16254
16115
16159
16090
16165
16028
16179
16189
16243
16356
15729
16589
16150
15459
16344
15653
15950
15881
15800
15909
16036
16215
16359
16437
17301
16723
17036
16894
17142
16610
16569
16394
16773
17199
16631
16641
16942
16596
16777
17009
16713
16956
16523
17067
16625
16905
16900
17206
17014
17841
17369
16998
16737
16735
16389
16987
17038
16743
16560
16109
16159
17838
16358
16687
16595
16430
16230
16909
16619
16899
16474
16620
16613
16714
16333
16463
16630
16932
16635
16676
16755
16899
17184
16977
17121
16806
17101
16850
17517
17005
16968
16848
17532
17474
17163
17607
17254
16740
16631
17060
17579
17227
17531
17087
16638
16637
16933
17419
17127
16839
16722
17201
17476
17579
17154
16495
17565
16416
16631
16859
16077
16223
15971
16592
16714
15850
15616
16162
15829
15939
15795
15652
15947
15879
15946
15699
16020
16005
15841
15873
15498
15351
15243
15232
15527
15526
15301
15497
15469
15432
15820
15482
16376
15623
16135
15614
16015
15831
16002
16005
15355
16523
16931
15923
16079
16060
15778
15949
16158
16171
16314
15998
15829
15929
16082
16098
15675
16158
16170
16289
16359
16476
16078
16153
16329
16750
17009
16468
16078
16548
16741
16618
16998
16651
16283
16382
16158
16108
17113
16338
16219
15906
15744
16154
15840
15403
15730
15715
15824
15346
15033
15960
15295
15438
15319
15341
15706
15381
15459
14993
15405
14917
15112
15451
14905
14881
14846
15029
15003
14635
14976
14804
14606
14741
15013
14994
14646
15454
14960
15948
14969
15080
15356
15024
14545
15394
15493
15030
15672
15964
15572
15867
16287
16287
15615
15483
15696
16102
15990
16073
15425
15641
15447
15611
16015
16293
15815
15777
16103
15991
15712
16084
15699
15980
15781
15693
15614
15276
15187
15427
15792
15751
16202
15335
15177
15059
15498
15272
15512
15405
15087
15703
15001
14670
15923
15516
15532
15731
15614
15627
15083
15310
16285
15160
15466
15664
15589
14763
15028
15116
15272
14720
15344
14911
15057
15442
15451
16546
15484
15002
14724
15065
15103
15589
15451
15387
15332
15086
14984
15053
15323
15366
15222
15022
14777
14507
14829
15063
15022
15162
15008
15087
15232
15178
15207
15526
15712
15926
15518
15549
15808
15696
16156
15835
16293
16284
16040
15888
15673
16066
16283
16069
16069
15609
16118
11346
15743
16200
15713
15847
16132
15875
15947
16057
16010
15946
15603
19643
19783
15449
15323
15279
15506
14745
15079
15159
15104
15051
14786
16825
16368
17128
16485
16778
16548
16945
16697
16792
16949
16775
16332
16775
17122
16849
17014
16827
17200
16571
17008
17100
17002
17079
16935
17909
17165
17672
18201
18184
18068
18151
18295
18632
18326
18619
18291
17724
18202
16718
16911
17459
16751
16990
17425
17339
17643
17655
18548
19568
19112
19384
19180
19323
19650
19486
19719
19527
19384
18781
18869
19007
19044
19078
19439
19683
18895
19606
19891
19068
19823
20269
18945
18410
18898
18438
18952
19758
18985
19030
19039
18785
19352
19164
20004
19301
18891
19718
19179
19296
20653
19485
19583
19855
19505
19275
19861
19409
20233
19692
19770
19685
19550
19751
19838
19823
19820
19557
19386
19397
19492
19966
19369
19734
19535
19222
19329
20098
19187
19106
19258
19292
19014
18745
19001
19137
19337
18860
18848
18672
19123
19792
19305
19088
20203
19311
19762
19611
20127
19927
20056
19459
19654
19089
19515
18963
19401
19095
19401
20218
19682
19765
19705
19683
19724
19520
19251
18938
18997
18691
18920
18798
17892
18025
18205
17847
17802
17492
17340
17534
17923
17450
17962
17720
17088
17438
17611
17717
16954
17142
16661
17265
16620
16722
17055
16689
16964
16345
17182
16766
16998
16928
16747
17148
16462
15977
16217
16461
16699
16129
16290
16511
16663
16754
16599
16339
17149
16648
16885
16439
16297
19920
20553
20358
20555
20488
20611
20351
20573
18007
16553
16711
16606
16308
16701
16722
16836
16597
16636
16643
16173
16533
16475
16073
15944
15994
18807
20141
19889
19750
19829
20064
20214
19551
20548
20165
20171
20412
19699
19538
19759
20068
18831
15539
15758
15884
16073
15790
15526
15606
15532
15687
15737
16013
15476
15457
18378
18372
18770
18879
19173
19387
18958
19276
19532
17794
14773
14830
14931
15050
15353
15075
15793
15010
14887
15007
15769
15285
15049
15114
15543
15431
16264
15976
15431
15347
15817
16017
15734
15574
15562
15781
15694
15940
15747
15615
15584
15372
15959
15489
16218
15741
15317
15584
15528
15185
14786
15164
15523
16114
15274
15622
16183
15796
16989
16068
16007
15854
15725
15548
15895
16446
16063
15949
15578
16186
15991
16502
16336
15994
15595
16074
15579
15692
16321
15244
15801
15835
15652
15980
15789
15872
16250
15926
16050
18716
16655
16755
15865
16017
16188
16176
16519
16128
16432
16176
16555
16505
16524
16195
16549
15967
16298
16083
16277
15915
16674
16905
16955
16913
16595
16949
17067
17226
17464
16950
17239
17974
17428
18224
17528
17377
17655
17386
17290
17607
17782
17877
17787
17987
17700
17830
17500
18193
17993
18318
17749
18436
17837
18289
18016
18324
17818
18452
17882
18235
17879
17883
17862
17983
18011
17992
18076
18027
17892
18495
18005
17917
18330
18146
19404
20736
19973
20223
19916
19536
19534
20203
19579
17945
17872
17698
17864
17993
17941
18810
17820
19844
19690
19477
19616
19409
19551
19538
19600
17916
17854
17377
17585
17151
17310
17321
17227
17325
17733
17749
17384
17363
17255
17520
17171
17533
17391
17065
17121
17107
17488
17335
17007
17116
16971
17007
17110
16835
17133
17491
16943
17775
16796
16040
16026
16927
17198
17009
16474
16233
16183
16199
16326
15790
15598
15852
16257
17028
17004
17090
16785
16843
16596
16459
16075
16087
16646
16605
16363
16593
16475
16614
17046
16414
16427
16039
16301
16320
16466
15874
15895
16219
16785
16582
15948
15963
15900
15446
15387
15472
15924
15644
15224
15296
15632
15592
15660
14999
15080
15309
15465
15467
15483
15310
15170
15585
15502
15395
15606
15306
15506
15392
15612
19787
20428
20895
20462
20897
20698
19462
15931
15955
15726
15658
15794
15768
15741
15974
16182
15756
15672
15940
15945
16202
15972
15869
15899
15851
16158
15926
16377
16021
16205
16084
16311
16235
16214
16402
16319
15850
16172
16065
15992
16119
16095
16357
16023
16117
16376
17165
16804
16684
16889
17083
16949
17243
17061
17062
16743
16794
16664
16405
16782
16901
16602
16911
16946
16753
16772
16688
16671
16757
16636
16773
17087
16879
16777
16512
16422
16440
16704
16623
16434
16105
15882
16191
16593
16093
16396
15726
16373
16224
16364
15975
15922
16293
16660
16551
16861
17047
16617
16361
16899
16357
16726
17230
16155
16997
16808
16791
17332
17340
17321
17334
17353
17079
17482
17547
17209
17297
17336
18692
19844
20264
19892
19778
19720
19995
19946
19441
19697
19679
18984
20421
17787
17473
17145
16718
17137
16669
16696
16235
15999
16103
16002
16074
16472
15823
15845
16231
15892
16161
15994
16336
16936
17006
16669
16982
17119
16810
16190
16945
17048
16643
16868
16695
17230
17220
16773
16735
16641
17243
16957
17373
17576
16951
16987
17504
17082
17118
16916
17448
17228
17321
16463
17447
17049
16691
16631
17118
17695
16880
16362
17369
16985
16740
16972
16881
17080
16355
16531
16309
15847
16571
15996
15797
16337
16480
16551
15749
16064
16036
15799
16027
15729
16157
16556
16067
16280
15914
16324
16259
16192
16416
16564
16224
16502
16652
16596
16419
15921
16058
16041
16236
16447
16685
16381
16567
16018
16286
15986
15891
15993
15856
16055
16064
16025
15770
15776
16046
17028
16178
15925
15542
15415
15688
15896
15832
16075
15945
15339
15372
15686
15576
15487
15123
14850
15382
15084
15066
15067
14812
14725
14780
15013
14909
15034
14762
14631
14596
14999
14676
14963
14962
14789
14857
15076
14661
14761
15007
14958
15062
15485
15154
15468
14944
15034
15037
14991
14823
15131
15002
15035
15328
14854
14974
15114
14829
15194
15019
14649
14566
14122
14638
14208
14321
14399
14304
14419
14087
14283
14107
262
14162
14153
13921
14222
14145
14240
14465
14233
14739
14088
14606
14444
14614
14372
14614
15081
15780
15137
15134
15060
14950
15691
15024
14669
15802
15127
15202
14933
15165
14916
15000
15127
15370
14890
15059
14935
15002
14778
14864
15111
14772
15064
15083
14869
15188
14964
15518
15095
14922
15208
15122
14713
14689
14965
14907
15119
15839
15140
14780
14934
15514
14706
15608
15670
15047
14712
15108
14978
14839
14822
15574
15132
15430
15452
15213
15373
15795
15177
15503
15280
15672
16013
15791
15450
15985
15677
15765
16186
15875
15827
15814
15335
15746
15666
16570
16191
15927
16568
16134
15774
15678
16204
15907
16033
16847
16008
16710
16843
16448
16231
16236
16399
16744
16734
16384
16359
15879
16565
15802
16506
17040
16659
15954
16237
16098
15875
15893
16430
15422
15069
15109
15186
15155
15184
16782
16284
16048
15731
15762
15718
15654
15109
14788
14931
14950
14779
14891
15324
15002
14827
14865
14638
14862
14335
14584
14841
15528
15924
16158
15913
15855
16032
16050
16040
16201
16322
16093
16028
16320
15820
16167
16762
16653
16678
16546
16474
16868
16568
16889
16222
15558
15154
14737
15467
15511
15710
15540
15568
15482
15798
15357
15501
15831
15418
15508
15559
15743
15425
15405
15649
15909
15332
15253
15114
14861
15471
15352
14874
14395
14720
14987
14864
15052
14952
14884
15301
15102
15679
14778
15090
14783
14780
15068
14622
14534
14975
14784
14300
14780
14467
14540
14336
14387
14689
14653
14839
15133
14760
14767
14820
15061
15170
14808
14590
14607
15060
14929
14724
15044
14993
14905
15179
15047
14903
15185
15309
14924
14911
15135
14758
15114
14877
14729
14766
15031
14853
14956
14528
14795
15174
15634
15805
15368
15293
15466
15304
15295
15599
15774
15595
15579
15871
15495
15900
15628
14807
15300
15538
15535
16067
15689
15228
15224
15231
15003
15163
15827
15339
15176
15509
15252
15611
15284
15200
14869
15702
15360
15387
16232
15201
15557
15196
15432
15410
15516
15582
15238
15505
15421
15438
15762
15476
15040
14945
15151
15984
15624
15540
15147
15593
15634
15492
16047
16082
15486
15722
16130
14824
17140
16303
16300
16453
16175
16258
16013
16170
17047
17199
16958
16721
16758
16892
16778
17143
16791
16414
17225
16481
16862
16410
16462
16480
16551
16325
16600
17227
16716
16733
16907
16805
16717
16617
16729
16649
16809
16519
16608
16819
16730
16462
16698
16553
16123
16014
15884
16015
16078
16253
15830
16294
16048
16318
16186
16238
15952
15780
15767
16085
15782
15947
16231
15788
15845
16154
15877
16243
16237
16469
16225
16292
16425
16498
16291
16655
16504
16564
16311
16931
16628
16495
16993
16801
16982
17049
17318
17121
16935
16859
17055
17123
16743
17644
17017
16772
16929
16697
17036
16966
16533
16446
16514
16238
16827
16528
16047
15643
15740
15486
15718
15284
14889
15117
15152
15260
15256
14906
15161
15046
15067
15416
14911
14993
14783
14663
14855
14739
14643
14948
15462
14370
14515
14228
14078
14261
14095
14676
14134
14386
14400
14189
14394
14330
14606
14021
14269
14456
14560
14767
14247
14133
14359
14332
13881
14402
14373
14390
14651
14453
14386
14298
14403
14368
14236
14308
14351
14202
14281
14097
14355
14331
14322
14277
14142
14328
14667
14719
14066
15017
14824
14805
13963
14292
14106
14281
13855
14067
15552
14756
14374
14341
15021
14703
14535
14186
14660
14518
14573
14647
14876
14544
14118
14793
14764
14667
14501
14598
14776
14764
14775
16749
15002
15319
14937
14786
14532
14963
15878
15656
19143
19457
15539
15579
15486
15526
15962
15317
15958
15422
15467
15743
15373
15238
15178
16093
15862
15483
15314
15336
15630
16065
15479
15704
15670
15924
15552
15522
16040
15852
15743
15437
15377
15314
16130
16033
15888
15829
16006
15864
16176
16285
15497
16265
16156
15379
15556
15279
15682
15598
15724
15877
15687
15752
15635
15582
15391
15569
15419
15140
15427
15485
15355
15591
15468
15313
15685
15983
15845
15493
15740
15622
15675
15830
15700
15687
15666
15226
15404
15426
15166
14793
14691
15331
15066
14971
15761
14754
14946
15368
14765
14935
14887
14777
15279
14839
15064
15075
15088
14866
14782
15070
14764
14840
14913
14958
14617
14896
15047
15362
14624
15195
15006
15100
15922
14638
14727
14234
14949
15162
14827
14400
14722
14466
14589
14657
15004
14463
14858
15034
14761
15208
14824
14988
15095
15053
15109
14543
14874
14714
15135
14626
15050
15260
14598
15239
15132
15029
15028
15384
15076
15029
15181
14921
15052
15285
14991
15226
15103
14917
15222
15245
15086
17357
21992
22320
22566
22126
20490
15747
16498
15967
15799
16234
15926
16199
16099
16226
15874
15979
15984
15993
16513
17026
16012
17249
16784
16164
16998
16586
16503
16321
16430
16123
16019
16302
16527
16719
17436
16479
16675
16327
16072
16130
15978
16021
16194
16394
16595
16708
17423
16916
16847
16312
17426
16835
17173
16131
16671
16331
16931
16327
16464
16292
16787
16385
16572
16811
16844
16506
15915
16549
16667
16437
16613
16172
16260
16716
17509
17722
17347
17725
17502
17099
16687
17550
16601
15207
15678
15376
15516
15515
15178
15369
15474
15194
15292
15262
15275
15487
15139
15008
14986
15183
14904
15159
15094
15742
15234
15448
15088
15498
15508
15080
15235
15789
15361
14871
15278
15091
15420
15087
15327
15544
15016
15140
15136
15118
15273
14996
15213
15205
15220
16059
16309
15784
16246
16239
15653
15318
15682
15446
15555
15545
15525
15588
15411
15422
15492
15152
15336
15118
15592
15067
15369
15438
15047
15075
15260
15381
15101
15131
15167
15403
15541
15389
15187
15513
15988
14945
15355
15727
14996
15308
15035
15107
15219
15207
15150
16358
19580
18258
19339
19700
15430
15915
16027
15758
16640
16258
15694
15774
16224
15977
16469
16167
15944
16049
16677
15903
16387
15956
16136
15853
15725
15841
15538
16043
15706
15455
14888
15054
15231
15304
15170
14982
15495
15627
15302
15317
16409
15436
15429
15476
15328
15810
15604
15339
15770
15473
15565
15202
15504
15183
15737
15605
15541
15426
15618
15302
15321
15608
15489
15341
15842
15925
15439
15657
15692
15214
15801
15268
15462
15524
15598
15493
15761
15463
15941
15437
15714
15760
15885
15682
16303
15855
15672
16067
15863
15894
16254
15999
16220
16256
16259
16053
16353
16180
16009
16034
16040
15978
15916
15935
15979
16282
16160
16158
16532
16073
16622
16254
16314
17032
16550
16356
16613
16634
16438
16171
16532
16386
16133
16367
16347
16091
15880
15848
15850
15748
15750
16111
15758
15782
16015
15877
15986
16043
15914
15696
15597
15714
15594
16031
18418
18699
18635
18639
18588
18976
19244
19153
15594
15936
15852
15721
15798
16227
15753
15581
15682
15595
15832
15901
16404
16743
16057
16699
16509
16411
16719
15990
16425
16197
15950
16143
16144
16898
16339
15974
16038
16700
16003
16720
16081
16128
16245
15970
16726
17003
16318
16838
16454
16237
16144
16674
16255
16257
16238
16696
16805
16555
15866
16142
16069
15825
15560
15869
15481
15561
15880
15650
15439
15202
15447
15513
14718
15080
15052
14689
14577
14640
14812
14639
14673
14895
14511
14466
14894
15041
14909
14853
14735
14973
14464
14851
14699
14361
14597
14828
14985
14760
14670
15057
14467
14715
14716
14608
14881
14617
14762
14887
14643
14659
14745
14587
14707
14615
14683
14812
14810
14626
14874
14949
14877
14517
14925
14736
14815
14479
15013
15000
15103
14906
15142
15237
14955
15129
15511
15284
15259
15504
15426
15167
15073
15372
15666
15198
15604
15077
15193
15271
15222
15162
15203
15424
14999
15380
15205
14957
15138
15268
14888
14723
15146
15096
15239
15485
15011
14972
15162
15118
15018
14591
14763
14957
14826
14638
14845
14598
14619
14777
14586
14763
14887
14771
14767
15007
15183
14639
15064
14964
15473
15161
15214
15492
15588
15344
15709
15305
15254
15379
15271
14678
15420
15431
15287
14932
16008
15616
15295
15139
15673
15222
15193
15092
14871
15045
15080
15086
15111
14696
14916
14857
15425
15216
15281
15682
15475
15579
15856
15832
15691
15597
15549
15435
15377
15500
16049
15556
15308
15169
15298
15490
15437
15096
15025
15049
14666
15114
15193
15035
14463
15207
15237
14912
15362
14762
14879
14940
15088
15026
14849
14977
15028
15800
15691
15286
15534
14774
14811
14856
14831
14753
15034
14708
14560
14656
14848
14933
15611
15119
15654
14940
14901
15191
14739
15034
15268
15097
15550
15272
15309
14761
15020
15099
15219
15301
15084
15052
15203
15054
15161
15312
15203
15479
15552
15059
15381
15508
15344
14875
15168
14931
15495
15136
15382
15208
15647
15648
15401
15342
15603
15209
15356
14807
15222
14574
15803
15095
15709
15254
15366
15660
15866
15194
15209
15440
15761
15056
15933
15714
15136
14757
14713
14525
15550
14994
15006
14633
15102
14749
14612
15298
14794
14923
14930
15045
15356
15119
14739
14768
14765
15058
14915
15094
14952
14727
14785
14822
15022
14854
15068
14728
14689
14457
14814
14396
15281
15165
15702
17599
19879
19082
19263
18816
16942
14963
14944
15165
15452
14910
14760
14839
15298
15146
14951
15150
14942
15235
15569
15209
15007
15027
14996
14847
15257
15151
15765
15403
15271
15237
15082
15143
15062
15071
14797
15025
14878
15334
15922
15546
16136
15383
15772
15341
14904
15597
15343
15754
15624
15028
15230
14998
14952
15134
14925
14937
16000
15844
15789
15778
15413
15427
15783
15502
15642
16169
15908
17446
16032
16194
15762
15514
14725
15902
15414
15466
15367
15551
15804
15143
15423
16371
17004
16690
16437
16320
16184
16567
16728
16357
16881
16423
15649
15732
15474
15928
15656
15633
15814
16081
15535
15583
15547
15383
15820
15594
15654
15773
15564
15348
15470
15560
15405
15680
15791
15420
16025
15695
15235
15034
15636
14886
15330
15455
15361
15117
15566
15271
14903
15040
14631
14935
14747
14815
15119
14857
14877
14824
15013
14645
15000
15015
15210
15107
15390
15256
18067
26836
27433
22243
15580
15204
15784
15560
16015
15634
15793
15217
15550
15246
15554
15639
15062
15298
15138
16058
15986
15316
15936
16248
15900
15702
15888
17103
17072
17186
17263
16673
17214
17981
17613
16438
15518
15259
15269
15185
15648
15287
15271
15126
15209
15455
15077
15541
15286
17217
15134
15443
15457
15335
15511
15470
15660
15538
15790
16029
15609
15457
16540
15981
15615
15784
15281
16043
15317
15414
15329
15545
15370
15079
15116
15469
15086
14942
15287
15854
15289
15393
15506
15499
15571
15403
15637
19126
19284
19695
19418
19737
19782
19572
19540
16691
15174
15089
15330
15040
15434
15951
16069
15649
15685
16083
15336
15258
15046
15928
16077
15200
15457
15413
15251
15221
15388
14854
15421
15136
15372
15291
15487
15442
15280
15688
16330
15948
15798
15948
15966
15907
16901
16149
15919
16246
15558
15614
15907
15837
15695
15847
15879
15381
15524
15669
15864
15786
15432
15782
16117
15552
15678
15854
15951
15737
15491
16018
15658
16384
16046
15833
15996
15535
15610
15565
15557
15171
15096
14789
15219
15243
15033
14905
14980
14655
15061
14566
14758
15036
15025
15064
14967
14691
14799
14287
14539
14850
14437
14744
14921
15219
15262
14411
15090
14408
15079
14487
14858
14507
14488
14483
14726
14462
14608
14614
14666
14653
14260
14473
14930
14550
14875
14865
14564
14539
14988
15031
14930
15217
14856
14378
15336
15399
14922
14934
14635
15027
14930
15289
15519
15401
15673
15904
16016
15581
15534
15771
15795
16218
17361
18196
16364
16123
16177
16131
16293
15958
15838
16214
15914
15767
15816
15663
15888
15513
15146
15495
15445
15402
15600
15286
15702
15496
15289
15182
15562
15476
15633
15707
15379
15681
15384
15296
15501
15275
15204
15458
15033
15070
15382
15309
16108
15339
15317
15435
15735
15544
16250
15500
15439
15490
15660
15487
15675
15820
15795
16079
15977
16123
15806
16042
16390
15920
15986
16454
16103
15867
16340
15753
16709
15833
16177
16135
16034
15823
15714
15858
15762
15586
15474
15642
15360
15535
15050
15132
15184
15457
15207
15140
15461
15197
15063
15060
15548
15023
14834
15076
14766
14882
14752
14661
14711
14450
14598
15037
14520
14658
14615
14244
14489
14680
14479
14876
14540
14543
14572
14383
14806
14569
14355
14987
14701
14377
14784
14554
14968
14641
14615
14666
14730
14472
14822
14763
14331
14920
14656
14579
15000
14655
14592
14697
15000
15046
15072
14755
14883
14576
14609
14291
14919
14095
14464
14751
14741
14567
14536
14452
14508
14815
14728
15018
14731
14514
14589
14396
14633
14562
14658
14371
15557
15475
15160
15470
15454
15583
15366
15436
15414
15364
15931
15376
15690
15362
15416
15647
15604
15512
15484
15587
15761
15742
15302
15744
15679
15803
15649
15409
15618
15777
15683
15764
15579
15541
15145
15834
15765
15617
15762
15679
15513
15659
16104
15607
15967
15902
15300
15833
15916
16251
15672
15323
15299
15513
15520
15462
15210
15497
15140
15556
15632
15498
15944
15754
15525
15701
15598
15607
15807
15426
15784
15767
15792
15794
15865
15647
15739
15800
15816
15510
15606
15384
18263
19556
19809
19543
19908
20062
19969
19936
17888
16158
16169
16429
15994
16102
15913
16264
16040
15948
15830
15929
15932
15807
15825
15635
15784
16412
16150
16190
16161
16104
16374
15934
16437
16077
15964
16281
16403
16251
16151
15713
16333
15883
16679
16741
16597
16878
16504
16536
16377
16734
16141
16251
16277
16055
16501
15590
15850
15965
15602
15816
16006
16359
16332
16310
16218
16306
16320
16325
16219
16419
16453
16241
16317
16868
16180
16264
16424
16438
16470
16553
16619
16547
16510
16515
16264
16403
16114
16451
16445
16371
16460
16557
16249
16000
16422
16498
16718
16685
16593
16434
16340
16050
15955
16271
16170
15863
16055
15981
16279
16157
16090
16489
16134
16331
15823
15788
15740
16201
16301
16366
15886
15971
15994
15983
15763
15829
15852
15793
15649
15966
16089
15587
15512
15821
16156
15675
15946
15922
15816
16121
16006
16098
16191
15661
15926
16060
16205
15978
15975
15929
15938
16174
16548
16265
16378
16708
17069
17476
17460
17042
17050
17050
16952
17046
17414
17532
17479
17605
17257
17177
17271
17346
17399
17429
17011
17145
17199
17267
17183
17225
17442
16835
16615
16416
16485
16768
16718
16842
17113
16834
17309
16485
17258
16530
16707
16900
16870
16936
16836
16777
16214
16291
16396
16596
16641
16368
17019
16411
16475
16593
16686
16594
16715
16928
16777
17349
17417
16864
16977
16932
17213
17290
17007
17876
17005
17681
17155
16991
16885
16837
17040
16949
21272
16733
16652
16560
16723
16644
16955
16757
16490
16536
17940
16846
16562
16728
16787
16356
16811
16272
16923
16713
16297
16458
16448
16363
16252
16371
16792
16303
16540
16703
16110
16510
16040
16382
16595
16412
16252
20284
20320
16158
15922
16115
16189
15895
15730
15736
15936
15717
15680
15738
15849
15679
15552
15949
15647
15671
15615
15338
15747
15781
15585
15969
15533
15817
15382
15456
15735
15700
15472
15630
15733
15781
15194
15549
15430
15482
15729
15824
15538
15997
15748
15744
15436
15522
15438
15760
15567
15713
15624
15676
15805
15654
15352
15620
15428
15709
15464
15967
15907
16239
15853
15525
15416
15936
15867
15764
15743
15904
15361
15503
16202
15667
15928
15470
15531
15917
15609
15679
15935
16078
15690
15974
15693
15583
16448
16003
16280
16026
16070
16151
16243
16581
16606
16213
16351
16016
16169
16870
16359
17285
16450
16278
16725
16364
16752
15870
17288
16816
17020
17079
16723
16544
16968
16530
16748
16576
16700
16683
16616
16757
16830
18353
16777
17058
17003
16395
16721
17012
16802
17053
16972
16516
16903
16665
16827
16930
16748
16769
16671
16707
16582
16829
16645
16476
16439
16602
17010
16532
16896
16188
16037
16949
17136
16566
16445
16596
16408
16216
16073
16186
15796
16492
16658
17618
18045
18174
17873
17588
17545
17786
17759
17682
17515
18087
17735
17742
17413
17395
17639
17792
17806
17447
17543
17234
17793
17795
17780
17839
17938
17922
17665
18109
18910
18084
18074
17754
17926
18597
17942
17982
18113
18435
17865
18055
18121
17844
18097
18920
18551
18862
18099
18021
17882
17777
17554
18439
17734
17779
17897
18341
17854
17566
17710
17233
17734
17538
17534
17512
18031
17911
17749
17859
17840
17823
17931
17714
17755
17941
17677
17648
17544
17518
17691
17439
17473
17652
17625
17512
17650
17493
17528
17376
17582
18497
17830
17511
18285
17490
17623
21710
21770
21952
21424
21670
21860
21881
22865
18746
17994
18260
18101
18183
17991
18329
18405
18386
18180
18211
18055
17890
17206
17222
17048
17504
17874
17460
17824
17487
17604
17993
17435
17326
17555
17456
17368
17257
16925
17855
17223
17112
17062
17379
17143
17180
17622
18242
18032
17843
17852
17745
17727
17703
18126
17600
17336
17330
18121
17978
17437
16737
16128
16311
17305
17692
17359
17374
18245
17828
17302
17405
17518
18080
17523
17798
17526
17421
17514
17327
17675
17123
17490
17227
17254
17164
17159
17405
17119
17225
17138
17390
17375
17219
16828
17139
17086
17077
17174
17617
17432
17388
17113
17312
17582
17288
17915
17428
17098
17532
17264
17346
282
17222
17207
17052
17076
17124
16853
17582
18006
17464
17690
17589
17513
17543
17311
17830
17583
17679
17768
17270
17840
17227
17820
17645
17860
17844
17981
18148
17572
18229
18130
17780
17575
17571
17705
17216
17444
17841
17605
17761
18026
17670
18078
17460
17995
17813
17533
17689
17420
17458
17904
18327
18163
18144
18266
18759
18114
18415
18714
18251
18274
18070
18321
18531
18950
18550
18402
18317
18587
18276
18304
18591
18318
18386
18513
18327
18326
18424
18211
18308
17671
17323
17135
16908
17113
17555
17387
17952
17669
18029
17418
17532
17744
17565
16990
17187
17063
16976
17741
17409
17848
16943
17477
16343
16480
16212
16407
16222
16462
16546
17694
17457
17553
17668
17581
17350
17983
17498
17465
17572
17714
17599
17276
17498
17536
17318
17499
17320
17576
17142
18108
17614
17591
16946
17158
16949
17044
17090
16537
16835
16481
17259
16521
16783
16564
16606
17320
16494
17252
16552
16561
16400
16804
16624
16959
16580
17187
16706
17016
16731
16995
16440
16348
16603
16679
16433
16747
16313
16441
16297
16557
16684
16647
16408
16442
16699
16619
16872
16555
16494
16466
16322
16801
16176
16444
16272
16599
16551
16261
16090
16298
16112
16372
15737
16299
16097
16284
16482
16659
16049
16370
16518
16463
16470
16480
16433
16502
16301
16408
16267
16458
16129
16405
16449
16215
16046
16023
16079
16000
15930
16392
16178
15936
16283
16216
16422
16231
16126
16402
16417
16267
16223
16278
16437
16418
16603
16131
16426
16224
16229
16241
16137
16713
16542
15821
15708
16252
16049
16827
16347
16395
16153
16282
16492
16381
16216
16322
16546
16272
16110
16108
15913
15824
15813
16223
16404
16121
16172
15838
16009
15786
16234
15808
15952
15410
15633
15427
15657
15471
15482
15430
15616
15582
15636
15965
15559
15451
15594
16023
16094
16302
16622
15971
15997
15626
15925
15828
15690
15682
16578
18080
17816
17368
18458
18050
17953
17400
16594
16236
16058
16404
16535
16219
16385
17657
17569
18597
18097
18011
18294
18335
18083
17392
16623
16476
16414
16374
16607
16546
17754
17932
18364
18417
18394
18394
18995
18580
18042
16913
16988
17130
16788
16954
18116
19722
19010
19819
19675
19242
19204
18772
18614
17811
16890
17261
16820
16427
16765
17205
17899
21056
21082
22421
21947
20900
19618
19401
19551
17139
16160
16313
15903
16404
16075
16288
16264
16426
16278
16535
16161
16355
16126
16469
16179
16631
16352
16666
17692
17659
17220
17551
17577
18340
18270
18454
18143
17708
17039
17432
16983
17761
17021
16731
17029
17343
17108
16715
17474
17862
17053
17136
16953
17257
17330
17698
17500
16629
16583
16390
16654
16632
16332
16442
16628
16335
16897
16494
16286
17274
17453
16754
17598
16628
16824
17074
16493
17084
17017
16780
16953
16790
16990
17104
17208
17685
17651
17904
17693
17863
17483
18150
17422
17977
17393
17691
17656
17497
17830
17404
17520
17877
17327
17300
17592
17864
17763
17947
17952
17078
17628
17052
17373
17316
17311
17489
16980
16833
17083
17209
17178
17389
17462
17266
17475
17566
17429
17379
17969
17785
17565
17754
17718
17673
17629
17953
17808
18356
17909
17861
18069
18489
18528
18317
18682
18609
18886
18886
17662
18101
18363
18311
17847
18298
18050
17765
17946
18160
17931
17702
19119
19283
17901
17622
17664
17929
17608
17549
17862
17736
17835
17755
17632
17639
18292
18040
17814
18044
17667
17615
17656
17627
18048
17955
18226
17752
17788
17506
17638
17841
17668
18312
17786
17955
17998
17681
17500
17663
17363
17880
17749
17545
18195
18530
17476
16909
17557
17827
17480
18245
18066
18318
18194
17771
18373
17630
18152
18203
17726
18548
18086
18215
18014
18205
17902
17572
18001
17940
17955
18403
18396
18838
18193
18236
18975
18481
18416
18295
18062
18764
18805
18874
18567
18530
18605
19388
19082
18976
19682
19334
19379
19461
19467
19542
19663
19826
19292
19380
19622
19600
20050
20264
20904
20817
20237
20418
20074
20442
20972
21122
21157
21732
21500
21972
21326
21437
21269
21200
21430
21390
21432
21398
20975
21153
20145
20433
20302
20582
20368
20137
19998
20362
20362
20556
20075
20312
21934
19646
19638
19328
19419
19845
21933
23540
22089
22463
23803
23455
22876
22421
20317
18753
18834
18583
18700
18860
18571
18853
18667
18693
18915
18582
18001
17953
17969
18002
18406
18225
18574
17769
17695
17941
17961
17799
18165
17914
19053
19111
18538
18508
18330
18387
17933
18437
18282
18532
18758
18235
18257
18513
18158
18518
19156
18373
18838
18524
18383
18159
18629
19322
19356
19223
20272
19650
19859
20425
20165
20764
20347
20438
20910
20158
19965
20221
19977
19801
19521
19413
19962
19365
18952
18804
19550
19130
19475
19542
17936
17931
17826
17537
17704
18053
18330
18181
17840
17966
17393
17429
17611
17436
17601
17536
17458
17545
17295
17185
17370
17141
17407
17309
18227
17524
17176
17632
17354
17632
17507
17328
17511
17767
17415
17561
17250
17219
17308
17307
17318
17614
17494
18067
17813
18066
17918
17859
17625
17638
17884
17513
17778
18297
18058
18175
18244
18537
18255
18188
18303
18077
18358
18192
17390
17916
17717
17640
17372
17608
17713
17460
17708
17801
17772
18125
18057
18218
17977
18554
18218
18205
17965
17928
17710
17762
17757
17556
17619
17594
17558
17398
16325
16705
16133
16400
16132
16052
16463
16367
16285
16362
16686
16511
16766
16811
16777
16422
16680
16853
16707
16702
16284
16525
16396
16015
16214
16449
16132
16136
16199
16543
16169
16062
16490
16595
16393
16418
16405
16499
16357
16427
16353
16414
16149
16862
17146
17037
16588
16889
16946
16937
16694
16521
16340
16566
16476
16905
16429
16925
20404
20512
20875
20704
20702
20260
728
20160
20722
18001
16509
16461
16394
16460
16845
16567
16596
16037
15756
15735
15790
16352
15979
15782
16102
15820
15936
16444
15833
15795
15911
15945
15708
19797
19991
20742
20340
20325
20496
20515
20700
17471
16924
17112
16390
16328
16249
16738
16733
16754
16493
16361
16648
16633
16399
16394
16741
17469
16567
16605
16730
16554
16587
16759
16418
16501
16372
16475
16180
16958
16627
16725
16422
16660
16809
16513
16760
16612
16623
16792
16733
16746
16530
16470
16554
16078
16217
17270
16289
16240
16337
16615
16559
16747
17099
16931
16625
17334
16816
16484
16466
16257
16399
16213
16276
17112
17308
16907
16631
17085
16607
17011
17640
17383
17174
17411
18255
18337
18966
19087
19452
19269
19826
19543
19603
19496
19632
19483
19819
20006
19826
19699
19806
20148
20330
19965
20557
20470
20042
19577
20466
20745
20161
20018
20565
19750
20401
19904
19611
20643
19854
19868
19621
19757
19461
19330
19367
19528
19122
19541
19297
19439
19445
19335
19322
19463
19548
19404
19465
19868
20033
20431
19703
19844
19731
19988
20112
20191
20815
19785
19923
20067
19903
19689
19691
20103
20004
20236
20040
19976
20219
20325
20524
20786
20972
22638
23177
22591
22380
22726
22818
23168
23140
23102
22837
23026
23410
24008
23823
23077
21754
21474
21621
21037
19933
20440
20305
20335
20131
19975
19785
19717
19591
19712
19716
19629
19339
19310
19266
19086
18677
17951
17344
16722
16565
16386
15898
16093
16146
16379
16415
16422
16339
16053
18287
18476
16068
16202
16151
15827
19567
19902
20012
19717
20070
19913
20351
20101
17549
16295
16497
16567
16478
16812
16354
16477
16988
16428
16562
16616
16355
16256
16074
16570
16260
16553
16633
16830
16717
16667
16595
16798
17273
16862
16646
17041
17034
17146
17448
17506
16987
17149
17439
17609
17794
17390
17122
16702
16917
17239
16952
17018
16962
16535
16924
16662
16517
16382
16526
16390
16455
16756
16785
16404
16666
16672
16527
16972
17190
16321
16912
16527
16308
16429
16381
16336
16332
16350
16332
16522
16558
16300
16561
16369
16265
16468
16465
16447
16692
16389
16285
16419
16574
16690
16267
16571
16678
16827
16774
16631
16845
16374
16685
16688
16522
16611
16408
16071
16140
15814
16310
16399
16344
16318
16328
16042
16312
16322
16346
16141
16600
16120
16306
16313
16701
16549
16434
16392
16073
16150
16381
16479
16410
16268
16486
16620
16474
16246
16501
16327
16103
15989
16379
16705
16529
16553
16417
16692
16286
16666
16171
16357
16098
16325
16127
16282
16131
15721
16036
15702
15954
15772
15915
15782
15576
16010
15558
15372
15440
15584
15550
15828
15573
15571
15579
16089
15679
15633
15818
15950
15810
15711
15670
15715
16284
15752
15602
15644
15816
15556
15683
15506
15802
15588
16443
15598
15572
16268
16111
15606
16130
15777
15735
15818
16489
16249
16040
15937
16833
15775
15910
15767
16477
16061
16087
16312
16270
16144
15969
16003
15910
16057
15990
16264
15871
15517
15856
15700
15523
16115
15242
15942
15475
15908
15758
16163
16379
16300
15999
15988
15727
15578
15914
15391
15772
15593
15823
16077
17142
16320
15813
16165
15876
16344
16244
15873
15822
16529
16387
16081
15890
16584
16157
16349
16545
16837
16663
17429
17041
16868
16722
16987
17184
17038
17005
16752
16776
16892
16749
16522
16703
16849
17246
16895
17307
16761
17510
17124
17034
16528
16642
16742
16739
15975
16318
16281
16345
16134
16366
16058
16225
16067
16614
16482
16098
17413
16805
17566
16847
16576
15959
16354
16057
16255
16941
16194
16485
15965
16156
16288
16988
16713
16003
17160
16877
16395
16195
16274
16335
15454
15646
15575
15270
15486
15511
15480
15929
15962
15700
16030
15943
15972
16266
15999
15996
16006
16086
15972
16040
15786
16080
15936
16527
16152
16814
16154
16726
16354
17035
16617
16886
16940
17143
16817
17711
17257
17269
17196
17592
17256
17355
17521
17644
17200
17592
17330
17519
17819
17713
17514
17337
17369
17412
17470
17385
17471
17083
17185
18009
18164
17903
17291
17543
17511
16847
17519
17073
17001
17021
17055
17177
16628
16597
16886
16473
16729
16670
16501
16892
16401
16626
16569
16695
16802
16548
16764
16810
16555
16987
16807
17056
16715
17370
17103
17323
17545
17516
17390
17268
17777
18142
17326
18337
18121
17533
17639
17729
17445
17254
17393
17337
17540
17840
17817
17416
18007
17467
17208
16861
17081
16936
16917
17360
17195
16746
17481
16934
16211
16668
16632
16939
16990
17008
16897
16401
15878
16432
16408
16849
16174
16485
16108
16599
16243
16610
16248
16738
16832
16257
16720
16693
16805
16641
16779
17273
16760
16552
16400
16472
16605
16091
16168
16148
16468
16232
16628
16174
16483
16161
16475
16549
16460
16705
17211
16675
16508
16935
17280
16075
16205
16721
16517
16354
16393
16525
16402
16139
16266
16329
16243
16716
16347
16198
16087
16212
16247
16641
16299
16837
17064
16771
16742
16993
16795
16228
16859
16660
16297
16003
16750
16403
16128
16389
16497
16697
16522
16248
16544
16318
16652
16481
16699
16606
16347
16541
16333
16381
16297
16470
16867
16580
16283
16228
16980
17183
16775
16911
16619
16824
16872
16721
16672
16881
16708
16657
17094
16749
16522
16730
16392
16511
16595
16250
16776
16267
16583
16573
16420
16658
16438
16641
16357
16455
16769
16666
16635
17341
17104
17635
17324
17416
17465
17890
17806
17587
17392
17523
17299
17861
17480
17295
17794
17552
17842
16888
17372
18015
17638
17826
17748
17558
17801
17516
17596
17708
18113
18255
17246
16734
16893
16553
16751
17017
17359
17081
17108
17931
16952
17568
17221
17021
16792
16915
16838
17246
16980
16835
16623
16825
17065
16464
16955
16859
16830
16758
17148
15780
16915
16892
17151
16785
16538
17263
16905
16235
16342
18900
16756
17136
17057
17191
17103
17123
17083
17141
16733
16870
16567
17092
16889
16979
17185
16955
17167
16881
17091
17252
17296
17278
17339
17122
17321
17272
17393
17016
17230
17770
17787
17048
17111
16800
17467
17134
17616
18102
17503
17310
17020
17040
16884
16263
16636
16702
16763
16531
16512
16716
16441
16907
16755
16713
16455
16925
16323
16507
16422
17068
17173
17881
18084
17905
17718
17565
17654
17677
18020
18206
17843
19808
21879
21777
21448
22624
21556
23350
23504
21890
19773
19591
19423
19125
18167
17620
16839
16647
16584
17024
16684
17532
17107
17213
17239
16674
16654
17091
17466
18425
17679
17982
17569
17817
17742
18002
17935
18289
18535
18444
18812
18263
18029
18220
18312
17429
17161
18095
17316
16890
17045
17173
17437
17202
17797
16892
17438
17682
16813
17010
17015
17183
17552
16986
17272
17468
17154
17224
17383
17424
17598
17894
17688
18689
18023
18437
17203
17497
17379
17354
17275
17393
18058
17470
17450
17316
17352
16777
17178
17089
16820
16748
17185
17254
16883
17313
16978
17551
17728
18222
17226
17398
17546
17348
17010
17479
17534
17456
18653
18957
19562
19634
19592
18927
18564
18341
17867
17592
17187
17724
17239
17307
17578
17611
17936
18072
17872
18179
17951
17806
17838
18222
18380
18258
17840
17866
17979
17920
17530
17600
17365
17875
17736
17127
17075
17324
17326
17692
17885
17365
17424
17694
17213
17244
17368
17444
17282
17127
17283
17486
17225
17435
17154
17290
17133
16886
17479
17129
17269
17039
16903
17242
16887
16937
16872
16542
16664
16892
16851
16459
16030
16178
16608
16587
16438
16286
16231
16438
16480
16143
16315
16794
16328
16301
16088
16173
16320
16091
16041
16288
16258
16249
16217
16511
16884
17112
16787
16796
16565
16824
16625
16384
16987
16932
16956
16805
16740
16733
17286
16758
17037
16595
16838
17220
17155
16982
17154
17661
16970
16978
16955
18593
19155
19497
20081
19665
19839
20437
20212
20191
20313
20660
20444
20454
21139
21451
21142
21238
19628
19303
19961
19403
19675
19573
20095
20080
19692
19524
19939
19337
18957
19478
19580
18963
18904
18809
18623
18271
18768
18878
18606
18253
18345
18530
19230
19144
18467
18378
18145
18780
18280
18490
18842
18778
18355
18224
18973
18807
19450
18730
18521
18593
18456
18938
18560
19252
18427
19174
18346
18669
19167
19310
20383
19073
19212
19575
19496
19617
19850
19854
20074
19605
19321
19198
19040
19066
19286
19649
18653
18744
18044
18562
18372
19419
18153
18211
17962
18090
17802
17760
18021
18203
17799
18516
20020
17836
17508
17700
17668
17769
17666
17678
17729
17700
17470
18092
17792
17715
17775
17677
17879
17373
17402
17290
17263
17420
17444
17835
17605
17209
17596
17011
16936
17572
17370
17343
17252
17447
17182
17599
17210
17203
17151
17786
17263
17318
17227
17568
17697
18005
17631
17383
17294
17594
17213
17831
17497
17632
17952
17666
17704
17499
17477
17185
17203
17285
17126
17568
17435
17700
17579
17415
17492
17507
17675
17562
17702
17571
17646
17498
17842
17839
17325
17342
17395
17381
17538
17565
17417
17844
17693
17069
17447
17200
17285
17370
17488
17833
16909
16981
16755
17343
17051
17277
17516
17292
17043
17880
17684
17514
17236
17628
17075
17207
17264
17102
16954
17281
16997
17560
16785
16751
16714
17174
16683
16839
17211
17048
16540
16823
16834
16722
16566
16533
16717
17004
17074
16948
16888
17910
18631
17700
18024
17175
16927
17180
17334
17585
17568
17353
17206
17358
17345
17243
17225
17381
17102
17154
17511
18071
18302
18246
18343
17623
17995
17966
17539
17728
17678
17950
17810
18601
17854
18187
17903
17804
17802
17708
18096
19027
18319
18180
17913
18447
18040
17739
17506
18070
18409
18137
17971
17872
17725
18062
17766
18170
17964
18307
18284
17935
17438
18407
17983
18020
17848
17683
17890
17853
17968
17213
17593
17236
17291
17235
17808
17755
17810
18326
18139
18091
17910
18068
17906
18175
18197
17933
18393
18951
18517
18344
18021
18269
17970
17960
18629
18837
18223
18360
18564
18008
17854
17924
18181
17967
17841
17826
18020
18164
17796
18061
18624
17929
17974
18330
18121
18268
18212
18572
18622
18835
18686
18309
18106
17925
18531
18613
18733
18780
18630
18714
19145
18442
18458
18739
18680
18364
18558
18798
18771
18821
18495
18522
18247
18430
18694
18325
18020
18173
18167
20224
21618
21230
21976
21815
21728
21374
21550
19901
17634
17397
17885
17755
18474
18297
18404
18377
17830
17712
17485
19111
26558
23360
17262
17602
17611
17992
17865
18048
17546
17500
17882
17454
18409
18444
17628
17884
17987
17585
17696
17572
17530
17625
17363
17671
16864
17301
17400
17595
17413
17521
17542
17434
17667
17477
17720
17937
17903
18202
18273
18542
18711
18743
18892
18764
18549
19001
18453
18783
18332
18716
18643
18673
19284
18629
18793
18551
18599
18530
18574
18776
18671
18471
18386
18822
18690
18349
18240
18823
18937
18307
17775
17911
18439
17821
17959
18034
17840
18144
17988
18108
18408
18547
18183
17674
17739
18227
17816
17706
17881
18306
17912
18529
18686
18569
20249
18206
17900
17940
18112
18588
18131
18040
18302
18392
18159
18915
18376
18862
18314
19034
17757
18921
18188
18866
18445
18863
18129
18610
18474
18671
18416
18348
18101
18831
18326
18992
18537
18445
18972
19223
18388
18499
18339
18605
18390
18522
18449
18662
18161
18549
18373
19004
19499
18272
18594
18332
18157
18288
18291
18084
18415
18109
18079
18402
17993
17859
18077
17824
17565
17991
17387
17940
18209
19085
18911
18473
17906
17969
17851
17772
17879
17756
17875
17268
17900
17872
17454
17086
17561
17170
18126
17681
18152
18072
18500
18000
18218
18185
17710
18248
18021
18128
17972
18179
18160
18184
18014
18380
18393
18160
18363
18244
18698
17974
18188
18186
18201
18454
18330
22683
22273
22412
22659
22928
22810
23108
23158
19612
18607
18801
18761
18410
18347
18640
18262
18011
18063
17980
18064
18269
17495
17922
17553
17592
17659
17996
17942
17791
17870
18211
17878
18303
17940
17981
17746
17992
17934
18326
17888
17964
18206
17812
18417
21215
22336
22255
23240
19917
18961
18872
18834
18743
18544
17567
17990
17810
17285
18648
17400
17565
17670
17738
17993
17408
17446
17784
17117
17132
17480
17212
17090
17376
17297
18318
18151
17814
17738
18040
17841
17909
17566
17945
18711
18235
18190
18502
17952
17960
17815
18034
17868
18065
18484
18638
18605
18676
18685
19015
18690
18540
18429
18773
18692
18314
18259
18386
18132
18293
17841
18278
18425
18032
17800
18001
18202
17906
18189
18286
18246
18006
17352
18507
18959
18621
19096
18981
18725
18608
18053
18289
18451
18872
18505
18881
19021
19279
18794
18918
19196
18999
18589
18365
18351
18318
18572
18062
18632
18369
18167
18414
18746
18629
18341
18284
18657
18505
18712
18286
18553
18245
18093
17662
17918
17949
17291
17918
18210
17276
17390
17379
17062
16945
16781
17001
17150
17126
16922
17048
17239
17089
16929
16814
16935
17196
16797
16759
17009
16937
16892
17010
16913
17080
16744
17276
17502
18088
17960
18575
18712
17857
18270
18239
18210
16789
16780
17152
17336
17290
16613
16970
16884
16783
16790
16888
17107
17030
16841
17361
17436
17916
17892
18443
17819
18486
18068
17646
18138
17505
17809
18218
18146
17415
17742
17744
17685
17746
16778
17077
17680
16865
17147
17340
17063
16984
17035
17412
16848
16917
17074
17183
16970
16971
16849
16930
17156
16888
17022
17424
17268
17351
17028
17632
17278
17665
17531
17482
18117
18292
17455
17378
17355
17353
17603
17523
17328
17559
17571
17976
17913
17337
17388
17068
17138
17038
17177
16982
16869
16762
16649
16836
16947
16641
16988
17015
16682
16749
16742
16759
16613
16489
16961
16619
17026
17033
16950
17048
17064
17575
18452
18059
18056
18569
17996
18624
18356
18608
17734
18218
17648
17477
17927
17895
17737
18052
17935
18142
18034
17960
18386
18236
18215
17996
18082
17982
17997
18402
17915
17835
18358
18075
18275
18398
18295
18219
18140
18082
18266
18646
18308
18641
18538
18321
18013
18858
18768
18323
19224
18853
19375
18653
18582
18461
18214
18240
18364
18227
18287
18019
18493
18186
18326
18200
18260
18132
18584
18029
17945
18073
17885
17862
18081
17742
17894
18017
17973
17782
17968
18163
17871
18062
18299
18716
18732
18857
18617
18916
18713
18843
18308
17650
17883
17873
17800
18403
18058
18089
18607
18142
17853
18132
18545
18926
18395
18454
18798
18588
18582
18416
18261
18398
17812
17190
17248
17264
17656
17218
17289
17118
17075
17403
17378
17178
17378
17083
17119
17224
17265
17141
16897
16828
16808
16997
16931
16903
16612
16914
16718
16714
17717
17421
17445
17116
17009
17559
17378
17535
17634
18462
18470
18416
18593
18428
18417
18501
18428
18455
18558
18845
18650
18483
18443
18650
18367
18328
18408
18673
18548
18315
18543
18209
17896
18557
18314
18423
18144
18374
18482
18174
18525
18202
18298
18286
18814
18401
18418
18461
18307
18587
18610
18196
18015
18043
18261
18352
17913
18023
18417
18096
18474
18422
18605
18311
18528
18876
18847
18558
18523
18092
18541
18722
18588
18944
19467
19776
19557
19672
19309
19446
19537
17867
17566
17320
17247
16799
16886
16759
16901
17067
16983
17087
16895
17363
16777
17298
17228
17086
17091
16731
16641
16829
16858
17105
17615
17126
17313
16621
16753
16721
17173
17409
16952
16725
16852
16723
16842
16844
16579
16991
16707
16847
16818
16315
16844
16625
16671
16945
16610
16833
16882
17108
16824
16913
16920
17035
16952
16864
16862
16603
16910
17331
17344
17476
17272
17534
17274
17773
17432
17796
17627
17297
17120
17316
17537
17468
17289
17659
18007
17471
17250
17521
17706
17690
18536
17529
17943
17592
17889
17482
18201
17614
17579
17992
17274
17155
17013
17415
17370
17514
17366
17379
17538
17655
17851
18138
18152
17606
18061
17562
18337
17931
17517
17582
17411
17950
17337
18226
17575
18271
17529
17924
17543
18096
17492
17497
17550
17892
17700
17675
17587
17713
17848
17861
17826
18290
18430
17894
17634
17977
17715
17483
17818
17618
18385
17732
17425
17420
17082
17298
17437
17791
17496
17597
17564
17618
17037
16481
16952
16916
16903
17873
17190
17438
17303
17439
17271
17359
17143
17420
17494
17885
17758
17214
17359
18232
17395
17379
17719
17538
16951
17727
16868
16847
17021
17227
17264
17531
17777
17619
17616
17477
17547
17085
17679
16906
17019
16689
16700
16846
16783
16539
16816
16826
16447
16237
17428
16247
16771
16655
16667
16632
16888
16535
16420
16105
15916
16142
16309
16353
16284
15825
16072
15772
15746
15819
16088
16057
16535
16978
16984
16760
16265
16704
16919
17327
16610
16888
16214
16848
16693
16863
16950
16810
16738
16537
16306
16030
15402
15558
16084
15680
16713
15884
16338
16253
15795
16205
16560
16180
16912
16778
16469
16072
16775
16233
16251
16491
16343
16241
16409
16353
16384
15774
15986
16193
15746
15862
16057
16101
16075
16086
16788
16492
16466
16586
16752
16765
16735
16744
16695
17111
16883
17135
17129
19631
26125
21027
16883
16769
16580
16752
17136
16536
16457
16936
16512
16749
16683
16798
16497
16641
16463
16411
16967
16891
16420
16669
16683
16458
16887
16518
16710
16427
16300
16318
16832
16701
16658
17075
16437
16206
16538
16465
16476
16430
16585
16936
17577
17021
17738
17485
17918
18500
18146
18797
17354
17857
17334
17633
17066
17470
17776
17327
16164
16158
16068
16051
16355
16410
16190
16900
18252
16781
17248
16972
16916
16923
17279
17286
18235
17530
17498
17513
17361
17377
17932
16953
17333
17180
17085
16984
17309
17657
16940
16733
17102
16715
17317
17137
17032
16950
17450
18146
17408
17095
16754
16634
16428
16242
16248
16034
16321
15879
15913
16161
16133
15851
16059
16485
16131
16210
16079
16207
16323
16008
15908
16709
16014
16303
15800
16093
16158
15947
15943
16166
15784
16239
16156
16238
16208
16155
16301
16302
16555
16359
16407
16252
16420
16356
16274
16516
16455
16523
16722
16350
16650
16522
16335
16481
16345
16533
16221
16717
16783
16586
16317
16503
16607
16809
16385
16543
16287
16164
16197
16188
16078
16471
16445
16178
16311
16305
16335
16435
16194
16498
16443
16643
16814
16814
16744
17089
17194
16844
17103
17052
16979
16879
16985
17357
17454
17027
16859
16713
16790
16750
16560
16360
17260
17328
17130
17095
17013
17399
17482
17158
17540
17381
17087
17438
17274
17478
17164
17122
17276
17420
17022
17210
17000
16948
16719
16444
16593
16940
16720
16820
16627
16693
16948
16477
16745
16908
16862
16801
17228
17591
17373
17069
17020
17657
16862
17534
17032
16615
16920
16753
16465
16338
16759
17061
17238
17057
16370
16263
16491
16155
16493
16440
16392
16212
16677
16525
16817
16672
17356
16999
17154
16615
16860
16337
16779
16731
16216
16204
16191
16444
16267
16568
16980
16787
16070
16204
16326
16709
16460
16651
16583
16518
16828
16584
17075
17886
16717
17249
16789
16337
16184
16318
15837
16127
16081
16416
16065
16246
15855
16367
16405
16340
15871
15981
16320
16207
16505
16350
16796
17129
16520
17160
16901
16362
16423
16612
16420
16237
16460
16287
16554
16234
16256
16183
16347
16229
16081
15881
15873
16168
16367
16185
16574
16106
15877
16267
16784
16337
16538
16583
16473
16547
16311
16477
16615
16725
16432
16430
16359
16173
16378
16332
16536
16243
16225
16639
16366
16621
16987
16604
16842
16235
16821
16647
17646
18266
17719
17583
17585
17735
17583
17826
17694
17527
17552
17550
17569
17703
16744
16207
16365
16342
16454
16530
16325
16236
16168
16381
16560
16314
16014
16359
16226
16332
16241
15945
16427
20301
20537
16563
16143
16238
16347
16342
16264
16662
16497
16401
16302
16192
15766
15778
15651
15643
15112
15357
15150
15128
15400
15289
15235
15207
15237
15472
15598
15175
15495
15542
15269
15431
15217
15158
15348
15425
15353
15466
15362
15389
15329
15958
15416
16148
15286
15811
15915
16057
16351
16320
16139
16244
15919
15937
15870
16200
15978
16022
16142
15875
15530
16388
15689
16167
15798
16092
15861
15665
16033
15716
16977
16200
15691
15728
15709
16251
16222
15643
15901
15484
15788
16038
15463
16134
18782
19443
19474
19255
16100
15615
15295
15658
15586
15787
15668
15488
15542
15539
15613
15500
15977
15478
16007
15728
16142
15938
15682
15831
15795
15790
16140
15802
15308
15820
16331
15635
15574
16230
15688
16400
15474
15847
15640
15901
15917
15457
15431
15744
15961
16055
15854
16766
16083
15972
16246
16143
15901
16416
16659
16745
15962
16481
16348
16491
16286
16465
16372
16336
16513
16570
16203
17769
16949
17128
16860
16965
17081
16818
17834
16510
17056
17213
17223
17113
16881
16912
16956
16788
16616
16593
17242
16409
16081
16285
16054
15837
15901
16050
15850
16042
15490
15948
16161
15791
16279
16227
16116
16129
15917
16321
16229
16336
15921
16396
16319
16511
16589
16001
16313
16526
16448
16273
16527
16647
16463
16647
16834
16570
16411
16251
16366
16262
16996
16612
16005
16240
16126
16153
16220
16400
16228
16096
16523
16898
16849
16798
16507
16411
16679
16378
16240
16848
16432
16202
16371
16246
16577
16437
16429
16164
16191
16312
16548
16435
16499
16149
16460
16325
16243
16616
16142
16255
16111
16218
16273
16532
16484
16990
16545
16583
16752
16389
16619
16246
15920
16617
16050
15888
16288
16315
16474
16237
15825
16262
16290
16122
16141
16147
16202
15993
16683
16027
15671
15788
15741
15515
15396
15874
15753
15622
15867
15670
15678
15616
15749
15886
15731
15815
16002
15731
15849
16393
16697
16588
16741
16797
16402
16821
16471
16430
17113
16592
16405
16531
16080
16754
16440
16766
16514
16748
16414
16963
16613
16385
16590
16458
16584
16881
16415
16416
16952
16984
16891
17085
16999
16811
16824
16902
16846
16828
16813
17036
16980
16959
16787
16701
16691
17162
16964
16871
16632
16856
16592
16684
16676
16975
17109
17065
17158
16792
16755
16983
16544
16883
16808
16815
16835
16959
16987
16652
16630
16731
16842
16898
16632
16736
16614
16431
16772
16548
16840
16656
16599
16293
16589
16394
17128
17064
17143
17119
17212
17126
16536
16909
16814
16653
16746
16554
16638
16826
16342
16855
16693
17516
18128
18104
17204
16555
16722
17087
16909
16637
16629
17048
16754
16854
16615
16579
16558
16843
16504
16606
16803
16480
17000
16645
16762
16978
16925
17046
17317
16857
16519
16632
17154
16825
16645
17249
17344
16791
17674
17618
17341
17185
17371
17349
17383
17453
17288
17175
19098
21534
20859
21321
20990
21401
21148
22239
21785
18038
18111
18399
18457
17745
17266
18208
18294
17906
17079
17036
16769
17030
17080
17311
16985
17109
17117
17290
16862
16978
16504
16624
16800
16650
16910
16406
16528
16662
16568
16758
17150
17289
16536
17181
16652
16722
16932
16656
17159
16646
16870
16948
16768
16902
16550
17138
17326
17185
17143
17422
17272
17055
17211
17270
17350
16846
16901
17015
16893
17007
16872
16990
17268
17319
16746
17112
17036
16938
16593
16705
17023
16937
17293
17209
16869
17026
16980
17229
341
17220
17647
17737
17157
17424
18528
17763
17593
17326
17388
17497
17693
17872
17398
17090
16573
16735
16556
15490
15319
15733
15576
15284
15890
15941
15587
15832
15615
15975
16680
16238
16937
16558
16484
17162
17215
21702
18421
17597
17833
17690
18190
17880
18028
17797
17805
18186
18280
18007
16540
16033
16550
16143
16088
15939
15936
16111
16118
16162
15921
17397
15602
15701
15875
15551
15752
15958
16316
15851
16044
15834
16015
15432
16084
15620
15706
15510
15805
15325
15598
16062
16200
15952
16176
16463
15973
16169
15963
16010
16239
16266
15803
15683
16226
15815
16112
16202
15857
16586
15943
15848
15783
16132
16265
15671
16029
15443
15540
15162
15424
15053
15239
14891
14973
14960
15433
15487
15256
14668
15292
15184
15182
15076
14951
15204
15016
15049
15175
15080
15153
15041
14828
14995
15023
14716
15059
15054
14907
14892
14906
15230
15103
14779
15177
14819
14964
15070
17006
17184
17036
17299
17202
16686
17127
17309
15520
14968
15829
15550
15726
15617
15630
15590
15973
15674
15520
15721
15430
15408
15435
15361
15729
15609
15506
15354
15532
15457
15225
15649
15873
15358
16039
15900
15630
15513
16150
15850
16020
15763
15924
15727
16185
17496
16759
16573
16705
16535
16813
16791
16533
16334
16195
16046
16478
16226
16350
16402
16625
16222
16322
15656
16493
16281
16152
16288
16531
16463
16583
16479
16345
16636
17436
16027
16161
16320
16092
16431
16259
16195
16225
16366
16298
16527
16351
15804
15728
16118
16624
16560
16514
16180
16344
16055
15837
15985
16029
16062
16276
15656
16030
15716
15826
16682
15606
15615
15763
15743
15980
15597
15832
15802
15944
15394
16170
15852
16243
15953
15819
15866
16108
15415
16078
16028
16236
16195
16055
16454
17170
16358
16614
16388
16773
16940
16600
16669
16562
16495
16573
16226
16464
16421
16541
16563
16474
16112
16172
16576
16913
16372
16723
16697
16170
16435
16575
16770
16961
16598
16470
17027
16650
16799
16604
16650
16638
17380
16725
16845
17731
17400
17252
16988
16815
16664
17157
16741
17623
17004
16932
16756
17218
17096
16866
16891
16829
17139
16820
16887
17443
17368
16959
16959
17141
16754
17208
17304
16920
16692
16931
17073
16561
16763
17118
16672
16668
16547
16801
16585
16609
16840
16781
16775
16567
16733
17067
16940
16523
16892
17015
16935
17268
17116
17444
17589
17311
18331
17480
17897
18053
17275
17480
17627
17781
17358
17490
17658
17796
17783
17436
17323
16770
17083
17085
16971
17203
17099
16859
16999
16925
16819
16880
17299
17224
17243
16941
16951
16733
16930
17017
16785
16609
16608
18526
16816
16774
16444
16445
16628
16597
16793
16709
16662
16483
16601
16726
16356
16463
16848
16392
16460
16677
16512
16787
16552
16361
16487
16895
16562
16536
16572
16452
16700
16216
16343
16266
16257
16367
16146
16244
16199
16178
15976
16755
16297
16094
16476
16619
16989
16304
16200
16225
16242
16189
16278
16779
16124
16434
15823
16353
16799
15917
16614
16470
16526
16422
16218
16286
16660
16353
16177
16562
16283
16389
16035
16293
16192
15941
16179
16304
16601
16005
15661
16135
16262
16116
17187
15901
16144
16267
16232
15803
16334
15963
15967
16021
15934
15560
16047
15615
15838
15926
16172
16010
15898
15884
15747
15641
15810
15611
15638
15780
15664
16046
16354
19545
19467
19574
19132
19162
19581
19086
18971
18958
19334
18755
19169
19299
19163
19514
19053
19262
18434
17848
15930
16125
16312
15860
16067
15721
15788
15882
15428
15425
15657
15598
15547
16015
15793
15420
15334
15869
15610
15592
15332
15492
15351
15573
15531
15413
15298
15278
15340
15351
15457
15612
15336
15564
15455
15546
15188
15272
14946
14521
14708
14925
14461
14332
14574
14241
14727
14500
14468
14782
14704
14949
14396
14587
14625
14517
14549
14016
14384
13680
14045
14132
14271
13974
14380
14313
14213
14115
14006
14105
13974
14047
14009
14060
14664
14390
14334
14398
14044
14161
14075
13707
14401
14132
14167
14430
14585
14350
14290
14210
14475
14200
14242
14489
14029
14411
14141
14235
14535
14845
14266
14118
14704
14798
15318
14629
14719
14730
14572
15009
15281
15088
14711
15029
14886
14709
14650
14728
15269
14632
14582
14388
14444
14630
14379
14728
14778
14740
15583
14771
15418
15421
15183
15427
15345
15507
15360
15336
15174
15071
14839
14967
14877
14861
15033
15146
14872
14883
15040
15215
15242
15039
15007
13328
13369
13550
14188
14793
15100
13756
13001
13564
13431
14556
14919
15588
16051
16163
16029
16572
16441
16406
16834
16485
16952
17492
17337
17347
16863
16759
17019
16872
17310
17378
17042
18025
19289
18806
18264
19216
19065
18992
19715
18706
17154
16782
16866
17126
16934
17538
17496
17214
19687
19717
19531
19977
20216
20150
19626
19757
17476
17043
17259
17046
17347
17100
16922
17108
16961
18042
17084
17721
18575
17465
17094
17942
17449
17420
17670
17228
17594
17241
17798
17360
17376
17055
17319
17142
16833
17580
16854
16983
16676
16767
16208
17140
16768
17045
16764
16905
17289
17019
17294
17174
17710
17155
17455
17297
17112
17340
17018
17098
17429
17087
16813
16930
17636
17176
16922
17348
16826
16606
18228
16448
16525
16983
16127
16545
16626
16119
15464
15063
15123
15243
15202
15493
15815
15319
15421
15324
15854
15994
15666
15452
15441
15403
15211
15565
15837
15716
15459
15571
15782
15503
15794
15669
15721
16037
15980
15119
15775
15393
15732
15188
15817
15510
15251
15402
15446
15435
15926
15416
15465
15339
15213
15344
16484
15452
15621
15560
15842
15552
15540
15374
15397
15352
15567
15690
15728
15597
15276
14976
15000
14900
14932
15287
14858
14982
15184
15134
14978
14997
14966
15253
14943
14900
14861
14791
1065
15020
15442
15418
14872
15256
15165
14961
15189
15296
15923
15266
15646
15567
15131
15232
15596
15454
15469
16585
16202
15464
15337
15319
15337
14952
14918
15072
14893
14832
15106
15063
14995
15130
15643
15025
15149
15244
15671
15404
15781
15508
15862
15492
15519
15485
15298
15223
15466
15425
15593
15501
15575
16023
16018
15436
15644
15396
15567
15532
15485
15783
17831
16009
15871
15581
15991
15829
15816
15680
15651
16231
15714
15693
15436
15227
15584
17047
19723
19913
19798
19321
19985
19506
20726
20804
17485
17325
17638
17370
17314
17381
16546
15398
15256
14691
14995
14604
15042
14429
14994
14484
14967
15174
15299
15259
16081
15124
15830
14708
15461
14769
14734
15468
15257
15298
15422
15356
15132
14938
15592
15494
15387
15625
15803
15425
15539
15720
15581
15303
15375
15176
15421
15726
15152
15551
15706
15933
15369
15762
15472
15726
15653
15426
15223
15158
15315
15217
15229
15224
15401
15510
15923
15832
15496
15153
15986
15418
15696
15572
15550
15662
15766
15428
15262
15432
16980
15500
15114
15341
15552
15798
15673
15572
15400
15327
15245
15237
15181
15338
15194
15157
15455
15782
15580
15509
15601
15891
15859
15793
15358
15869
15460
15810
16073
15554
15478
15497
15685
15599
16005
15917
15903
15562
15343
15514
16413
16278
16242
16750
16656
16395
16665
16365
15770
15895
16473
15944
15968
16409
15789
16362
16604
16126
16400
16409
16800
16565
16690
16550
16278
16293
16416
16234
16062
16096
15974
16239
16450
15627
15857
15683
15788
15657
16069
15772
16287
16721
16135
16244
16715
16362
16648
16292
16098
16302
16510
16217
16139
16004
15902
15606
16044
16134
15676
15950
15458
15408
15165
15596
15786
15477
15484
15508
15441
15268
15096
15090
15342
15124
15322
15579
15648
15576
16059
16087
15616
15722
15953
16077
16038
16384
15835
15848
15873
15886
16168
16294
16141
15727
15392
15583
16053
15813
15677
15781
16086
15812
16240
16284
16176
16298
16205
16290
16263
15948
16577
16181
16372
15474
15871
15822
15889
16146
15603
15375
15763
15707
15936
15876
15976
15630
15588
15503
16158
15738
15638
15777
15813
15151
15703
15112
15287
15291
15986
15778
15455
15227
15431
15525
15102
15293
15393
15491
15355
15241
14923
15369
15209
15157
15117
15703
15007
14590
14467
14902
14650
14697
14810
14817
15052
15195
15092
14670
14820
15521
14612
14694
14968
14996
14878
14637
15315
15022
15064
14824
14950
15427
15708
15225
15026
14854
15308
15075
15213
15270
15557
15677
15870
15356
15435
15781
15484
15797
15192
15505
14961
15378
15121
14958
14992
15141
15770
15327
15403
15491
15209
14978
15262
15046
15098
14942
14566
14783
14739
14588
14694
14990
14837
14947
14862
14946
14749
14863
14450
14535
14673
14567
14524
14367
14468
14592
14872
14568
14664
14512
14446
14437
14227
14175
14434
14329
14377
14292
14628
14674
14419
14213
14116
14400
14512
14328
14432
14442
14293
14358
14487
14233
14291
14352
14187
14019
14106
13865
14042
13930
13852
13756
13908
13801
13817
13959
14091
14240
13961
14040
14192
14155
14290
14098
14067
14111
14282
14033
13741
14129
13810
14168
14278
13882
14338
14108
14288
14123
13859
14031
14139
14499
14385
14096
14317
14674
14538
13963
14288
14432
14664
14425
14741
14847
14444
14360
14196
14455
14530
14688
14996
14979
14775
15158
14887
14831
14889
14758
14893
15175
14796
15324
14638
14868
14984
14527
14217
14506
14394
14518
14655
14601
14810
14856
14655
15126
15155
15024
16310
14588
15956
15820
15836
15916
15986
16087
15790
15599
15502
15329
15441
15508
15676
15798
15972
15890
15804
14998
15129
15051
14967
15197
15018
15106
15090
14894
14755
14974
16140
14882
14895
15136
15738
15183
15466
15256
15511
15812
14554
15416
14726
15495
14866
15206
15359
15562
15045
15263
15494
14928
15081
15056
15437
15265
15379
15340
15726
14964
14940
16371
15410
15323
14885
15005
15043
15303
15190
14828
14802
15025
14901
14562
14803
14702
14638
14985
14673
14824
14449
14078
14291
14703
14494
14416
14436
14465
14247
13770
14383
14290
14034
14317
14651
14351
13875
14030
14393
14012
14237
14157
14236
13823
14649
15179
14898
15076
14825
14083
14441
14741
14040
14099
14726
15053
14567
14601
16541
14840
14583
14530
14249
15011
14717
14997
14336
14810
14725
14642
14434
14181
14484
14374
14457
14726
14875
14607
14188
14766
14004
14487
15068
14731
14305
14625
15077
14872
15022
15039
15041
15198
14781
15084
15167
14550
14897
15052
14619
14758
14964
14397
15255
15751
15141
15389
15321
15308
14829
15109
14880
14708
15117
15714
14816
14889
14801
15047
14818
14655
15747
15008
15579
15396
15288
15287
15144
15006
15193
15295
15394
15550
14778
14973
14803
15363
15007
15057
15143
15278
15019
14968
15330
14848
14586
14818
14859
14809
14558
14614
15010
15454
15609
15436
15389
15062
15019
15603
15037
15530
15008
15585
15714
15662
16456
16215
17060
15977
15998
14974
15158
16145
16610
15503
15319
14957
14943
14702
14931
15106
15561
14767
15047
15242
15129
14824
14936
15696
15186
15174
14920
15434
15522
15042
15426
15972
15854
15888
15354
15720
15557
15085
15143
15153
15374
15425
15214
15099
15117
15615
15808
15657
15683
15014
15019
15596
15249
15121
14924
15935
16065
16323
15947
16546
16917
16693
16582
16379
16327
16050
16735
16765
16858
16814
16533
16118
15941
16504
16185
16980
16185
15895
16089
15488
15477
16272
16720
16106
16734
16294
15992
16152
16230
16637
16638
16438
15962
16569
16608
16924
16109
17424
16496
16855
16156
15894
16371
16009
16392
16395
16653
16750
16288
16384
16708
16364
17136
17426
18178
16778
17463
17233
17465
16870
16124
16917
15200
16845
16947
16316
15382
16032
15074
15801
14902
15435
14729
15705
14770
14723
14590
14238
14831
14733
14829
14244
14616
14430
14170
14402
14339
14162
14595
14843
14133
14222
14529
14492
14485
13994
14046
14664
14282
14394
14924
14934
14385
14122
14071
15048
14620
14527
14391
14367
14545
14620
15154
15504
14811
15013
14667
14498
14509
14322
14927
14533
14172
14410
14625
14375
14083
14069
14168
14598
14682
14491
15050
14581
14140
14110
14793
14274
14291
14137
14714
14855
14770
15017
15458
15002
15269
15519
16008
14835
15481
14847
14890
15260
14983
14653
14887
15024
14673
15239
14910
14711
14415
14511
14640
14654
14964
14878
14806
14616
14882
15652
15200
15572
16160
15507
15483
15276
15784
15656
15235
16244
16297
15812
15642
15570
15496
16392
16406
15607
16131
16598
15836
15799
16027
15438
15425
15575
15251
14839
14896
15123
15177
15511
15495
15474
15726
15570
15612
15301
15822
15415
15489
15347
15559
15467
15375
15669
15423
15782
15408
15642
15701
15475
15749
15682
15608
16118
15899
15701
15933
16345
16589
16369
16132
16657
16118
16661
16143
16039
15875
17113
15737
15699
15335
15945
15632
15575
16146
15691
15921
15905
15337
15296
14976
14579
15124
14839
15257
15094
15016
15387
15457
15189
15308
15497
15562
15168
15144
15392
15214
15749
15187
15418
15612
15460
15524
15466
15124
15576
15402
15363
15435
15541
15261
15553
15491
15800
15312
19239
14749
15056
14832
15090
15074
15202
15545
15478
15260
15519
15454
14829
15163
15133
15135
15266
15619
15388
14982
15169
14592
14563
14744
14575
14694
15059
14953
14892
15187
14739
14832
14942
14370
14556
14468
14256
14333
14419
14442
14473
14496
14523
14377
14562
14844
14589
14753
14981
14776
15049
14961
14793
14970
14867
14663
14518
14940
14798
15337
14677
15313
15301
15024
15345
15215
15267
15272
14968
15047
15110
14701
14872
14806
15196
14846
15207
24636
14854
15373
17671
15050
14667
14726
14796
14627
15937
14758
14582
15133
14625
14668
14677
14795
14768
14359
14630
15593
15441
15199
14988
15888
15338
15277
15808
15296
16142
15290
15765
16060
15885
15770
16002
15917
15758
15961
15552
15731
15563
15838
15517
15470
16000
15988
15966
16449
16316
16199
16133
15859
16611
15889
16118
16241
16249
15878
16338
16035
16141
15702
15950
15947
15865
15920
15554
15886
16081
15704
15750
15417
16006
15765
15431
15792
15957
16308
16125
16364
16413
15997
16386
16127
16891
16453
16729
16121
16544
16091
15874
16413
16180
16078
16123
16390
16681
16535
16211
16281
16278
16639
16350
16259
16303
16394
16066
16636
16283
16034
16001
16126
15994
15565
15645
15504
15560
15555
15422
15885
15897
15487
15975
15743
15940
15539
15632
15439
15050
15427
15517
15135
15472
15092
15387
15118
14937
15292
15135
15101
15205
15376
15359
15360
15358
15447
15213
15422
15381
14850
14927
14959
14734
14727
14801
15193
15093
14947
14738
14657
14312
14529
14664
14295
14665
14140
14427
13791
14189
13746
13854
14827
14917
14305
14568
14328
13962
13921
13654
13466
14039
13932
14068
14272
13978
14376
13871
14077
13818
13594
13986
13777
13631
14147
13893
13642
13788
14292
13713
13878
13922
13780
13225
13745
13649
13807
13724
13279
13601
13465
14482
17002
17172
16977
16191
13483
13534
13556
13608
13635
13903
13513
13556
13473
13953
13460
13472
13646
13695
13409
13857
13676
13472
13417
13411
13086
12952
13190
13453
13662
13565
13863
13890
13335
13337
14291
14051
14331
14097
14525
14100
13952
14377
14018
14570
13861
14159
15153
14311
14456
14851
14688
14802
14264
13893
14079
13085
13850
13725
42201
15857
13715
13660
15958
18107
18090
18486
17829
18263
17947
18143
16417
13556
13967
14066
14616
14108
14001
13904
13932
13732
13853
13659
13633
14288
13566
14059
14053
13818
14185
14225
14086
14158
14021
14096
13657
13897
13878
13784
14039
13529
13487
13765
13463
13122
13324
13305
13377
13307
13024
13095
13404
13336
13543
13758
13338
13407
13206
13384
13504
13162
13507
13567
13278
13564
13498
13684
13273
13415
13240
13260
13275
12876
12976
13281
12937
13000
13051
13251
13516
13545
13695
13284
13442
13299
13397
13423
13427
13087
13265
13264
13181
13316
12955
13207
13257
13333
12787
12999
13286
13366
13108
13249
13651
13566
14057
13776
13612
13974
13334
13858
13633
13087
13462
13486
13613
13321
13267
13406
13367
13548
13746
13820
13648
13148
13817
13548
13837
13483
13716
13537
13835
13723
13808
13808
13806
13615
13976
13850
14083
13860
13914
13937
13736
13733
13656
14032
13636
13725
13258
13703
13462
13774
13467
13385
13596
13876
13912
14448
14372
14117
14363
14659
14219
14487
14045
14284
13915
13835
14189
14102
13977
14046
14098
14159
14262
14175
13953
13812
13974
13932
14129
14095
14044
14087
14240
14153
14124
14230
14780
14135
14208
14435
14762
14501
14287
14411
14437
14972
14426
14962
15324
14646
14742
14758
14778
15010
14526
14584
14718
15072
15212
15060
15303
14621
14751
14611
15440
16092
15766
15680
16054
16003
15987
15640
15762
16005
16078
15967
15879
15994
16119
16043
15891
16300
16154
16443
16210
15817
16139
16220
15668
14955
14905
14679
14678
14365
15023
14838
14422
15274
14917
14562
15008
14804
15111
14660
14734
15377
15266
14926
14917
14630
14694
14940
14570
14388
14978
15303
14641
14619
14840
14583
14876
14856
14438
15198
14450
14987
14727
14300
14935
14810
14209
14361
14054
14322
14444
14789
14488
14475
14876
14678
15360
14947
14761
15025
15153
14807
14483
14562
14777
14509
14543
14698
14412
15024
14158
14713
14965
14710
14159
14266
14268
14029
14061
14447
14116
14174
14317
14599
14710
14319
14465
14771
14691
4518
14412
14527
14412
14452
14719
14569
14098
13771
14242
14180
14211
14220
14629
14695
14690
14693
14445
14630
14838
14728
14630
14754
14563
14605
14539
15351
15372
15135
15148
15250
14866
14903
15078
14897
15214
15054
14837
15155
15240
15081
15041
14883
15158
15425
15281
15115
15211
15322
15507
15580
15557
16024
16341
16603
16095
15974
16203
16585
15768
16129
16089
16638
15963
16252
15880
16723
15720
15543
16152
16279
16244
16120
17247
16386
18151
16365
16515
16409
16722
16221
16439
16197
16233
16150
16353
16663
16345
16524
16115
16254
16403
16236
16764
15975
16268
15532
15960
15721
16377
15562
15639
15908
16032
16024
16541
15935
16117
16233
16384
16240
15988
16120
16090
15929
16685
15867
15471
16511
16313
15885
15691
15794
15807
15874
16072
15932
15946
15873
15425
15323
15393
15444
15445
15804
15358
15684
15108
15068
15159
14843
14648
14382
14502
14602
14672
14878
14771
14690
14716
15050
14584
14983
15051
14741
14828
15121
15105
14768
15152
15031
14640
15295
14897
15130
15079
15312
14905
15313
14702
14914
14490
14578
14327
14493
14260
14164
14349
14317
14406
14188
14152
13973
13973
14135
13584
13528
13693
13964
13840
13811
14069
13696
14171
14211
14486
14079
14584
14342
14427
14138
14806
14350
14269
14214
14290
14041
14363
14402
14568
14184
14364
14365
14146
14284
14823
14472
14364
14275
14165
14637
13968
14060
14091
14065
14295
14186
13665
13892
13679
13887
14026
13712
13840
13721
13481
12995
13164
13061
13255
13326
13342
13097
13311
13580
13226
13334
13653
13572
13884
13968
14079
13880
14126
13960
14132
13484
13851
14320
13827
14084
14307
14836
14676
14294
14459
14739
14589
14562
14275
14468
14335
14222
14328
14418
14739
14349
13585
13756
14161
13524
14108
13508
13464
13876
14373
13556
13401
13216
13335
13256
13210
13440
13972
13503
14284
13821
14175
14302
13787
13976
14222
14432
14051
14329
14506
14758
14698
14179
13818
14183
14417
14090
14217
14069
13728
14254
14283
14392
14258
13981
14317
14099
14193
14112
14135
14217
14231
14649
16696
18266
17659
18005
16590
13781
14226
14388
14822
13896
14016
13776
13640
13716
13889
13683
14051
14155
13838
13758
15148
13630
13654
13745
13739
13856
13723
18267
18211
17858
17970
17897
17765
17622
18090
14227
13760
13723
13618
13664
13713
13709
13789
13425
13836
13503
13797
13809
13825
13789
14325
14219
14165
14261
13980
14303
14449
14155
14209
14410
14427
14378
14588
14434
14290
14638
14594
14037
13998
13600
13497
13656
13400
13824
13435
13893
14044
14455
13876
14295
14140
14448
14444
14240
14227
13845
14006
13456
13765
13543
13461
13475
13313
13427
13246
13483
13762
13805
13872
13661
14009
13887
14083
13878
14045
14528
13947
14025
14184
15000
14245
14903
14799
14510
14265
14903
15068
15386
14958
14719
14582
15022
15006
14827
15235
14347
14480
14012
14427
14667
14042
14103
14388
14292
14160
14138
15985
15401
14910
14927
15205
15049
14838
14180
14263
14541
14450
14171
14060
13780
13835
13810
14091
13644
13907
13828
13997
13665
14275
14273
14160
14658
14552
14287
14491
15049
15380
14567
14048
14427
14449
14320
14367
14665
14585
14546
14710
14497
14538
14477
14304
14495
40302
33310
25513
43928
39864
25476
21350
20762
14691
35666
33260
28013
23278
21292
14914
14597
14915
14586
14767
13972
14382
13924
14629
14461
14420
14462
14513
14612
14092
14506
14400
14306
14132
13967
14292
14518
13916
14307
14325
14225
14208
14287
14213
14393
14308
14285
14615
14842
14343
14247
14110
14144
14286
14028
14387
14035
14274
14362
14411
14106
14565
13882
14330
14530
14839
14045
14263
18468
14313
14731
14128
14634
14473
14626
14330
14331
14100
13962
14034
14002
13911
14634
14791
14680
14878
14755
14654
14541
14613
14508
14458
14394
14868
14469
14297
14279
14529
14931
15074
14685
14949
14940
14728
14480
14912
14638
15016
15052
14444
14440
14799
14702
15121
14769
14793
14861
14728
14513
15062
15023
15115
15983
15482
15443
15316
15160
15442
14847
14821
15245
16003
14814
14892
14712
14832
14987
14639
14922
14415
14736
15691
14427
14907
14909
14920
15292
15277
15192
15315
15008
15376
15170
15309
15548
15211
15652
15245
15112
14844
14654
14740
15049
14397
14015
14119
14522
14858
14905
14752
14949
14470
14838
15117
14383
15118
14895
15421
14968
15258
15722
14868
15088
14703
15319
14982
15130
15238
15225
15045
15470
15945
15796
16085
15818
16127
16079
16378
15825
16148
17031
16568
15890
16576
15780
15688
15647
15951
15953
16257
16204
16134
15572
15013
15180
14824
15187
15440
15698
15556
15408
15859
15494
15197
15174
15091
15318
15598
15016
14510
14562
14087
13808
13726
14361
14213
13969
13913
14388
14114
13950
14385
14051
13880
14530
14356
13751
13875
13998
13951
14022
14292
14484
14869
14936
14888
14928
14695
14859
14780
15479
14717
14754
15132
14986
14822
14973
15071
14844
15301
15006
14945
15224
14588
14351
15231
14951
14718
14679
14904
14541
14829
14631
14893
14675
14792
14874
16385
15948
15412
15143
15298
14904
14979
14809
14949
14796
14771
14792
14871
15297
14997
15182
14850
15074
15010
14822
14818
15235
14768
14503
13340
13310
13685
13300
13795
13418
13570
13362
13299
13369
13306
13241
13281
13145
13325
13429
13423
13357
13504
13357
13400
13469
13433
13562
13871
13641
14101
14088
13810
13678
13859
13751
13815
13837
14000
13942
13926
13893
14103
14179
13945
13871
13736
13821
13863
13857
13566
13862
13535
13884
13635
13609
13375
13690
13604
13422
13569
13228
13362
13821
13404
13272
13677
13847
13798
14077
14061
13523
14386
13650
13838
14350
13671
13873
14047
13985
14095
13993
13838
11541
13900
13657
13648
13968
14083
13941
13978
13310
13638
14007
13689
13880
14054
13579
13794
14054
14661
14061
13991
13545
13834
13277
13227
13840
13079
13185
13177
13904
13124
13307
13530
12839
13289
13026
13343
13409
13315
13850
13685
14131
13801
13824
13932
14059
13899
14075
14042
14352
14110
14178
14264
14192
14174
14482
15788
14229
14262
14185
14412
14084
14145
14224
14187
14095
14192
14418
14383
14317
14446
14331
14238
14204
14039
14164
14329
14201
14166
14157
14237
14285
14340
14395
14581
14519
14549
14857
14529
14439
14624
14644
14928
14649
14446
14285
15414
16215
15995
16640
16124
16023
16289
16301
16351
16035
16325
16190
16062
16260
15969
16170
16324
17676
17430
17295
17137
17636
17469
17645
17509
17196
17130
17246
17089
17289
16841
16707
16970
17255
17010
16865
17581
17318
17518
17044
16444
15683
15765
15867
15809
15760
15925
15757
15851
15949
15729
16091
15938
15918
15740
16174
16243
16155
15890
16020
16024
16101
16846
16022
16020
15997
16411
15984
16409
16068
16038
16677
16348
16696
16488
16422
16944
16933
16558
16448
16248
16306
16085
16249
16476
16240
16450
16508
16540
16205
16372
16318
16069
15943
15812
16388
15712
15540
16334
15528
15696
15522
15619
15948
15724
15847
15698
16010
16250
15728
15645
15831
15627
15669
16060
15668
15709
15815
15998
16031
15794
15975
15627
16197
16037
15699
15744
15512
15924
15638
15669
16281
15889
16026
16514
15892
16395
16273
15508
15990
15737
15581
15379
15975
15737
15964
15772
15703
15597
15660
15776
15410
15288
15448
15882
15677
16195
15617
15433
14719
15174
15386
15317
15113
15360
15516
15975
16510
16742
16655
17242
16383
16635
16868
16619
16441
16292
16845
17071
16738
16908
17332
17132
17152
16017
15933
15766
15738
15881
15781
15468
15900
15319
15603
15785
15720
15607
15678
15557
15785
16072
15647
15654
16143
15849
15827
15533
15244
15283
15355
15340
15596
15669
15518
15593
15324
16004
16165
15550
15815
15412
15645
15777
15421
15575
15511
15265
15365
15274
15319
15191
15497
15329
15622
15710
15424
15413
15569
15401
15214
15229
15252
15843
15353
15079
14926
15286
15176
15492
15396
15366
15215
15468
15480
15488
15230
15098
15002
15520
15896
15525
15190
14982
15380
15902
15538
15586
15662
15306
15433
15861
15839
15712
15396
15272
15364
15573
15608
15463
15793
15563
15109
15479
15809
15216
15592
14927
15041
15055
15060
15219
15110
14755
15051
14873
15205
14907
14862
15641
15183
15189
15082
14970
15107
15197
14993
15072
15012
14979
15164
15707
13935
14158
13918
14171
14261
14857
14329
14324
14700
14931
13913
14648
14669
14626
14590
14447
14882
15598
14479
15079
14717
14643
14828
14835
14575
14598
14510
14469
15007
15096
14972
15194
14925
15099
15242
15058
14986
15426
15197
15967
15866
14765
15923
14839
15101
15115
15135
15008
15583
15522
15638
15498
15067
15139
15536
15433
14970
15659
15293
15459
15416
15363
14967
15304
15045
14856
14802
14878
15402
14761
14721
14756
14930
15624
15629
15780
16202
15126
15217
15373
14988
15269
15761
15371
15611
15547
15907
15347
15616
16013
15655
15714
15027
15730
15437
15066
14488
14584
14291
14401
14884
14619
14694
14804
14527
14259
14588
13922
14253
14332
13769
14230
13906
13911
13756
13568
13826
14041
13784
13830
14468
13751
13687
14096
13997
13254
13502
13510
13303
14014
13523
13697
13533
13769
13710
13361
13132
12890
12858
13104
13845
13557
14079
13443
13101
13443
13543
13019
13399
13995
13520
13919
13559
13551
14109
13905
14205
14072
14448
14369
14724
14634
14720
14282
14345
14399
14712
14739
14353
14369
14738
14420
14589
14447
14540
15652
15382
15208
15483
15242
14248
13787
13665
13444
13785
14088
13671
14260
13762
13868
14388
14154
14460
15047
14763
14782
14870
15103
15281
15099
15478
15136
15003
14710
14742
14808
15158
15717
15139
15149
14974
15153
15552
15215
15634
15917
15525
15409
15304
15417
15170
15546
15177
15351
15193
15293
15222
15020
15205
15173
14736
15261
15188
14971
14514
14714
14917
14371
14347
14499
14415
14699
14436
14484
14576
14550
14087
14558
14086
14402
14314
14502
14415
14467
14470
14424
14242
14464
14284
14110
14758
14368
14601
14530
14268
14235
14198
14077
14055
14551
14293
14269
14388
13733
14052
14794
14143
13784
14295
13958
13819
13825
14025
13907
13795
13830
14075
14068
13617
13917
14219
14037
13979
13551
13742
13786
14202
13741
13685
13393
14108
13669
14249
14333
14609
14260
13847
13877
13806
13808
14341
13596
13281
13188
13218
13226
13080
13003
12920
13046
13480
12938
12897
12858
12661
12745
12924
13065
13033
12981
13087
13194
13110
13069
13103
13359
13347
13195
12873
13082
13062
13256
13122
13294
13085
12957
12736
12895
12985
13155
12912
12953
12867
13003
12763
12709
12701
12684
12729
12804
12739
12924
12928
12673
13016
12698
12779
12556
12723
12666
12759
12918
12715
12797
12992
12691
12760
12691
12796
13090
13151
13210
13137
13282
12862
12881
12730
13146
12820
12870
13018
12719
12892
12937
13102
12964
13049
12744
13195
12957
12901
12975
12903
12999
13137
13072
13163
12935
13052
13032
13213
13142
13143
13004
13197
13001
13175
13362
13332
13343
13146
13419
13702
13812
13888
13655
13917
13506
13860
13708
13999
13185
13582
13659
13491
13294
13789
13324
13110
13438
13439
13602
13570
13720
13738
13706
13613
13353
13391
13409
13532
14114
13618
13433
13469
13295
13601
13563
13422
13228
13786
13326
13282
13694
13551
13563
13366
13904
13581
13300
13346
13336
13268
13642
13437
13498
13428
13283
13730
13711
13500
14030
13984
13500
13766
14013
13838
13254
14026
13654
13491
13295
13620
13272
11056
13561
13405
13221
13293
13228
13743
13418
13657
13687
13368
13610
14092
13800
13627
14353
14040
14158
14573
14097
14849
13866
13930
13850
13673
13880
13926
14613
14580
14149
14016
14024
14508
13930
14268
14014
14025
14022
14147
15340
14344
14036
14108
14443
14265
13927
14097
14432
14309
14026
13899
13993
13769
13838
13949
13926
15164
14868
14672
14853
15043
16306
18438
18327
18760
18635
18924
19189
19078
19377
15131
15480
15516
15420
15057
16434
15708
15710
15825
15629
15468
15414
15452
15581
15180
15522
15674
15276
15673
15154
14858
14813
14992
14800
14620
14319
14160
14264
14270
14400
14348
14506
14554
14425
14349
14421
14627
14529
14555
14212
14648
14768
14765
14702
15610
14787
16891
17957
17854
18091
17743
17982
17656
17782
15653
14006
13967
14006
14194
14338
14045
13846
14059
13871
13786
14304
13454
13794
13885
13871
13568
13765
13707
13758
14129
14084
14774
14500
14840
14978
14961
15503
14287
14952
14300
13949
14715
14823
14915
13417
14497
13632
13615
13948
13305
13684
13587
14129
14037
13985
13902
13787
14060
14331
14139
14623
15027
14516
14813
14520
14616
14715
14537
14725
14348
14881
15236
14694
14560
14955
15038
14971
14809
14698
14936
14560
14676
14785
14965
14899
14728
14711
14765
14724
14891
15518
14585
14200
15135
14770
14558
14347
14886
15295
14335
14496
15002
14845
15022
14632
14670
14819
15491
15260
14988
15002
15062
16492
15186
14506
15022
14808
14468
14779
15103
14733
14494
14473
14713
14635
14763
14904
14565
15409
15716
15042
15198
15671
15581
15887
15601
15700
15786
16472
16351
17953
15881
15760
15863
15150
15672
15261
15477
15567
15748
16602
16460
16103
15930
15758
15743
15854
15589
15636
15854
15812
15567
15287
15733
15600
15811
15410
15395
15102
14846
15187
14733
14652
15100
15025
15297
14949
15222
14997
15039
15121
15607
15529
15877
15595
15786
15478
15223
15464
15254
15043
15321
15537
15351
15491
15305
15260
15144
15821
15327
16095
15049
15017
15514
15041
15026
14984
15003
15167
15259
15629
15559
15586
15449
15587
14985
15421
15903
15636
15485
15387
15604
15595
15343
14865
15428
15367
15391
15783
15440
16077
15752
15422
15538
15467
15171
15286
15344
15636
15481
16387
16258
15960
16071
16003
16270
15956
16272
16131
15821
16199
16172
15893
16354
16153
16077
15958
16628
16800
16826
16839
17193
16650
16744
16555
16881
16887
16417
16697
16591
16928
17629
17791
16752
16931
17191
16946
17088
17213
17007
17345
17285
17795
17457
17519
18330
18147
17548
17527
17906
17742
17533
17400
17623
17767
17744
17631
17410
17615
17591
17385
17527
17516
17401
17402
17491
17790
17998
18048
17636
17800
17468
17957
17991
16842
16353
16813
17010
17009
16779
16886
16824
16757
16685
16926
16771
16568
16236
16237
15999
16310
16641
16155
16177
16138
16149
16201
16391
16205
16320
15910
16159
16224
16018
15994
15816
16163
16397
19180
19786
20368
20450
20300
20163
19868
20486
18344
16038
16178
40832
23969
15967
16911
16217
16236
16353
16053
16516
16423
16370
16606
16215
16674
16197
16211
15913
16158
16189
15670
17514
17949
17616
16697
16784
16947
16745
16345
16484
16597
17062
16515
15452
14799
15067
15133
15527
15258
16365
14847
15151
14662
15141
14936
15435
14637
14843
15055
15010
14763
14746
14997
15462
14652
14831
14886
14858
14585
14666
15021
14522
14370
15307
15194
14679
14693
14581
14721
14820
14616
14775
14766
14714
14584
14613
14754
14689
14653
14563
14665
14805
15019
14716
14847
14797
14739
15180
15132
15159
15173
15057
14938
15413
15475
15219
15316
15788
15791
15631
15706
15346
15967
16151
15609
15483
15814
15455
15500
15493
15658
15245
15460
15616
15373
15475
15463
15445
15637
15214
15407
15211
15268
15777
16007
15840
15460
16264
15843
16066
15862
16251
16416
16227
16344
16365
16378
16466
16848
17177
16627
16943
17122
16918
17381
17074
17012
16967
16978
17259
16897
16830
16902
17094
16607
16943
17115
17098
16947
16997
17185
17254
17004
17005
16937
17681
17175
16865
17062
17274
16988
17488
17514
17212
16937
17127
17143
17324
17225
17286
17472
17661
16960
17261
17767
17195
21136
17824
17351
17536
17883
17469
17427
17130
17422
16949
16897
16959
17184
16810
16674
16668
16896
16974
17505
16693
16924
16972
17022
17122
17324
17300
16733
17678
16834
16842
17067
16989
16954
16972
17273
17057
17470
17260
16759
16793
16855
16729
17090
17108
17476
17518
17341
18834
17534
17610
17347
17976
17438
17554
17359
17415
17482
17556
18293
18741
17396
17409
17603
17305
17048
17795
17597
17877
17215
17269
17833
17026
17356
17329
17406
17181
18157
17880
17303
17443
17395
17429
17355
17139
16548
16371
14608
14827
14984
14497
14841
14697
14443
14090
14727
14411
14226
14519
14775
14638
14233
14575
14559
14368
14301
14215
14211
14410
14447
14249
14632
14245
14069
14520
14615
14547
14464
14477
14515
14728
14496
14682
14782
14431
14930
15158
15288
15425
14666
14734
14910
14497
14583
14597
15084
15199
14893
15169
15088
14770
14796
14749
14935
15191
14740
14912
14999
15109
14777
14981
14614
14522
14733
14816
15317
18771
14447
14435
14547
14621
14717
14530
14715
14568
14998
14599
14670
14766
14903
14640
14727
14788
14766
15118
15294
14656
14828
14711
14818
14964
14723
14733
14570
14708
14729
14900
15177
14729
14744
14756
14873
15014
15172
14628
14438
15195
14673
14742
14453
14642
14531
14558
14283
14231
14581
14371
14236
14318
14323
14489
15131
14610
15286
14281
14907
14405
14538
14678
14968
14392
14413
15024
14840
14512
14533
14378
15545
15039
15410
14449
14672
14602
15254
14411
14756
14880
14992
14644
14950
14606
14839
14797
14843
14804
15220
15236
15180
15412
15057
15402
15336
14787
14626
15069
15218
14948
14535
15053
15256
14476
15012
14989
14680
14943
14481
14297
14439
15812
16982
17400
17862
16852
14569
14990
14940
15257
14908
14783
14950
14811
14888
14766
14587
14438
14642
14322
14616
14577
14498
14170
14407
14790
14263
14535
15010
15688
14716
14959
14670
14839
14693
14638
14723
14740
14859
14283
14501
15008
14844
14715
14988
14724
14811
15005
14871
14778
14621
15172
14423
14425
14545
14531
14235
14608
14656
14596
14332
14318
14133
14218
14363
14247
14345
14152
13826
14330
13977
14373
14247
14531
14662
14285
14571
14341
14491
14881
14609
14993
14750
14727
14988
14928
14871
15141
14732
15281
14948
14926
15715
15234
15474
15136
15403
15279
15297
15953
16012
15844
15582
15324
15340
15891
15049
14958
14736
14838
15025
14947
14368
14733
14475
14509
14836
14335
14250
14211
13885
14443
14523
14467
14605
14624
14670
14485
14541
14584
14656
14996
14751
14672
14452
14369
14520
14265
14621
15033
14959
15097
15227
14758
14428
14586
14409
15090
15415
15189
15401
15409
16116
16337
15903
15516
15774
15586
15318
15366
15338
15452
15110
14933
15022
14950
14800
14991
14814
15074
15091
14985
15081
14765
15032
15268
15046
15234
15420
15410
15957
16143
16000
16335
16546
15734
16088
15434
15585
14997
15246
15748
15654
15242
15464
15225
15541
15834
15717
15846
15871
16453
15735
15726
15891
15591
15314
15070
15309
15014
15078
15645
15319
15736
15951
15227
15524
15674
15456
15642
16197
15850
16064
16354
16703
16352
18782
17064
16820
16652
16590
16043
16417
16311
15744
16033
16023
15760
15723
15527
15474
15502
16321
16283
15643
16277
15888
16141
15746
16173
15919
16249
16147
16075
16248
16131
15592
15603
16125
15673
16222
15905
16224
15718
15707
16409
16328
15963
16224
15853
15367
15397
15468
16081
15304
15981
15332
15286
14902
15282
15346
15254
15131
15427
15044
15261
15320
15445
15544
15433
15315
16267
16025
16102
15829
15722
15815
16206
15385
15637
15762
15982
15777
15443
15664
15723
15749
15671
15827
15839
15919
15690
15268
15518
15430
15810
15517
15379
15138
14978
15264
15469
15103
15506
15665
15506
15357
15365
15404
17780
19655
19266
19519
19866
19566
19262
19612
17577
15846
15298
15436
15369
15233
15066
15243
15069
15138
15265
15414
15456
15645
15477
15991
15481
15218
16004
16039
15023
15405
14948
15196
15135
14895
15033
15029
15015
14982
14918
14912
14830
14685
14655
14713
14500
15057
14896
14952
15037
14913
14948
14868
15545
15232
15184
15011
14735
15015
15146
14956
15113
15041
15217
14811
14685
14635
14953
14611
15225
15072
14992
14776
15147
14601
14663
14899
14764
14959
14802
14902
15298
15381
14799
15283
15294
15355
15740
16262
15861
15766
15980
16046
15972
16331
16520
16001
16644
16450
16893
16490
16565
16576
16641
16264
16455
16532
16540
16535
17057
16692
16566
16488
16656
16890
16482
16585
16331
16185
16622
16491
16473
16061
16201
16328
16503
16436
16117
16018
16081
15847
16354
16464
16432
16462
16377
16264
16462
16230
16479
16416
16256
16057
16282
16420
16378
16269
16084
16123
16168
16063
16100
16069
16243
16527
16374
16650
16649
16503
16510
16421
16271
16568
16720
16686
16717
16580
17079
16598
17258
17132
16103
15976
16545
16426
16211
16444
16461
16180
16358
16095
16507
16186
16427
15994
15741
15505
15655
16015
16347
16475
16239
16942
15702
15637
15535
16084
15372
15522
15278
15524
15476
15591
15810
15312
15697
15659
15501
15422
15413
15328
15608
14985
15159
15113
15277
16215
15855
15690
15074
15199
15165
14860
14632
14700
14890
15056
15242
15397
15290
14885
15257
15267
15005
15450
15110
15079
15301
15463
15386
15428
15322
15170
15315
15210
15231
15353
14931
14942
15349
14864
15068
15435
15770
15493
15601
15473
15159
15568
15639
15376
15757
15465
15692
14933
15463
15521
15536
15294
15599
15556
15758
15036
15058
14938
15189
15365
15448
14930
15341
14877
15225
15517
15430
15527
15179
15290
15135
15572
15449
15416
15394
15308
15655
15248
15445
15391
15621
15265
15640
15568
15534
15494
15480
15456
15601
15806
15999
16076
15971
16148
16038
16335
16003
15672
16228
16060
15798
16030
15663
15366
15738
15915
16021
14870
15294
14440
14401
14477
14398
14724
14956
14493
14739
14930
14585
14574
14944
14860
14419
14562
15012
15353
14992
14989
14910
15179
15409
14992
15306
15003
14951
15233
14989
14916
14681
14685
14711
14497
14370
13886
13468
14127
13599
13590
13280
14252
13281
13538
13632
14506
15069
14402
14046
13576
13290
13606
13565
13843
13212
13709
13404
13355
13324
13687
13905
13429
13430
14216
13557
13543
13518
13604
13554
13728
14200
14238
14073
14171
14114
14042
14049
14074
14178
14482
14582
14468
14338
14100
14559
14398
14718
14263
14193
13914
13726
13930
14011
14715
15037
15006
15014
15206
15444
15040
14854
14889
14807
14726
15032
14964
14888
14678
15178
15080
15077
14979
15354
14851
15150
15339
15029
14435
14838
14576
15400
13867
13710
13537
13384
13595
13453
13677
13793
13449
13317
13379
13261
13651
13514
13530
13246
13198
13891
13188
13234
13521
13139
13262
13744
13580
13809
13134
13991
13386
13544
13677
13807
13601
13713
13662
13572
13500
13412
13748
13186
13424
13338
13376
14096
13649
13553
13475
13672
13776
13917
13636
13870
13731
13627
13350
13231
13433
13482
13450
13486
13519
13476
13425
14148
13200
13431
13605
13271
13230
13312
13236
13113
13280
13382
13319
13268
13985
13322
13430
13354
13067
13130
13220
13424
13378
13400
13683
13392
13372
13562
13160
13290
13237
13290
12838
13576
13358
13122
13353
13599
13331
13453
3029
13521
13517
13369
13550
13046
13098
12998
13333
13408
12921
12919
13185
13657
13677
13481
13395
13724
13492
13374
13200
13235
13209
12915
13280
13440
13517
13450
13545
13586
13323
13593
13282
13372
13324
13760
13158
13540
13467
13292
13911
13695
14085
13617
13712
13494
12974
13710
13271
12968
12958
13322
13266
13777
13044
13213
13174
13147
13145
13586
12879
12910
13340
13059
12896
13111
13261
13329
14524
12945
13408
13409
13882
13454
13537
13927
13901
13949
13608
13644
13894
13674
14049
14012
14201
14039
14197
13510
13857
14350
13971
14693
13764
14052
14082
13720
14054
14102
13832
13948
14242
14077
14203
13702
13863
14329
13781
13931
14077
14720
14052
14110
13824
14310
14033
14094
14261
14231
13913
13888
13957
14033
13882
13979
13820
13816
14537
14132
14129
14235
14305
13997
13775
14136
14004
13796
14285
14526
15027
14815
14451
14745
14894
14934
14837
14718
14779
14908
14798
14882
14732
14952
15030
14842
14767
14654
15005
14745
14895
15066
15011
14842
14725
15054
14801
15151
14940
16791
15383
15535
15413
15524
14730
14763
15020
15115
14632
14952
14771
15274
14890
15030
15044
14851
15007
15419
15039
14974
14917
15236
15366
15102
14911
15103
14992
15097
14917
15289
15000
15118
14790
14892
15218
14924
15166
15100
15326
15291
14861
15337
14886
15126
15171
15290
15745
15194
15109
15077
14825
14976
14977
14977
14856
14569
14413
14343
14488
14232
14371
14190
14187
14288
14668
14356
14511
14224
14312
14397
14856
14783
14632
15251
14035
14515
14331
14595
14513
14473
13990
14843
14455
14412
14376
14416
14370
14275
14165
14063
15022
15452
14764
15006
14627
15012
14943
14661
14603
14471
14774
14361
14337
14560
14936
14771
14831
14934
14822
14344
14570
14647
14283
14381
14268
14293
14697
14403
14656
14759
15217
14701
14488
14588
14500
14435
14499
14812
14522
14437
14444
14523
14736
14531
14726
14964
14922
15037
14994
14836
14893
15086
15127
14660
15065
14922
14774
15155
14604
14648
14490
14705
14440
14628
14716
14688
14575
14799
14674
14763
14716
14819
14742
15150
14713
14619
14927
15118
14481
14818
14440
14487
14703
14700
14601
14717
14810
14328
14536
14646
14261
14130
14041
14296
14629
14449
14856
14513
14576
14376
14379
14402
14218
14151
14186
14168
14299
14428
14386
13938
14368
14153
14281
14248
14066
14050
13962
14263
14016
13988
14223
14227
14152
14136
14186
14062
13804
13695
13907
13494
14045
13894
13702
13882
14287
14129
14482
13677
13793
13979
13790
14201
13431
13604
14050
14108
13834
13657
15140
14483
13927
13955
14319
14307
14055
14436
14252
14090
13952
14320
14265
13672
13679
13971
13821
14484
14484
14059
13668
14049
13489
14039
14029
13890
14001
14042
14067
14167
13852
13901
14597
14354
14171
14544
14288
14055
14079
14087
13959
14373
14193
14099
14147
14299
14023
14283
14128
14218
14321
14602
14183
14276
14050
13900
14051
14227
14472
14259
15434
14827
14684
14232
14644
14376
14191
14603
14503
14286
14626
14540
14583
14799
14392
14294
14313
14556
14851
14741
14827
14727
15088
14406
14884
14589
14771
14371
14366
13801
13685
14143
13886
13920
14043
14314
14319
13994
13753
13922
14164
14150
13872
14515
14217
14066
14211
14298
14325
14825
14702
14483
14521
15009
14508
14868
14526
14432
14444
14609
14691
14381
14348
14098
14396
13925
14223
14060
14006
13578
14174
13955
13700
13669
13520
13310
13865
14670
13679
13775
13692
13849
14048
13671
14249
13987
13825
14311
14180
13718
14137
13783
13650
15087
14327
15921
16436
16358
16462
16310
16762
16181
16090
16064
15801
16372
16122
16243
15955
15863
15991
16377
15852
15948
15813
15889
16592
15891
15187
16227
16341
16578
15547
15874
16666
16073
15951
15344
14041
14117
14153
14483
14832
15053
14546
14331
14315
15080
14832
15109
15203
14563
14231
14797
14455
14589
14803
14662
14421
14464
14941
15030
14876
14782
14855
15836
15240
15308
15115
15507
15205
15296
15442
15835
15287
15599
15554
15719
16075
16016
15938
15886
15529
16040
16197
18331
16161
16051
16212
15623
16490
15838
16412
16026
16202
16879
17333
15280
15007
15025
15473
15420
15682
15771
16444
15539
15239
15705
15702
15444
15414
15762
16331
15471
15340
15417
15533
14996
14747
14828
15314
15198
15548
14994
14769
14762
14883
15214
14758
15049
15236
15101
14714
15376
15644
15443
15081
15211
15002
15289
15291
15595
16206
15014
15431
15107
15301
14848
14756
14998
15201
15366
14993
14688
14962
14798
15021
14843
14884
14854
14875
14976
15062
14938
15208
15119
15112
14717
15079
15254
15308
15516
15201
15414
15290
15499
15565
15755
15590
15812
15573
15639
15456
15524
15909
15609
15684
15617
15532
15653
15797
15467
15498
15315
15680
15516
14666
15069
14942
15240
14956
14832
14854
14662
14735
14776
14985
14803
14856
14835
14956
14863
14364
15090
14829
14691
14599
14235
14762
14687
14779
14733
14597
14621
16013
19990
18579
19955
15321
14364
14573
14516
14194
14278
14439
14532
14597
14721
14348
14134
14499
14574
14874
14322
14236
14450
14628
14627
14403
14462
14696
14738
14948
14748
14585
15198
14814
15787
15391
14967
14776
14626
15167
15328
15449
15043
14817
14854
15407
15326
15586
15362
15073
16136
15205
14916
15122
14713
15283
14561
14950
14697
14754
15151
14801
14708
14668
14985
14651
14763
14678
14726
14471
14509
14298
14488
14676
14198
14387
14459
14791
14502
14723
14263
14399
14012
14482
13954
14101
14268
14204
14485
14180
14106
14439
14508
14826
14076
14505
14673
14496
14624
14207
14869
14714
14472
14917
14661
14712
14701
14868
15192
14672
14479
14872
14767
14645
14654
14891
14723
14504
14448
14259
14460
12729
14828
14712
15010
14856
15045
14842
14848
14831
14572
14698
14533
14457
14276
14247
14528
14411
14138
14319
13992
14072
13909
13964
13900
13532
13688
14118
13846
13928
13953
13924
13880
13849
13837
13808
13840
13922
13936
13925
13832
13774
14028
13762
13968
13605
13702
13618
13731
13865
14170
13583
13828
14364
13913
13847
14019
13914
13934
13832
13928
14637
14243
13884
13824
14151
14338
14237
14333
14852
14520
14502
14490
14281
14607
14056
14802
14607
14779
14149
14834
14072
14106
14158
13909
14006
14237
14722
14758
14199
13901
14088
13977
13882
13723
13924
13992
13882
14080
14120
14190
14429
13896
14214
14077
13823
14151
13948
13772
30002
27658
13946
13875
14224
14280
14180
15035
14601
14624
14495
14136
13951
13956
14024
14449
14128
14018
14530
14398
14408
14344
14285
14117
13908
14071
13634
13718
14120
14087
14379
14527
14142
14763
14218
14522
14506
15201
14871
14753
15806
15324
15433
15573
15066
15567
15034
14982
15070
15017
14788
14940
14977
16045
16828
15614
16304
15355
15327
14967
14917
15211
15237
15129
15210
15261
15149
14957
14878
15014
14739
14708
14856
14486
14492
14194
14168
14284
14191
14357
14404
14363
14375
13936
14414
14278
14825
14250
13897
13924
14227
14112
14105
14779
14202
14630
14280
14757
14647
14994
14842
14658
14430
15011
14540
14725
14971
14833
14641
15077
15034
15672
15166
14660
14762
14467
14579
14681
15025
14916
15167
15392
15438
15580
15721
15564
15532
15683
15630
15530
15413
15491
15705
15480
15394
15396
15315
14759
14258
14258
14525
14215
14190
14968
14716
15025
15615
14500
14627
14662
14774
14699
14442
14463
14227
14370
14082
14548
18413
20389
18007
18399
14405
14632
14507
14684
14773
14574
14988
14600
14243
14484
14458
14853
14325
14294
14264
14472
14574
14289
14334
14625
14540
15041
14720
14265
14518
14570
14573
14931
14560
14753
14728
14235
14350
14649
15301
15213
14334
14760
14481
18148
18287
14983
14306
14497
14690
14534
14306
14427
14413
14572
14507
14455
14615
14905
14996
14667
14806
14855
14851
14904
14493
15105
15161
15234
15254
15416
15004
15197
14752
14648
15065
14618
14958
15332
15048
14747
14611
15684
15447
15160
15363
14966
15185
15067
15266
15115
14602
14850
14871
14791
14832
14891
15214
14723
14922
15090
14979
15405
15131
15169
14840
14743
15339
14661
15487
15012
14930
14740
15063
15115
14763
15026
14328
15107
14602
14485
14494
14673
14622
14734
14324
14411
14468
14791
14570
15183
14844
14691
14920
14819
14916
15021
14793
14559
14964
14856
14715
15659
15491
14549
14755
14513
14451
14537
14703
14412
14435
14422
14249
14360
14393
14530
14977
14487
14415
14850
14903
14735
14500
14573
14150
14291
14353
14494
14617
14606
14385
14598
14487
14370
14163
14314
14181
14153
14301
14309
14211
14120
14221
14509
14716
14986
14732
14822
14496
14896
14949
14475
14707
14629
14793
14418
14619
14333
14556
14376
14189
14382
14742
14842
14692
14584
14728
14696
14724
14912
14531
14475
14819
14483
14555
14659
14753
14652
15044
14850
14851
14502
14641
14582
14722
14566
15003
14995
15297
14976
14808
15390
15048
15302
15167
15219
16434
14933
15282
15221
15065
15115
14992
15225
15225
15285
15024
14745
15255
15912
15299
15121
15350
15401
15037
15267
15306
15162
19096
15393
15496
15510
15230
15511
15773
16256
16677
16350
16145
16636
16959
16723
16593
16794
16958
16770
16734
16373
16995
16873
16309
16201
16239
16436
16294
16346
16064
16867
16663
16559
16767
17960
17550
17012
16551
16443
16363
16948
17134
16895
16698
16797
16559
16735
16447
16539
16434
16760
15454
15443
15314
15257
15286
15352
15543
15389
15535
15995
15997
16073
15893
16098
16105
16292
15824
16392
16228
16001
15784
15939
16420
16787
16500
15953
16413
15964
15916
15749
15836
16003
15653
16065
15721
15969
15157
15306
15705
15550
15134
15702
16028
17098
16202
16067
16230
17652
16390
15913
15972
17116
16644
16389
16457
16202
16449
16342
16228
16713
16440
15860
15879
16131
15960
16082
16286
15765
15809
15909
16030
16434
16547
15575
15397
15512
15442
15234
15536
15127
14568
14157
14227
14313
14554
14374
14300
14284
13928
14682
14410
14951
14645
14208
14731
14441
14396
14379
13965
14350
14883
14227
14035
13517
14088
13585
13489
13897
13682
13409
13108
13665
13615
13359
13707
13647
13482
13711
13470
13770
13901
13502
13401
13700
13578
14069
13812
14173
14419
14991
14042
14360
14060
14711
14281
14242
14270
14389
13549
13428
14167
13706
13399
13795
13697
13834
13973
14002
14015
13692
13851
13842
13634
13958
13593
13768
13972
13962
14053
13822
13923
13921
13986
13662
14671
13897
14164
13902
13775
13679
13672
13831
14164
13726
13927
14064
14112
13671
13961
13946
14088
14315
14165
13821
14343
14348
14173
14296
14033
13833
14030
14105
14093
14072
14276
13981
14132
13898
14466
14492
14277
14185
13545
13787
13691
13734
14231
14259
13817
13784
13832
14687
13905
13767
13821
13764
13687
14008
13850
13674
13792
14065
13841
14066
13919
14149
13911
13916
13821
13623
14075
13838
14011
13823
13854
14207
14249
14407
14022
14135
14001
14233
14431
14191
14153
14122
14080
13820
13747
14008
13521
13757
13545
14212
14253
13917
13385
13196
13725
13622
13343
13172
13421
13750
13263
13262
13844
13569
13229
13656
13349
13788
14806
14877
14901
15408
14284
13925
14709
14869
13866
13422
13692
13612
13698
13419
13326
13561
13753
14080
14139
14457
14367
14427
14360
14357
14356
14665
14478
14520
14293
14480
14617
14604
14728
14418
14424
14325
14489
14259
14737
14835
14979
14678
14579
15047
15004
14374
14678
14785
14686
14879
15534
14643
14889
14903
14885
4332
15173
14614
14728
15142
15792
15283
15228
15314
15331
15023
15061
14849
14972
14719
15576
15757
15580
14969
14885
14274
15105
14480
15463
14759
14957
14474
14457
14155
14515
14654
14705
14751
14943
15089
14966
14992
14781
14806
14816
15338
15791
14742
14995
15116
15301
18684
18942
19399
19544
15734
15219
15161
15003
15143
15177
15324
15177
15058
15294
15147
15555
15149
15265
15362
15628
15453
15734
15622
15370
15472
15644
15457
15328
15478
15595
15696
16079
16337
18212
17216
16943
15902
15855
15770
15858
15805
15844
15446
15890
15833
15733
15741
15949
15821
16472
17530
15575
15730
17025
16088
17219
15460
15297
16014
15974
15994
15627
15425
15205
15980
16136
15834
15322
15451
15496
15031
14960
15189
14866
15149
15607
15645
15323
15224
15753
15318
15030
15133
15187
15078
14917
14972
15155
15389
15708
15376
15516
15094
15041
15269
15377
15307
15169
14573
14750
14505
14606
14825
14792
14467
14589
14816
14760
14645
14415
14683
15111
14421
14858
14723
15078
15024
14792
15065
15043
15561
14863
14537
14681
14445
14408
14821
14667
14823
15012
14793
15128
14720
14724
14926
14647
14977
14821
15019
15108
15003
14638
14929
14702
14590
14438
14777
14793
14819
15324
14846
15281
14759
15544
15037
15112
14709
14763
15429
14922
15171
14687
14867
14771
15216
14885
16227
14936
14710
14664
14943
14975
14769
14800
14994
15116
14755
15114
14827
14325
14412
14429
14489
14472
14274
14384
14226
14039
13839
13870
13859
14141
13956
13990
13908
13900
13875
13799
14069
14366
13874
14133
14050
14344
14187
14174
14139
14509
14345
14440
14667
14770
14642
14594
14626
14724
14803
14566
14408
14698
14446
14291
13988
14863
14304
14555
14210
14163
14392
14687
14618
14539
14415
14673
14447
14361
14608
14199
14297
14073
14656
14737
14324
13971
13846
14122
14046
14270
14341
14047
14178
14892
14657
14238
14237
14454
14114
14447
14593
14960
14260
14220
13673
13974
14104
14413
14196
14427
14248
14275
14641
14399
14302
14463
14276
14451
14180
14371
14685
14312
14327
14222
14103
14207
14034
13831
14022
14155
14011
14169
14213
14023
14509
14890
14812
14799
14846
14715
14654
14641
14831
14740
14720
14766
14962
14769
14713
14847
14968
14861
14661
14544
14713
14478
14532
14712
14256
14115
14120
14244
16873
17681
17714
17548
15882
14517
14079
14762
14519
14257
14181
14682
14679
14546
14445
14662
14525
14845
14371
14567
14555
15331
14895
14909
14917
14254
14533
14253
14091
14072
14187
14011
14019
13903
13851
13908
13764
13384
13903
13834
13992
13647
13552
14087
13638
14020
13655
13472
13494
13364
13643
13543
13256
13779
13379
13702
13382
13472
13328
13497
13484
13346
13185
13706
13493
13246
13591
13750
14118
14234
13541
13968
13806
13785
13623
13765
13958
13828
13765
14153
14050
14393
13880
14476
14315
14430
14252
14687
14561
14438
14513
14427
14321
15602
14358
14393
14409
14498
14492
14346
14352
14527
14736
14519
14883
14811
14692
14558
14733
14948
14724
15030
14868
14674
14726
14606
14415
14570
14040
14850
14410
14512
14383
14534
14348
14271
13955
14377
14457
14224
14062
14770
14072
14645
18325
14278
14069
13862
14394
13679
14016
14270
14013
14509
14561
14265
14687
14184
13972
16829
13860
14358
14770
14306
14066
14360
14025
14017
14138
14391
14163
18001
18477
14236
14441
14456
14419
14628
14426
15165
14756
15101
15024
15032
15268
15938
15292
15390
14889
15160
16506
15695
15059
14967
14663
15156
14890
14787
15043
14763
15005
14788
14809
14828
14483
15052
15224
14761
14723
14593
14824
14825
15158
15107
15077
15774
14980
15212
15579
15245
14658
14582
14847
14856
14348
15549
14988
15382
14860
14706
14741
14805
15158
14871
14731
14634
15102
15192
14453
14607
14986
14486
14720
14771
14619
14824
14916
15009
14903
14916
15577
15833
15834
15739
16219
15954
15969
15854
15988
15798
15691
15878
15610
15981
15965
16275
15536
15460
15842
15809
16220
15857
16201
15746
15812
15594
15760
15560
15330
15376
15415
15567
15269
15303
15325
15501
15562
15730
15262
15717
15486
15467
15682
15559
15151
15537
15660
15801
16088
15829
15504
15570
15595
15372
15555
15547
15492
15642
15521
16210
15501
15342
15390
15783
16671
16416
15906
15879
15559
15606
15757
16136
15958
15642
16250
15940
15688
15167
15144
15315
15055
15782
14852
15285
15323
15506
15175
15652
15039
15288
15151
14882
15403
14594
14692
15577
14851
14689
14506
14703
15001
15256
15146
15475
15240
15087
15775
15767
15411
15081
15176
15497
14878
14752
15332
15436
14675
14942
15612
14853
14558
14635
14531
14749
14589
14995
14813
14974
14868
14929
15408
15341
15293
15671
15612
15746
15458
15473
15125
15288
14977
15164
15036
15303
15310
15038
15058
14834
14927
15037
15267
15237
14938
14789
15127
15049
15068
14918
14663
15036
14992
14928
14555
14964
15370
15131
15413
15023
14922
15192
15088
14922
14930
15512
15738
15914
15432
15596
15401
15406
15605
15668
15993
16012
15961
16797
16862
17162
17167
15448
15304
15408
15300
16029
15694
16855
15609
15609
16218
15743
15975
15883
15739
16165
15919
16141
15997
15709
16066
16084
16184
16235
16686
15585
15940
15910
15929
16027
16275
16250
15955
16220
16096
16075
15934
16193
16224
16531
16022
16213
16207
16330
16034
16182
16222
16185
16258
16014
15750
15981
16099
16116
16014
15870
15893
15909
15617
16119
15455
15472
15969
16087
15950
15963
15888
15987
15829
15897
16156
15753
15903
16004
16540
17122
17609
17583
16900
16954
16809
16850
17286
18016
18381
18210
18213
18059
18597
17847
17536
17901
17861
17844
17778
18442
18076
18274
17943
18794
21142
22499
22118
21973
18795
17490
17701
721
17409
17627
17571
17131
17824
17741
17219
17091
17108
17114
16771
16769
16545
16397
16548
16738
17031
16655
16373
16864
17839
16861
16917
16832
17505
16978
17117
16776
16945
16897
16888
17130
16979
17673
17349
17134
17662
17072
17241
17121
17441
17163
17083
17442
17740
17618
17525
17261
17462
17652
17399
17387
16947
17057
17095
17102
17354
16831
17571
17005
16675
16440
16850
16504
16485
17519
16963
17053
16464
16554
16477
16722
16499
16225
16025
16272
16393
16321
16299
16265
16500
15940
16633
15938
16248
16374
16431
16029
16176
16536
15758
15383
15784
15817
15963
15627
15847
15078
14952
15247
15596
15303
15237
15449
16408
17403
17333
18205
17151
17178
17209
17251
16440
15263
15366
15522
15531
15452
15432
15120
14976
16703
16688
16657
16734
17020
16992
16649
16854
14589
14574
14395
14614
14236
14394
14036
14025
14233
14211
13879
14205
13860
13993
14251
14100
14154
14255
14559
14265
14398
14079
14709
14325
14578
14587
14357
14457
14200
14528
14173
14257
14667
14870
14274
14222
14818
14534
14563
14798
14866
14717
14954
15080
14766
14611
14905
15063
14423
14716
14647
14594
14401
14752
14780
14699
14748
14772
14740
14871
14381
14930
14585
14718
14474
14948
14642
15250
14702
14864
14294
15355
14477
14577
14639
14447
14720
14239
14457
14776
14318
14575
14396
14777
14188
14465
14854
14492
14560
14557
14445
14476
14401
14626
14376
14514
16576
14687
14642
14596
14736
14583
14199
14706
14600
14531
14462
14323
14940
14813
14940
14948
14889
14670
14574
14661
14856
14790
14801
14768
14940
14670
14631
14757
14702
14860
14489
15310
14802
15041
15089
15272
15050
15157
15077
15240
15193
15017
15342
15255
15125
15213
15257
15453
15480
15646
15044
15248
15369
15447
15665
15470
16061
15601
16154
15733
15309
15869
15149
15486
15426
15258
15013
14954
15010
14815
15116
15192
14924
14906
14932
15389
14674
14948
14819
15144
15261
15517
15429
15688
15561
15544
16110
15864
15195
15400
15394
15528
16275
16150
15551
15341
15346
15610
15302
15224
15257
15385
15403
15052
15327
15233
15114
15257
15451
15321
15976
15796
15910
15640
15172
15879
15029
15005
14995
15053
14949
14932
15383
15636
15479
15462
15301
15269
15270
15368
14878
14978
15014
15478
15041
15055
15256
15145
14969
16268
15077
15285
14810
14814
14856
15529
15115
14937
15356
15557
14552
14423
14634
14913
15213
14857
14941
14916
14589
14690
14658
14908
14553
14704
14782
14821
14884
14878
14942
14900
14148
15205
14915
14547
14795
15494
14949
14696
14699
14873
14871
15591
15194
15203
14613
14785
15642
14969
14569
14498
14755
14424
15310
15029
14797
15030
14923
15251
15013
15440
15453
15601
15505
15435
15764
15376
15026
14751
15111
15147
15187
15040
15096
15008
14986
15147
14929
14917
14772
14855
14912
15141
15154
15193
15421
15224
15095
15433
15317
15507
15483
15823
15702
16300
15056
16175
15355
14944
14971
14798
14925
14999
15044
15252
14871
15345
15520
15449
15100
15351
15282
15245
15187
15400
15359
15423
15292
15402
15031
15246
15009
15266
14900
15315
14977
15427
15073
15728
15564
15706
15714
16067
16174
16030
15514
15920
16118
15800
15767
15873
15957
15902
15985
16247
15832
16339
15843
16061
15687
17241
17846
16068
15555
15588
15596
15985
17439
15746
15749
15622
15688
15542
16081
15552
15408
15361
15381
14795
14820
15047
15377
15147
15010
15189
15143
16366
15054
15280
15196
17309
19569
19366
19581
17948
15434
15555
15529
16024
15222
15511
15771
15353
14890
15394
15007
15233
15519
15385
14817
15184
15380
15437
15046
15703
15399
15556
15268
15414
15092
15032
14841
15072
15903
15913
15726
15832
16358
16088
15892
16198
15796
16251
16172
16593
16555
16340
16238
16281
15899
16361
16494
16563
16344
16078
16172
16567
16135
16407
16059
16738
15507
15730
15567
15400
15437
16013
16516
15801
15801
15903
15498
16157
15973
20235
19936
19876
19901
19780
19896
19759
19800
19680
20004
20025
19844
19626
19833
19837
19592
15759
15993
16144
16178
15792
16030
16007
16296
15699
16050
15891
16382
16229
16173
15873
16714
16189
16786
16173
16588
16511
16727
16194
16375
16029
16397
16285
16405
16196
17115
16655
16867
16192
16502
15866
16113
16395
16527
15974
16783
16994
17327
16957
17219
17021
16870
17463
17200
17644
16986
17270
16907
16773
17430
17187
17086
17325
16796
17171
16782
15572
16744
17061
16550
17192
17727
17173
17448
17153
17254
17380
17180
16873
16997
16788
16863
17300
17020
16865
17142
16616
16892
16849
16942
16518
16573
16631
16343
17478
16154
15810
16239
16285
16153
15974
15998
16704
15965
16007
16407
15842
16310
16174
16479
16461
16069
16562
16861
16043
16343
16493
16409
16791
16044
16794
16665
16447
16532
16848
16450
16937
16822
16612
16291
16760
17665
17817
18053
17682
17680
17813
17630
17986
17736
17855
17682
17933
17718
17994
17825
18116
17793
18289
17779
17905
18281
18007
18079
17167
16378
16515
16419
16115
15718
16119
15735
15276
15830
15628
15667
15321
15424
15597
15607
16110
15482
15666
15769
15411
15696
15743
15857
15234
15433
15594
15698
16028
15911
15818
16718
15710
15269
15173
15182
15348
15511
15207
14925
15955
15251
15134
15215
15441
15379
15129
15233
15306
15266
15303
15259
15572
15219
15137
15319
15329
15254
15468
15466
15100
15556
15384
15732
15395
15478
15762
15511
15533
15085
14929
14900
14719
15101
14648
14530
15017
14650
14610
14506
14512
14587
14262
14507
14430
14250
14693
14585
14575
14477
14342
14488
14609
14513
14588
14378
14488
14436
14387
14502
14043
14173
14498
13974
14154
14738
14809
14594
14750
14792
14838
14820
14592
14398
15004
14764
14664
10055
14901
14524
14377
14463
14503
14455
14727
14891
14477
14983
15104
15126
15039
15107
14919
15180
15182
14761
15214
14724
15041
15085
15034
15093
15055
14883
14982
14593
15192
14950
14898
14901
15003
15127
14659
15074
15163
15134
14869
15298
15065
14975
14959
14956
15069
15059
14605
14814
14790
14354
14367
14402
14122
14556
14258
14307
14581
14012
13930
14048
14217
14179
13885
14403
14347
14146
14220
14264
14574
14154
14451
14461
14567
14101
14337
14399
14346
14346
14400
14437
14517
14411
14290
14352
14484
14397
14442
14304
14428
14345
14149
14293
14098
14214
14451
14700
14595
14309
14376
14510
14403
14617
14249
14062
14748
14164
15091
14410
14481
14616
14679
14452
14530
14161
14147
14365
14460
14256
14393
14187
14461
14268
14254
14490
15015
14604
14754
14558
14467
14601
14330
14352
14251
15125
14996
14678
14853
14877
14506
14437
15081
14940
15386
14801
14926
15001
15028
14435
14840
14704
14857
14648
15121
14972
14718
14446
14542
14325
14564
14460
14272
14365
14220
14300
14048
14291
14185
13573
13815
13936
13917
14274
14105
13887
13760
13615
13712
14007
14297
14184
14101
14225
15324
13863
14462
13928
14180
13997
14004
14045
14063
14166
14136
13770
14144
13975
15000
16323
16013
15221
14527
14143
14005
14116
14063
13968
13735
14085
14714
14189
14758
14507
14609
14938
18142
17881
17480
17789
19990
19019
19141
19483
18928
19723
25099
25389
26135
25360
23164
23584
25172
22325
21133
20571
18883
21519
20879
20133
18882
18785
15669
15737
18058
20307
19830
20080
19861
19936
20583
19442
18348
20238
20661
19485
19012
18188
17655
17915
17171
16962
16569
16019
15973
15591
15696
15852
15682
15627
15767
15037
15620
15995
16023
16076
16242
15871
15418
15797
15494
15463
15642
15245
14960
14652
14716
14559
14425
14711
14214
14429
14351
14362
14274
14234
14123
14201
14269
14059
14215
14043
13844
13898
13913
13870
13896
13928
13864
13860
14021
13865
13861
13972
13599
13783
14044
14048
14012
14237
14271
13932
14038
13907
14358
14058
14197
14002
14116
14495
14344
14521
14411
14201
14340
14392
14471
14510
14715
14693
14802
14964
14492
14800
15190
14476
14606
14992
15221
15185
14796
14942
15148
14995
15875
14690
14799
14764
15042
15138
15033
14504
14555
15030
14785
15150
14385
14626
14487
14491
14434
14505
14183
14426
14736
14974
14980
15496
15150
15179
14870
15021
14876
14726
14794
15101
14857
14948
14875
14903
15174
14829
14932
15116
15293
14792
14700
15043
14857
15287
15017
15047
15096
14776
15003
15455
14948
14812
15248
14910
15158
15096
14857
14945
14933
14974
15060
15131
14835
14761
14851
14940
15013
14784
14993
14982
15234
15179
14885
15606
15157
15773
15132
14847
15307
14960
17010
18326
17832
17774
17635
17809
17322
17653
16936
15478
14644
15313
14784
15022
15096
14662
14862
14840
14380
14925
14567
14576
14633
14609
14803
14684
14481
14804
15090
14602
14482
14524
14714
14661
14732
14310
14291
14298
14578
14259
14176
14171
14382
14229
14088
14445
14021
14687
13925
14111
14369
14822
16684
14132
14410
14286
14427
14247
14580
14324
14582
14076
14534
14537
14328
14343
14464
14569
14176
14338
14552
14803
14663
14377
14584
14418
14564
14690
14415
14677
14455
14865
14585
14386
15052
14363
14507
14303
14343
14422
14243
14559
14553
14471
14223
14116
14419
14461
14540
14499
14487
14067
14312
14165
14561
14340
14477
13841
14327
14185
14399
14521
14512
13896
13979
13844
14346
14259
14155
13558
13936
14115
14025
14073
13828
13611
13572
14518
14610
14331
14142
14017
14363
14166
14016
14145
14017
14106
13866
14379
14203
14282
13888
13790
14061
13842
14265
13845
14149
14348
14273
14453
14548
14411
14761
14332
14613
14802
14585
14390
14477
14442
14604
14107
14429
14332
14754
14236
14395
14404
14623
14685
14430
14992
14468
14501
14329
14583
14534
14323
14309
14435
14833
14382
14673
14372
14387
14844
14496
14316
14369
14357
14178
14130
14298
13988
14112
14211
14308
14573
14126
14243
13878
14269
13849
14095
13950
13923
13475
13593
14135
14236
14628
14177
14244
14226
14288
14728
15015
14602
13894
14229
14396
14119
14144
14675
14396
14555
14031
14154
13720
14242
14199
14012
14318
14531
14168
14531
14681
15030
14523
14879
14466
14502
14345
14870
15035
15067
14760
14727
14601
14678
14527
14895
14666
14835
14282
14631
14771
14458
14987
14475
14261
14893
14226
14532
14850
14383
14553
14567
14610
14509
14451
14403
14210
14106
14239
14126
14448
14462
14299
14344
14337
14297
14147
14172
14013
13974
14069
14267
14181
14400
14290
14119
14355
14520
14718
14616
14448
14789
14447
14792
14906
14890
15120
14663
14579
15196
14590
14641
15200
15013
15217
15120
15258
15004
15120
14891
15090
15089
14983
14815
15171
15038
15120
15623
15741
15653
15681
15351
15458
15059
14691
14827
14490
14846
14769
14753
14573
14681
14304
13910
14420
13944
14276
13954
14099
14544
14114
13845
14223
14040
14081
14147
14527
14482
14710
15106
14797
14745
14433
14676
14947
14682
14788
14590
14782
15018
15447
14607
14769
14915
14499
15409
15115
14794
14662
14931
14559
14858
14501
14898
14826
14679
14459
14696
15122
14817
14996
14984
14933
15010
15137
15019
15456
15073
14931
15966
15259
15077
15548
14488
14212
15246
14508
14616
15103
14755
14310
15529
14622
14840
15649
14940
14684
15163
14809
14956
15416
15100
14963
15276
14945
14801
15132
14778
14935
15826
15036
15545
16729
15452
15455
15773
14851
15090
15521
15061
14942
15291
14654
15095
15821
14840
15027
15602
14959
14667
15477
14773
15058
16461
14992
14951
16794
15410
15039
15825
15291
15217
15862
15351
15354
15838
15155
13950
16046
14923
15373
15470
15619
15889
16623
15604
16442
16165
16310
16508
17276
16734
16750
16362
15762
16408
16834
17096
16055
16993
16077
16137
16948
16075
15779
16376
15764
15824
16954
16063
15717
16349
15421
15928
16187
15506
15382
16001
15367
15392
15970
15564
15906
16342
16009
15673
16389
16114
16181
16418
15828
16064
16006
15692
16134
16636
15662
15494
15964
15499
15670
16623
16022
15630
16505
15945
15442
16107
15785
15920
16482
15568
15782
16459
16209
15930
17304
16493
16911
17443
16175
16649
17031
16483
15801
16520
16452
16653
16986
16121
16300
16278
16158
16497
16702
16100
16330
16463
16190
16361
16575
16072
16354
16415
15859
15671
16553
15252
15372
16370
15535
15951
16325
15262
16160
15727
15709
15180
15739
16066
15561
15131
15855
15383
15462
15851
15294
14664
15265
14918
14878
15530
15241
15681
15823
15779
15551
16544
15634
15811
16386
15347
15528
16122
15719
15859
15909
15662
15525
16081
15685
15645
16384
15991
15321
15831
15391
14990
15992
14860
15201
15861
14917
15025
15249
15116
14949
15477
14868
14723
15578
15002
15070
15775
15213
15075
15871
15083
14971
15707
15484
15735
16005
15902
15762
16285
15203
15284
15739
15129
15391
15207
14621
15320
15968
15072
15100
16065
15164
16217
16090
15332
15529
16431
15408
15491
16020
15120
15488
15774
15363
15234
15637
14897
15245
15935
15170
14944
16423
15063
15014
15669
14873
15207
15274
15140
14828
15686
15357
15181
16077
14916
15162
15952
14921
15551
15466
15010
15186
15859
14648
14946
15821
15067
14961
15438
14988
14863
15393
14798
14825
15287
14782
14813
15520
15000
14837
15583
14917
14768
15199
14818
14712
15530
14462
14880
15392
14782
14958
15385
14740
14584
15031
14967
14190
15019
14474
14473
15083
14714
14294
15289
14890
14769
15280
14972
15128
14725
14737
14413
15121
14366
13842
14094
14826
14670
14142
14486
14504
14802
14611
14314
14785
14930
14625
15415
15110
14470
14942
14882
14677
14974
14850
15956
18341
18831
18371
17977
15091
15111
15083
15493
14705
15129
15548
14921
15438
15964
15173
15257
15694
15664
15589
15682
14868
15381
15605
14841
15380
15692
15103
15247
15805
14947
15224
15324
15005
15098
15162
14331
14938
15249
14937
14763
15442
14571
15169
14934
14557
15185
15258
14479
15037
15902
15143
14981
15705
14516
15347
15532
15634
16037
16605
15681
15289
17573
16076
15452
14290
14029
14134
14456
14290
14569
15342
13709
14001
14597
14058
13938
15001
14248
13911
14562
14208
14222
14699
14257
14129
14789
14032
14468
14672
14365
14222
14437
14268
14461
14334
14161
14209
14682
14245
13670
14691
13780
14044
13871
14102
13730
14032
14106
14224
14890
14179
13786
14117
13748
13540
13476
13831
13889
13535
13329
13883
13839
13680
13965
13905
13580
14102
13641
13795
14063
13612
13721
13992
14039
14220
13812
14010
13864
13915
13840
13570
14259
13713
13855
14008
14393
14030
13960
14818
15417
15527
14523
14194
14157
14296
14179
13846
14538
14345
14266
14101
14134
13771
13853
13854
14266
13725
13626
13947
13850
13900
14214
13966
14013
14206
14159
14150
14203
14101
14029
14019
14058
13510
13815
13804
13980
13843
13585
13742
13590
14042
13577
13878
14172
13992
13773
13906
13584
13732
13765
13842
13852
13551
13829
13685
14028
13867
13752
13699
13762
13863
13476
13397
13548
14231
14011
14182
14416
14082
14031
13899
14008
14041
15291
14581
14153
14115
14060
14217
14336
13890
14073
14408
14229
14583
14482
15503
15990
14864
15440
15462
15169
15955
15480
15444
14852
15179
15385
15341
14567
14933
15095
15073
15110
14783
15104
14973
15561
14753
15122
14978
14821
15078
15734
15754
15694
15526
15442
15681
15761
15556
15403
15466
15687
15660
15672
16647
15396
15600
15466
16284
15601
15519
15667
15808
16397
15518
15655
15822
15980
16211
15817
15618
15616
15835
16118
15734
15544
15874
15780
15314
15787
15788
15787
17918
16036
15682
15674
15611
16320
15553
15666
16138
16112
16384
15250
15380
15392
15322
14865
15163
15226
15030
15174
15037
15274
15160
14794
17985
19110
19216
19055
19081
18788
19256
18987
17137
15135
15065
15109
15568
15219
15250
15172
15265
15322
15715
15959
15767
16180
16556
16027
15703
16011
15575
15736
16188
15801
15375
15043
15041
15036
14898
15115
14782
15161
15178
15159
15101
15132
15087
15254
15124
15342
14881
14953
15280
15183
15004
14980
14947
15041
14423
14863
15161
15244
14948
14959
15198
14817
14863
15257
15166
15218
15906
15517
15531
15422
15594
15561
15750
15265
15452
15184
16221
15752
15732
15510
16385
16028
15796
15435
16021
15428
15539
15452
15655
15350
16237
14944
15150
14976
14890
15195
14999
15131
15765
14731
14550
14689
14436
15057
15534
14934
14682
14926
14911
15195
15018
14793
15473
15310
15141
15174
15061
15539
15754
15745
15583
16352
15627
15829
15745
15813
15713
15778
16652
15890
15954
15262
15246
15828
15490
15184
15234
15128
15377
15410
15086
15258
15624
15094
15282
14997
15161
14826
15479
15010
14909
14771
14799
14999
14686
14732
15314
15212
14979
14956
15162
15262
14965
15181
15123
15155
15078
14967
14972
14962
15263
14685
15749
15371
14954
15090
15214
14943
14968
15053
15302
15612
15002
14979
15033
14992
15076
17153
18312
17116
16993
17645
17462
17539
17899
17400
17274
17914
17657
17398
17694
16706
15255
15020
15526
15794
15690
16131
16142
16292
16465
15733
16111
16281
16111
15972
15861
15239
15774
17200
16450
16576
17257
17611
17339
16856
16774
17095
16556
16527
17415
17053
17400
16948
16188
15975
15629
15629
15955
16162
16167
16098
16012
16053
15958
16427
15972
16084
16345
15898
16146
16046
15921
16199
15545
13649
15503
16158
14727
15740
15862
15930
16546
16238
15952
16020
15984
16873
16843
16177
16180
14988
14883
15533
15978
14235
14136
14352
14102
13606
14192
14408
14524
14674
14834
14534
14520
14848
14768
14703
14594
14500
14529
14472
14600
14698
14534
14412
14839
14389
14689
14681
14657
14596
14142
14229
14150
14272
14623
14131
14513
14578
15504
14014
14350
14522
14498
14266
14285
14500
14245
16177
18289
18717
18373
17491
14686
14313
14617
15188
14704
14457
14566
14857
14566
15146
14981
14444
15518
14581
14224
14741
14469
14654
14295
14593
14343
14403
14638
14696
14166
14019
14693
14367
14372
14417
14821
14460
14553
14538
14677
14621
14868
14473
14546
14620
14445
14765
14709
14443
14510
14447
14583
14368
14448
14286
14689
14554
14589
14486
14457
14747
15168
14600
15121
14541
14424
14536
14239
14562
14310
14655
14388
14671
14350
14618
14543
14507
15098
14634
14867
14950
14688
14905
14751
14604
14678
14549
14982
14568
14450
14381
14586
14696
14720
14802
14904
14848
14981
14983
15049
14665
14724
14997
14738
14932
14996
14539
15771
14981
14931
14202
14158
14492
14458
14365
14358
14418
14303
14351
14648
14548
14467
14693
14600
14748
14933
14200
14597
14750
14665
14548
14669
14755
14465
14275
14302
14335
14384
14636
14534
14914
14278
14652
14244
16856
24355
19016
14535
14684
14143
14423
15231
14507
14466
14470
14337
14266
14100
14312
14116
13959
14386
14282
14079
14046
14428
14066
14440
14603
14822
14607
14363
14347
14587
14402
14374
14345
14727
14531
14538
15050
15172
15420
14549
15170
15034
15143
14523
14667
14917
14771
14545
14738
14413
14823
14449
15599
14372
16133
14756
15177
15502
15063
15516
14538
15095
14944
15158
14737
14755
14024
14214
14304
14096
14690
14058
13983
14918
14826
14076
14433
14333
14627
14771
14317
14110
14517
14343
14527
14773
14116
14504
14296
13718
14273
14213
14941
14929
14290
14627
14402
14922
14530
14344
14567
14557
14403
14465
14236
14207
13908
14479
14281
14455
14246
14165
14253
15025
15512
15033
15475
15120
15020
14923
15445
15456
15451
15397
15022
15130
16042
15078
15216
14996
15131
15384
15279
15159
15176
15154
15331
15085
15128
15248
15635
16772
16246
15791
15873
15495
15704
15572
15513
15880
16620
18970
18644
19316
18974
15236
15405
15686
16053
15656
15396
15407
15311
15699
15414
15686
15381
15483
15659
15655
15474
15320
17432
15404
15335
15818
15566
15518
14722
14814
14426
14399
14552
14132
14358
14309
14522
14384
14608
14618
14355
14726
14459
14524
14738
14839
14672
14602
14788
14549
14639
14587
14627
15150
14896
15211
14848
14707
14754
15280
15541
15153
14961
15684
15078
15160
15356
15444
15078
15395
15307
14968
16816
15317
15502
15532
14967
14975
14905
15667
15371
15333
15801
22296
22620
22678
21466
21152
15606
15987
15161
15154
16204
15399
14885
15156
14834
14876
15932
14741
14592
15576
15005
14814
15134
14763
14918
15131
15018
15221
13624
13601
14889
15170
15145
14865
14703
14994
14952
14926
15241
15119
15047
15261
15038
15060
15168
15452
15506
15384
15452
15295
14997
14886
15092
15172
15169
15064
15063
14907
15018
14926
15203
15425
14639
14630
14697
14774
15039
14663
15212
15085
14909
14825
15176
14968
14742
15051
15175
15162
15255
15204
15434
15387
15769
15773
15881
15746
15606
15604
15997
15792
16252
16525
16686
16648
17034
16480
16957
16550
16788
16775
17077
17182
16876
16482
16827
16294
16605
17034
17270
16923
17288
17215
18508
21196
20989
20876
21240
21089
20568
20779
20221
17787
17133
17246
17354
17282
17265
17138
17039
17186
17296
17230
17150
17255
17269
17552
17604
17577
17436
17329
17229
17444
17165
17411
17540
17681
17187
17258
17483
17157
17461
17574
17447
17080
17007
17477
17332
17325
17514
17478
17659
17371
17790
17558
17789
17798
17896
18204
17723
18194
18059
17844
17586
17720
18056
17679
17388
17390
17689
16941
16373
16420
16789
16977
16948
16870
16820
17129
16802
16403
16386
16313
16585
16084
16468
16783
16442
16800
16625
16526
16622
16758
16724
16670
17127
16252
16065
16564
16575
16825
16592
16666
16869
16878
16425
17183
17231
17154
16644
16979
16717
16370
16441
16901
17075
16640
16062
16324
15794
16451
16365
15349
15682
15458
17864
16108
15550
15866
15464
15033
15732
15292
15574
15535
15500
15442
15436
15656
15627
14962
15525
15439
15583
15736
15729
16388
16119
15701
16690
15832
15633
15477
15870
15332
15032
15053
15187
15090
15122
15146
15256
15001
15260
15071
14819
14863
14682
14795
15158
14726
14791
14984
15003
14727
15089
15189
15508
15109
15067
14560
14748
14638
14559
14945
18278
21121
20943
17300
15222
15475
19202
20574
20592
16226
14813
15021
15396
15239
15419
15064
15558
15719
15691
15946
15704
15863
15710
15595
16696
16536
15765
15794
15730
15295
15544
15646
16103
15580
15209
15450
15542
15238
15237
15580
15119
15505
15465
15246
14905
15169
15190
15018
15391
15351
14891
14727
14649
14262
14606
14473
14243
14264
14078
13875
13945
14059
14102
14593
14778
14641
15017
14877
15018
14819
14974
14711
14705
14664
14823
14755
14929
14820
14838
14659
14672
14498
14666
14619
14266
14251
14626
14406
14376
14430
14410
14062
15265
14591
14794
14587
14867
14722
14735
14724
15070
14877
14512
14459
14633
14299
14360
14659
14726
15035
14494
14442
14484
15162
14338
14992
14561
14757
15041
14817
15322
14805
15047
14614
14640
14837
14526
14169
14319
14386
14554
14413
14853
14518
15137
14571
14767
14332
14529
14539
14255
15056
14598
14479
14553
15289
14469
14417
14454
14584
14201
14097
14344
14467
14132
14124
14197
14310
13864
14093
13770
13651
13651
14057
13921
3107
13788
15879
14199
13933
14151
14039
14114
14098
14119
14170
13798
14191
14106
13944
14101
14001
14068
14249
14309
13931
14068
14105
14327
14116
14442
14464
14181
14577
14790
14386
14153
14259
14664
14603
14366
14258
14856
14525
14155
14804
14828
14704
15203
15011
15479
15264
15075
15173
15236
14833
15159
14919
15621
15397
15018
14817
15084
15225
15476
15353
15497
15111
15482
15137
15428
15397
15207
15206
14899
14684
15289
15006
15639
15506
15754
15430
15560
15256
15314
15752
15467
15222
15075
15482
15358
15130
15000
15061
14802
16719
17403
19134
17354
16814
16772
17341
17143
16220
15073
15033
15199
15053
15136
21881
22365
15480
15217
15283
15201
15321
15253
15228
15334
15467
15909
15701
16015
15622
15781
15969
15920
15875
15882
16168
15830
15736
15901
15443
15496
15237
15370
15093
15312
15064
14934
14987
15072
15360
15679
15282
15328
15304
15172
15294
15254
15319
15392
14967
15284
15177
14811
14910
14967
15002
15430
14907
14969
14711
14665
14830
14548
14670
14251
14612
14878
15050
14624
14930
14502
14795
14876
14669
15254
14770
14728
14798
14573
14655
14772
14433
14852
14862
14823
15030
14993
14655
14839
14898
15027
14773
14653
14523
14734
14671
14374
14346
14519
14262
14394
14155
14403
14108
14005
14194
13797
13836
13966
13881
13904
13750
14091
14090
13799
14213
14895
14458
14573
14680
14709
14423
14439
14822
14680
14498
14477
14843
15006
15245
15070
14991
15060
15236
15202
15002
14782
14859
14966
14931
14931
14427
14763
14720
14543
14615
14514
14622
14531
14480
14419
14373
14537
14423
15499
14352
14053
14196
14578
14582
14296
14948
14471
14488
14062
14561
14312
14747
14667
14489
14453
14784
14559
14423
14466
14364
14498
14616
14594
14761
14486
14210
14795
15078
14498
14708
14765
14518
14680
14650
14817
14336
14028
14260
14574
14129
14319
14459
14749
15177
14596
14716
14732
14561
14600
14492
14775
14561
14498
14524
14695
14388
14921
14795
14659
14574
14579
14767
14683
14456
14415
13978
14506
14348
14606
14261
14610
14581
14765
14305
14729
17070
20198
19451
20396
19847
19085
18784
19397
20028
21060
20769
21544
20386
17949
15955
15870
16181
15925
14878
16305
15699
15686
15514
15521
14856
14600
14526
14563
14481
14591
14466
14764
14928
14608
14561
14627
14594
14468
14707
14739
14840
14644
16583
22286
36003
15814
14846
15246
14557
14996
14750
15747
15149
15195
14609
14502
14556
14301
14272
14067
14305
14378
13417
13658
14266
13979
14239
14357
14366
14454
14214
14312
14301
14447
13916
14262
14238
14585
14179
14287
14186
14075
14405
14384
14631
14665
14450
14556
14557
14499
14737
14539
14473
14706
13944
14352
14486
15212
14195
14449
14084
14676
14234
14800
14791
15071
14678
15036
14433
14376
14191
14329
14374
14160
14243
14305
14258
14772
14907
14668
14821
14591
14483
14672
14485
14303
14347
14208
14116
14146
14109
14381
14091
14072
13830
14171
13855
14067
14206
14185
14367
14274
14547
15128
14640
14375
14304
14662
14478
14907
14472
14158
14186
14302
14417
14333
14234
14617
14753
15099
15057
15195
14989
15023
15188
14669
14848
15108
14924
15304
14679
14859
14842
15400
14613
15036
14429
14980
14947
15001
15420
15033
14506
14623
14730
15022
14599
14801
14420
14427
14583
14494
14946
14562
14192
14675
14840
14913
14756
14569
14863
15021
14573
15153
14938
14232
14590
15000
15102
14616
17059
14714
14035
14620
14909
14457
14343
14796
14847
14883
14538
14612
14659
14553
14745
14465
14505
15161
14761
14959
14493
14822
14754
15117
14421
15605
15230
15004
14978
15510
15355
15100
15570
15414
14805
15447
15685
15805
16154
15622
15059
15057
15122
15054
14829
15297
15265
15345
14844
14720
14991
14880
15502
15194
15315
15451
14681
15050
14800
14544
14527
14704
14971
15086
15145
14690
15180
15144
15154
15313
15097
14821
15095
14837
15295
14706
14780
14804
14757
14768
14473
15139
14806
14503
14596
14391
14368
14372
14139
14629
14340
14419
14609
14193
14385
14191
14572
14649
14553
14410
14405
14370
14718
14789
14776
14159
14672
14357
14898
14625
14722
14774
14737
14384
14351
14372
14296
14273
14547
14140
14353
14371
14171
14718
14430
14173
14236
14707
14600
14382
14473
14330
14319
14581
14223
14844
14684
15087
14554
17016
16471
16581
16671
16464
16077
21545
20208
20958
19017
19155
19403
19016
19142
18978
19113
19065
19369
19200
19046
18829
19062
15242
14866
14831
15113
14959
14848
14881
15736
16310
15649
15685
16429
16208
15991
16074
15850
15850
15525
15962
15614
15799
15987
15827
15854
15955
15590
15891
15603
15838
15899
15621
14751
14922
14494
14340
14584
14710
14612
14897
16168
14570
14630
14811
14490
14571
13914
14481
14470
14442
14124
14144
14624
14190
14351
14260
14276
14831
14557
14615
14099
14386
14517
14543
14686
14451
14514
14220
14513
14624
14436
14499
14738
14362
14410
15104
15712
15091
15446
14805
14667
14681
15225
14866
14773
14745
15160
14991
14606
14743
14458
14609
14431
14436
14588
14431
14573
14685
14665
14731
14927
14813
14758
15029
14879
14695
14892
15046
14837
15193
15267
14850
15002
14923
14989
14506
14854
15272
14860
15904
17988
17560
17878
16594
14636
14118
14294
14774
14285
14415
14166
14041
14491
14333
14715
14408
14621
14460
14128
15265
14638
13990
14834
14486
14398
14249
14080
14185
14120
14404
13968
14229
14191
14231
14141
14198
14100
13977
13932
13948
13995
14331
13960
15448
14267
13738
13971
13783
13758
14770
13683
14028
14025
13623
13643
13400
13244
13645
13199
13366
13374
13685
13640
13487
13579
13636
13397
13443
13571
13322
13677
13663
13210
13461
13372
13535
13145
13797
13527
13274
10166
13403
13487
13569
13588
13695
13773
13675
13762
13641
13454
13471
13501
13650
13762
13809
13675
13845
13581
13560
13583
13538
13534
13621
13467
13513
13940
13402
13363
13760
13622
13577
13657
13666
13415
13557
13747
13621
13439
13568
13681
13347
13419
13591
13457
13371
13488
13577
13429
13260
13037
13081
12943
14291
13793
13217
13594
14286
14178
13606
13774
14138
13290
13670
13362
13244
13632
13864
13611
13728
13473
13521
13635
13846
14133
13925
13669
13881
13794
13488
13500
13535
13757
13263
13162
13308
13230
13445
13372
13564
13355
13275
13851
13535
14005
14110
14192
14397
14141
13992
13898
14361
14473
14572
14431
14434
14608
14486
14336
14468
14695
14343
14120
13904
13937
13986
14574
14593
14844
14751
14717
14590
14999
14887
15190
15364
15061
15000
15136
14859
14792
14801
14768
14835
14668
14986
14630
14851
14976
14591
14784
14608
14248
14295
14552
15862
15938
16632
16517
16254
16101
16212
16402
16186
16076
16301
16124
16225
16233
16125
16803
16446
16203
15766
16075
16662
16572
15985
15940
14604
14982
14660
14731
14967
14919
14993
14776
14880
14693
14989
15259
15043
15099
14812
15148
14890
15343
15525
15409
15149
15234
15443
15479
15440
14853
15057
15076
15091
15319
15150
15202
14840
15044
14840
14903
14919
14927
15103
15326
15118
15097
15222
15308
15001
14940
15072
14814
14724
14902
14447
14710
15003
15214
14848
14699
14585
14602
14376
14518
18278
18597
14694
14575
14613
14505
14326
14686
14718
14776
14506
14754
14316
14419
14136
14545
14096
14251
14486
14218
14593
14343
14086
14435
14344
14824
14613
14977
14877
15180
15031
15179
14872
14664
14677
14792
14813
14532
14681
14833
14992
14976
14992
14938
15001
15150
14785
14835
15208
18489
18270
18348
18029
15538
14556
14714
14898
14543
14455
14418
14422
14345
14277
14206
14585
14429
14422
14416
14217
14448
14524
14462
14252
14315
14244
14656
14260
14545
18804
19178
14759
15261
14682
14396
15249
14781
14601
14670
14650
14584
14662
14840
14583
14815
14876
14841
14674
14528
14543
14403
15015
14732
14371
14788
14929
14937
14846
14516
15212
14990
14840
14578
14866
14643
14584
14861
14833
14843
14324
15028
14448
15002
14866
14527
15049
14600
14577
14909
14816
14774
14743
14380
14413
14382
14532
14645
14528
14479
14634
14756
14320
14555
14687
14795
14878
15288
14886
15028
15287
14672
14588
14427
14705
15135
14311
14178
14264
14544
14102
14141
14022
14822
14037
14556
14570
14519
14687
14239
14535
14008
14408
14353
14438
14201
14183
14132
13913
14282
14093
14035
14413
14254
13937
14726
14009
14254
13923
14231
14013
13883
14128
13537
13894
14246
13722
13868
14174
13999
13811
14308
14819
13804
13848
14135
13897
14443
13673
14096
13976
14034
13895
14303
13389
14519
13498
13636
13921
13979
13614
13198
13821
13678
13738
13509
13790
13567
13629
13375
13814
13597
13678
13504
13266
13317
13419
13355
13371
13295
13464
13520
13486
13869
13488
13173
13906
13842
13669
13759
13712
13744
13718
13838
13783
14002
13834
13701
13596
13751
13926
13702
13491
13865
13621
13702
13671
13869
13537
13454
15925
15629
16182
16108
13605
14082
13973
13666
13726
13691
13734
14023
15367
14304
14107
13440
14424
13706
13430
13843
13682
13386
13795
13505
13235
14161
13507
13413
13518
13650
13526
13576
13747
13488
13468
13443
13542
13788
13697
13428
13506
13670
13665
13865
13544
13626
13636
13589
13610
13402
13531
13970
14059
14155
13777
14458
14101
14497
14227
14191
14532
14566
14634
14407
14196
14539
14266
14694
14706
14968
14440
14548
14540
15161
14185
14622
14511
14285
13854
14348
14614
14353
13666
13900
13498
14049
13901
13868
13405
14177
14173
14506
14045
14408
13861
13739
13723
13937
15989
19154
17991
17928
17884
17823
17584
17873
16850
13575
13777
14675
14809
13789
14114
13724
13811
13873
13939
13768
13821
14075
13971
13621
13848
13307
14109
13937
14015
14070
13860
14124
14561
14347
14195
14024
14017
14366
14197
14170
14077
14353
13813
14273
13621
13968
14016
14213
13990
14092
13991
13826
15260
16422
14165
13871
30316
14106
13648
14048
14596
15124
14189
14001
13904
14356
14169
14332
13879
13707
14517
14079
14076
14686
14529
14084
14021
15783
15668
15920
15707
14781
15998
16677
16297
16907
16679
17087
16536
15983
16514
15056
14040
14009
14268
14480
14051
13992
13947
13993
13880
13806
14172
15865
16007
16058
15502
15606
15146
16057
16383
15892
16146
15788
16087
15976
15901
15459
16060
16062
16122
15815
16002
14546
14738
14721
14724
14733
14834
14936
14792
14581
14832
14679
14835
15175
15015
15032
14965
14909
14389
15097
14969
15084
14784
15216
14960
14935
14774
14650
15976
15761
14363
14265
14773
14409
14361
14524
14117
18737
14782
14991
14624
14597
14326
14547
14052
14448
14268
14418
14572
14552
14379
14425
14460
14143
14519
14351
14751
14347
15275
14159
14131
14388
14227
14297
13957
14302
14271
14203
14092
14288
14249
14197
14210
14100
14300
14097
13923
14267
14150
14155
14154
13997
14071
14074
14063
14069
13986
13915
13901
14062
13938
14178
14282
14395
14078
14515
14452
14337
15490
14515
14648
14421
14343
14465
14478
14373
14269
14649
14586
14377
14387
14362
14764
14541
14563
14854
15146
15472
15100
15007
15011
14667
14666
14701
14409
14638
14310
14679
14875
14590
15615
14834
14678
14671
14785
14532
14511
14602
14512
14403
14178
14159
14006
14223
14276
14382
14000
14056
14597
15441
14247
14438
14466
14112
14269
14178
14553
14412
14117
14307
14375
14071
14137
13972
14223
14136
14263
14031
14064
14037
14053
13894
14027
14317
15548
14355
14110
14372
14394
14277
14256
16204
14402
14475
733
